Player,Season,VORP,DWS,PER,G,FTA,TOV,PTS,DRB,AllNBA,Class
Michael Jordan,1988,11.4,5.2,31.1,81.0,9.8,3.6,32.5,6.2,1,1
Dale Ellis,1988,3.8,1.6,19.7,82.0,5.6,2.7,27.5,2.3,1,3
Kevin Johnson,1988,5.0,3.5,20.5,81.0,7.1,4.0,20.4,3.6,1,2
John Stockton,1988,8.3,5.8,22.9,82.0,5.5,3.8,17.1,2.0,1,2
Kenny Smith,1988,0.4,1.3,14.3,81.0,4.4,3.1,17.3,2.2,0,0
Otis Thorpe,1988,2.1,4.1,15.4,82.0,5.5,2.7,16.7,6.3,0,0
Karl Malone,1988,5.9,6.6,24.4,80.0,11.5,3.6,29.1,7.4,1,1
Terry Porter,1988,3.3,2.6,17.7,81.0,4.0,3.1,17.7,3.5,0,0
Chris Mullin,1988,4.7,3.1,21.9,82.0,6.7,3.6,26.5,4.0,1,2
Charles Barkley,1988,7.4,2.9,27.0,79.0,10.1,3.2,25.8,7.4,1,1
Clyde Drexler,1988,6.6,3.8,23.6,78.0,7.0,3.2,27.2,4.2,0,0
Hakeem Olajuwon,1988,5.7,7.8,25.2,82.0,8.0,3.4,24.8,9.4,1,1
Ken Norman,1988,1.1,2.1,15.4,80.0,3.4,2.6,18.1,5.3,0,0
Chuck Person,1988,0.7,1.7,15.2,80.0,3.8,3.9,21.6,4.7,0,0
Tom Chambers,1988,2.6,4.1,19.3,81.0,7.4,2.9,25.7,6.7,1,2
Dominique Wilkins,1988,4.1,2.9,21.8,80.0,6.6,2.3,26.2,3.7,1,3
Alex English,1988,2.1,1.7,19.0,82.0,4.6,2.4,26.5,2.2,0,0
Derek Harper,1988,3.9,2.8,18.3,81.0,3.5,2.5,17.3,2.2,0,0
James Worthy,1988,3.7,3.1,19.0,81.0,4.0,2.2,20.5,4.0,0,0
Rolando Blackman,1988,1.1,1.4,15.9,78.0,4.7,2.1,19.7,2.6,0,0
Isiah Thomas,1988,3.4,3.9,17.1,80.0,4.4,3.7,18.2,2.8,0,0
Mark Eaton,1988,1.9,6.5,10.6,82.0,2.4,1.7,6.2,7.5,0,0
Patrick Ewing,1988,4.8,4.7,22.1,80.0,6.1,3.3,22.7,6.6,1,2
Magic Johnson,1988,8.3,4.0,26.9,77.0,7.3,4.1,22.5,6.4,1,1
Moses Malone,1988,2.7,3.9,21.2,81.0,8.8,3.0,20.2,7.0,0,0
Kevin McHale,1988,3.0,1.9,20.3,78.0,6.8,2.5,22.5,5.3,0,0
Sam Perkins,1988,1.1,3.1,15.3,78.0,4.2,1.8,15.0,5.8,0,0
Ron Harper,1988,4.8,5.1,19.8,82.0,5.2,2.8,18.6,3.5,0,0
Robert Parish,1988,3.8,3.6,21.6,80.0,5.1,2.5,18.6,8.2,1,3
Terry Cummings,1988,2.3,3.5,19.7,80.0,5.8,2.5,22.9,4.6,1,3
Brad Daugherty,1988,2.9,4.6,18.5,78.0,6.7,2.9,18.9,7.1,0,0
Horace Grant,1988,1.0,3.1,13.8,79.0,2.5,1.6,12.0,5.6,0,0
Derrick McKey,1988,2.1,2.3,15.5,82.0,4.6,2.3,15.9,3.6,0,0
Sleepy Floyd,1988,2.9,3.3,16.4,82.0,3.8,3.1,14.2,3.1,0,0
Michael Adams,1988,3.4,2.9,17.5,77.0,5.1,2.3,18.5,2.8,0,0
Thurl Bailey,1988,1.2,4.1,15.6,82.0,5.4,2.5,19.5,4.0,0,0
Fat Lever,1988,5.0,4.2,20.6,71.0,4.8,2.2,19.8,6.7,0,0
Mike Gminski,1988,1.6,2.2,18.5,82.0,4.2,1.6,17.2,6.8,0,0
Mark Price,1988,4.5,3.3,20.6,75.0,3.9,2.8,18.9,2.4,1,3
Jerome Kersey,1988,2.3,3.3,16.6,76.0,4.9,2.2,17.5,5.0,0,0
Kevin Duckworth,1988,-1.0,2.3,13.9,79.0,5.4,2.5,18.1,4.9,0,0
Winston Garland,1988,1.3,2.6,14.7,79.0,3.2,2.4,14.5,2.9,0,0
Reggie Lewis,1988,2.3,2.4,17.6,81.0,4.5,1.8,18.5,3.2,0,0
Bill Laimbeer,1988,3.4,5.0,16.6,81.0,2.6,1.6,13.7,7.9,0,0
Ron Anderson,1988,0.4,0.9,15.3,82.0,2.8,1.5,16.2,2.9,0,0
Rory Sparrow,1988,-0.2,1.6,11.7,80.0,1.3,2.6,12.5,2.0,0,0
Byron Scott,1988,1.9,2.6,16.6,74.0,3.1,2.1,19.6,3.1,0,0
Charles Oakley,1988,1.0,3.3,14.8,82.0,3.1,3.0,12.9,6.3,0,0
Mark Aguirre,1988,1.4,2.1,16.4,80.0,4.9,2.6,18.9,3.0,0,0
Jack Sikma,1988,3.2,3.7,15.8,80.0,3.7,1.8,13.4,6.0,0,0
Benoit Benjamin,1988,1.5,2.9,17.4,79.0,5.4,3.0,16.4,6.7,0,0
Darrell Walker,1988,1.8,3.3,13.4,79.0,2.3,2.3,9.0,4.7,0,0
Bernard King,1988,1.6,1.7,17.7,81.0,5.4,2.8,20.7,3.1,0,0
Vern Fleming,1988,1.9,1.1,15.8,76.0,4.0,2.5,14.3,3.0,0,0
Roy Hinson,1988,-0.1,2.0,14.7,82.0,5.1,2.0,16.0,4.5,0,0
Michael Cage,1988,1.6,2.9,14.7,80.0,3.3,1.6,10.3,6.1,0,0
Reggie Miller,1988,2.5,1.3,15.7,74.0,4.6,1.9,16.0,3.0,0,0
Lester Conner,1988,2.7,2.6,17.2,82.0,3.3,2.2,10.3,3.1,0,0
Larry Nance,1988,3.8,4.7,19.9,73.0,4.6,1.6,17.2,5.8,0,0
Reggie Theus,1988,1.6,2.0,16.1,82.0,4.1,2.4,15.8,1.9,0,0
A.C. Green,1988,2.3,3.5,17.8,82.0,4.4,1.5,13.3,5.9,0,0
Jeff Hornacek,1988,3.0,2.8,16.3,78.0,2.3,1.4,13.5,2.4,0,0
Mark Jackson,1988,3.4,2.5,18.3,72.0,3.6,3.1,16.9,3.3,0,0
Larry Krystkowiak,1988,0.7,3.2,14.2,80.0,4.4,1.8,12.7,5.2,0,0
Herb Williams,1988,-0.2,2.6,10.6,76.0,2.6,2.0,10.2,6.0,0,0
Doc Rivers,1988,4.2,3.2,18.4,76.0,3.8,2.1,13.6,2.6,0,0
Buck Williams,1988,0.5,2.1,14.6,74.0,4.3,1.9,13.0,6.0,0,0
Rodney McCray,1988,1.0,1.8,13.1,68.0,3.4,2.5,12.6,5.5,0,0
Wayman Tisdale,1988,1.2,2.0,17.5,79.0,5.2,2.2,17.5,5.3,0,0
Adrian Dantley,1988,1.6,1.9,17.4,73.0,7.8,2.2,19.2,2.7,0,0
Jeff Malone,1988,0.8,0.9,16.7,76.0,4.5,2.2,21.7,1.6,0,0
Gerald Wilkins,1988,1.1,1.9,13.8,81.0,3.0,2.1,14.3,1.8,0,0
John Williams,1988,4.0,3.5,18.8,82.0,3.5,1.9,13.7,5.1,0,0
Scottie Pippen,1988,1.5,3.3,14.9,73.0,4.1,2.7,14.4,4.2,0,0
Joe Dumars,1988,2.4,2.2,16.8,69.0,4.4,2.6,17.2,1.7,0,0
Greg Anderson,1988,0.0,3.1,14.9,82.0,4.9,2.2,13.7,5.1,0,0
Xavier McDaniel,1988,0.8,1.8,18.6,82.0,5.2,2.6,20.5,3.1,0,0
Darrell Griffith,1988,0.2,3.7,12.3,82.0,2.2,1.7,13.8,3.1,0,0
Danny Ainge,1988,2.7,1.4,18.0,73.0,3.3,2.0,17.5,2.5,0,0
Nate McMillan,1988,2.4,2.7,14.5,75.0,2.5,2.8,7.1,3.3,0,0
Johnny Newman,1988,1.8,1.8,15.3,81.0,4.3,1.9,16.0,1.4,0,0
Bill Cartwright,1988,-1.7,2.0,11.0,78.0,3.9,2.4,12.4,4.7,0,0
LaSalle Thompson,1988,0.4,2.9,15.6,76.0,3.7,2.4,13.9,6.5,0,0
Dennis Johnson,1988,0.2,1.5,11.5,72.0,2.7,2.4,10.0,2.2,0,0
Kelly Tripucka,1988,1.3,0.9,17.7,71.0,7.2,3.3,22.6,2.6,0,0
Maurice Cheeks,1988,2.2,1.0,16.5,71.0,2.7,1.6,11.6,2.0,0,0
Alvin Robertson,1988,2.6,3.1,17.2,65.0,3.9,3.6,17.3,3.5,0,0
Billy Thompson,1988,0.4,2.3,13.4,79.0,2.8,2.4,10.8,4.2,0,0
Mike Woodson,1988,0.2,2.3,12.0,81.0,2.9,1.7,12.9,1.8,0,0
Harold Pressley,1988,2.2,2.1,15.7,80.0,1.5,1.6,12.3,3.4,0,0
Kurt Rambis,1988,1.3,2.3,16.1,75.0,3.3,2.0,11.1,5.8,0,0
Jay Humphries,1988,1.8,2.5,14.6,73.0,2.2,2.2,11.6,1.6,0,0
Dennis Rodman,1988,2.3,3.9,16.3,82.0,1.9,1.5,9.0,5.4,0,0
Cliff Levingston,1988,1.2,2.8,13.4,80.0,2.4,1.3,9.2,3.8,0,0
Paul Pressey,1988,2.3,2.7,15.0,67.0,3.6,2.7,12.1,2.8,0,0
Robert Reid,1988,-1.1,0.7,12.2,82.0,2.4,1.3,14.7,2.7,0,0
Hot Rod Williams,1988,2.3,3.8,17.6,82.0,3.8,1.2,11.6,3.7,0,0
Armen Gilliam,1988,0.5,2.7,15.7,74.0,4.4,1.9,15.9,5.1,0,0
Mike Sanders,1988,-0.2,3.1,10.5,82.0,1.6,1.3,9.3,2.5,0,0
Ricky Pierce,1988,2.0,1.7,18.6,75.0,4.0,1.5,17.6,1.5,0,0
Terry Catledge,1988,-0.5,1.9,12.6,79.0,3.2,1.5,10.4,4.3,0,0
Vinnie Johnson,1988,2.2,2.4,17.3,82.0,3.2,1.3,13.8,1.8,0,0
Earl Cureton,1988,-0.4,1.2,10.1,82.0,1.5,1.4,6.5,3.7,0,0
Eddie Johnson,1988,2.1,1.9,19.4,70.0,3.6,1.7,21.5,3.1,0,0
Mike McGee,1988,0.4,1.1,13.2,80.0,1.8,1.6,13.0,1.5,0,0
Mark West,1988,1.5,3.3,12.9,82.0,2.5,1.3,7.2,4.7,0,0
Ed Pinckney,1988,1.8,2.1,17.2,80.0,4.4,1.5,11.5,3.5,0,0
Joe Barry Carroll,1988,0.5,2.2,14.2,64.0,3.4,2.2,14.1,5.5,0,0
Mychal Thompson,1988,0.5,2.4,13.3,80.0,2.9,1.2,9.2,3.9,0,0
Michael Cooper,1988,1.5,1.8,11.9,80.0,1.2,1.2,7.3,2.0,0,0
Danny Schayes,1988,0.4,2.4,15.4,76.0,5.3,2.1,12.8,4.7,0,0
Larry Smith,1988,0.2,2.3,11.9,80.0,0.7,1.4,5.7,4.8,0,0
Rod Higgins,1988,1.5,1.5,15.5,81.0,2.8,0.9,10.6,3.3,0,0
Craig Ehlo,1988,1.9,3.1,13.7,82.0,1.4,1.4,7.4,2.4,0,0
Wayne Cooper,1988,0.9,3.1,13.6,79.0,1.3,0.9,6.6,5.2,0,0
Walter Davis,1988,0.7,1.4,16.7,81.0,2.5,1.6,15.6,1.4,0,0
Buck Johnson,1988,0.7,2.1,11.4,67.0,2.0,1.6,9.6,2.6,0,0
Detlef Schrempf,1988,0.9,1.5,15.3,69.0,5.1,1.9,12.0,3.9,0,0
Trent Tucker,1988,1.6,1.5,12.1,81.0,0.7,0.7,8.5,1.5,0,0
Frank Brickowski,1988,0.7,2.2,15.0,64.0,4.4,2.6,13.7,4.0,0,0
Alton Lister,1988,0.0,2.3,13.7,82.0,2.2,1.4,8.0,4.1,0,0
Rick Mahorn,1988,1.1,3.1,12.1,72.0,2.2,1.3,7.3,4.9,0,0
Manute Bol,1988,0.4,2.8,9.8,80.0,0.8,1.0,3.9,4.3,0,0
Muggsy Bogues,1988,1.4,1.0,15.3,79.0,1.1,1.6,5.4,1.4,0,0
Elston Turner,1988,0.0,1.9,7.8,78.0,0.7,0.8,4.3,2.3,0,0
James Donaldson,1988,0.9,2.3,14.2,53.0,2.3,1.6,9.1,7.8,0,0
John Paxson,1988,0.3,1.0,12.0,78.0,0.5,0.9,7.3,1.0,0,0
Brad Sellers,1988,0.1,1.4,10.6,80.0,1.3,0.9,6.9,1.8,0,0
Quintin Dailey,1988,0.3,1.0,16.3,69.0,4.1,1.8,16.1,2.0,0,0
Sam Vincent,1988,0.3,1.3,13.6,70.0,1.8,2.0,9.4,2.2,0,0
Michael Holton,1988,0.0,0.4,12.3,67.0,2.1,1.8,8.3,1.1,0,0
Kareem Abdul-Jabbar,1988,0.0,2.0,12.9,74.0,2.2,1.3,10.1,3.1,0,0
John Battle,1988,0.4,1.0,13.5,82.0,2.9,1.3,9.5,1.3,0,0
Tyrone Corbin,1988,1.5,2.3,14.7,77.0,2.3,1.2,8.2,2.9,0,0
John Bagley,1988,-0.3,1.0,11.3,68.0,1.8,2.3,7.4,1.6,0,0
Jim Petersen,1988,-0.9,1.8,11.4,66.0,2.3,2.2,10.2,4.4,0,0
Otis Smith,1988,0.4,1.8,14.8,80.0,2.7,1.6,10.0,2.5,0,0
Sidney Moncrief,1988,1.9,1.6,16.4,62.0,3.8,1.5,12.1,2.0,0,0
Scott Skiles,1988,0.1,0.8,12.5,80.0,1.8,2.2,6.8,1.6,0,0
Terry Teagle,1988,0.3,1.4,16.7,66.0,3.4,1.8,15.2,2.3,0,0
Dennis Hopson,1988,0.1,1.2,13.8,62.0,3.5,1.6,12.7,1.8,0,0
Jon Koncak,1988,0.9,2.5,12.0,74.0,1.5,0.8,4.7,4.1,0,0
Orlando Woolridge,1988,0.1,1.6,14.0,74.0,4.6,1.4,9.7,2.6,0,0
Antoine Carr,1988,0.4,1.4,12.7,78.0,1.9,1.1,7.5,2.2,0,0
Dave Corzine,1988,-0.3,1.5,10.8,81.0,1.2,1.1,5.9,2.8,0,0
Steve Johnson,1988,-0.6,1.3,12.4,72.0,3.4,1.9,10.0,3.1,0,0
John Salley,1988,1.0,2.3,12.4,67.0,2.9,1.5,7.0,3.0,0,0
Joe Wolf,1988,-1.3,0.7,7.0,66.0,1.0,1.4,5.8,2.8,0,0
Steve Colter,1988,0.9,1.3,14.1,80.0,2.1,0.8,6.7,1.5,0,0
Dave Hoppen,1988,-0.5,0.9,11.8,77.0,1.8,1.0,6.5,3.4,0,0
Joe Kleine,1988,-0.9,1.3,10.0,75.0,2.0,1.4,6.5,3.4,0,0
Dave Greenwood,1988,-0.2,1.8,11.8,67.0,2.6,1.4,7.0,3.9,0,0
Brad Davis,1988,0.4,1.0,13.3,78.0,1.6,1.2,6.4,1.2,0,0
Walter Berry,1988,0.3,1.4,13.2,69.0,2.1,1.3,8.8,2.6,0,0
Tim Kempton,1988,-0.5,0.9,10.4,79.0,2.6,1.5,6.1,2.7,0,0
Jon Sundvold,1988,-0.1,0.4,12.6,68.0,0.8,1.3,10.4,1.0,0,0
Norm Nixon,1988,-0.8,0.3,9.8,53.0,1.2,2.2,6.8,1.2,0,0
Blair Rasmussen,1988,-0.8,1.3,11.6,77.0,1.1,0.6,7.6,2.4,0,0
Reggie Williams,1988,-0.2,1.0,12.1,63.0,1.9,1.8,10.2,1.7,0,0
Derek Smith,1988,-0.3,0.7,11.7,65.0,2.9,1.4,8.7,1.6,0,0
Caldwell Jones,1988,-0.3,1.5,6.8,72.0,0.8,1.2,2.8,2.9,0,0
Sidney Green,1988,-0.2,1.5,12.6,82.0,2.1,1.5,6.3,2.9,0,0
Tim McCormick,1988,-0.4,1.4,9.3,81.0,1.6,0.8,5.2,2.1,0,0
James Edwards,1988,-0.2,1.5,11.6,76.0,2.6,0.9,7.3,2.1,0,0
Fred Roberts,1988,0.1,1.3,10.6,71.0,1.8,1.1,5.9,2.0,0,0
Sedale Threatt,1988,1.0,1.2,16.3,63.0,1.2,1.2,8.6,1.4,0,0
Spud Webb,1988,0.7,1.3,13.0,81.0,0.7,1.0,3.9,1.3,0,0
Brad Lohaus,1988,-0.5,1.1,11.6,77.0,1.3,1.0,6.5,2.2,0,0
Scott Hastings,1988,-0.4,1.1,9.4,75.0,1.4,0.9,5.1,2.1,0,0
Craig Hodges,1988,0.9,0.8,14.5,59.0,1.0,1.0,9.0,1.1,0,0
Kenny Walker,1988,0.2,1.2,11.8,79.0,1.1,0.6,5.3,1.6,0,0
Purvis Short,1988,0.0,1.4,11.4,65.0,1.4,1.1,7.4,1.8,0,0
Charles Jones,1988,0.0,1.5,7.4,53.0,0.5,0.7,2.6,3.4,0,0
Darwin Cook,1988,-0.1,1.1,11.8,66.0,1.2,1.3,7.7,1.1,0,0
Mark Alarie,1988,0.0,1.0,13.3,74.0,1.2,0.8,6.7,2.1,0,0
Jim Paxson,1988,-0.3,0.5,11.5,57.0,1.8,1.0,8.6,1.0,0,0
Randy Wittman,1988,-0.2,0.2,8.7,64.0,0.6,0.5,4.5,0.8,0,0
Dallas Comegys,1988,-0.3,1.1,11.9,67.0,2.4,1.3,6.5,1.8,0,0
Pat Cummings,1988,-0.7,1.1,11.0,53.0,1.8,2.1,8.8,3.7,0,0
Darnell Valentine,1988,0.1,1.5,11.5,77.0,1.5,1.1,4.8,1.1,0,0
Ralph Sampson,1988,-0.2,1.4,11.4,61.0,1.6,1.5,6.4,3.3,0,0
Johnny Dawkins,1988,0.2,0.8,13.4,32.0,3.5,3.5,14.2,2.2,0,0
Richard Anderson,1988,0.6,1.2,12.0,72.0,0.5,0.8,5.2,2.3,0,0
Bill Wennington,1988,-0.8,1.2,8.8,65.0,1.3,0.8,4.6,3.1,0,0
Pearl Washington,1988,0.3,1.0,13.0,54.0,1.9,2.3,7.6,1.4,0,0
Terry Tyler,1988,-0.1,1.0,12.3,70.0,0.9,0.7,5.5,1.9,0,0
Mike Brown,1988,-0.6,1.8,8.4,66.0,2.0,1.2,4.5,2.5,0,0
Gerald Henderson,1988,-0.1,0.3,12.1,65.0,2.0,1.1,6.5,0.8,0,0
Bob Hansen,1988,0.0,1.5,9.7,46.0,1.6,0.9,7.4,2.2,0,0
Danny Young,1988,0.5,0.8,11.8,48.0,1.3,0.9,6.2,1.2,0,0
Greg Kite,1988,-0.8,0.9,6.3,70.0,0.6,0.8,2.1,2.3,0,0
Kiki Vandeweghe,1988,0.1,0.4,13.7,45.0,2.0,0.9,11.1,1.0,0,0
John Long,1988,-0.5,0.4,9.5,68.0,1.1,0.8,5.5,0.9,0,0
Steve Alford,1988,-0.1,0.7,11.9,66.0,0.9,0.7,5.5,0.9,0,0
Frank Johnson,1988,-0.2,1.0,10.4,67.0,1.4,1.5,4.4,0.9,0,0
Rickey Green,1988,0.4,0.6,13.7,63.0,0.5,1.0,4.6,0.9,0,0
Chris Welp,1988,-0.6,0.7,8.7,72.0,1.0,0.6,3.4,1.9,0,0
John Lucas,1988,0.9,0.8,16.6,74.0,1.0,0.9,4.2,0.8,0,0
Keith Lee,1988,-0.4,1.0,10.8,57.0,1.2,0.9,4.8,3.3,0,0
Olden Polynice,1988,-0.2,0.9,10.3,80.0,1.1,0.6,2.9,1.4,0,0
Dave Feitl,1988,-0.7,0.8,8.7,57.0,1.1,1.1,5.0,2.3,0,0
Dell Curry,1988,0.6,0.5,18.3,48.0,1.0,0.9,11.9,1.6,0,0
Adrian Branch,1988,0.1,0.8,15.7,67.0,1.8,1.0,7.4,1.0,0,0
Marc Iavaroni,1988,-0.6,1.1,5.3,77.0,0.6,0.7,2.3,1.2,0,0
Albert King,1988,-0.4,0.7,9.4,46.0,1.0,1.6,7.1,2.3,0,0
Tony Campbell,1988,-0.3,0.9,12.5,63.0,1.3,1.0,6.2,1.2,0,0
Stuart Gray,1988,-0.2,0.7,9.1,72.0,0.9,0.7,2.6,2.2,0,0
Russ Schoene,1988,-0.1,0.9,12.1,69.0,0.8,0.7,5.2,1.6,0,0
Jerry Reynolds,1988,0.7,0.8,17.6,56.0,3.0,1.0,7.6,0.9,0,0
Ben Coleman,1988,-0.5,0.5,11.2,58.0,1.3,0.8,5.1,2.2,0,0
Bill Hanzlik,1988,-0.2,0.6,8.6,41.0,2.1,1.3,4.9,1.8,0,0
Paul Mokeski,1988,-0.3,1.1,8.2,74.0,0.7,0.5,2.2,1.7,0,0
Jay Vincent,1988,-0.8,0.3,7.0,29.0,2.1,1.4,8.6,2.5,0,0
Mark Acres,1988,-0.2,0.5,8.2,62.0,0.8,0.4,2.2,1.4,0,0
Allen Leavell,1988,-0.3,0.7,7.7,55.0,1.1,1.1,3.3,0.7,0,0
Mike Smrek,1988,-0.4,0.7,9.0,43.0,1.8,1.1,4.5,2.0,0,0
Jerome Whitehead,1988,-0.6,0.6,6.9,57.0,0.8,0.4,3.1,1.5,0,0
Roy Tarpley,1988,0.6,1.1,22.2,19.0,5.1,2.4,17.3,7.4,0,0
Eddie Lee Wilkins,1988,-0.8,0.5,10.2,71.0,1.6,0.8,4.1,1.1,0,0
Tree Rollins,1988,-0.1,1.0,8.8,60.0,0.3,0.4,2.3,1.7,0,0
Kevin Williams,1988,-0.3,0.5,9.0,50.0,1.2,1.0,4.2,0.8,0,0
Charles Davis,1988,-0.3,0.4,10.3,49.0,0.5,0.4,3.8,1.4,0,0
Chris Dudley,1988,-0.7,0.8,8.7,61.0,1.8,0.7,3.0,1.4,0,0
Scott Roth,1988,-0.4,0.5,7.7,63.0,1.4,0.6,2.9,0.7,0,0
Brian Rowsom,1988,0.1,0.3,15.7,34.0,2.4,0.5,6.6,2.4,0,0
Randy Breuer,1988,0.1,0.7,13.8,48.0,1.1,0.6,4.2,1.8,0,0
Bob Thornton,1988,-0.5,0.2,6.4,54.0,1.1,0.4,2.4,1.0,0,0
Eric White,1988,-0.3,0.1,10.3,38.0,1.1,0.7,4.2,0.9,0,0
Cliff Robinson,1988,-0.1,0.3,14.1,14.0,3.1,2.4,15.1,4.0,0,0
Jim Farmer,1988,-0.3,0.5,8.4,37.0,1.1,0.7,4.1,0.9,0,0
Sam Bowie,1988,0.2,0.5,13.7,20.0,2.5,1.7,8.6,3.5,0,0
Greg Dreiling,1988,-0.3,0.2,8.1,53.0,1.2,0.7,2.4,1.0,0,0
Jerry Sichting,1988,-0.1,0.2,8.8,25.0,0.3,1.0,4.1,0.8,0,0
Kevin Gamble,1988,0.2,0.2,15.8,44.0,1.3,0.4,4.3,0.7,0,0
David Wingate,1988,-0.1,0.1,11.5,33.0,1.0,1.1,4.2,0.8,0,0
Tony Brown,1988,0.0,0.4,10.3,43.0,0.7,0.4,3.0,0.5,0,0
Clinton Wheeler,1988,0.2,0.3,12.8,28.0,0.7,0.9,3.8,0.5,0,0
Calvin Natt,1988,-0.2,0.3,10.7,24.0,3.3,1.3,6.3,2.1,0,0
Ray Tolbert,1988,-0.3,0.5,8.3,50.0,0.7,0.7,2.1,1.1,0,0
Ralph Lewis,1988,-0.1,0.1,10.8,42.0,0.9,0.6,3.2,0.6,0,0
T.R. Dunn,1988,0.1,0.3,7.0,34.0,0.4,0.2,1.0,0.9,0,0
Mark McNamara,1988,-0.2,0.3,11.2,39.0,2.0,0.6,2.9,1.6,0,0
Pete Myers,1988,0.1,0.3,12.4,33.0,1.5,0.7,2.9,0.5,0,0
Dudley Bradley,1988,-0.2,0.3,6.1,38.0,0.4,0.4,1.9,0.7,0,0
Ed Nealy,1988,-0.1,0.4,6.0,43.0,0.2,0.2,0.7,1.3,0,0
Sidney Lowe,1988,0.2,0.2,13.7,14.0,0.8,0.6,1.6,2.0,0,0
Tellis Frank,1988,-0.3,0.3,9.4,32.0,1.6,0.9,3.3,1.1,0,0
Grant Gondrezick,1988,0.0,0.2,11.8,27.0,1.5,0.6,3.9,0.8,0,0
Brook Steppe,1988,0.0,0.2,12.0,27.0,1.4,0.5,3.8,0.7,0,0
Chuck Nevitt,1988,-0.1,0.5,8.1,43.0,0.4,0.5,1.5,1.1,0,0
Eddie Hughes,1988,0.1,0.3,11.4,26.0,0.5,0.4,2.7,0.5,0,0
Bernard Thompson,1988,-0.1,0.3,5.5,23.0,1.1,0.8,2.7,0.8,0,0
Uwe Blab,1988,-0.1,0.2,10.8,37.0,0.7,0.4,1.8,0.9,0,0
Anthony Jones,1988,0.1,0.2,13.4,33.0,0.5,0.2,2.3,0.4,0,0
Phil Hubbard,1988,0.0,0.3,11.7,31.0,0.8,0.3,2.4,0.8,0,0
Larry Bird,1988,0.3,0.2,19.8,6.0,3.2,1.8,19.3,6.0,0,0
Jeff Lamp,1988,-0.2,0.2,6.8,37.0,0.1,0.4,1.6,0.8,0,0
Bart Kofoed,1988,-0.1,0.2,3.7,19.0,0.6,0.7,1.6,0.4,0,0
Ken Bannister,1988,0.1,0.2,17.9,9.0,5.9,0.9,8.2,3.0,0,0
Otis Birdsong,1988,-0.1,0.1,7.0,13.0,0.2,0.9,2.8,0.7,0,0
Ben McDonald,1988,0.0,0.1,12.0,11.0,1.4,0.3,3.2,0.7,0,0
Ennis Whatley,1988,-0.1,0.1,12.1,8.0,1.4,1.4,4.3,1.8,0,0
Michael Jackson,1988,-0.1,0.0,6.7,14.0,0.1,0.3,1.5,0.2,0,0
Pétur Guðmundsson,1988,-0.2,0.1,2.7,5.0,0.8,1.6,4.2,2.2,0,0
Darryl Dawkins,1988,-0.1,0.0,8.2,14.0,1.3,0.3,1.9,0.3,0,0
Pace Mannion,1988,0.0,0.1,7.3,10.0,0.0,0.3,0.8,0.5,0,0
John Stroeder,1988,0.0,0.0,13.2,5.0,0.0,0.6,0.8,1.8,0,0
Ron Cavenall,1988,0.0,0.0,7.4,5.0,1.0,0.4,1.2,0.4,0,0
Greg Ballard,1988,0.0,0.0,7.1,2.0,2.0,0.0,3.0,2.5,0,0
Andre Turner,1988,0.0,0.0,3.6,4.0,0.0,1.0,1.5,0.8,0,0
Kenny Gattison,1988,0.0,0.0,-2.8,2.0,1.0,0.0,0.5,0.5,0,0
Sedric Toney,1988,-0.1,0.0,-14.9,2.0,0.5,1.0,1.0,0.5,0,0
Steve Harris,1988,0.0,0.0,18.3,3.0,0.7,0.0,1.3,0.7,0,0
Winston Crite,1988,0.0,0.0,-20.3,2.0,0.0,0.5,0.0,0.0,0,0
Mike Dunleavy,1988,0.0,0.0,17.7,2.0,0.0,0.0,1.5,0.0,0,0
Rodney McCray,1989,3.3,2.5,16.7,82.0,4.2,2.1,16.6,5.8,0,0
Michael Jordan,1989,10.6,4.3,31.2,82.0,8.5,3.0,33.6,5.1,1,1
Reggie Miller,1989,4.8,1.3,20.8,82.0,7.6,2.7,24.6,2.4,0,0
Patrick Ewing,1989,6.0,5.3,25.8,82.0,7.9,3.4,28.6,8.0,1,1
Tony Campbell,1989,1.8,2.5,17.1,82.0,6.9,3.1,23.2,3.0,0,0
Scottie Pippen,1989,3.0,4.3,16.3,82.0,3.6,3.4,16.5,4.8,0,0
Hakeem Olajuwon,1989,6.2,8.7,24.1,82.0,6.5,3.9,24.3,10.4,1,2
Karl Malone,1989,6.6,5.4,27.2,82.0,11.1,3.7,31.0,8.3,1,1
Charles Barkley,1989,8.0,4.2,27.1,79.0,9.4,3.1,25.2,6.9,1,1
Tom Chambers,1989,3.3,3.7,20.9,81.0,8.0,2.7,27.2,5.6,1,2
Tyrone Corbin,1989,2.2,4.0,15.9,82.0,2.5,1.7,14.7,4.7,0,0
Derek Harper,1989,5.0,3.6,19.8,82.0,3.8,2.5,18.0,2.3,0,0
Isiah Thomas,1989,3.7,4.6,17.3,81.0,4.7,4.0,18.4,2.9,0,0
James Worthy,1989,4.3,3.1,19.8,80.0,4.0,2.0,21.1,4.0,1,3
Otis Thorpe,1989,2.0,4.1,16.1,82.0,5.4,2.8,17.1,5.8,0,0
Larry Bird,1989,5.5,4.1,21.9,75.0,4.6,3.2,24.3,8.3,1,2
Magic Johnson,1989,8.9,3.8,26.6,79.0,8.1,3.7,22.3,5.0,1,1
Wayman Tisdale,1989,1.3,2.2,18.1,79.0,4.9,1.9,22.3,5.2,0,0
Rolando Blackman,1989,2.2,2.2,17.0,80.0,4.3,2.2,19.4,2.4,0,0
John Stockton,1989,8.0,4.0,23.9,78.0,5.5,3.5,17.2,1.9,1,2
Craig Ehlo,1989,2.3,3.2,14.5,81.0,2.3,2.0,13.6,3.6,0,0
Dominique Wilkins,1989,5.4,1.8,24.6,80.0,7.1,2.2,26.7,3.8,0,0
Darrell Walker,1989,3.1,3.6,15.6,81.0,2.5,2.1,9.5,6.7,0,0
Vern Fleming,1989,2.0,1.2,16.3,82.0,3.6,2.5,14.3,2.5,0,0
Johnny Dawkins,1989,2.0,2.2,16.0,81.0,3.0,2.6,14.3,2.5,0,0
Hersey Hawkins,1989,2.7,2.5,17.0,82.0,5.3,2.3,18.5,2.7,0,0
Jerome Kersey,1989,2.7,4.7,15.7,82.0,4.8,1.8,16.0,5.4,0,0
Buck Johnson,1989,1.0,3.9,12.9,82.0,3.3,2.0,14.8,3.3,0,0
Fat Lever,1989,4.9,4.2,19.9,79.0,4.3,2.0,18.3,6.4,0,0
Chris Mullin,1989,5.0,1.3,22.7,78.0,7.3,3.1,25.1,4.3,1,3
Terry Cummings,1989,2.7,4.4,19.6,81.0,5.4,2.5,22.4,5.6,0,0
Jay Humphries,1989,2.4,2.6,16.4,81.0,3.5,1.9,15.3,2.3,0,0
Buck Williams,1989,1.9,4.3,14.3,82.0,5.0,2.0,13.6,6.7,0,0
Mitch Richmond,1989,1.2,0.7,17.0,78.0,6.0,2.6,22.1,3.4,0,0
Willie Anderson,1989,2.4,3.7,15.2,82.0,3.5,2.4,15.7,3.1,0,0
Kevin Johnson,1989,4.9,2.6,22.8,74.0,8.1,3.6,22.5,3.1,1,2
Terry Porter,1989,5.4,3.8,20.0,80.0,5.9,3.1,17.6,2.7,0,0
Hot Rod Williams,1989,2.9,4.1,19.0,82.0,5.4,1.7,16.8,5.4,0,0
Horace Grant,1989,2.1,2.8,16.6,80.0,3.2,1.4,13.4,4.9,0,0
Derrick McKey,1989,2.2,2.3,15.6,80.0,5.0,2.4,15.7,4.0,0,0
Muggsy Bogues,1989,2.9,2.1,16.9,81.0,1.7,1.8,9.4,2.0,0,0
Moses Malone,1989,1.6,1.7,20.2,81.0,7.8,2.9,18.9,5.5,0,0
Danny Ainge,1989,2.1,2.1,16.1,75.0,3.6,2.5,17.9,3.4,0,0
Kevin McHale,1989,3.8,3.3,21.8,82.0,5.4,2.2,20.9,5.8,0,0
Chuck Person,1989,1.3,1.3,16.6,77.0,3.5,2.2,19.7,4.1,0,0
A.C. Green,1989,1.0,3.3,14.7,82.0,4.5,1.4,12.9,5.5,0,0
Mark Price,1989,4.9,2.5,21.1,73.0,4.6,2.9,19.6,2.5,0,0
Michael Adams,1989,2.6,2.5,15.4,79.0,4.0,1.8,15.5,2.2,0,0
Bernard King,1989,1.7,1.4,18.8,82.0,6.3,3.0,22.4,3.4,0,0
Clyde Drexler,1989,6.3,4.3,22.2,73.0,5.9,2.6,23.3,4.1,1,3
Bill Laimbeer,1989,3.6,5.4,15.8,81.0,2.4,1.2,12.1,7.6,0,0
Sam Perkins,1989,2.5,3.3,17.3,76.0,5.6,1.9,15.9,4.8,0,0
Mike Gminski,1989,1.4,2.9,15.7,81.0,2.9,1.2,13.7,6.1,0,0
Sleepy Floyd,1989,1.7,2.9,14.2,82.0,2.8,2.5,12.2,1.9,0,0
Gerald Wilkins,1989,1.1,2.1,14.3,82.0,3.2,2.4,14.5,2.9,0,0
Alvin Robertson,1989,3.7,3.9,18.9,81.0,3.3,2.7,14.2,4.1,0,0
Michael Cage,1989,1.3,2.8,14.5,82.0,2.6,1.1,9.7,6.3,0,0
Byron Scott,1989,1.7,2.2,14.3,77.0,2.7,1.6,15.5,2.5,0,0
Thurl Bailey,1989,0.5,2.8,13.4,82.0,3.5,1.7,14.2,3.6,0,0
Joe Dumars,1989,2.7,3.0,17.2,75.0,4.4,1.9,17.8,2.0,1,3
Detlef Schrempf,1989,2.2,2.0,17.6,78.0,6.3,2.3,16.2,6.0,0,0
Jeff Malone,1989,1.3,0.8,18.5,75.0,3.9,1.7,24.3,2.0,0,0
Dennis Hopson,1989,0.6,1.9,13.6,79.0,4.3,2.1,15.8,2.1,0,0
Reggie Lewis,1989,1.9,2.5,16.8,79.0,4.0,1.5,17.0,3.0,0,0
Maurice Cheeks,1989,2.5,2.9,14.9,81.0,2.5,1.5,9.7,2.3,0,0
Tod Murphy,1989,1.0,2.8,13.0,82.0,2.5,0.7,8.3,4.4,0,0
Kevin Duckworth,1989,-0.2,2.9,13.3,82.0,3.8,2.1,16.2,4.0,0,0
Terry Catledge,1989,-0.9,0.1,15.0,74.0,6.6,2.4,19.4,3.9,0,0
Chris Morris,1989,1.6,2.6,14.8,80.0,4.0,2.3,14.8,2.9,0,0
Xavier McDaniel,1989,1.6,1.8,17.9,69.0,4.8,2.7,21.3,4.1,0,0
Mark Jackson,1989,1.5,2.1,14.3,82.0,2.0,2.6,9.9,2.6,0,0
Armen Gilliam,1989,0.6,2.3,16.6,76.0,5.5,2.4,16.7,5.1,0,0
Kenny Smith,1989,0.2,1.0,13.3,79.0,2.5,2.1,11.9,1.8,0,0
Rony Seikaly,1989,0.2,3.4,15.9,74.0,5.8,3.2,16.6,6.9,0,0
Rik Smits,1989,1.6,2.3,18.1,82.0,3.6,1.7,15.5,4.6,0,0
Kelly Tripucka,1989,0.1,1.5,13.6,79.0,4.4,2.2,15.6,3.0,0,0
Mark West,1989,2.0,4.0,15.7,82.0,3.5,1.5,10.5,6.3,0,0
Robert Parish,1989,1.9,3.0,19.2,79.0,3.9,2.1,15.7,6.8,0,0
Dennis Rodman,1989,2.2,4.4,15.4,82.0,2.6,1.1,8.8,5.6,0,0
Terry Teagle,1989,-0.3,0.8,14.8,82.0,3.6,1.8,16.1,3.1,0,0
John Paxson,1989,0.3,1.1,12.7,82.0,0.8,1.0,10.0,1.1,0,0
Lester Conner,1989,0.9,2.6,12.8,82.0,2.6,1.7,7.9,2.1,0,0
Reggie Theus,1989,0.5,-0.1,15.9,76.0,5.8,3.0,18.9,1.9,0,0
Nate McMillan,1989,2.7,2.6,14.4,82.0,1.9,2.3,6.4,3.4,0,0
Ken Norman,1989,0.6,2.6,14.6,70.0,3.5,2.7,16.1,4.7,0,0
Benoit Benjamin,1989,2.1,3.7,16.7,71.0,4.5,2.6,13.5,7.1,0,0
James Edwards,1989,0.1,2.9,13.3,82.0,4.3,1.6,14.5,2.8,0,0
Mark Eaton,1989,1.4,3.9,10.6,82.0,1.4,0.9,4.8,5.2,0,0
Jeff Hornacek,1989,3.8,2.8,19.6,67.0,3.0,1.9,17.6,3.4,0,0
Johnny Newman,1989,0.5,1.7,12.7,80.0,3.7,1.8,12.9,1.6,0,0
Kevin Willis,1989,0.1,1.7,15.7,81.0,3.0,1.8,12.4,4.8,0,0
Rick Mahorn,1989,0.9,2.7,13.9,75.0,3.4,1.4,10.8,5.3,0,0
Danny Manning,1989,1.4,2.4,16.3,71.0,5.2,2.6,16.3,3.9,0,0
James Donaldson,1989,0.3,2.8,12.2,73.0,2.9,1.6,9.1,6.5,0,0
Jack Sikma,1989,1.5,2.7,14.7,71.0,3.7,2.0,13.9,5.4,0,0
Dan Majerle,1989,1.9,2.9,13.5,73.0,3.6,1.1,11.1,3.9,0,0
Charles Jones,1989,0.9,2.8,9.2,81.0,1.3,0.9,3.2,4.4,0,0
Fred Roberts,1989,-0.1,1.6,11.6,82.0,3.0,1.6,10.5,2.5,0,0
Purvis Short,1989,0.0,1.3,13.4,82.0,2.9,1.5,13.1,1.8,0,0
Alex English,1989,1.8,1.7,17.9,80.0,2.3,1.2,17.9,2.1,0,0
Kevin Edwards,1989,0.0,2.3,11.6,78.0,2.3,2.3,12.0,2.6,0,0
Sam Bowie,1989,0.5,2.8,16.2,68.0,5.6,1.8,14.7,7.1,0,0
Herb Williams,1989,0.0,2.8,10.4,81.0,2.0,1.3,8.6,3.9,0,0
Charles Oakley,1989,0.9,2.8,15.9,61.0,4.7,2.7,14.6,7.7,0,0
Spud Webb,1989,1.4,1.1,15.3,82.0,2.3,1.7,9.2,2.0,0,0
Bob Hansen,1989,-0.1,2.0,8.5,81.0,0.8,1.0,7.6,2.0,0,0
Bill Cartwright,1989,-0.3,1.7,12.8,71.0,3.9,1.7,11.4,4.6,0,0
Billy Thompson,1989,1.0,2.2,14.7,79.0,2.3,2.0,11.0,4.0,0,0
Rod Strickland,1989,1.7,2.6,15.7,82.0,3.4,2.1,10.6,2.1,0,0
LaSalle Thompson,1989,-0.3,2.5,10.3,82.0,1.6,1.8,6.8,5.5,0,0
Ron Anderson,1989,0.3,1.7,13.9,78.0,2.5,1.0,11.9,2.7,0,0
Larry Nance,1989,2.4,3.0,19.1,62.0,3.9,1.8,16.3,5.7,0,0
Dennis Johnson,1989,0.9,1.8,12.4,75.0,1.9,1.6,7.1,2.0,0,0
Dale Ellis,1989,2.3,1.0,19.0,55.0,4.3,2.2,23.5,2.7,0,0
Mark Aguirre,1989,1.5,2.5,15.8,78.0,3.3,1.6,14.1,2.4,0,0
Blair Rasmussen,1989,0.5,2.9,16.0,81.0,1.7,0.9,12.4,5.2,0,0
Rod Higgins,1989,1.5,0.9,15.5,82.0,3.5,1.1,11.1,3.7,0,0
Vernon Maxwell,1989,0.5,2.5,11.5,79.0,2.7,1.8,9.0,2.3,0,0
Vinnie Johnson,1989,0.9,2.8,12.9,82.0,2.4,1.5,9.8,1.8,0,0
Brad Lohaus,1989,1.1,2.4,13.6,80.0,1.3,1.4,9.2,3.8,0,0
John Salley,1989,1.7,3.9,13.5,82.0,3.0,1.2,7.2,3.5,0,0
Kurt Rambis,1989,1.3,3.1,12.1,74.0,1.7,1.4,6.2,5.0,0,0
Mark Alarie,1989,0.3,1.6,14.1,82.0,1.6,1.2,10.5,2.7,0,0
Mychal Thompson,1989,0.0,2.3,13.4,70.0,2.9,1.1,10.1,4.3,0,0
Randy Breuer,1989,-0.2,2.2,13.0,81.0,2.4,1.2,8.9,3.2,0,0
Sidney Green,1989,-0.6,1.2,12.7,73.0,2.9,1.6,10.4,5.8,0,0
Dell Curry,1989,1.4,1.5,15.9,67.0,1.6,1.5,16.0,2.0,0,0
Vinny Del Negro,1989,-0.1,1.2,12.6,76.0,2.0,1.5,9.7,2.1,0,0
Grant Long,1989,-0.1,2.1,11.6,81.0,3.0,1.7,8.5,3.0,0,0
David Wingate,1989,0.1,2.3,9.4,78.0,1.4,1.6,6.8,1.7,0,0
Mitchell Wiggins,1989,1.0,2.5,16.3,66.0,3.6,1.3,15.5,2.3,0,0
Michael Cooper,1989,0.6,2.0,9.6,80.0,1.2,1.1,6.4,2.1,0,0
Harvey Grant,1989,-0.1,1.4,12.0,81.0,1.7,1.0,8.2,2.5,0,0
Jerry Reynolds,1989,0.6,1.1,14.1,67.0,4.8,2.1,12.8,3.5,0,0
Eddie Johnson,1989,0.5,1.5,14.9,64.0,3.2,1.7,16.9,2.8,0,0
Tellis Frank,1989,-0.8,1.6,11.1,77.0,3.0,1.7,9.5,3.0,0,0
Rex Chapman,1989,-0.8,0.7,11.9,54.0,3.6,1.9,17.5,2.4,0,0
Winston Garland,1989,-0.6,1.1,9.8,79.0,1.5,2.0,7.3,2.1,0,0
Rory Sparrow,1989,-0.9,0.9,8.8,82.0,0.9,1.2,5.9,1.2,0,0
Sidney Lowe,1989,-0.3,1.4,8.7,80.0,0.7,0.8,2.3,1.5,0,0
Antoine Carr,1989,0.6,1.1,16.4,77.0,3.9,1.6,12.3,2.7,0,0
Trent Tucker,1989,0.9,1.4,12.0,81.0,1.1,0.9,8.2,1.4,0,0
Tom Garrick,1989,0.3,1.6,11.8,73.0,1.6,1.6,7.0,1.8,0,0
Joe Barry Carroll,1989,-0.4,2.4,12.6,76.0,2.3,1.9,10.0,4.1,0,0
Ricky Pierce,1989,2.1,1.0,21.9,59.0,6.2,2.2,23.0,1.7,0,0
Cliff Levingston,1989,0.5,1.0,12.1,75.0,1.6,0.7,6.9,2.7,0,0
Ledell Eackles,1989,-0.5,0.8,14.3,78.0,3.6,1.8,13.5,1.3,0,0
Mark Acres,1989,-0.7,0.6,8.3,80.0,1.5,0.9,4.5,3.5,0,0
Steve Kerr,1989,0.5,1.1,12.0,78.0,0.9,0.9,6.7,1.1,0,0
Sam Vincent,1989,1.0,0.4,15.4,63.0,3.4,2.1,11.2,2.5,0,0
Roy Tarpley,1989,0.7,3.3,18.0,45.0,3.8,2.6,16.8,8.9,0,0
Otis Smith,1989,1.5,0.9,17.2,65.0,3.4,1.6,13.5,2.8,0,0
Walter Davis,1989,1.1,1.5,18.3,69.0,3.3,1.5,17.5,1.9,0,0
Randolph Keys,1989,-0.8,1.5,10.9,80.0,1.8,1.1,8.8,1.9,0,0
Bill Hanzlik,1989,0.3,1.9,10.3,81.0,2.3,1.1,6.2,1.7,0,0
Harold Pressley,1989,0.8,1.5,13.7,72.0,2.0,1.2,8.8,3.0,0,0
Kenny Walker,1989,0.3,1.5,12.7,68.0,2.5,0.9,7.9,3.1,0,0
Charles Shackleford,1989,-0.6,1.7,12.3,70.0,1.6,1.7,8.2,4.3,0,0
Mike Sanders,1989,-0.7,0.9,9.1,82.0,0.9,1.0,6.2,1.9,0,0
Gary Grant,1989,1.1,1.9,15.3,44.0,2.6,4.7,13.1,3.1,0,0
Doc Rivers,1989,2.0,1.5,17.2,48.0,3.5,2.0,12.5,3.2,0,0
Greg Kite,1989,-0.7,1.5,7.0,71.0,0.8,1.1,3.2,3.5,0,0
Sedale Threatt,1989,1.5,0.9,17.4,65.0,2.4,1.2,11.4,1.1,0,0
John Battle,1989,-0.4,0.0,12.6,60.0,2.3,1.5,10.9,1.2,0,0
Scott Skiles,1989,0.0,0.1,13.2,70.0,1.7,1.3,7.7,1.9,0,0
Darrell Griffith,1989,0.7,1.8,13.6,82.0,1.0,0.9,8.9,1.5,0,0
Frank Brickowski,1989,0.8,2.5,13.3,78.0,1.8,1.2,6.6,3.1,0,0
Brad Daugherty,1989,0.4,1.9,16.0,41.0,7.0,2.7,16.8,7.2,0,0
Jeff Grayer,1989,-0.3,1.1,11.4,71.0,2.1,1.2,7.7,1.7,0,0
Orlando Woolridge,1989,1.3,1.5,17.6,62.0,3.9,1.2,12.7,2.2,0,0
Derek Smith,1989,0.3,1.0,13.7,75.0,2.5,1.1,8.9,1.5,0,0
Paul Pressey,1989,1.2,1.4,15.9,57.0,3.3,1.9,11.0,2.0,0,0
Mike Brown,1989,0.1,2.0,12.8,82.0,2.4,1.1,6.2,3.2,0,0
Danny Young,1989,1.0,1.9,11.5,82.0,1.4,1.0,4.7,1.1,0,0
Ron Harper,1989,2.3,1.7,20.2,35.0,6.6,2.9,22.8,3.8,0,0
Joe Kleine,1989,-0.6,1.3,10.5,81.0,1.2,0.8,5.4,2.9,0,0
Chris Dudley,1989,-1.0,1.9,9.5,64.0,2.8,1.3,5.5,3.9,0,0
Tom Tolbert,1989,-0.4,0.7,13.8,70.0,3.4,1.1,8.8,3.4,0,0
Larry Drew,1989,0.1,1.1,10.2,80.0,0.8,1.2,5.2,1.1,0,0
Joe Wolf,1989,-1.1,1.2,6.8,77.0,0.9,1.0,4.8,2.2,0,0
Manute Bol,1989,0.3,1.4,7.2,75.0,0.7,0.7,1.9,3.2,0,0
Larry Smith,1989,0.1,2.5,9.8,74.0,0.7,0.9,3.0,3.7,0,0
Adrian Dantley,1989,0.5,0.8,15.4,45.0,5.6,1.7,14.7,2.1,0,0
Brad Davis,1989,0.6,1.1,13.7,73.0,1.4,1.2,6.4,1.1,0,0
Greg Anderson,1989,-0.6,1.7,13.0,60.0,2.8,1.3,8.8,4.4,0,0
Jim Paxson,1989,-0.5,0.7,9.7,72.0,1.3,0.8,6.4,0.7,0,0
Robert Reid,1989,-0.8,0.8,8.0,72.0,1.2,0.6,5.8,1.6,0,0
Danny Schayes,1989,0.7,1.7,16.5,53.0,5.0,1.4,10.4,4.2,0,0
Wayne Cooper,1989,0.3,2.1,10.6,79.0,0.5,0.5,3.8,2.8,0,0
Jeff Turner,1989,-1.2,0.3,6.6,60.0,0.9,1.0,5.1,2.9,0,0
John Bagley,1989,0.1,0.8,10.8,54.0,0.7,1.7,4.3,1.2,0,0
Olden Polynice,1989,-0.1,0.9,12.4,79.0,1.3,0.4,4.6,2.2,0,0
Jack Haley,1989,-1.4,0.9,8.5,67.0,1.9,1.1,5.4,2.8,0,0
Ed Pinckney,1989,0.8,1.2,13.7,77.0,1.5,0.7,4.7,1.7,0,0
Tim Kempton,1989,-0.1,1.2,10.7,71.0,1.6,1.1,5.4,2.4,0,0
Scott Roth,1989,-0.2,1.0,11.7,71.0,2.8,1.2,6.8,1.1,0,0
Craig Hodges,1989,0.5,0.4,12.5,63.0,0.5,0.5,6.5,0.7,0,0
John Long,1989,-0.2,0.4,10.7,48.0,1.1,1.6,8.4,1.2,0,0
Andrew Lang,1989,0.9,1.9,13.2,74.0,1.3,0.6,3.5,2.5,0,0
Kevin Gamble,1989,0.4,0.7,12.3,71.0,1.5,0.6,5.1,1.0,0,0
Steve Colter,1989,0.9,1.0,15.9,73.0,1.3,0.5,4.9,1.7,0,0
Jon Koncak,1989,0.1,1.0,8.7,54.0,1.5,0.9,3.7,3.1,0,0
Scott Brooks,1989,0.7,0.7,14.2,72.0,0.8,0.5,4.4,0.7,0,0
Eddie Lee Wilkins,1989,-1.1,0.9,9.9,79.0,1.9,0.9,4.7,1.9,0,0
Mike Woodson,1989,-0.5,1.2,8.8,61.0,1.4,0.8,6.5,1.0,0,0
Sedric Toney,1989,-0.7,0.4,8.0,64.0,1.3,1.1,4.1,0.7,0,0
Jerome Lane,1989,-0.1,1.6,12.8,67.0,1.8,1.3,5.0,3.2,0,0
Kenny Gattison,1989,-0.1,0.9,12.9,63.0,1.7,1.1,5.9,1.9,0,0
John Lucas,1989,0.3,1.2,11.5,49.0,1.1,1.7,5.8,1.4,0,0
Rickey Green,1989,0.0,0.5,10.9,69.0,0.7,0.9,3.5,0.7,0,0
Anthony Bowie,1989,-0.1,1.3,8.8,66.0,0.8,0.9,4.3,1.2,0,0
Eddie Hughes,1989,-0.1,0.9,8.3,60.0,0.6,0.7,3.5,0.9,0,0
Caldwell Jones,1989,-0.5,1.3,7.2,72.0,0.8,0.7,2.4,2.1,0,0
Will Perdue,1989,-1.1,0.8,9.1,77.0,1.4,0.8,3.8,1.6,0,0
Jon Sundvold,1989,0.0,0.5,11.2,63.0,0.8,0.8,6.1,0.9,0,0
Melvin Turpin,1989,-0.2,0.9,12.8,59.0,1.2,0.8,4.7,2.3,0,0
Bill Wennington,1989,-0.4,1.1,10.6,60.0,1.3,0.8,4.5,2.2,0,0
Roy Hinson,1989,0.3,0.7,15.2,25.0,4.0,2.1,15.0,4.4,0,0
Eric Leckner,1989,-0.4,1.1,12.1,77.0,1.4,0.8,4.3,1.9,0,0
Pete Myers,1989,-0.4,0.7,9.8,52.0,1.9,1.5,4.7,1.2,0,0
Randy Allen,1989,-0.6,0.6,8.4,63.0,0.7,0.4,3.7,1.4,0,0
Reggie Williams,1989,-0.6,0.8,9.1,47.0,1.4,1.0,6.8,1.2,0,0
David Rivers,1989,-0.4,0.6,9.9,52.0,1.5,1.7,4.2,1.1,0,0
Brad Sellers,1989,-0.3,0.4,9.2,59.0,1.2,0.8,4.5,0.8,0,0
Tree Rollins,1989,-0.2,0.9,8.8,48.0,0.3,0.7,2.6,2.0,0,0
T.R. Dunn,1989,0.2,0.9,9.8,65.0,0.6,0.3,1.8,1.3,0,0
Anthony Jones,1989,-0.3,0.8,7.6,66.0,1.0,0.6,3.0,0.7,0,0
Morlon Wiley,1989,-0.1,0.3,11.3,40.0,1.0,1.6,5.7,1.0,0,0
Tony Brown,1989,-0.4,0.5,8.2,61.0,0.9,0.8,3.6,0.5,0,0
John Williams,1989,0.8,0.7,17.6,18.0,4.7,2.4,18.2,6.1,0,0
Tim Perry,1989,0.1,0.8,13.5,60.0,1.5,0.8,4.2,1.2,0,0
Richard Anderson,1989,0.4,0.5,13.3,54.0,0.4,0.5,4.3,1.7,0,0
Bob Thornton,1989,-0.5,0.7,6.1,56.0,0.9,0.6,2.2,1.6,0,0
Jim Petersen,1989,-0.4,0.4,9.0,43.0,1.7,0.8,4.0,2.6,0,0
Derrick Chievous,1989,0.0,0.8,13.3,55.0,2.0,0.8,5.3,1.0,0,0
Ken Bannister,1989,-0.6,0.5,7.6,52.0,2.1,0.8,4.0,1.4,0,0
Avery Johnson,1989,0.2,0.3,11.6,53.0,0.8,0.9,2.6,0.4,0,0
Kiki Vandeweghe,1989,-0.1,0.3,12.5,22.0,2.2,1.2,11.7,1.7,0,0
Mark Bryant,1989,-0.2,0.9,9.1,58.0,0.9,0.4,2.9,1.6,0,0
Stuart Gray,1989,-0.3,0.7,8.5,58.0,0.8,0.4,2.0,1.8,0,0
Brian Rowsom,1989,0.0,0.5,13.6,44.0,1.9,0.6,5.1,2.0,0,0
Randy Wittman,1989,-0.3,0.1,6.9,61.0,0.1,0.4,2.1,0.4,0,0
Uwe Blab,1989,-0.7,0.2,3.3,47.0,0.8,0.7,2.1,1.7,0,0
Johnny Moore,1989,-0.1,0.7,8.1,53.0,0.5,0.7,2.2,0.7,0,0
Ed Nealy,1989,0.1,0.5,11.1,46.0,0.9,0.4,2.3,2.0,0,0
Jerry Sichting,1989,-0.3,0.2,8.9,35.0,0.6,0.6,3.5,0.5,0,0
Quintin Dailey,1989,-0.4,0.2,10.0,30.0,2.2,1.1,8.2,1.1,0,0
Gerald Henderson,1989,0.4,0.5,11.9,57.0,0.3,0.4,2.4,0.6,0,0
Michael Young,1989,0.3,0.5,16.0,45.0,0.8,0.3,4.9,1.1,0,0
Jay Vincent,1989,-0.2,0.4,11.8,41.0,1.2,0.8,5.2,1.0,0,0
Paul Mokeski,1989,-0.5,0.5,7.7,38.0,0.9,0.7,4.0,1.9,0,0
Charles Davis,1989,-0.6,0.3,6.7,53.0,0.2,0.4,2.5,1.1,0,0
Ralph Sampson,1989,-0.4,0.5,5.5,26.0,0.9,1.3,4.2,2.8,0,0
Jim Farmer,1989,0.1,0.3,15.5,38.0,2.1,0.7,6.4,0.7,0,0
Pat Cummings,1989,-0.3,0.4,10.5,37.0,1.0,0.9,4.7,1.8,0,0
Kelvin Upshaw,1989,0.0,0.3,11.9,40.0,0.9,0.7,4.0,0.8,0,0
Larry Krystkowiak,1989,-0.3,0.4,7.6,16.0,2.1,1.2,7.0,3.8,0,0
Micheal Williams,1989,0.3,0.3,17.9,28.0,1.6,1.2,5.6,0.7,0,0
Kurt Nimphius,1989,-0.3,0.3,7.9,38.0,0.8,0.3,2.4,1.0,0,0
Greg Dreiling,1989,-0.3,0.3,6.0,49.0,0.7,0.4,1.3,1.3,0,0
Ben Coleman,1989,-0.2,0.4,12.2,22.0,1.9,1.2,5.7,2.5,0,0
Steve Alford,1989,0.3,0.3,18.7,41.0,0.9,0.4,4.1,0.6,0,0
Mike McGee,1989,0.0,0.3,9.8,14.0,1.5,1.0,7.3,1.8,0,0
Steve Johnson,1989,-0.2,0.2,9.6,25.0,1.4,1.2,4.7,1.4,0,0
William Bedford,1989,-0.3,0.5,9.5,42.0,0.5,0.5,2.8,1.0,0,0
Tito Horford,1989,-0.4,0.3,5.1,35.0,0.7,0.4,1.5,1.1,0,0
Dave Greenwood,1989,0.0,0.5,10.9,37.0,0.8,0.4,1.6,1.5,0,0
Leon Wood,1989,-0.1,0.1,10.9,28.0,0.6,0.3,1.8,0.4,0,0
Chris Welp,1989,-0.3,0.2,6.3,27.0,0.9,0.6,2.4,1.1,0,0
Mark McNamara,1989,-0.3,0.2,11.3,33.0,1.2,0.6,3.1,1.2,0,0
Scott Hastings,1989,0.0,0.3,7.0,40.0,0.6,0.2,1.1,0.6,0,0
Calvin Natt,1989,0.1,0.1,14.4,14.0,1.6,0.4,4.1,1.8,0,0
Dave Hoppen,1989,-0.2,0.1,7.7,10.0,1.0,0.8,4.0,1.7,0,0
Lewis Lloyd,1989,-0.1,0.1,11.6,21.0,0.8,1.0,3.3,0.5,0,0
Tim McCormick,1989,-0.2,0.2,2.6,18.0,1.1,0.6,1.7,1.1,0,0
Andre Turner,1989,-0.1,0.1,6.2,11.0,0.4,1.1,2.4,0.4,0,0
Jim Rowinski,1989,-0.1,0.1,13.2,14.0,1.9,0.7,3.6,0.9,0,0
Michael Holton,1989,-0.2,0.0,2.9,16.0,0.1,0.8,1.8,0.1,0,0
Mike Smrek,1989,-0.1,0.1,7.1,13.0,0.5,0.7,1.6,1.8,0,0
Marques Johnson,1989,-0.1,0.0,8.5,10.0,1.7,1.0,4.0,0.9,0,0
Steve Harris,1989,-0.1,0.1,6.0,15.0,0.3,0.3,2.1,0.3,0,0
Jim Les,1989,0.0,0.1,9.3,7.0,2.4,1.4,3.3,0.6,0,0
Adrian Branch,1989,0.0,0.1,16.9,11.0,2.0,0.7,5.9,1.1,0,0
Corey Gaines,1989,0.0,0.1,6.2,9.0,0.4,1.1,1.1,0.4,0,0
Dave Corzine,1989,-0.1,0.0,3.2,6.0,0.3,1.3,3.7,1.8,0,0
José Ortiz,1989,0.0,0.1,16.0,13.0,0.4,0.4,3.2,0.5,0,0
Michael Jackson,1989,0.0,0.1,8.1,17.0,0.4,0.2,0.6,0.3,0,0
John Shasky,1989,-0.1,0.0,2.5,14.0,0.4,0.1,0.7,0.6,0,0
Jawann Oldham,1989,-0.1,0.1,8.0,6.0,1.2,0.7,1.5,2.0,0,0
Mike Dunleavy,1989,-0.1,0.0,5.1,5.0,1.6,1.6,3.4,0.4,0,0
Alton Lister,1989,0.0,0.0,10.9,3.0,2.3,0.0,4.0,1.0,0,0
Greg Stokes,1989,-0.1,0.0,-8.2,11.0,0.2,0.3,0.4,0.3,0,0
Greg Butler,1989,-0.1,0.0,-4.9,13.0,0.2,0.2,0.5,0.5,0,0
Duane Ferrell,1989,-0.1,0.0,8.1,14.0,0.4,0.1,0.9,0.3,0,0
Ralph Lewis,1989,0.0,0.0,13.2,7.0,0.3,0.3,1.4,0.3,0,0
Rick Carlisle,1989,-0.1,0.0,-9.2,5.0,0.0,0.8,0.4,0.0,0,0
Wes Matthews,1989,0.0,0.0,19.6,1.0,2.0,0.0,4.0,0.0,0,0
Chuck Nevitt,1989,0.0,0.0,12.1,3.0,0.0,0.7,1.3,1.0,0,0
Mark Wade,1989,0.0,0.0,21.3,1.0,0.0,0.0,0.0,0.0,0,0
Chris Mullin,1990,5.6,2.4,21.4,82.0,7.1,3.0,25.7,3.7,1,2
Karl Malone,1990,6.2,5.6,24.8,82.0,10.8,3.0,29.0,8.9,1,1
Tim Hardaway,1990,5.2,2.5,20.9,82.0,4.6,3.3,22.9,3.0,0,0
Tyrone Corbin,1990,2.3,2.9,16.6,82.0,4.5,2.5,18.0,4.9,0,0
Pooh Richardson,1990,3.2,1.3,18.1,82.0,2.0,2.1,17.1,2.5,0,0
Sam Mitchell,1990,-0.9,1.4,12.3,82.0,4.8,1.3,14.6,4.0,0,0
Hersey Hawkins,1990,4.1,3.3,19.4,80.0,6.9,2.7,22.1,3.3,0,0
Patrick Ewing,1990,4.9,5.6,23.7,81.0,7.7,3.6,26.6,8.8,1,2
John Stockton,1990,8.1,4.7,23.4,82.0,5.3,3.6,17.2,2.3,1,3
David Robinson,1990,8.2,7.6,27.4,82.0,9.5,3.3,25.6,8.9,1,1
Dominique Wilkins,1990,5.4,2.8,23.5,81.0,7.1,2.5,25.9,5.8,1,2
Joe Dumars,1990,3.6,3.1,18.0,80.0,5.2,2.4,20.4,1.6,1,3
Sean Elliott,1990,2.1,3.7,14.2,82.0,4.9,1.8,15.9,3.8,0,0
Otis Thorpe,1990,2.5,4.5,17.2,82.0,5.9,2.6,17.5,6.8,0,0
Michael Jordan,1990,10.8,5.4,31.6,82.0,8.2,2.5,31.5,4.6,1,1
Mitch Richmond,1990,2.3,1.9,17.8,77.0,6.0,3.0,23.9,4.0,0,0
Scottie Pippen,1990,5.9,5.4,20.6,82.0,4.1,2.8,17.8,5.3,0,0
James Worthy,1990,3.4,3.5,18.1,78.0,3.4,1.6,21.4,3.2,1,3
Reggie Miller,1990,4.6,0.8,21.2,82.0,7.3,2.0,22.6,2.4,0,0
Rolando Blackman,1990,1.5,1.0,16.6,80.0,4.1,2.0,19.9,2.4,0,0
Reggie Theus,1990,0.6,1.8,14.2,81.0,4.2,3.1,18.6,2.0,0,0
Brad Daugherty,1990,3.1,3.6,19.9,76.0,7.6,2.8,21.6,8.6,0,0
Magic Johnson,1990,8.1,4.2,25.1,79.0,7.3,4.0,19.4,5.6,1,1
Larry Nance,1990,4.2,3.6,20.6,80.0,4.1,1.6,19.2,6.1,0,0
Tony Campbell,1990,1.3,1.4,16.6,77.0,5.8,2.5,21.8,2.4,0,0
Derek Harper,1990,3.7,2.0,19.4,77.0,5.1,2.3,19.7,2.3,0,0
Reggie Lewis,1990,1.9,3.0,16.2,79.0,4.3,1.9,18.7,3.7,0,0
Vernon Maxwell,1990,1.9,3.5,13.5,82.0,3.6,2.1,17.0,2.4,0,0
Clyde Drexler,1990,6.4,4.5,22.1,82.0,6.4,2.8,21.5,4.1,1,2
Harvey Grant,1990,1.9,3.0,16.5,77.0,3.2,1.6,18.2,4.9,0,0
James Donaldson,1990,0.0,2.5,12.3,82.0,2.8,1.8,10.0,6.4,0,0
Brian Shaw,1990,2.2,2.7,15.5,79.0,3.2,2.8,13.8,3.4,0,0
Kevin Johnson,1990,6.0,3.3,23.7,77.0,8.0,3.5,22.2,2.8,1,2
Craig Ehlo,1990,1.1,2.4,12.0,82.0,1.7,2.0,10.1,3.0,0,0
Dennis Rodman,1990,1.8,5.2,13.9,82.0,2.1,1.1,8.2,8.1,0,0
Charles Oakley,1990,0.7,3.6,13.6,76.0,4.0,2.8,11.2,8.1,0,0
Jeff Hornacek,1990,3.7,2.8,17.8,80.0,2.8,1.6,16.9,3.1,0,0
Jay Humphries,1990,2.9,2.3,17.4,80.0,3.0,1.9,15.2,2.0,0,0
Scott Skiles,1990,2.7,1.5,17.8,79.0,4.8,3.2,17.2,2.7,0,0
Kevin Gamble,1990,2.2,2.3,16.3,82.0,2.8,1.8,15.6,2.2,0,0
Charles Smith,1990,2.1,3.6,17.6,74.0,6.5,2.2,20.0,5.3,0,0
Kenny Smith,1990,3.3,2.8,18.3,78.0,4.4,3.0,17.7,1.6,0,0
Bill Laimbeer,1990,2.3,4.4,14.2,82.0,1.8,1.2,11.0,6.9,0,0
Terry Porter,1990,6.2,3.9,21.7,81.0,4.2,2.3,17.0,2.8,0,0
Glen Rice,1990,1.0,2.5,14.1,77.0,2.7,2.2,17.4,3.8,0,0
Armen Gilliam,1990,0.1,2.3,15.5,75.0,4.4,2.3,16.6,5.0,0,0
Horace Grant,1990,3.0,3.8,17.6,78.0,3.6,1.2,12.8,5.0,0,0
Xavier McDaniel,1990,1.0,3.0,15.2,81.0,3.3,2.3,17.0,4.7,0,0
Detlef Schrempf,1990,2.6,1.6,18.6,82.0,6.6,2.1,16.1,5.9,0,0
Byron Scott,1990,2.0,2.9,14.2,82.0,1.8,1.0,14.5,2.3,0,0
Alvin Robertson,1990,4.2,4.3,18.6,81.0,3.2,2.6,13.6,3.3,0,0
Willie Anderson,1990,1.4,3.5,13.0,75.0,2.8,2.2,14.4,3.8,0,0
Doc Rivers,1990,2.6,2.2,16.2,79.0,3.3,1.6,15.2,2.6,0,0
Mookie Blaylock,1990,0.9,2.9,13.1,72.0,2.4,2.9,14.1,2.5,0,0
Buck Williams,1990,1.6,3.9,14.3,80.0,3.9,1.7,11.7,6.6,0,0
Mark Eaton,1990,0.9,4.3,9.5,80.0,1.4,1.2,5.1,6.1,0,0
Chuck Person,1990,0.8,0.8,16.1,80.0,2.9,2.3,18.4,3.7,0,0
Sherman Douglas,1990,2.5,1.9,18.0,73.0,5.7,3.7,18.5,1.8,0,0
Rodney McCray,1990,1.9,2.3,14.6,74.0,2.7,1.7,11.4,5.5,0,0
Chris Morris,1990,1.9,3.4,14.7,79.0,3.1,2.1,13.2,3.9,0,0
Antoine Carr,1990,1.8,1.8,18.3,77.0,5.1,2.2,20.1,3.3,0,0
Grant Long,1990,1.1,3.0,12.2,80.0,2.9,2.0,9.2,4.3,0,0
Kevin Duckworth,1990,-0.8,3.0,12.7,81.0,3.8,2.3,15.8,4.4,0,0
Sam Perkins,1990,1.9,3.6,14.8,73.0,3.8,1.4,13.5,5.1,0,0
Derrick McKey,1990,1.9,2.1,15.7,73.0,3.8,2.2,15.3,3.4,0,0
Charles Barkley,1990,7.0,3.1,28.9,67.0,9.8,3.1,27.6,6.3,1,1
Thurl Bailey,1990,0.4,3.1,12.5,82.0,3.3,1.6,12.4,3.7,0,0
Johnny Newman,1990,0.7,1.3,15.1,81.0,5.9,2.3,16.9,2.0,0,0
Tom Chambers,1990,0.7,3.0,16.2,76.0,6.0,2.3,19.9,5.1,0,0
J.R. Reid,1990,-1.1,2.1,10.8,80.0,3.2,1.9,11.3,4.4,0,0
Jeff Malone,1990,0.0,2.0,14.4,69.0,3.7,1.6,18.6,2.5,0,0
Shawn Kemp,1990,1.2,3.0,17.6,81.0,5.4,2.5,15.0,5.1,0,0
Robert Parish,1990,2.6,3.9,20.6,81.0,3.8,1.9,14.9,7.2,0,0
Rick Mahorn,1990,0.1,3.1,11.8,80.0,3.0,1.6,8.9,5.9,0,0
Kiki Vandeweghe,1990,0.7,1.1,14.4,75.0,3.8,1.4,16.3,1.4,0,0
Bernard King,1990,1.8,1.6,19.1,64.0,7.6,4.0,28.4,3.2,1,3
Vinnie Johnson,1990,1.1,2.8,12.8,82.0,2.5,1.4,11.7,2.1,0,0
Rory Sparrow,1990,0.3,1.3,12.4,80.0,1.0,1.6,10.4,1.8,0,0
Kevin Willis,1990,0.1,2.0,15.3,80.0,3.0,1.9,13.1,5.6,0,0
Jerome Kersey,1990,2.3,3.8,15.6,73.0,4.5,2.0,14.8,4.3,0,0
Michael Adams,1990,4.3,0.4,22.3,66.0,8.0,3.6,26.5,3.0,0,0
Ron Anderson,1990,0.2,1.8,15.5,82.0,2.4,1.2,14.6,3.2,0,0
Blair Rasmussen,1990,-1.3,1.1,11.7,70.0,1.3,1.2,12.5,7.3,0,0
Vlade Divac,1990,2.5,4.8,17.7,82.0,3.4,1.8,11.2,5.6,0,0
Ken Norman,1990,1.5,2.6,16.4,70.0,3.9,2.0,17.4,4.6,0,0
Darrell Walker,1990,1.3,2.6,12.4,71.0,2.2,2.2,7.8,5.0,0,0
Muggsy Bogues,1990,1.8,1.7,15.4,81.0,1.3,1.5,7.0,2.0,0,0
Dan Majerle,1990,2.7,2.8,16.9,77.0,3.9,1.5,13.6,3.2,0,0
Buck Johnson,1990,0.7,3.0,12.9,73.0,3.0,1.7,13.6,3.0,0,0
Larry Bird,1990,3.8,3.6,19.7,60.0,3.1,3.1,19.4,7.6,0,0
Bill Cartwright,1990,-0.4,2.3,11.5,79.0,2.3,1.4,9.6,4.0,0,0
Rickey Green,1990,0.0,1.0,13.1,79.0,1.8,1.4,10.0,1.3,0,0
Benoit Benjamin,1990,0.5,3.7,15.1,70.0,4.2,3.4,14.0,8.1,0,0
Danny Schayes,1990,0.8,2.6,14.8,82.0,4.0,1.3,10.6,4.4,0,0
Greg Kite,1990,-0.8,2.0,7.4,82.0,1.5,1.2,4.8,4.9,0,0
Spud Webb,1990,1.7,1.4,16.6,75.0,3.5,1.9,13.4,1.8,0,0
Danny Manning,1990,2.2,3.0,16.9,73.0,4.2,2.6,15.9,3.5,0,0
Mike Gminski,1990,0.2,2.0,14.0,80.0,2.0,1.1,10.6,5.0,0,0
Terry Cummings,1990,1.2,3.2,16.3,67.0,3.6,2.0,17.6,4.9,0,0
Rony Seikaly,1990,0.1,3.1,15.2,64.0,6.5,3.2,16.4,7.8,0,0
Ricky Pierce,1990,2.4,1.2,21.0,78.0,6.0,1.9,20.5,1.6,0,0
A.C. Green,1990,1.1,2.9,13.8,82.0,3.7,1.2,9.1,3.8,0,0
Gerald Wilkins,1990,0.5,1.8,13.3,68.0,3.0,2.4,13.8,1.9,0,0
Maurice Cheeks,1990,1.7,2.4,14.2,76.0,1.7,1.4,7.8,2.0,0,0
Michael Cage,1990,0.9,2.7,12.0,82.0,1.4,1.0,6.4,4.6,0,0
Fred Roberts,1990,0.5,1.7,13.4,82.0,2.5,1.6,10.8,2.1,0,0
Gary Grant,1990,0.2,2.1,12.1,68.0,1.1,3.1,8.7,2.1,0,0
Rex Chapman,1990,0.8,1.0,15.1,70.0,4.0,1.9,15.7,2.1,0,0
Olden Polynice,1990,0.4,2.0,14.0,79.0,3.2,1.1,9.8,4.2,0,0
Eddie Johnson,1990,0.9,1.2,17.8,81.0,3.2,1.5,16.7,2.0,0,0
Rod Strickland,1990,2.3,3.1,16.2,58.0,3.6,2.7,13.8,2.8,0,0
Kevin McHale,1990,2.7,2.6,21.2,68.0,4.0,2.1,18.4,4.9,0,0
Sedale Threatt,1990,1.2,1.4,15.5,80.0,2.2,1.7,12.7,0.9,0,0
Hakeem Olajuwon,1990,4.3,5.7,24.3,56.0,4.9,3.1,21.2,9.8,1,3
Haywoode Workman,1990,0.2,1.9,11.5,73.0,1.8,1.8,8.0,2.6,0,0
Rod Higgins,1990,1.4,1.2,13.4,82.0,2.8,0.8,9.5,3.0,0,0
Mark Aguirre,1990,1.7,2.7,16.7,78.0,4.1,1.6,14.2,3.1,0,0
Kevin Edwards,1990,0.9,2.2,13.7,79.0,2.7,2.1,12.1,1.6,0,0
John Paxson,1990,1.1,1.5,14.0,82.0,0.5,0.8,8.7,0.9,0,0
Nick Anderson,1990,1.1,1.9,15.1,70.0,3.7,1.6,14.1,4.2,0,0
Mark West,1990,1.5,3.1,14.6,82.0,2.5,1.0,7.7,4.8,0,0
LaSalle Thompson,1990,-0.3,1.9,11.2,82.0,1.3,2.0,7.6,5.0,0,0
Pervis Ellison,1990,0.7,2.9,15.9,76.0,2.8,1.9,10.4,4.8,0,0
Clifford Robinson,1990,0.8,3.0,14.1,82.0,3.8,1.6,11.7,2.8,0,0
Jack Sikma,1990,0.8,2.6,13.7,77.0,2.6,1.7,10.4,4.3,0,0
Jon Koncak,1990,0.6,1.9,8.4,77.0,0.7,0.6,4.1,3.6,0,0
Vern Fleming,1990,1.8,0.6,17.2,69.0,3.2,2.0,12.7,1.9,0,0
Larry Smith,1990,0.5,3.6,10.3,81.0,0.6,1.1,3.3,5.0,0,0
Sam Bowie,1990,0.5,2.2,14.1,62.0,3.7,2.3,12.9,4.9,0,0
Moses Malone,1990,0.7,1.8,18.2,82.0,4.5,1.7,10.6,4.8,0,0
Frank Brickowski,1990,1.0,2.6,16.4,75.0,3.3,2.1,12.6,4.0,0,0
James Edwards,1990,-0.4,2.0,12.7,72.0,4.1,1.8,13.6,2.6,0,0
Randy White,1990,-1.5,2.3,10.8,79.0,2.8,1.7,8.8,4.2,0,0
Reggie Williams,1990,1.0,1.0,14.8,73.0,2.7,1.5,13.6,2.4,0,0
Otis Smith,1990,1.6,1.7,17.2,75.0,4.0,1.9,13.9,2.8,0,0
John Battle,1990,0.5,0.6,16.4,79.0,4.0,1.4,13.6,1.6,0,0
Sleepy Floyd,1990,1.5,2.3,16.1,82.0,3.0,1.7,12.3,1.3,0,0
Jerry Reynolds,1990,2.0,1.9,17.8,80.0,5.2,2.2,12.9,2.6,0,0
Darnell Valentine,1990,0.5,1.7,13.5,65.0,2.6,1.9,9.4,2.1,0,0
Herb Williams,1990,-0.1,1.6,13.1,60.0,2.2,1.9,12.5,4.5,0,0
Orlando Woolridge,1990,1.1,0.2,19.5,53.0,8.3,2.9,25.1,4.2,0,0
Alex English,1990,-0.8,0.8,12.2,79.0,1.8,1.3,9.7,1.8,0,0
B.J. Armstrong,1990,0.7,1.8,14.8,82.0,1.4,1.3,8.8,1.5,0,0
Danny Ainge,1990,2.5,2.1,17.0,80.0,1.7,1.3,11.1,2.0,0,0
Micheal Williams,1990,2.3,1.6,19.5,73.0,4.5,2.1,11.1,1.7,0,0
Winston Garland,1990,0.5,2.0,12.1,69.0,2.3,1.7,8.2,2.2,0,0
Rik Smits,1990,-0.1,1.1,14.9,76.0,2.5,1.1,10.9,3.2,0,0
Jeff Turner,1990,-0.9,1.1,9.7,71.0,1.6,1.8,8.6,3.6,0,0
Paul Pressey,1990,0.8,2.2,11.4,70.0,1.9,1.9,7.5,1.8,0,0
Isiah Thomas,1990,2.0,2.3,17.4,48.0,4.8,3.9,16.2,2.6,0,0
John Salley,1990,1.3,2.9,13.6,74.0,3.5,1.2,7.4,2.6,0,0
Ledell Eackles,1990,-0.6,0.9,12.9,67.0,3.3,1.7,13.0,1.2,0,0
Blue Edwards,1990,-0.1,2.0,10.4,62.0,1.9,1.7,9.3,2.4,0,0
Mark Jackson,1990,1.8,1.5,18.2,72.0,2.2,1.9,8.8,1.9,0,0
Joe Wolf,1990,-0.9,0.5,10.1,74.0,1.1,1.3,7.3,3.6,0,0
Chris Dudley,1990,-0.2,2.4,12.6,61.0,2.9,1.3,7.1,4.6,0,0
Alton Lister,1990,-0.3,1.7,10.7,77.0,2.6,1.4,6.4,4.7,0,0
Kenny Gattison,1990,-0.1,1.5,14.4,72.0,3.4,1.4,9.0,3.4,0,0
Manute Bol,1990,0.4,2.6,8.4,82.0,0.5,0.8,1.9,3.5,0,0
Dell Curry,1990,1.5,1.2,17.0,76.0,1.5,1.1,10.6,2.0,0,0
Randy Breuer,1990,-0.2,1.3,11.4,73.0,1.1,0.9,5.9,3.2,0,0
Charles Jones,1990,0.6,2.3,9.4,62.0,0.8,0.7,2.6,3.9,0,0
Terry Teagle,1990,-0.7,1.3,12.8,82.0,2.2,1.0,9.9,1.2,0,0
Chucky Brown,1990,-0.5,0.9,12.0,74.0,1.9,1.3,8.5,1.8,0,0
Walter Davis,1990,0.1,0.6,15.5,71.0,1.6,1.2,13.0,1.5,0,0
Billy Thompson,1990,0.0,1.4,11.3,73.0,1.7,1.6,6.8,2.6,0,0
Terry Catledge,1990,-0.2,0.9,14.5,51.0,5.1,2.1,14.6,3.7,0,0
Bill Wennington,1990,-0.3,1.8,11.0,77.0,1.2,0.7,5.7,3.1,0,0
Nate McMillan,1990,1.6,2.0,13.9,78.0,1.2,1.6,4.3,2.3,0,0
Brad Davis,1990,-0.3,0.8,10.3,80.0,1.5,1.0,5.4,1.3,0,0
Dale Ellis,1990,0.8,1.0,17.0,51.0,3.3,1.6,16.8,2.1,0,0
Jeff Grayer,1990,-0.1,1.2,11.8,82.0,1.8,1.0,6.4,1.6,0,0
David Wood,1990,0.1,1.9,9.6,82.0,1.6,1.1,5.3,1.7,0,0
Andre Turner,1990,0.1,1.2,12.8,70.0,1.2,1.4,5.9,1.7,0,0
Jim Les,1990,0.7,0.9,13.7,55.0,1.9,1.4,7.2,1.7,0,0
Mike Brown,1990,-0.4,1.9,9.6,82.0,2.2,1.0,4.8,2.8,0,0
Jerome Lane,1990,-0.7,0.5,12.8,62.0,2.3,1.7,7.5,4.8,0,0
Ron Harper,1990,1.0,1.6,14.5,39.0,5.6,3.3,19.6,3.3,0,0
Tom Tolbert,1990,-0.5,1.0,10.1,62.0,2.8,1.3,8.1,3.0,0,0
Mike Sanders,1990,-1.0,0.5,8.4,80.0,0.7,0.8,5.8,1.4,0,0
Jeff Martin,1990,-0.1,1.1,10.0,74.0,1.4,0.7,7.1,1.1,0,0
Mark Acres,1990,-0.3,1.1,9.2,68.0,1.5,0.6,4.2,3.2,0,0
Hot Rod Williams,1990,0.6,1.4,14.9,43.0,3.8,1.5,11.7,4.2,0,0
Kelly Tripucka,1990,0.3,0.7,13.5,77.0,2.2,1.2,7.0,1.7,0,0
Brad Lohaus,1990,0.4,1.7,11.9,81.0,0.7,0.7,5.3,2.0,0,0
John Morton,1990,0.2,1.0,12.2,66.0,2.1,1.6,5.4,0.9,0,0
Stacey King,1990,-0.5,1.4,10.2,76.0,2.0,1.2,5.5,1.8,0,0
Trent Tucker,1990,0.4,1.0,11.7,65.0,0.4,0.7,7.1,1.1,0,0
Jack Haley,1990,-0.8,1.3,11.8,78.0,2.3,0.8,5.6,2.8,0,0
John Starks,1990,0.9,1.3,14.3,61.0,1.7,1.2,7.6,1.7,0,0
Duane Ferrell,1990,-0.1,0.6,12.4,78.0,2.0,1.0,6.1,1.1,0,0
Ed Pinckney,1990,1.2,1.8,16.6,70.0,1.7,0.6,5.2,2.7,0,0
Andrew Lang,1990,0.9,1.8,13.6,63.0,2.1,0.7,4.9,3.0,0,0
Eric Leckner,1990,-1.3,1.0,7.5,72.0,1.5,1.0,4.5,3.0,0,0
Wayman Tisdale,1990,0.6,1.1,17.6,33.0,5.2,2.5,20.0,5.4,0,0
Sidney Green,1990,-0.4,1.9,11.6,66.0,1.6,1.3,6.7,3.3,0,0
Sidney Moncrief,1990,0.4,0.8,11.2,72.0,1.5,0.9,4.7,1.3,0,0
Mychal Thompson,1990,-0.1,1.4,9.6,72.0,1.2,0.7,4.0,2.1,0,0
George McCloud,1990,-0.6,0.4,7.9,74.0,0.7,1.2,4.6,1.1,0,0
Tod Murphy,1990,-0.2,0.7,10.6,52.0,2.0,0.6,4.8,3.1,0,0
Greg Dreiling,1990,-0.4,0.8,8.7,73.0,1.4,0.8,3.5,2.6,0,0
Tom Hammonds,1990,-0.7,0.8,9.6,70.0,1.1,0.8,5.2,2.1,0,0
Dave Greenwood,1990,-0.1,1.6,7.8,63.0,1.5,1.1,3.8,2.5,0,0
Dražen Petrović,1990,0.3,0.8,16.6,61.0,2.2,1.3,10.2,1.0,0,0
Cliff Levingston,1990,-0.2,1.4,11.5,78.0,1.2,0.6,4.0,1.6,0,0
Brian Quinnett,1990,-0.3,0.8,9.0,68.0,0.5,0.8,4.7,1.2,0,0
Lester Conner,1990,0.8,1.4,13.3,74.0,1.3,0.8,3.5,1.2,0,0
Darrell Griffith,1990,-0.6,1.2,8.6,75.0,0.6,0.6,5.7,1.0,0,0
Terry Davis,1990,0.0,1.0,11.7,55.0,2.3,0.7,5.5,2.9,0,0
Šarūnas Marčiulionis,1990,0.5,0.7,16.3,50.0,4.9,1.5,10.9,1.3,0,0
Scott Brooks,1990,1.0,0.5,16.9,80.0,0.9,0.6,5.3,0.6,0,0
Sam Vincent,1990,0.0,0.6,13.1,49.0,2.4,1.9,8.3,1.8,0,0
Will Perdue,1990,-0.1,1.7,13.7,74.0,1.5,1.0,4.1,2.9,0,0
Avery Johnson,1990,0.4,0.9,13.4,68.0,1.3,1.1,4.7,0.8,0,0
Tom Garrick,1990,0.5,1.2,13.3,67.0,1.2,1.0,3.9,1.3,0,0
Kenny Battle,1990,0.3,0.6,12.4,56.0,1.7,0.9,6.1,1.7,0,0
John Williams,1990,0.4,1.1,14.1,33.0,2.9,2.1,12.5,4.1,0,0
Greg Anderson,1990,-1.0,0.9,9.1,68.0,1.7,1.2,4.3,3.3,0,0
Steve Kerr,1990,0.0,0.4,10.9,57.0,0.9,0.7,4.8,0.6,0,0
Kurt Rambis,1990,0.4,1.3,11.4,62.0,1.4,0.7,3.6,3.0,0,0
Danny Young,1990,0.6,1.2,11.7,75.0,0.6,0.7,3.8,0.7,0,0
Michael Ansley,1990,0.4,0.7,16.9,67.0,1.9,0.5,5.7,2.0,0,0
Delaney Rudd,1990,-0.1,0.9,11.8,82.0,0.9,1.2,4.0,0.6,0,0
Todd Lichti,1990,-0.1,0.1,13.6,29.0,2.4,1.1,14.0,2.2,0,0
Joe Kleine,1990,-0.5,1.0,9.9,72.0,1.0,0.7,3.6,2.4,0,0
Craig Hodges,1990,0.1,0.8,12.4,73.0,0.4,0.5,5.0,0.4,0,0
Jim Petersen,1990,-0.4,0.6,9.8,62.0,1.2,0.8,4.5,2.1,0,0
Doug West,1990,0.0,0.6,12.6,75.0,1.1,0.5,3.9,1.1,0,0
Bob Hansen,1990,-0.3,0.4,8.1,36.0,1.0,0.9,6.4,1.8,0,0
Mark Bryant,1990,-0.1,1.1,11.2,53.0,1.9,0.6,5.1,2.4,0,0
Kenny Walker,1990,-0.3,0.8,10.3,54.0,1.5,0.6,4.3,1.7,0,0
Dana Barros,1990,0.8,0.4,18.8,66.0,1.3,0.8,6.3,0.8,0,0
Wayne Cooper,1990,-0.1,1.2,8.3,67.0,0.6,0.3,2.2,2.0,0,0
Derrick Gervin,1990,-0.1,0.6,13.3,56.0,2.0,0.8,7.6,1.3,0,0
Dennis Hopson,1990,-0.4,0.8,10.0,61.0,1.4,1.0,4.3,1.0,0,0
Tim McCormick,1990,-0.2,0.5,11.9,56.0,1.6,0.8,4.5,1.9,0,0
Eddie Lee Wilkins,1990,-0.8,0.8,10.5,68.0,1.3,0.7,4.1,1.6,0,0
Tim Perry,1990,0.4,0.9,13.8,46.0,1.5,0.7,4.2,1.6,0,0
Mark Alarie,1990,-0.3,0.6,11.3,42.0,1.1,1.0,5.8,1.8,0,0
Ed Nealy,1990,0.4,0.8,11.3,55.0,0.7,0.3,2.2,1.9,0,0
Mark Price,1990,1.1,0.6,21.7,16.0,3.9,3.5,16.9,2.3,0,0
David Wingate,1990,-0.3,0.7,5.6,25.0,1.6,1.7,5.4,2.0,0,0
William Bedford,1990,0.2,0.8,15.5,60.0,1.3,0.5,4.5,1.3,0,0
Kelvin Upshaw,1990,0.3,0.4,17.2,48.0,1.3,0.8,5.6,0.7,0,0
John Shasky,1990,-0.3,0.5,11.1,57.0,1.4,0.5,2.6,1.3,0,0
Larry Drew,1990,0.0,0.5,10.3,48.0,0.5,1.0,2.9,0.6,0,0
Anthony Frederick,1990,-0.1,0.5,11.2,35.0,1.7,1.1,5.1,1.4,0,0
Randolph Keys,1990,-0.5,0.5,7.3,44.0,0.8,0.8,3.2,1.4,0,0
Jim Farmer,1990,-0.2,-0.1,12.2,27.0,2.4,1.4,9.4,1.4,0,0
Kenny Payne,1990,-0.6,0.3,7.5,47.0,0.6,0.4,3.5,1.0,0,0
Gerald Henderson,1990,0.0,0.5,10.1,23.0,0.9,1.2,5.3,1.3,0,0
Michael Smith,1990,-0.2,0.2,14.3,47.0,0.6,0.8,4.6,0.7,0,0
Dave Feitl,1990,-0.5,0.5,8.2,52.0,0.8,0.5,2.6,1.4,0,0
Randy Wittman,1990,-0.1,0.1,7.4,41.0,0.1,0.2,1.8,0.7,0,0
Morlon Wiley,1990,0.0,0.3,10.5,34.0,0.7,1.0,3.3,0.4,0,0
Ralph Sampson,1990,-0.4,0.5,7.2,25.0,0.8,1.1,3.0,2.8,0,0
Adrian Caldwell,1990,-0.1,0.7,8.6,42.0,0.4,0.7,1.8,1.4,0,0
Ken Bannister,1990,-0.4,0.4,7.8,47.0,1.4,0.5,2.4,1.3,0,0
Winston Bennett,1990,-0.3,0.2,9.2,27.0,1.7,0.7,4.3,1.3,0,0
Byron Irvin,1990,0.2,0.3,17.5,33.0,1.8,0.5,5.2,0.6,0,0
Quintin Dailey,1990,0.0,0.1,14.5,30.0,2.1,0.6,6.1,0.7,0,0
Tony Brown,1990,-0.3,0.2,5.9,30.0,0.8,0.5,2.8,0.6,0,0
Paul Mokeski,1990,-0.2,0.2,6.6,36.0,0.4,0.2,1.6,1.3,0,0
John Long,1990,0.1,0.3,11.9,25.0,1.0,0.6,3.8,0.9,0,0
Steve Colter,1990,0.0,0.2,9.5,19.0,0.5,0.6,3.1,1.1,0,0
Steve Alford,1990,0.2,0.1,20.5,34.0,0.9,0.5,4.4,0.4,0,0
Steve Johnson,1990,-0.1,0.2,9.6,24.0,1.5,1.0,3.8,1.6,0,0
Corey Gaines,1990,0.0,0.0,15.2,10.0,2.6,2.3,8.3,1.0,0,0
Jon Sundvold,1990,0.0,0.1,11.6,24.0,0.5,0.7,4.7,0.3,0,0
Leon Wood,1990,0.1,0.1,15.4,12.0,1.8,1.0,6.8,1.2,0,0
T.R. Dunn,1990,0.0,0.0,10.7,17.0,0.6,0.4,3.1,1.3,0,0
Tree Rollins,1990,-0.1,0.4,5.9,37.0,0.4,0.4,1.0,0.8,0,0
Roy Tarpley,1990,0.2,0.3,23.6,5.0,3.6,2.6,20.4,7.8,0,0
Mike Woodson,1990,-0.2,0.2,5.9,15.0,0.9,0.8,4.3,0.7,0,0
Earl Cureton,1990,-0.3,0.1,2.4,9.0,0.3,0.7,1.9,3.3,0,0
Frank Kornet,1990,-0.2,0.1,6.2,32.0,0.4,0.3,1.8,0.4,0,0
Dave Hoppen,1990,-0.2,0.1,11.7,30.0,0.7,0.4,2.1,0.7,0,0
Byron Dinkins,1990,-0.2,0.1,4.6,12.0,0.8,1.1,3.0,1.0,0,0
Tim Legler,1990,-0.2,-0.1,6.4,10.0,0.6,0.4,5.8,1.0,0,0
Dave Corzine,1990,0.0,0.2,12.5,28.0,0.8,0.1,1.7,0.8,0,0
Adrian Dantley,1990,-0.1,0.1,12.1,10.0,2.6,0.6,5.7,0.5,0,0
Craig Neal,1990,-0.2,0.0,8.2,10.0,2.2,1.9,4.4,1.4,0,0
Johnny Dawkins,1990,0.2,0.1,22.8,4.0,2.8,2.0,15.8,4.0,0,0
Milt Wagner,1990,0.0,0.1,11.2,13.0,0.8,0.9,4.8,0.5,0,0
Scott Hastings,1990,0.1,0.1,15.8,27.0,0.5,0.3,1.8,0.5,0,0
Derrick Chievous,1990,-0.2,0.1,6.5,18.0,0.9,0.3,2.4,0.4,0,0
Bob Thornton,1990,-0.3,0.0,-0.5,12.0,0.8,0.8,1.3,1.2,0,0
Greg Grant,1990,0.0,0.2,9.2,22.0,0.3,0.5,1.2,0.4,0,0
Pete Myers,1990,-0.1,0.2,7.1,8.0,1.4,1.8,3.6,2.0,0,0
Clifford Lett,1990,-0.1,0.1,6.9,7.0,1.3,1.1,4.9,0.9,0,0
Joe Barry Carroll,1990,-0.1,0.2,8.6,11.0,1.1,1.1,3.4,1.9,0,0
Mike Smrek,1990,-0.1,0.1,5.4,15.0,0.8,0.2,1.6,1.3,0,0
Roy Hinson,1990,-0.1,0.1,11.1,9.0,0.3,0.7,4.6,1.4,0,0
Fat Lever,1990,0.0,0.1,13.5,4.0,3.5,2.5,7.3,3.0,0,0
Vincent Askew,1990,0.0,0.0,10.9,7.0,1.6,0.9,4.7,0.6,0,0
Dave Popson,1990,-0.1,0.1,11.6,19.0,0.5,0.3,1.8,0.4,0,0
Mike Higgins,1990,-0.1,0.0,4.1,7.0,1.0,0.6,2.3,0.1,0,0
Scott Meents,1990,0.0,0.1,9.4,13.0,0.3,0.5,1.3,0.5,0,0
Scott Haffner,1990,0.0,0.0,9.9,7.0,0.3,0.6,2.4,0.3,0,0
Clinton Smith,1990,0.0,0.0,7.2,5.0,1.2,0.2,1.4,0.4,0,0
Jeff Sanders,1990,-0.1,0.0,8.6,3.0,0.7,0.3,4.3,2.0,0,0
Greg Butler,1990,-0.1,0.0,3.2,9.0,0.7,0.4,1.6,0.9,0,0
Stuart Gray,1990,-0.1,0.0,5.1,8.0,0.4,0.3,1.4,1.0,0,0
Robert Reid,1990,-0.1,0.1,0.3,3.0,0.0,1.0,1.3,2.3,0,0
Pat Cummings,1990,0.0,0.0,14.2,4.0,2.5,0.5,3.8,0.5,0,0
Bart Kofoed,1990,0.0,0.0,0.7,5.0,1.2,0.4,0.6,0.2,0,0
Anthony Mason,1990,0.0,0.0,15.7,3.0,2.7,0.0,3.3,0.7,0,0
Jawann Oldham,1990,0.0,0.0,8.1,4.0,0.0,0.0,1.5,0.8,0,0
Derek Smith,1990,0.0,0.0,13.7,2.0,2.0,0.5,2.5,0.0,0,0
Jim Thomas,1990,0.0,0.0,0.7,3.0,0.0,0.3,0.7,0.0,0,0
Mark McNamara,1990,0.0,0.0,1.0,2.0,0.0,0.0,0.0,2.0,0,0
Gary Leonard,1990,0.0,0.0,8.7,4.0,1.0,0.0,0.5,0.5,0,0
Everette Stephens,1990,0.0,0.0,44.3,3.0,0.7,0.0,2.0,0.0,0,0
Chris Mullin,1991,4.8,2.7,19.9,81.0,5.2,2.5,25.6,4.0,1,1
Tim Hardaway,1991,4.1,2.0,19.1,81.0,4.8,3.3,23.4,2.8,1,2
Dennis Rodman,1991,4.0,7.0,17.0,82.0,1.7,1.7,9.8,12.3,1,3
Joe Dumars,1991,2.2,2.5,15.4,82.0,5.8,2.4,19.9,1.3,0,0
Scottie Pippen,1991,6.4,5.5,21.5,82.0,5.3,3.1,21.0,5.4,1,2
Patrick Ewing,1991,5.5,6.9,22.8,82.0,6.2,2.5,24.0,8.5,1,2
Ron Harper,1991,2.8,4.4,15.4,82.0,4.9,3.1,18.2,4.0,0,0
Sean Elliott,1991,1.9,3.4,14.4,82.0,4.0,1.9,16.3,3.6,0,0
Reggie Miller,1991,3.6,1.7,17.6,82.0,6.3,1.9,20.7,2.9,0,0
Michael Jordan,1991,9.2,5.6,27.7,80.0,7.4,2.5,30.1,5.3,1,1
Mitch Richmond,1991,1.5,1.5,16.3,80.0,5.1,3.1,22.5,3.2,0,0
Jeff Hornacek,1991,4.9,3.8,18.9,81.0,3.9,2.1,20.1,3.7,0,0
Reggie Lewis,1991,3.3,3.5,17.9,82.0,4.2,1.7,20.8,3.4,0,0
Sedale Threatt,1991,2.5,2.6,16.6,82.0,3.0,2.2,15.1,2.6,0,0
Grant Long,1991,2.3,2.8,15.8,82.0,4.9,2.3,14.8,5.3,0,0
Otis Thorpe,1991,1.8,3.2,17.2,82.0,5.6,2.9,17.3,7.0,0,0
Karl Malone,1991,5.9,5.2,25.4,81.0,10.7,3.1,28.0,8.4,1,1
Dražen Petrović,1991,1.8,1.6,15.8,82.0,3.5,2.6,20.6,2.0,0,0
Hersey Hawkins,1991,2.9,2.4,17.0,81.0,5.7,2.3,19.0,2.7,0,0
Glen Rice,1991,2.9,1.7,17.5,79.0,4.0,1.8,22.3,3.9,0,0
John Stockton,1991,8.1,4.6,22.8,82.0,4.5,3.5,15.8,2.5,1,2
Kevin Willis,1991,1.7,4.1,19.7,81.0,4.5,2.4,18.3,10.4,1,3
Chuck Person,1991,1.2,1.6,14.5,81.0,2.4,2.7,18.5,3.9,0,0
Pooh Richardson,1991,2.4,1.0,17.4,82.0,2.2,2.5,16.5,2.6,0,0
Jeff Malone,1991,0.3,2.1,15.1,81.0,3.5,1.7,20.2,2.3,0,0
Isiah Thomas,1991,2.3,3.4,16.0,78.0,4.8,3.2,18.5,2.3,0,0
Kendall Gill,1991,1.7,2.0,16.5,79.0,4.8,2.3,20.5,3.0,0,0
Danny Manning,1991,4.6,4.5,19.7,82.0,4.7,2.6,19.3,4.1,0,0
A.C. Green,1991,2.0,2.9,16.7,82.0,5.6,1.4,13.6,5.6,0,0
Kevin Johnson,1991,4.0,2.9,19.9,78.0,7.1,3.5,19.7,3.0,1,3
Lionel Simmons,1991,2.2,3.5,16.5,78.0,4.7,2.8,17.1,6.2,0,0
Charles Barkley,1991,6.1,3.7,24.5,75.0,8.7,3.1,23.1,7.5,1,2
Larry Nance,1991,5.2,4.0,21.4,81.0,4.0,1.1,17.0,5.6,0,0
Horace Grant,1991,5.2,5.0,20.6,81.0,3.9,1.2,14.2,5.7,0,0
Dan Majerle,1991,4.0,3.6,17.8,82.0,3.7,1.2,17.3,4.1,0,0
Johnny Dawkins,1991,0.2,1.2,13.3,82.0,2.3,2.2,12.0,2.3,0,0
Rony Seikaly,1991,0.5,2.9,16.6,79.0,6.4,2.7,16.4,7.9,0,0
Michael Adams,1991,2.6,2.6,17.1,78.0,4.6,2.7,18.1,3.2,0,0
Greg Anderson,1991,-1.0,3.6,12.6,82.0,3.3,2.5,11.5,7.4,0,0
Muggsy Bogues,1991,1.6,1.8,14.0,82.0,1.5,1.9,8.9,2.2,0,0
Terry Porter,1991,4.0,3.5,18.1,82.0,4.5,2.3,18.1,2.5,0,0
Armen Gilliam,1991,1.5,2.3,18.0,81.0,5.2,2.0,16.9,5.3,0,0
Clyde Drexler,1991,7.4,4.5,23.6,76.0,6.6,3.2,25.0,4.4,1,1
Micheal Williams,1991,3.9,3.2,18.4,79.0,5.4,3.0,15.0,2.6,0,0
Kenny Smith,1991,1.2,1.7,15.0,81.0,3.1,2.8,14.0,1.8,0,0
Spud Webb,1991,0.8,1.6,15.1,77.0,4.0,3.0,16.0,2.5,0,0
Vernon Maxwell,1991,1.2,2.1,14.1,80.0,3.3,2.2,17.2,2.6,0,0
Byron Scott,1991,2.0,2.1,15.5,82.0,3.5,1.5,14.9,2.9,0,0
Ricky Pierce,1991,2.3,1.4,18.2,78.0,5.8,2.4,21.7,1.8,0,0
Brad Daugherty,1991,4.5,3.5,23.0,73.0,7.3,2.5,21.5,7.8,1,3
Hakeem Olajuwon,1991,4.6,5.6,23.7,70.0,6.1,2.7,21.6,8.6,0,0
Reggie Williams,1991,3.4,2.9,18.1,81.0,3.3,2.1,18.2,3.2,0,0
Detlef Schrempf,1991,3.3,2.8,19.5,80.0,5.5,2.4,17.3,7.1,0,0
David Robinson,1991,7.4,6.9,27.5,68.0,8.3,2.7,23.2,8.4,1,1
Jerome Kersey,1991,2.4,4.4,14.7,77.0,3.4,2.0,12.6,5.1,0,0
Gary Payton,1991,1.5,2.3,13.1,81.0,1.8,2.1,9.4,2.1,0,0
Mookie Blaylock,1991,1.9,2.6,15.2,72.0,2.5,2.1,13.8,2.3,0,0
Doug West,1991,0.7,0.3,14.6,80.0,2.9,1.5,14.0,1.9,0,0
Rolando Blackman,1991,1.1,0.7,15.6,75.0,3.5,2.0,18.3,2.1,0,0
Wayman Tisdale,1991,-0.5,1.8,13.9,72.0,2.8,1.7,16.6,4.6,0,0
Buck Williams,1991,2.0,3.8,15.0,80.0,3.7,1.6,11.3,5.6,0,0
Moses Malone,1991,1.3,2.2,19.2,82.0,6.1,1.8,15.6,5.2,0,0
Pervis Ellison,1991,3.0,3.7,19.9,66.0,4.7,3.0,20.0,7.9,0,0
Kevin Gamble,1991,1.7,2.2,15.2,82.0,1.9,1.2,13.5,2.5,0,0
Tim Perry,1991,1.1,3.0,13.8,80.0,2.7,1.8,12.3,4.3,0,0
Alvin Robertson,1991,2.2,2.7,15.0,82.0,2.4,2.7,12.3,2.1,0,0
Michael Cage,1991,2.0,3.2,15.0,82.0,2.1,1.0,8.8,5.6,0,0
Mark Jackson,1991,3.5,3.5,17.8,81.0,2.7,2.6,11.3,2.6,0,0
Tony Campbell,1991,0.5,0.6,15.3,78.0,3.8,2.1,16.8,1.9,0,0
Ron Anderson,1991,0.4,1.3,14.1,82.0,2.0,1.3,13.7,2.2,0,0
Hot Rod Williams,1991,3.4,3.2,18.6,80.0,4.5,1.0,11.9,4.7,0,0
Terry Catledge,1991,0.6,1.4,15.2,78.0,4.4,1.8,14.8,3.7,0,0
Chris Morris,1991,1.7,2.9,14.4,77.0,3.0,2.2,11.4,3.8,0,0
Harvey Grant,1991,1.0,2.0,15.3,64.0,3.4,1.7,18.0,4.3,0,0
Scott Skiles,1991,0.7,1.0,14.4,75.0,3.7,3.1,14.1,2.2,0,0
Eddie Johnson,1991,0.8,1.1,16.1,81.0,4.2,1.6,17.1,2.1,0,0
Xavier McDaniel,1991,0.4,3.2,13.9,82.0,2.3,1.8,13.7,3.5,0,0
Gerald Wilkins,1991,0.6,2.7,12.0,82.0,1.9,1.4,12.4,1.6,0,0
Sam Perkins,1991,2.0,2.4,17.6,63.0,5.9,1.3,16.5,5.8,0,0
Charles Oakley,1991,0.9,3.9,11.3,82.0,1.4,1.5,6.2,5.4,0,0
Duane Causwell,1991,0.0,2.6,12.4,80.0,2.8,1.6,8.0,4.8,0,0
Anthony Bonner,1991,-0.8,1.9,10.9,79.0,3.1,1.7,9.4,3.7,0,0
Robert Parish,1991,2.0,3.6,18.9,79.0,2.9,1.7,14.1,6.2,0,0
Blue Edwards,1991,1.1,2.7,13.7,81.0,1.8,1.5,12.6,2.6,0,0
Jay Humphries,1991,1.7,1.4,16.5,71.0,3.5,2.1,14.0,2.0,0,0
Derek Harper,1991,1.8,1.2,16.7,65.0,4.0,2.4,17.7,1.9,0,0
Bill Laimbeer,1991,1.1,3.3,12.6,81.0,0.9,1.3,9.7,4.3,0,0
Kenny Gattison,1991,0.4,1.9,15.3,82.0,3.5,1.7,12.7,4.9,0,0
Kevin Duckworth,1991,-0.9,3.0,10.5,82.0,2.8,1.7,10.7,4.2,0,0
Rumeal Robinson,1991,1.0,1.7,14.9,81.0,3.4,2.5,13.0,1.9,0,0
Winston Garland,1991,0.4,1.6,13.3,78.0,2.6,2.2,10.8,1.6,0,0
Derrick Coleman,1991,2.3,2.6,19.5,65.0,6.0,3.8,19.8,6.4,0,0
Tyrone Corbin,1991,1.2,2.7,13.6,80.0,2.5,1.2,9.8,3.9,0,0
Nick Anderson,1991,1.8,2.0,16.4,60.0,5.1,2.1,19.9,4.8,0,0
Buck Johnson,1991,-0.4,2.0,10.0,80.0,1.8,1.3,8.6,2.7,0,0
Anthony Mason,1991,0.7,3.2,11.3,82.0,3.2,1.2,7.0,4.4,0,0
Dale Ellis,1991,1.4,0.7,15.9,81.0,2.6,1.5,15.7,2.0,0,0
Sam Bowie,1991,1.0,2.4,16.4,71.0,3.9,2.1,15.0,5.3,0,0
Sam Mitchell,1991,-1.0,1.2,12.0,82.0,3.2,1.2,10.1,3.8,0,0
Terry Cummings,1991,1.1,3.2,18.5,70.0,3.6,1.6,17.3,5.5,0,0
Terry Davis,1991,-0.8,1.8,12.4,68.0,4.2,1.7,10.2,6.5,0,0
Mark Price,1991,4.2,1.6,22.7,72.0,4.0,2.2,17.3,1.9,1,3
David Wingate,1991,0.6,2.2,11.5,81.0,1.8,1.5,7.9,2.3,0,0
Clifford Robinson,1991,1.0,3.6,14.2,82.0,4.0,1.9,12.4,3.4,0,0
John Starks,1991,2.4,3.1,16.4,82.0,3.7,1.8,13.9,1.8,0,0
Šarūnas Marčiulionis,1991,1.7,1.4,18.8,72.0,6.6,2.7,18.9,1.9,0,0
Orlando Woolridge,1991,0.8,2.1,14.9,82.0,4.3,1.6,14.0,1.8,0,0
James Worthy,1991,1.6,1.6,16.7,54.0,3.8,2.4,19.9,3.8,0,0
Rodney McCray,1991,0.5,1.5,12.6,75.0,2.0,1.5,9.0,4.3,0,0
Thurl Bailey,1991,-0.2,1.8,14.5,84.0,3.2,1.3,11.3,4.3,0,0
Rod Strickland,1991,2.3,2.9,16.9,57.0,4.6,2.8,13.8,3.0,0,0
Gary Grant,1991,1.1,2.9,13.4,78.0,0.7,2.4,7.8,1.9,0,0
Herb Williams,1991,-0.4,1.9,12.6,75.0,2.3,1.5,11.5,4.6,0,0
Mark Eaton,1991,0.7,3.5,9.1,81.0,1.1,0.7,3.3,4.2,0,0
Dell Curry,1991,1.2,1.3,16.4,77.0,2.0,1.7,15.7,2.6,0,0
Craig Ehlo,1991,1.2,1.9,13.8,63.0,2.0,1.7,12.3,3.4,0,0
Ken Norman,1991,1.0,2.8,15.3,77.0,2.9,1.3,12.1,3.8,0,0
Bimbo Coles,1991,0.5,0.9,14.3,81.0,3.2,2.1,10.1,1.5,0,0
Blair Rasmussen,1991,-0.5,1.6,11.6,81.0,0.5,0.6,9.0,3.7,0,0
Andrew Lang,1991,1.1,3.5,13.8,81.0,2.0,1.1,7.7,4.6,0,0
Tom Chambers,1991,0.5,2.5,15.9,69.0,4.5,1.5,16.3,4.6,0,0
John Paxson,1991,0.6,1.7,10.9,79.0,0.5,0.6,7.0,0.9,0,0
Benoit Benjamin,1991,0.0,2.5,14.1,63.0,4.0,2.8,14.0,6.1,0,0
Ed Pinckney,1991,1.8,2.7,16.5,81.0,3.1,0.9,7.6,3.9,0,0
Chris Dudley,1991,-0.2,2.8,13.2,82.0,2.1,1.0,5.6,4.8,0,0
Willie Anderson,1991,1.4,2.6,13.8,57.0,2.4,2.5,13.1,4.2,0,0
Tyrone Hill,1991,-0.1,2.3,12.8,82.0,2.9,1.3,8.2,5.0,0,0
Elden Campbell,1991,0.4,2.4,13.3,81.0,2.8,0.9,7.1,3.3,0,0
B.J. Armstrong,1991,0.7,1.8,14.1,82.0,1.6,1.1,9.9,1.5,0,0
Antoine Carr,1991,0.0,2.5,13.5,81.0,2.6,1.4,10.9,2.7,0,0
Larry Krystkowiak,1991,-0.9,1.4,11.4,79.0,2.1,1.5,9.0,3.8,0,0
Kevin Edwards,1991,0.5,1.4,13.8,81.0,2.4,1.5,10.1,1.9,0,0
Olden Polynice,1991,0.1,2.6,13.1,76.0,2.6,1.1,8.1,4.5,0,0
Gerald Glass,1991,-0.1,0.7,13.2,75.0,1.7,1.4,11.5,2.0,0,0
Shawn Kemp,1991,1.8,3.0,21.6,64.0,5.6,2.4,15.5,6.3,0,0
Mike Brown,1991,-0.1,2.3,12.3,82.0,3.5,1.3,7.7,3.5,0,0
John Salley,1991,1.6,2.7,14.7,72.0,3.6,1.4,9.5,2.6,0,0
Rik Smits,1991,0.5,1.7,16.8,74.0,2.6,1.8,13.8,4.0,0,0
Derrick McKey,1991,1.3,1.5,14.7,52.0,4.3,2.2,14.9,3.3,0,0
Fred Roberts,1991,0.2,0.9,12.9,80.0,2.1,1.5,9.6,1.9,0,0
John Bagley,1991,0.4,1.4,12.7,73.0,1.3,2.0,7.2,1.7,0,0
Vern Fleming,1991,0.1,0.9,12.7,82.0,2.2,1.7,8.9,1.7,0,0
Anthony Bowie,1991,1.2,1.1,14.7,52.0,2.6,2.1,14.6,3.4,0,0
Terry Mills,1991,0.2,1.7,14.7,82.0,1.9,1.0,9.0,3.2,0,0
Loy Vaught,1991,0.2,2.6,13.7,79.0,0.9,0.8,7.6,4.5,0,0
Mario Elie,1991,1.3,1.1,13.7,79.0,2.3,1.1,7.8,2.0,0,0
A.J. English,1991,-0.8,0.7,12.5,81.0,2.2,1.1,10.9,1.2,0,0
Sleepy Floyd,1991,-0.3,1.2,12.1,82.0,2.1,1.6,9.1,1.4,0,0
Larry Bird,1991,3.1,2.5,21.0,45.0,3.6,2.8,20.2,8.6,0,0
Jeff Grayer,1991,0.0,0.8,13.3,82.0,1.9,1.3,9.0,1.6,0,0
Doc Rivers,1991,1.1,2.4,13.8,59.0,3.3,1.6,10.9,2.1,0,0
Nate McMillan,1991,2.0,2.2,14.5,72.0,1.2,1.6,6.0,2.2,0,0
Johnny Newman,1991,0.0,0.8,13.6,55.0,5.6,2.3,15.3,2.0,0,0
John Battle,1991,-0.8,0.7,12.6,76.0,2.3,1.2,10.3,1.2,0,0
Terry Teagle,1991,-0.2,1.0,14.5,82.0,2.4,1.4,10.7,1.1,0,0
Dominique Wilkins,1991,2.7,1.3,22.2,42.0,8.4,2.9,28.1,4.6,0,0
Duane Ferrell,1991,0.5,0.9,15.6,66.0,3.3,1.5,12.7,1.6,0,0
Danny Ainge,1991,1.6,2.0,15.4,81.0,1.6,0.9,9.7,1.3,0,0
Jeff Turner,1991,-1.6,0.8,7.2,75.0,1.5,1.4,7.1,2.5,0,0
Willie Burton,1991,0.0,1.0,13.5,68.0,3.6,1.8,11.2,2.5,0,0
Mark Aguirre,1991,0.1,2.0,13.7,75.0,3.1,1.4,11.3,2.3,0,0
Frank Brickowski,1991,0.5,1.4,15.5,65.0,2.5,1.7,11.4,3.8,0,0
Darrell Walker,1991,0.7,2.1,10.9,74.0,1.4,1.1,5.2,2.1,0,0
Mahmoud Abdul-Rauf,1991,-0.4,0.8,12.6,81.0,1.3,1.4,10.3,1.1,0,0
Marcus Liberty,1991,0.1,1.5,14.1,75.0,2.4,1.2,9.3,2.2,0,0
Alexander Volkov,1991,1.3,1.4,15.5,77.0,2.6,1.3,8.6,2.1,0,0
Vincent Askew,1991,1.0,0.8,12.7,80.0,2.0,1.1,6.2,1.8,0,0
Jon Koncak,1991,-0.1,1.6,7.4,77.0,0.4,0.7,3.1,2.6,0,0
Felton Spencer,1991,-0.9,1.2,11.2,61.0,2.9,1.1,6.6,4.4,0,0
Greg Kite,1991,-0.6,1.3,7.7,72.0,0.9,0.8,3.2,3.4,0,0
Bill Cartwright,1991,-0.4,1.9,10.9,64.0,2.5,1.2,8.0,3.6,0,0
Ledell Eackles,1991,0.0,1.1,15.3,65.0,2.9,1.2,13.2,2.1,0,0
James Edwards,1991,-0.7,1.5,11.7,72.0,3.8,1.0,9.7,2.0,0,0
Mark West,1991,0.0,1.8,12.5,82.0,2.1,1.0,6.1,2.9,0,0
Brian Shaw,1991,0.3,1.2,12.3,63.0,1.4,1.6,7.9,2.4,0,0
Lester Conner,1991,1.2,1.3,13.3,81.0,1.4,1.0,3.5,1.5,0,0
Charles Shackleford,1991,-0.2,1.6,13.4,72.0,1.3,0.9,6.6,3.8,0,0
Kevin McHale,1991,1.2,1.5,18.5,56.0,2.9,1.5,13.9,3.8,0,0
Charles Jones,1991,-0.2,1.8,6.8,75.0,0.5,0.5,1.1,2.8,0,0
Vinnie Johnson,1991,-0.1,1.5,10.4,60.0,1.4,1.2,8.0,1.9,0,0
Dana Barros,1991,1.3,0.7,15.0,75.0,1.1,0.7,8.3,0.9,0,0
Dennis Hopson,1991,0.8,1.0,17.1,71.0,3.6,1.4,10.5,1.4,0,0
Charles Smith,1991,1.3,2.3,18.6,49.0,5.5,1.4,14.6,4.2,0,0
LaSalle Thompson,1991,-0.2,1.7,10.9,80.0,0.9,1.2,4.9,3.5,0,0
Matt Bullard,1991,0.5,1.0,12.6,80.0,0.6,0.7,6.4,1.9,0,0
Stacey King,1991,0.1,1.4,13.4,79.0,2.0,1.0,7.0,1.5,0,0
Manute Bol,1991,0.2,1.6,7.7,71.0,0.4,0.6,1.5,2.4,0,0
J.R. Reid,1991,-0.1,1.2,14.1,51.0,3.7,1.6,11.0,4.3,0,0
Avery Johnson,1991,0.1,1.2,11.9,69.0,1.5,1.6,5.6,1.0,0,0
Alec Kessler,1991,-1.0,0.9,10.2,77.0,1.5,0.8,5.3,2.6,0,0
Todd Lichti,1991,-0.5,0.8,10.4,68.0,1.7,1.1,6.6,1.2,0,0
Randy Breuer,1991,0.7,1.0,14.3,67.0,1.1,0.6,5.4,2.7,0,0
Rafael Addison,1991,-0.2,0.7,10.9,76.0,1.0,0.6,5.8,1.3,0,0
Joe Wolf,1991,-0.7,0.9,7.2,67.0,1.0,0.9,3.8,2.1,0,0
Jerry Reynolds,1991,0.3,1.0,13.9,46.0,4.1,2.1,12.1,2.2,0,0
Sidney Green,1991,-0.6,1.9,10.5,80.0,1.1,0.8,4.6,3.1,0,0
Maurice Cheeks,1991,0.7,1.1,12.6,56.0,0.8,0.6,4.6,1.2,0,0
Scott Brooks,1991,0.9,0.6,16.0,82.0,0.8,0.6,5.1,0.9,0,0
Brad Lohaus,1991,1.1,1.3,15.0,70.0,0.6,0.7,5.8,2.6,0,0
James Donaldson,1991,-0.4,0.9,11.1,58.0,1.5,0.8,4.9,3.3,0,0
Tate George,1991,-0.3,0.7,11.8,70.0,1.5,1.2,6.0,1.0,0,0
Danny Young,1991,0.3,1.1,11.3,62.0,1.1,0.8,4.5,1.0,0,0
Randy White,1991,-0.8,0.8,10.9,65.0,2.5,1.0,6.4,2.2,0,0
Cliff Levingston,1991,0.5,1.5,13.1,79.0,1.2,0.5,3.9,1.5,0,0
Will Perdue,1991,0.3,1.7,14.2,77.0,1.2,0.9,4.5,2.6,0,0
Joe Kleine,1991,0.2,1.3,13.5,70.0,0.7,0.4,4.7,2.9,0,0
Tom Hammonds,1991,-0.5,0.9,11.2,37.0,2.2,1.6,11.9,3.7,0,0
Vlade Divac,1991,0.5,1.5,15.9,36.0,3.1,2.4,11.3,4.4,0,0
Kiki Vandeweghe,1991,0.6,0.9,14.2,67.0,1.2,0.4,7.0,0.9,0,0
Danny Ferry,1991,-0.4,1.0,11.2,68.0,1.1,0.7,5.1,2.4,0,0
Alaa Abdelnaby,1991,-0.1,1.5,13.5,71.0,1.4,0.9,6.1,2.5,0,0
Mark Acres,1991,-0.2,0.8,10.1,68.0,1.0,0.5,3.1,2.3,0,0
George McCloud,1991,0.1,0.5,11.0,51.0,1.3,1.2,6.6,1.7,0,0
Greg Grant,1991,0.3,0.6,13.0,68.0,0.4,0.7,3.3,0.8,0,0
Sam Vincent,1991,0.4,0.6,14.6,39.0,3.3,1.8,10.5,2.1,0,0
Fat Lever,1991,0.7,0.8,14.9,31.0,2.6,1.2,11.2,3.4,0,0
Dee Brown,1991,0.1,0.8,13.0,31.0,2.5,1.9,11.7,2.1,0,0
Otis Smith,1991,-0.5,0.6,8.1,55.0,1.7,1.1,5.6,1.4,0,0
Andre Turner,1991,-0.1,0.9,12.1,70.0,1.1,1.2,4.1,1.0,0,0
Morlon Wiley,1991,0.0,0.7,10.6,53.0,0.7,1.1,3.8,1.1,0,0
Henry James,1991,-1.0,0.5,10.0,65.0,1.2,0.7,6.4,1.2,0,0
Anthony Frederick,1991,0.0,0.6,13.0,66.0,1.4,0.9,5.9,1.0,0,0
Steve Kerr,1991,0.8,0.6,15.3,48.0,1.1,0.6,6.6,1.3,0,0
Keith Askins,1991,-0.1,0.7,8.7,59.0,0.6,0.8,3.7,1.3,0,0
Winston Bennett,1991,-0.9,0.7,6.3,54.0,0.9,0.6,3.6,1.8,0,0
Tony Smith,1991,-0.3,0.6,10.1,63.0,1.2,0.8,4.4,0.7,0,0
Bob Hansen,1991,-0.4,0.9,5.7,68.0,0.3,0.4,2.5,0.9,0,0
Mark Bryant,1991,0.1,1.2,11.3,56.0,1.1,0.5,4.1,2.0,0,0
Larry Smith,1991,-0.4,0.9,8.1,45.0,0.2,1.0,2.3,3.3,0,0
Paul Pressey,1991,0.0,1.0,8.0,56.0,0.7,1.1,2.7,1.3,0,0
Sherman Douglas,1991,0.1,0.6,13.8,42.0,2.5,1.6,7.3,1.2,0,0
Walter Davis,1991,0.4,0.5,16.6,46.0,2.0,1.0,9.9,1.1,0,0
Danny Schayes,1991,-0.4,0.6,10.7,43.0,2.2,1.0,5.6,2.6,0,0
Cedric Ceballos,1991,0.1,0.7,16.9,64.0,2.3,1.1,7.2,1.4,0,0
Donald Royal,1991,0.1,0.8,11.7,60.0,2.2,0.7,4.2,1.0,0,0
Eric Leckner,1991,-0.5,0.6,9.4,59.0,0.9,0.7,3.3,2.7,0,0
Jim Les,1991,0.3,0.4,12.8,62.0,0.8,0.7,3.7,0.8,0,0
Tree Rollins,1991,0.3,0.9,11.2,59.0,0.5,0.3,2.0,1.9,0,0
Scott Williams,1991,0.3,1.3,14.6,63.0,1.2,0.6,3.4,2.5,0,0
Tony Brown,1991,0.0,0.6,11.4,57.0,1.2,0.6,4.8,0.9,0,0
Jayson Williams,1991,-1.0,0.6,7.4,50.0,1.8,0.9,4.1,1.7,0,0
Mike Sanders,1991,0.3,0.6,13.6,31.0,1.5,0.7,7.1,2.2,0,0
Negele Knight,1991,-0.1,0.5,11.1,42.0,1.1,1.4,5.8,0.7,0,0
Sean Higgins,1991,-0.1,0.4,12.3,38.0,0.9,1.1,7.7,1.9,0,0
Dennis Scott,1991,0.2,0.4,14.4,18.0,3.9,1.7,19.9,2.9,0,0
Mitchell Wiggins,1991,-0.6,0.3,8.9,49.0,1.0,0.5,4.3,1.0,0,0
Rex Chapman,1991,0.0,0.2,12.1,22.0,2.4,2.0,12.3,2.2,0,0
Kenny Williams,1991,0.3,0.6,16.4,60.0,0.7,0.4,4.2,1.1,0,0
Craig Hodges,1991,-0.2,0.5,10.4,56.0,0.3,0.4,4.3,0.3,0,0
Tom Garrick,1991,0.0,0.7,9.8,40.0,0.7,1.1,3.4,1.1,0,0
Greg Foster,1991,-0.4,0.5,11.2,49.0,1.0,0.7,4.3,2.1,0,0
Jerrod Mustaf,1991,0.1,0.8,13.8,52.0,1.4,1.0,4.5,1.9,0,0
Delaney Rudd,1991,-0.3,0.5,10.0,65.0,0.6,0.8,3.0,0.6,0,0
Rod Higgins,1991,0.3,0.3,13.4,25.0,2.4,0.6,10.2,2.2,0,0
Greg Dreiling,1991,-0.4,0.4,5.6,60.0,0.7,0.5,2.0,1.2,0,0
Ed Nealy,1991,0.4,0.6,12.9,52.0,0.5,0.3,3.1,1.7,0,0
Mike Gminski,1991,0.0,0.4,13.0,35.0,0.8,0.6,5.8,2.3,0,0
Rory Sparrow,1991,-0.6,0.2,6.5,46.0,0.3,0.7,2.8,0.5,0,0
Chucky Brown,1991,-0.2,0.4,10.8,42.0,1.2,0.7,3.6,1.2,0,0
Tod Murphy,1991,-0.2,0.3,9.5,47.0,0.7,0.4,2.1,1.6,0,0
Brad Davis,1991,-0.4,0.2,7.2,33.0,0.5,0.8,2.8,0.9,0,0
Scott Hastings,1991,-0.2,0.4,7.1,40.0,0.7,0.6,1.5,1.7,0,0
Trent Tucker,1991,0.2,0.5,12.3,24.0,0.8,0.6,6.5,1.2,0,0
Dwayne Schintzius,1991,-0.2,0.4,10.6,33.0,0.4,0.6,3.3,2.3,0,0
Jack Haley,1991,-0.8,0.4,3.6,49.0,0.6,0.5,1.6,1.3,0,0
Steve Henson,1991,-0.1,0.2,11.1,50.0,0.6,0.8,3.0,0.5,0,0
Kurt Rambis,1991,0.1,0.6,10.6,28.0,0.6,0.9,3.2,3.0,0,0
Dave Jamerson,1991,-0.1,0.3,12.6,48.0,0.6,0.5,4.0,0.4,0,0
Alan Ogg,1991,-0.3,0.3,9.8,43.0,0.7,0.4,2.5,1.0,0,0
Rickey Green,1991,0.0,0.3,11.4,26.0,0.7,0.7,4.1,0.8,0,0
William Bedford,1991,-0.3,0.5,8.4,32.0,0.7,0.5,3.6,1.2,0,0
Steve Burtt,1991,0.0,0.4,13.4,31.0,1.7,1.1,6.0,0.8,0,0
Kenny Payne,1991,-0.1,0.3,11.9,49.0,0.3,0.4,2.9,0.8,0,0
Wayne Cooper,1991,0.0,0.6,10.2,35.0,0.3,0.4,2.2,1.8,0,0
Brian Quinnett,1991,-0.1,0.4,9.1,39.0,0.7,0.4,2.9,0.9,0,0
Tom Tolbert,1991,-0.3,0.2,5.3,35.0,1.1,0.6,2.6,1.2,0,0
Alton Lister,1991,0.0,0.4,11.2,26.0,1.3,0.8,3.9,2.7,0,0
Jud Buechler,1991,0.2,0.4,10.1,28.0,0.8,0.5,2.5,1.2,0,0
Brian Oliver,1991,-0.5,0.2,3.6,34.0,0.6,0.7,2.4,0.6,0,0
Bo Kimble,1991,-0.1,0.3,9.1,34.0,0.9,0.4,3.3,0.6,0,0
John Morton,1991,-0.1,0.2,9.7,25.0,1.5,1.1,4.2,0.8,0,0
Bart Kofoed,1991,-0.1,0.1,9.8,44.0,0.6,0.5,1.5,0.5,0,0
Brad Sellers,1991,0.0,0.3,13.7,43.0,0.6,0.3,2.4,0.6,0,0
Ennis Whatley,1991,0.2,0.3,14.0,23.0,1.3,0.6,3.0,0.7,0,0
Jeff Ruland,1991,-0.2,0.2,6.1,13.0,1.2,1.5,3.9,2.4,0,0
Lance Blanks,1991,0.1,0.3,11.9,43.0,0.3,0.3,1.5,0.3,0,0
Jerome Lane,1991,-0.1,0.2,6.6,14.0,1.9,1.0,2.6,2.4,0,0
Dave Feitl,1991,-0.2,0.2,11.9,34.0,0.6,0.6,2.4,1.2,0,0
Jim Petersen,1991,0.0,0.2,9.5,27.0,0.4,0.2,1.6,1.2,0,0
Tellis Frank,1991,0.0,0.1,12.4,10.0,1.5,0.5,4.6,1.8,0,0
Kevin Pritchard,1991,0.1,0.1,12.6,11.0,1.6,1.0,4.2,0.9,0,0
Bob McCann,1991,-0.1,0.2,7.3,26.0,0.5,0.3,1.2,0.7,0,0
David Rivers,1991,-0.1,0.2,7.6,15.0,0.7,1.1,2.0,0.6,0,0
Jeff Sanders,1991,0.0,0.1,13.8,12.0,0.8,0.4,3.9,1.4,0,0
Randy Wittman,1991,-0.1,0.0,5.4,24.0,0.1,0.1,0.7,0.3,0,0
Anthony Cook,1991,0.1,0.2,15.8,22.0,0.3,0.1,1.5,1.0,0,0
Stojko Vranković,1991,-0.1,0.2,11.2,19.0,0.6,0.5,1.9,1.1,0,0
Tim McCormick,1991,0.0,0.2,12.8,22.0,1.0,0.4,1.9,0.9,0,0
Ralph Sampson,1991,-0.1,0.2,5.8,10.0,0.6,1.0,2.2,1.9,0,0
Quintin Dailey,1991,-0.2,0.1,3.2,11.0,1.5,0.9,2.8,0.9,0,0
Gerald Henderson,1991,-0.1,0.1,8.0,16.0,0.7,0.5,2.3,0.4,0,0
Kenny Battle,1991,0.1,0.1,13.4,16.0,0.8,0.3,2.0,0.8,0,0
Tony Massenburg,1991,-0.2,0.1,3.8,18.0,0.8,0.5,1.6,1.0,0,0
Les Jepsen,1991,-0.1,0.1,10.1,31.0,0.4,0.1,0.8,0.6,0,0
Kennard Winchester,1991,0.1,0.1,16.8,19.0,0.5,0.1,1.8,0.5,0,0
Cliff Robinson,1991,0.0,0.1,14.9,9.0,0.9,0.8,3.2,1.3,0,0
Steve Scheffler,1991,0.0,0.0,16.6,11.0,1.1,0.1,1.9,0.4,0,0
Albert King,1991,0.1,0.1,14.3,6.0,1.3,0.3,5.2,1.7,0,0
Jaren Jackson,1991,0.0,0.0,12.2,5.0,1.2,0.8,5.2,1.0,0,0
Lanard Copeland,1991,-0.1,0.1,4.0,10.0,0.2,0.4,1.6,0.6,0,0
Michael Ansley,1991,-0.1,0.0,9.0,10.0,0.6,0.3,2.1,0.4,0,0
Dave Hoppen,1991,-0.1,0.0,2.7,11.0,0.9,0.3,0.8,0.8,0,0
Miloš Babić,1991,0.0,0.0,18.3,9.0,0.9,0.6,2.0,1.0,0,0
Travis Mays,1991,0.0,0.0,8.6,2.0,1.0,1.5,8.5,0.5,0,0
Dave Popson,1991,0.0,0.0,6.9,5.0,0.4,0.8,1.4,0.6,0,0
Ron Grandison,1991,0.0,0.0,14.6,3.0,3.3,1.0,3.3,2.7,0,0
Gary Leonard,1991,0.0,0.0,32.4,5.0,0.4,0.2,2.0,0.4,0,0
Chuck Nevitt,1991,0.0,0.0,-13.6,4.0,0.0,0.8,0.5,0.3,0,0
Carlton McKinney,1991,-0.1,0.0,-9.0,2.0,0.0,0.0,2.0,0.5,0,0
Jon Sundvold,1991,0.0,0.0,10.7,3.0,0.0,0.0,1.0,0.0,0,0
Bob Thornton,1991,-0.1,0.0,1.7,2.0,1.0,0.0,2.0,0.0,0,0
Larry Robinson,1991,0.0,0.0,-9.3,1.0,0.0,1.0,2.0,0.0,0,0
Mike Smrek,1991,0.0,0.0,4.9,2.0,0.0,0.0,0.0,0.5,0,0
Dan Godfread,1991,0.0,0.0,0.0,1.0,0.0,0.0,0.0,0.0,0,0
Billy Thompson,1991,0.0,0.0,0.0,1.0,0.0,0.0,0.0,0.0,0,0
Larry Johnson,1992,3.5,2.5,18.9,82.0,5.3,2.8,22.1,7.1,1,2
Hakeem Olajuwon,1992,7.8,8.0,27.3,82.0,7.0,3.2,26.1,9.6,1,1
David Robinson,1992,6.8,6.4,24.2,82.0,9.3,2.9,23.4,8.9,1,3
Dan Majerle,1992,3.6,3.2,15.4,82.0,3.2,1.6,16.9,3.2,0,0
Reggie Lewis,1992,3.1,3.0,17.4,80.0,4.7,1.7,20.8,3.2,0,0
Scottie Pippen,1992,4.7,4.8,19.2,81.0,4.3,3.0,18.6,5.2,1,3
Mark Jackson,1992,3.1,2.7,16.6,82.0,3.7,2.7,14.4,3.2,0,0
Doug West,1992,-0.1,0.4,14.2,80.0,3.7,2.1,19.3,2.0,0,0
Karl Malone,1992,7.3,5.0,26.2,82.0,10.2,2.9,27.0,8.4,1,1
Detlef Schrempf,1992,4.2,2.9,19.2,82.0,8.0,3.0,19.1,7.0,0,0
Joe Dumars,1992,3.2,1.3,17.6,77.0,5.2,1.8,23.5,1.1,1,2
Scott Skiles,1992,2.1,2.4,15.2,78.0,4.2,3.4,15.4,3.1,0,0
Glen Rice,1992,2.0,2.5,15.0,82.0,3.6,1.9,19.0,4.0,0,0
Michael Jordan,1992,10.2,5.2,29.7,78.0,7.3,2.7,32.6,5.0,1,1
Dikembe Mutombo,1992,2.7,5.5,17.2,82.0,6.0,2.6,13.8,8.9,0,0
Patrick Ewing,1992,4.0,8.1,20.8,81.0,6.9,3.3,24.2,9.7,1,2
Chuck Person,1992,-0.2,1.1,12.2,78.0,2.2,2.8,16.8,4.3,0,0
Hersey Hawkins,1992,3.3,1.9,18.3,81.0,6.0,2.2,20.3,3.1,0,0
Ron Harper,1992,2.9,3.7,16.1,80.0,5.0,2.8,18.0,3.9,0,0
Reggie Miller,1992,4.7,1.7,19.4,82.0,5.9,1.8,21.2,2.3,0,0
Isiah Thomas,1992,1.9,2.3,15.4,79.0,4.8,3.6,17.6,2.0,0,0
Nick Anderson,1992,3.5,3.7,17.3,79.0,5.1,2.1,19.9,4.5,0,0
Sedale Threatt,1992,2.0,2.3,16.5,82.0,2.6,2.1,15.1,2.8,0,0
Terry Porter,1992,3.3,3.1,17.0,81.0,4.8,2.5,18.2,3.2,0,0
Kevin Willis,1992,0.3,3.0,17.4,80.0,3.8,2.7,17.9,8.7,0,0
John Stockton,1992,6.2,3.4,21.3,82.0,4.5,3.2,15.1,2.1,1,2
Jeff Hornacek,1992,2.6,1.8,18.2,79.0,3.7,2.8,19.1,3.3,0,0
Charles Barkley,1992,7.1,4.8,25.9,76.0,7.7,3.1,25.6,9.1,1,1
Muggsy Bogues,1992,2.0,2.3,14.5,81.0,2.1,1.9,10.0,3.0,0,0
Mookie Blaylock,1992,3.8,2.6,17.1,80.0,2.1,2.3,13.4,2.4,0,0
A.C. Green,1992,1.9,2.6,16.3,82.0,4.6,1.4,12.8,5.2,0,0
Danny Manning,1992,2.8,3.1,19.6,79.0,6.1,2.9,22.8,4.1,0,0
Derrick Coleman,1992,4.4,5.1,21.2,76.0,6.9,3.2,20.7,8.0,1,3
Larry Nance,1992,3.9,4.4,19.8,77.0,3.2,1.4,16.5,6.3,0,0
Horace Grant,1992,2.6,3.7,17.5,77.0,3.6,1.4,13.2,5.0,0,0
Dale Ellis,1992,1.7,2.3,15.0,82.0,2.4,1.4,16.7,2.8,0,0
Blue Edwards,1992,1.7,2.0,16.4,82.0,3.7,2.1,16.9,3.2,0,0
Grant Long,1992,1.7,2.9,14.7,76.0,4.5,1.8,14.0,4.9,0,0
Reggie Williams,1992,2.4,3.6,15.8,79.0,3.7,2.5,17.0,3.7,0,0
Mahmoud Abdul-Rauf,1992,1.3,2.2,15.6,81.0,2.9,2.3,19.2,2.1,0,0
Brad Daugherty,1992,4.7,3.9,22.0,71.0,6.9,2.1,20.2,7.9,0,0
Harvey Grant,1992,1.1,1.4,16.1,72.0,4.2,1.3,18.6,3.9,0,0
Micheal Williams,1992,3.1,1.8,19.0,76.0,6.1,3.0,15.1,2.5,0,0
Dražen Petrović,1992,2.5,2.6,17.3,70.0,5.2,2.9,22.3,2.1,1,3
Dominique Wilkins,1992,4.9,1.4,24.3,71.0,8.8,2.6,29.9,4.2,1,2
Tim Hardaway,1992,3.7,1.6,19.7,66.0,5.6,3.3,21.5,3.1,1,3
Sean Elliott,1992,1.8,2.2,15.5,70.0,4.8,2.2,17.2,3.4,0,0
Shawn Kemp,1992,2.6,5.1,20.4,78.0,6.4,2.8,17.8,7.0,0,0
Clifford Robinson,1992,2.8,4.3,18.8,82.0,5.1,2.1,19.1,4.6,0,0
Craig Ehlo,1992,2.1,3.1,14.2,82.0,1.5,1.5,11.6,3.5,0,0
Jeff Malone,1992,-0.7,1.2,13.7,79.0,3.5,1.6,18.1,1.8,0,0
Tyrone Corbin,1992,1.7,3.0,14.4,82.0,2.7,1.3,11.6,4.0,0,0
Gary Payton,1992,3.1,3.6,17.0,82.0,2.4,1.8,13.5,2.3,0,0
Kevin Gamble,1992,2.2,2.1,15.1,82.0,1.8,1.0,13.3,2.4,0,0
Vlade Divac,1992,2.2,4.1,17.1,82.0,4.2,2.6,12.8,6.2,0,0
Lionel Simmons,1992,1.5,2.2,15.5,69.0,5.3,2.8,17.9,4.9,0,0
Michael Adams,1992,1.3,1.2,15.6,70.0,4.0,2.5,14.8,2.7,0,0
Buck Williams,1992,0.6,3.8,11.9,82.0,2.6,1.2,8.3,5.6,0,0
B.J. Armstrong,1992,1.4,1.7,14.7,82.0,1.8,1.0,12.3,1.5,0,0
Anthony Mason,1992,1.6,4.7,12.9,81.0,3.6,1.7,10.3,5.0,0,0
John Starks,1992,3.0,4.2,16.3,80.0,4.1,2.2,17.5,1.9,0,0
Ken Norman,1992,1.1,2.5,15.7,76.0,2.9,1.6,15.0,4.8,0,0
Rod Strickland,1992,3.3,3.3,18.0,78.0,4.9,2.6,13.7,2.8,0,0
Terry Davis,1992,-1.7,0.5,11.7,75.0,3.7,2.1,12.7,5.9,0,0
Rony Seikaly,1992,1.0,3.3,18.0,72.0,7.5,2.8,17.1,8.2,0,0
Derrick McKey,1992,2.4,3.0,15.0,77.0,3.9,2.0,13.4,2.7,0,0
Eric Murdock,1992,3.0,2.2,19.3,79.0,3.7,2.6,14.4,2.4,0,0
Kendall Gill,1992,0.7,1.7,14.0,69.0,4.2,2.5,16.9,3.2,0,0
Kenny Smith,1992,2.5,2.1,17.1,82.0,2.7,2.0,13.0,1.6,0,0
Dennis Rodman,1992,0.9,4.1,13.6,62.0,2.6,1.7,7.5,12.3,0,0
Pooh Richardson,1992,1.4,1.5,14.5,74.0,1.7,2.3,10.4,2.8,0,0
Mark Price,1992,4.4,2.3,22.1,75.0,4.1,2.6,18.2,2.2,1,1
James Worthy,1992,1.0,1.6,15.6,82.0,2.6,1.7,14.9,2.1,0,0
Otis Thorpe,1992,0.7,2.8,14.6,72.0,3.6,2.1,12.8,5.1,0,0
Sam Perkins,1992,2.0,2.6,16.5,79.0,3.9,1.4,13.1,4.6,0,0
Spud Webb,1992,0.8,1.4,14.4,69.0,4.8,2.8,14.5,2.2,0,0
Chris Morris,1992,2.9,3.6,17.8,77.0,3.2,1.5,14.1,2.9,0,0
Wayman Tisdale,1992,0.4,1.9,15.7,76.0,3.0,1.5,16.6,4.9,0,0
Dale Davis,1992,1.7,2.9,16.3,82.0,2.7,1.0,8.9,5.3,0,0
Dee Brown,1992,2.8,2.7,17.2,80.0,3.0,1.7,10.9,2.5,0,0
Vernon Maxwell,1992,1.1,2.5,13.4,71.0,3.2,2.0,13.8,2.7,0,0
Bimbo Coles,1992,1.4,1.4,14.7,81.0,2.7,1.3,10.6,1.3,0,0
Charles Oakley,1992,1.5,5.1,12.6,82.0,2.1,1.5,6.9,5.1,0,0
Ricky Pierce,1992,2.5,2.3,19.2,77.0,4.6,2.1,18.2,1.7,0,0
Xavier McDaniel,1992,1.1,2.5,16.3,82.0,2.9,2.1,13.5,3.9,0,0
Terry Mills,1992,0.1,2.1,15.5,81.0,3.1,1.8,14.8,3.7,0,0
Charles Smith,1992,1.8,4.3,14.9,81.0,4.5,1.9,12.4,3.2,0,0
Danny Ainge,1992,1.9,1.8,14.3,80.0,1.8,1.4,11.8,2.1,0,0
Michael Cage,1992,1.3,3.3,13.2,82.0,1.6,0.7,6.1,4.8,0,0
Robert Parish,1992,1.6,3.4,19.2,79.0,3.0,1.5,12.6,6.3,0,0
Stacey Augmon,1992,0.8,1.2,15.2,73.0,4.2,2.2,14.0,2.0,0,0
Derek Harper,1992,1.4,-0.2,15.9,62.0,5.1,2.2,18.2,1.3,0,0
Tim Perry,1992,-0.4,1.3,12.0,81.0,2.6,1.5,9.0,3.1,0,0
Dell Curry,1992,1.2,1.7,16.0,80.0,2.0,1.6,15.3,2.9,0,0
Sam Bowie,1992,0.8,3.3,13.2,79.0,2.3,1.5,9.1,5.0,0,0
Gerald Wilkins,1992,-0.1,2.1,12.9,80.0,2.3,1.2,11.1,1.8,0,0
Frank Brickowski,1992,1.1,1.8,17.0,66.0,4.1,3.1,16.9,4.3,0,0
Rik Smits,1992,-0.4,1.6,14.8,81.0,2.8,1.8,14.3,3.8,0,0
Tyrone Hill,1992,-0.2,2.3,12.9,74.0,3.0,1.2,8.6,6.7,0,0
Hot Rod Williams,1992,0.9,2.8,13.7,67.0,4.4,1.7,11.0,4.3,0,0
Jay Humphries,1992,-0.3,1.8,10.5,78.0,1.7,1.7,8.8,1.3,0,0
Avery Johnson,1992,1.8,1.9,15.8,75.0,2.4,1.9,8.7,1.7,0,0
Kenny Anderson,1992,1.8,2.5,16.6,55.0,4.2,2.8,16.9,3.2,0,0
Alvin Robertson,1992,1.6,2.4,13.2,69.0,1.9,1.9,9.0,2.3,0,0
Nate McMillan,1992,3.0,3.7,15.1,73.0,1.8,1.9,7.5,3.0,0,0
Jon Koncak,1992,0.8,2.2,9.2,78.0,0.6,0.7,3.5,4.2,0,0
Antoine Carr,1992,1.2,2.3,16.1,71.0,3.2,1.4,13.1,4.0,0,0
Bill Laimbeer,1992,1.4,2.1,14.3,79.0,1.3,0.7,8.7,3.9,0,0
Sherman Douglas,1992,0.4,1.1,13.5,79.0,1.9,2.0,7.8,1.2,0,0
Chris Mullin,1992,2.5,1.3,19.0,46.0,4.9,3.0,25.9,4.1,0,0
J.R. Reid,1992,-0.4,2.3,12.5,83.0,3.4,1.5,9.4,4.0,0,0
Doc Rivers,1992,2.4,4.1,14.6,77.0,2.1,1.5,7.8,2.2,0,0
Eddie Johnson,1992,0.5,1.5,17.1,82.0,3.1,1.6,14.4,1.8,0,0
Andrew Lang,1992,-0.6,2.0,9.3,73.0,1.6,1.2,5.3,4.1,0,0
Tom Tolbert,1992,-0.1,1.9,10.4,72.0,2.3,1.7,8.1,3.9,0,0
Larry Stewart,1992,0.2,1.1,14.5,81.0,3.1,1.9,9.8,2.8,0,0
Stanley Roberts,1992,-0.4,2.4,14.7,77.0,3.2,1.6,11.3,3.9,0,0
Carl Herrera,1992,0.2,2.6,13.1,81.0,2.2,1.1,7.5,3.8,0,0
Mike Iuzzolino,1992,-0.2,-0.3,12.7,70.0,2.1,1.8,8.7,1.6,0,0
Brad Lohaus,1992,0.9,1.3,13.3,80.0,1.3,1.2,9.1,2.7,0,0
Anthony Bonner,1992,-0.2,1.8,12.3,70.0,3.4,1.5,8.6,3.8,0,0
Kevin Duckworth,1992,-0.6,2.3,11.4,74.0,2.4,1.2,9.9,3.6,0,0
Anthony Bowie,1992,0.3,1.6,11.2,77.0,1.1,1.1,8.0,2.1,0,0
Dennis Scott,1992,1.1,1.6,13.2,54.0,2.2,1.9,15.9,2.7,0,0
Mario Elie,1992,1.5,2.1,14.2,82.0,2.6,1.1,8.6,1.9,0,0
Victor Alexander,1992,0.2,1.4,14.3,72.0,2.3,1.7,11.2,4.0,0,0
Armen Gilliam,1992,0.3,1.6,17.5,80.0,4.1,2.0,12.4,4.2,0,0
Duane Ferrell,1992,0.0,0.7,13.7,82.0,2.8,1.3,10.2,1.1,0,0
Mitch Richmond,1992,1.1,0.9,15.6,45.0,5.2,2.9,21.9,3.0,0,0
Randy Brown,1992,0.3,1.7,11.3,75.0,2.1,1.6,7.6,1.8,0,0
Tom Chambers,1992,0.0,1.8,14.7,73.0,3.9,1.3,12.2,3.4,0,0
Jerome Kersey,1992,0.8,2.8,13.7,65.0,2.8,1.3,10.6,4.3,0,0
David Benoit,1992,-0.6,2.0,11.3,82.0,1.9,1.1,8.1,3.4,0,0
Pervis Ellison,1992,1.4,1.8,18.5,49.0,4.9,2.2,17.4,6.0,0,0
Greg Anthony,1992,2.0,3.6,13.7,70.0,2.3,1.5,6.6,1.8,0,0
Byron Scott,1992,0.5,0.9,14.4,58.0,3.2,1.2,13.7,1.8,0,0
Clyde Drexler,1992,3.2,2.5,20.7,49.0,6.0,2.3,19.9,3.7,0,0
Kevin McHale,1992,0.1,1.6,14.4,71.0,2.7,1.3,10.7,3.7,0,0
Loy Vaught,1992,0.3,2.2,16.0,79.0,2.0,1.1,9.4,4.2,0,0
Kevin Johnson,1992,1.6,1.6,18.1,49.0,5.6,3.1,16.1,1.5,0,0
John Williams,1992,0.2,2.1,10.5,74.0,1.7,1.1,6.6,3.1,0,0
Donald Royal,1992,0.8,1.5,14.5,77.0,5.1,1.5,9.2,2.3,0,0
Gary Grant,1992,0.1,1.8,11.7,74.0,1.0,1.7,6.6,1.5,0,0
Terrell Brandon,1992,1.3,2.1,16.7,82.0,1.7,1.3,8.8,1.7,0,0
Steve Smith,1992,1.5,1.2,16.1,48.0,4.1,2.7,16.0,2.9,0,0
Cedric Ceballos,1992,1.8,1.9,21.0,74.0,3.5,1.4,12.8,3.2,0,0
Brian Shaw,1992,0.4,1.4,11.3,68.0,1.1,1.4,7.3,2.8,0,0
Johnny Dawkins,1992,0.4,0.9,14.6,74.0,1.9,1.6,8.9,1.4,0,0
Rumeal Robinson,1992,0.5,2.1,13.7,80.0,2.4,1.8,8.4,1.4,0,0
Marcus Liberty,1992,0.3,2.0,12.5,78.0,2.0,1.0,8.1,2.6,0,0
Robert Pack,1992,0.8,1.7,16.4,77.0,4.0,2.4,10.5,1.4,0,0
Mark West,1992,-0.1,2.2,11.4,82.0,2.0,1.1,5.3,3.7,0,0
Orlando Woolridge,1992,0.4,0.8,13.4,58.0,3.1,1.4,12.0,1.7,0,0
Mike Brown,1992,-0.9,1.6,9.4,82.0,2.0,1.2,5.7,3.0,0,0
Elden Campbell,1992,0.2,1.9,14.2,79.0,2.6,0.9,7.7,2.6,0,0
LaBradford Smith,1992,-0.7,0.6,10.9,69.0,1.8,1.5,9.3,1.2,0,0
Bob McCann,1992,-0.5,1.1,10.9,79.0,1.9,1.0,6.3,2.4,0,0
Vinny Del Negro,1992,0.4,1.3,13.9,73.0,1.6,1.3,7.4,2.0,0,0
Doug Smith,1992,-1.2,0.7,10.3,61.0,1.2,1.9,10.4,3.8,0,0
Scott Brooks,1992,1.0,1.7,14.1,82.0,1.6,0.9,6.3,0.9,0,0
Paul Graham,1992,0.2,1.2,12.7,80.0,1.6,1.5,8.1,1.6,0,0
Vern Fleming,1992,0.9,0.9,15.7,75.0,2.6,1.6,9.5,1.4,0,0
George McCloud,1992,0.1,1.0,11.2,78.0,1.3,1.4,7.2,1.9,0,0
Fred Roberts,1992,1.0,1.0,15.5,79.0,2.1,0.8,7.6,1.8,0,0
Jeff Turner,1992,0.2,1.2,11.4,75.0,0.9,0.9,7.0,2.4,0,0
Kenny Gattison,1992,0.2,1.6,12.5,75.0,2.3,0.9,6.8,3.3,0,0
David Wingate,1992,0.5,1.0,11.5,72.0,1.5,1.2,6.1,1.7,0,0
Johnny Newman,1992,0.8,0.6,15.5,64.0,3.8,1.4,11.9,1.1,0,0
Danny Ferry,1992,0.7,1.8,14.0,76.0,1.5,1.1,7.5,2.6,0,0
Rolando Blackman,1992,0.5,2.0,10.6,60.0,1.5,1.1,9.7,1.3,0,0
Randy White,1992,-0.6,0.8,13.2,64.0,2.9,1.7,9.7,3.4,0,0
Rod Higgins,1992,0.6,1.0,12.5,69.0,2.2,0.9,8.3,1.8,0,0
John Salley,1992,0.4,1.6,11.9,51.0,2.8,2.0,8.3,3.9,0,0
Sam Mitchell,1992,-0.4,0.7,11.9,81.0,2.3,0.6,7.2,1.9,0,0
Chris Dudley,1992,-0.6,2.4,9.9,71.0,1.5,0.8,3.5,4.2,0,0
Mark Bryant,1992,-0.3,1.8,11.2,80.0,1.9,0.8,6.0,2.4,0,0
Scott Williams,1992,0.1,2.5,14.6,71.0,1.8,1.0,5.9,4.0,0,0
Larry Krystkowiak,1992,-0.2,1.5,11.7,71.0,2.1,0.9,7.2,2.9,0,0
Matt Bullard,1992,0.8,1.4,13.6,79.0,0.9,0.7,7.3,2.0,0,0
Alaa Abdelnaby,1992,-0.6,1.3,13.2,75.0,1.5,1.3,7.7,2.8,0,0
Rex Chapman,1992,0.3,0.4,15.1,60.0,2.7,1.3,12.5,1.2,0,0
Olden Polynice,1992,-0.1,1.5,14.6,67.0,2.1,0.8,7.3,3.5,0,0
Felton Spencer,1992,-1.3,0.9,8.2,71.0,1.8,1.0,4.1,2.7,0,0
Brian Howard,1992,-0.7,0.5,9.7,68.0,1.4,1.0,6.5,2.1,0,0
Buck Johnson,1992,-0.5,0.7,10.7,73.0,1.7,1.0,6.5,1.6,0,0
Jud Buechler,1992,0.3,0.8,11.5,70.0,1.2,0.8,6.2,1.6,0,0
Thurl Bailey,1992,-0.1,0.6,12.9,70.0,2.0,0.9,7.5,2.3,0,0
Donald Hodge,1992,-1.3,0.5,8.3,79.0,1.3,1.1,5.0,2.5,0,0
Ron Anderson,1992,-0.5,0.5,11.8,69.0,1.3,0.9,8.1,1.8,0,0
Bill Cartwright,1992,-0.9,1.1,8.3,63.0,1.6,1.0,5.6,2.4,0,0
Chris Gatling,1992,0.2,1.3,16.8,70.0,3.0,1.5,9.3,2.7,0,0
Dana Barros,1992,1.1,1.4,15.0,69.0,0.9,0.8,7.8,1.3,0,0
Duane Causwell,1992,0.4,1.4,14.2,55.0,3.0,1.1,8.2,3.5,0,0
Charles Jones,1992,0.0,1.3,7.8,67.0,0.6,0.6,1.3,2.8,0,0
Billy Owens,1992,1.1,0.9,16.9,37.0,4.9,2.9,16.5,4.2,0,0
Mike Sanders,1992,-0.1,1.4,11.8,53.0,1.5,1.1,8.6,2.2,0,0
Chucky Brown,1992,0.0,1.3,11.2,77.0,1.3,0.7,5.1,1.9,0,0
Rafael Addison,1992,-0.8,1.0,8.4,68.0,1.0,0.9,6.3,1.3,0,0
Mark Macon,1992,-0.5,1.3,8.8,48.0,1.3,1.5,7.5,1.5,0,0
Kevin Edwards,1992,1.2,1.2,17.1,40.0,3.5,1.9,13.9,1.8,0,0
Joe Kleine,1992,-0.4,1.3,9.6,78.0,0.7,0.5,3.3,3.0,0,0
Vincent Askew,1992,0.5,1.2,13.1,73.0,2.0,0.9,5.6,1.4,0,0
Danny Schayes,1992,-0.3,1.1,10.6,70.0,2.0,0.9,4.6,2.5,0,0
Frank Johnson,1992,0.1,1.2,10.8,77.0,1.0,1.0,4.3,0.9,0,0
Mark Eaton,1992,0.0,1.5,8.7,64.0,0.8,0.7,2.8,3.0,0,0
Rick Fox,1992,0.7,1.3,14.7,71.0,1.4,1.1,6.4,1.5,0,0
Rick Mahorn,1992,-0.2,1.5,10.3,74.0,1.5,0.8,3.9,2.5,0,0
Tony Campbell,1992,0.2,1.9,11.6,58.0,1.5,0.9,7.7,1.7,0,0
Stacey King,1992,-0.3,1.0,12.8,76.0,1.6,0.9,5.4,1.3,0,0
Mark Aguirre,1992,0.5,0.7,13.7,51.0,2.5,1.3,9.9,2.1,0,0
Luc Longley,1992,-0.5,1.3,10.7,55.0,1.3,1.6,5.8,3.1,0,0
John Paxson,1992,-0.2,0.8,9.3,59.0,0.3,0.5,4.2,0.7,0,0
Jeff Grayer,1992,-0.1,0.5,12.0,48.0,2.8,1.1,8.8,1.8,0,0
Rodney McCray,1992,-0.6,0.8,7.6,64.0,0.8,0.8,3.5,1.6,0,0
Winston Garland,1992,-0.1,1.1,12.2,66.0,1.3,1.0,5.9,1.2,0,0
Will Perdue,1992,0.2,1.5,14.8,72.0,1.5,1.0,4.7,2.6,0,0
Greg Grant,1992,-0.5,0.4,8.7,72.0,0.4,0.8,2.7,0.6,0,0
Morlon Wiley,1992,0.0,0.5,9.9,58.0,0.4,1.4,4.5,1.1,0,0
Keith Askins,1992,0.0,1.0,9.3,69.0,0.6,0.5,3.3,1.8,0,0
Trent Tucker,1992,0.6,0.7,14.1,69.0,0.3,0.3,5.2,0.8,0,0
Negele Knight,1992,-0.6,0.5,8.9,52.0,1.7,1.4,6.1,0.7,0,0
Jim Les,1992,0.9,0.6,14.7,73.0,0.7,0.7,4.5,0.9,0,0
Sleepy Floyd,1992,-0.1,0.9,12.1,52.0,2.0,1.3,6.6,1.4,0,0
Manute Bol,1992,0.0,1.1,8.5,58.0,0.3,0.9,2.2,2.6,0,0
Gerald Glass,1992,0.2,0.8,12.1,60.0,0.7,0.6,5.3,1.4,0,0
Kenny Williams,1992,0.6,0.8,17.7,57.0,1.2,0.5,6.1,2.2,0,0
Danny Young,1992,0.3,0.5,10.4,65.0,0.5,0.5,2.9,0.5,0,0
Šarūnas Marčiulionis,1992,1.0,0.6,20.4,30.0,7.1,2.5,17.4,1.9,0,0
Pete Chilcutt,1992,-0.1,0.7,13.4,59.0,0.8,0.9,6.1,1.9,0,0
Larry Smith,1992,-0.4,1.2,7.1,66.0,0.3,0.6,1.3,2.5,0,0
Kurt Rambis,1992,0.3,1.1,11.2,72.0,0.9,0.6,2.5,2.1,0,0
Travis Mays,1992,-0.5,0.2,10.1,49.0,1.7,1.0,7.0,0.7,0,0
Benoit Benjamin,1992,-0.3,1.4,13.2,59.0,1.8,1.3,5.7,2.7,0,0
Tony Smith,1992,0.5,0.7,15.2,55.0,1.5,0.7,6.0,0.7,0,0
Todd Lichti,1992,0.2,0.8,12.9,48.0,2.1,1.0,6.9,1.4,0,0
Gary Plummer,1992,-0.7,0.9,8.6,60.0,1.6,1.3,4.7,2.0,0,0
LaSalle Thompson,1992,-0.1,0.9,10.7,63.0,0.6,0.7,3.8,2.0,0,0
Steve Henson,1992,0.0,0.4,11.3,53.0,0.8,1.0,4.0,0.8,0,0
Tom Hammonds,1992,-0.2,0.7,9.9,54.0,1.1,0.6,4.6,1.6,0,0
Scott Hastings,1992,-0.2,0.7,8.3,76.0,0.7,0.4,2.1,1.2,0,0
Lance Blanks,1992,-0.3,0.2,8.4,61.0,0.5,0.5,2.6,0.8,0,0
Greg Kite,1992,-0.5,0.9,5.3,64.0,0.4,0.5,1.4,2.0,0,0
Tim Legler,1992,0.0,0.0,13.3,33.0,2.2,0.8,8.8,1.0,0,0
James Edwards,1992,-0.5,0.4,11.2,52.0,2.3,1.0,6.3,1.3,0,0
David Wood,1992,-0.1,0.5,8.7,64.0,0.9,0.5,2.4,0.9,0,0
Sean Higgins,1992,-0.4,0.2,9.2,29.0,1.6,2.2,8.3,1.6,0,0
Kevin Brooks,1992,-0.5,0.5,8.4,55.0,0.7,0.7,4.1,1.1,0,0
Herb Williams,1992,0.1,1.4,10.1,55.0,0.4,0.4,2.9,1.9,0,0
Charles Shackleford,1992,-0.2,0.7,13.1,48.0,1.0,0.8,4.0,2.9,0,0
Willie Anderson,1992,-0.4,0.5,8.7,38.0,0.7,1.2,4.8,1.3,0,0
Brad Sellers,1992,-0.3,0.1,8.4,54.0,0.7,0.5,2.5,1.0,0,0
Darrell Walker,1992,-0.1,0.6,6.4,37.0,0.7,0.7,2.2,1.0,0,0
Tracy Moore,1992,0.2,0.0,14.8,39.0,1.6,0.8,7.2,0.7,0,0
Maurice Cheeks,1992,0.4,0.7,13.9,35.0,0.8,0.9,3.6,1.1,0,0
John Battle,1992,-0.4,0.3,11.1,41.0,1.8,0.5,5.4,0.6,0,0
Kiki Vandeweghe,1992,0.1,0.3,13.8,41.0,1.6,0.5,6.2,0.9,0,0
Steve Kerr,1992,0.0,0.4,9.4,52.0,0.5,0.5,2.6,0.8,0,0
Marty Conlon,1992,0.1,0.4,15.9,46.0,1.8,0.6,4.8,1.6,0,0
Willie Burton,1992,-0.3,0.4,10.3,26.0,4.9,1.9,7.8,1.8,0,0
Bernard King,1992,0.1,0.4,15.7,32.0,1.8,0.7,7.0,1.3,0,0
Lester Conner,1992,0.3,0.6,11.3,31.0,0.6,0.7,2.4,1.1,0,0
Alec Kessler,1992,-0.1,0.4,11.5,40.0,1.2,0.5,3.9,1.7,0,0
Tate George,1992,-0.2,0.3,7.9,48.0,0.5,0.6,2.5,0.4,0,0
Jaren Jackson,1992,0.0,0.3,11.3,34.0,0.8,0.5,3.9,0.6,0,0
Kennard Winchester,1992,-0.1,0.4,11.2,39.0,0.6,0.4,3.7,0.8,0,0
Derek Strong,1992,0.3,0.4,20.0,23.0,3.7,0.6,6.8,3.3,0,0
Jerrod Mustaf,1992,-0.1,0.5,12.7,32.0,1.7,0.7,4.6,1.7,0,0
Sidney Green,1992,-0.1,0.5,11.3,39.0,0.8,0.5,2.4,2.2,0,0
Kevin Lynch,1992,-0.1,0.2,7.6,40.0,1.0,0.6,2.2,0.6,0,0
Ed Nealy,1992,-0.1,0.3,8.3,41.0,0.3,0.2,1.7,1.3,0,0
Gerald Paddio,1992,0.1,0.4,16.3,41.0,0.5,0.4,3.9,0.8,0,0
Isaac Austin,1992,-0.3,0.4,11.4,46.0,1.0,0.5,2.8,0.9,0,0
Greg Foster,1992,-0.4,0.2,11.6,43.0,0.5,0.6,2.9,1.2,0,0
Blair Rasmussen,1992,-0.5,0.2,4.8,22.0,0.6,0.5,3.2,1.6,0,0
Mark Acres,1992,-0.2,0.2,8.9,18.0,0.9,0.7,3.6,2.3,0,0
Paul Pressey,1992,-0.1,0.2,8.4,18.0,1.5,1.3,4.4,1.3,0,0
Terry Catledge,1992,-0.2,0.2,8.5,21.0,1.6,1.2,4.7,1.3,0,0
Mike Gminski,1992,0.0,0.2,14.1,34.0,0.3,0.3,2.7,1.5,0,0
Mark Randall,1992,-0.1,0.2,11.9,37.0,0.7,0.5,2.6,0.8,0,0
Tree Rollins,1992,-0.2,0.4,5.2,42.0,0.3,0.2,0.7,1.1,0,0
Bison Dele,1992,0.0,0.4,12.9,21.0,1.0,1.2,4.6,1.5,0,0
Greg Dreiling,1992,-0.4,0.2,5.0,43.0,0.3,0.2,1.1,0.9,0,0
Eddie Lee Wilkins,1992,0.0,0.1,21.2,26.0,3.0,0.7,6.1,1.0,0,0
Steve Bardo,1992,-0.1,0.1,7.7,23.0,0.7,0.7,2.2,1.2,0,0
Alton Lister,1992,-0.3,0.1,4.3,20.0,0.7,0.9,2.3,1.5,0,0
Tim Kempton,1992,-0.2,0.2,8.6,30.0,1.0,0.5,1.9,0.9,0,0
Steve Scheffler,1992,-0.1,0.2,13.1,29.0,0.8,0.2,2.3,0.7,0,0
Joe Wolf,1992,0.0,0.3,11.9,23.0,0.7,0.3,2.3,1.5,0,0
Kenny Payne,1992,0.0,0.1,14.2,13.0,0.3,0.5,6.5,1.5,0,0
Ed Pinckney,1992,0.0,0.2,10.5,7.0,1.9,1.1,4.6,4.1,0,0
Jerome Lane,1992,0.1,0.3,18.1,21.0,1.0,0.3,2.8,1.4,0,0
Bobby Phills,1992,-0.2,0.2,14.2,31.0,0.8,0.6,3.0,0.4,0,0
Jayson Williams,1992,-0.1,0.2,10.6,12.0,1.5,0.7,4.1,1.6,0,0
Lamont Strothers,1992,-0.2,0.0,5.7,9.0,1.1,1.7,5.6,0.7,0,0
Walter Palmer,1992,-0.1,0.1,12.8,20.0,0.5,0.5,3.0,1.6,0,0
Jeff Sanders,1992,-0.1,0.1,6.9,9.0,0.9,1.2,2.7,1.9,0,0
Randy Breuer,1992,0.0,0.1,11.1,12.0,0.4,0.4,2.7,1.5,0,0
Chris Corchiani,1992,0.1,0.1,14.8,10.0,2.1,0.8,4.4,0.6,0,0
Moses Malone,1992,0.0,0.1,18.7,11.0,2.8,0.9,4.5,2.2,0,0
John Bagley,1992,-0.2,0.1,2.0,10.0,0.6,1.7,2.3,0.6,0,0
Delaney Rudd,1992,-0.2,0.1,1.7,15.0,0.9,0.7,1.7,0.3,0,0
James Donaldson,1992,0.0,0.2,10.7,6.0,1.5,0.7,3.5,3.8,0,0
Henry James,1992,0.0,0.0,17.1,10.0,2.6,0.7,6.7,0.4,0,0
Sean Green,1992,0.0,0.0,17.5,13.0,0.3,0.7,4.8,0.4,0,0
Terry Cummings,1992,-0.1,0.1,7.9,8.0,1.3,0.3,3.4,1.6,0,0
Alex Stivrins,1992,-0.1,0.1,13.5,19.0,0.2,0.4,2.2,0.6,0,0
William Bedford,1992,-0.2,0.1,3.0,16.0,0.8,0.1,1.6,0.6,0,0
Jeff Ruland,1992,-0.1,0.1,5.2,11.0,0.4,0.5,1.1,0.8,0,0
Bo Kimble,1992,-0.1,0.1,9.6,9.0,0.9,0.7,3.7,0.9,0,0
Byron Irvin,1992,0.0,0.0,9.5,4.0,1.5,1.0,5.5,0.5,0,0
Bart Kofoed,1992,0.0,0.0,14.9,7.0,2.0,0.4,2.4,0.1,0,0
Dwayne Schintzius,1992,0.0,0.1,12.5,5.0,0.6,0.0,1.4,1.2,0,0
Steve Burtt,1992,0.0,0.0,18.5,4.0,2.5,1.0,7.3,0.3,0,0
Doug Lee,1992,-0.1,0.0,-0.2,5.0,0.0,0.6,1.0,0.4,0,0
Larry Robinson,1992,0.0,0.0,12.0,4.0,1.3,0.3,3.8,0.5,0,0
Kenny Battle,1992,0.0,0.0,20.7,3.0,0.7,0.7,4.7,1.3,0,0
Alan Ogg,1992,0.0,0.0,15.7,6.0,0.7,0.5,2.2,1.2,0,0
Duane Washington,1992,0.0,0.0,-2.1,4.0,0.0,0.5,0.0,0.5,0,0
Terry Teagle,1992,-0.1,0.0,2.1,2.0,1.0,0.5,2.5,1.5,0,0
Dan O'Sullivan,1992,0.0,0.0,24.4,6.0,0.7,0.0,1.5,0.7,0,0
Stan Kimbrough,1992,0.0,0.0,8.2,3.0,0.0,0.0,1.7,0.0,0,0
Rich King,1992,0.0,0.0,8.7,3.0,0.7,1.0,2.0,1.3,0,0
Howard Wright,1992,0.0,0.0,28.7,4.0,0.5,0.0,2.0,0.3,0,0
Dave Hoppen,1992,0.0,0.0,9.0,2.0,1.0,0.0,1.0,1.5,0,0
Latrell Sprewell,1993,3.5,3.2,15.9,82.0,5.6,2.8,21.0,3.9,1,1
Karl Malone,1993,6.4,6.1,22.9,82.0,9.0,2.9,25.2,8.6,1,1
Hakeem Olajuwon,1993,7.3,7.9,25.3,80.0,6.8,3.4,27.3,9.1,1,1
David Robinson,1993,11.4,6.7,30.7,80.0,11.6,3.2,29.8,7.7,1,2
Shaquille O'Neal,1993,7.2,4.8,28.5,81.0,10.5,2.7,29.3,8.5,1,3
Dan Majerle,1993,2.4,2.3,13.7,80.0,3.0,1.7,16.5,2.9,0,0
Clarence Weatherspoon,1993,1.9,2.8,18.1,82.0,5.2,2.4,18.4,7.0,0,0
Kenny Anderson,1993,3.4,3.2,18.2,82.0,5.2,3.2,18.8,2.8,0,0
Jim Jackson,1993,0.2,0.8,14.4,82.0,4.2,4.1,19.2,2.7,0,0
Glen Rice,1993,3.6,2.9,18.5,81.0,3.5,1.6,21.1,4.4,0,0
Dennis Rodman,1993,2.3,5.4,13.4,79.0,1.3,1.7,4.7,11.6,0,0
Patrick Ewing,1993,5.5,8.0,22.9,79.0,7.4,3.3,24.5,8.4,0,0
John Stockton,1993,7.5,4.0,22.5,82.0,4.1,3.2,15.1,2.3,1,1
Charles Oakley,1993,2.6,6.8,15.3,82.0,3.8,2.4,11.8,7.5,0,0
Mookie Blaylock,1993,5.7,5.3,19.6,81.0,2.0,2.4,13.8,3.8,0,0
Otis Thorpe,1993,1.7,4.9,16.1,82.0,4.7,2.3,14.0,7.3,0,0
Mitch Richmond,1993,2.7,1.2,17.7,78.0,6.6,2.8,23.4,2.8,1,2
Rod Strickland,1993,4.1,3.0,19.8,82.0,5.7,3.1,17.2,3.0,0,0
Gary Payton,1993,3.7,4.1,17.8,82.0,3.4,2.1,16.5,2.0,1,3
Kevin Willis,1993,1.7,5.1,19.4,80.0,4.7,2.4,19.1,7.9,0,0
Dee Brown,1993,2.5,2.3,16.0,77.0,2.8,1.6,15.5,3.1,0,0
Ron Harper,1993,1.5,2.3,15.7,75.0,5.6,3.2,20.1,4.4,0,0
Dikembe Mutombo,1993,3.7,6.4,17.9,82.0,5.4,2.5,12.0,8.4,0,0
Clifford Robinson,1993,2.3,3.7,17.4,82.0,5.6,2.1,20.1,4.7,0,0
Bryant Stith,1993,1.4,3.4,12.7,82.0,4.3,1.6,12.5,2.8,0,0
A.C. Green,1993,1.8,2.6,17.0,82.0,4.4,1.2,14.7,5.8,0,0
Jeff Hornacek,1993,2.5,1.8,16.7,80.0,3.7,2.1,15.9,2.7,0,0
Nick Anderson,1993,3.2,3.0,16.9,81.0,3.1,2.0,15.8,4.5,0,0
Tom Gugliotta,1993,2.4,2.7,17.9,78.0,4.0,3.2,17.1,6.9,0,0
Sherman Douglas,1993,0.4,0.8,14.3,78.0,3.5,3.0,13.3,1.6,0,0
Derrick Coleman,1993,4.4,4.4,21.4,77.0,7.4,2.7,20.2,7.9,1,3
Steve Smith,1993,3.2,1.9,17.2,78.0,4.2,2.6,17.3,2.5,0,0
Terry Mills,1993,1.7,1.8,17.7,80.0,2.8,1.9,17.3,6.0,0,0
B.J. Armstrong,1993,1.3,2.6,14.5,82.0,2.8,1.6,14.8,1.7,0,0
Gerald Wilkins,1993,2.2,2.6,14.9,82.0,3.0,1.6,14.3,2.4,0,0
Scottie Pippen,1993,6.8,6.0,23.2,72.0,5.7,3.2,22.0,6.3,1,1
Muggsy Bogues,1993,2.1,1.7,16.2,77.0,2.0,2.2,10.8,3.1,0,0
Billy Owens,1993,1.7,2.6,15.6,79.0,4.1,2.7,15.0,5.2,0,0
Detlef Schrempf,1993,1.6,3.2,14.9,81.0,4.8,2.1,15.0,3.8,0,0
Kevin Edwards,1993,1.3,2.6,13.8,82.0,2.6,1.6,14.0,2.3,0,0
Mark Jackson,1993,1.3,1.4,14.8,79.0,2.7,2.9,10.9,3.1,0,0
Lionel Simmons,1993,1.5,2.3,14.8,75.0,4.3,2.4,15.1,5.3,0,0
LaPhonso Ellis,1993,1.8,4.1,15.9,79.0,4.5,2.2,15.4,5.8,0,0
Vlade Divac,1993,2.9,3.2,18.8,79.0,3.8,2.4,14.2,7.2,0,0
Hot Rod Williams,1993,2.4,3.6,16.2,76.0,4.6,1.8,13.7,4.8,0,0
Reggie Williams,1993,1.7,3.9,13.1,82.0,2.7,2.0,13.0,3.6,0,0
Hersey Hawkins,1993,2.0,2.1,15.6,82.0,4.4,1.9,14.4,3.5,0,0
Reggie Miller,1993,4.5,2.9,20.2,79.0,5.6,2.2,19.9,2.3,0,0
Buck Williams,1993,0.9,3.2,14.0,81.0,3.7,1.4,9.7,6.5,0,0
Dominique Wilkins,1993,3.0,2.8,21.4,74.0,7.1,2.3,26.0,4.0,1,3
Mahmoud Abdul-Rauf,1993,1.9,2.4,16.7,80.0,2.9,1.9,18.0,1.8,0,0
Derrick McKey,1993,1.9,3.3,13.3,76.0,3.3,3.0,12.0,3.6,0,0
Stacey Augmon,1993,3.1,4.0,17.9,82.0,5.3,1.8,14.8,2.6,0,0
Shawn Kemp,1993,4.2,6.0,22.9,79.0,6.2,3.3,18.1,6.8,1,2
Joe Dumars,1993,1.5,-0.1,16.2,69.0,4.8,2.3,20.4,1.7,0,0
Dale Ellis,1993,1.8,2.1,14.7,77.0,1.4,1.0,15.2,2.4,0,0
Vernon Maxwell,1993,1.2,3.6,12.5,75.0,2.5,2.5,13.6,2.5,0,0
Horace Grant,1993,3.9,4.3,19.8,70.0,3.3,1.6,15.1,6.6,0,0
Spud Webb,1993,1.6,1.1,15.2,79.0,3.2,2.1,12.7,2.3,0,0
Jeff Malone,1993,-0.6,0.9,13.5,77.0,3.2,1.1,16.4,1.9,0,0
Wayman Tisdale,1993,0.4,1.6,15.8,79.0,3.4,1.6,16.7,5.1,0,0
Ken Norman,1993,-0.2,1.3,12.6,82.0,2.2,1.8,11.9,4.0,0,0
Eric Murdock,1993,3.8,2.2,20.3,82.0,3.5,2.5,15.3,2.1,0,0
Danny Manning,1993,1.6,2.8,16.4,68.0,5.0,3.4,20.6,4.9,0,0
Dana Barros,1993,1.7,0.8,16.0,81.0,1.8,2.1,13.3,2.1,0,0
Willie Anderson,1993,1.4,2.3,14.2,80.0,2.1,1.9,11.9,2.2,0,0
Don MacLean,1993,0.9,0.3,17.8,75.0,5.3,2.0,18.2,4.4,0,0
Kevin Johnson,1993,3.4,1.7,20.6,67.0,6.9,3.5,20.0,1.7,1,2
Kendall Gill,1993,2.1,3.6,15.6,79.0,3.5,1.8,14.1,2.2,0,0
Christian Laettner,1993,1.9,2.6,16.8,70.0,6.8,3.7,16.8,6.3,0,0
Rony Seikaly,1993,1.1,3.4,17.1,72.0,5.9,2.7,15.1,6.9,0,0
Sean Elliott,1993,-0.2,0.4,11.3,73.0,2.4,1.8,12.1,2.7,0,0
Olden Polynice,1993,0.5,2.0,14.9,68.0,2.8,1.1,11.6,7.5,0,0
Mark Price,1993,5.0,2.4,22.7,76.0,3.5,2.5,17.3,2.5,1,3
Robert Horry,1993,2.5,4.3,14.2,81.0,1.9,1.7,9.9,3.9,0,0
Michael Adams,1993,0.6,0.2,14.2,70.0,3.9,2.4,12.1,2.1,0,0
Tim Perry,1993,0.2,1.3,11.5,80.0,2.2,1.0,9.0,3.6,0,0
Clyde Drexler,1993,3.0,2.7,18.4,68.0,5.4,2.5,19.2,4.3,0,0
Avery Johnson,1993,0.5,1.5,13.9,82.0,3.1,2.1,10.9,1.6,0,0
Chris Mullin,1993,1.8,2.3,15.8,62.0,3.5,2.9,16.8,4.5,0,0
Blue Edwards,1993,-0.1,1.2,12.9,82.0,2.3,1.8,11.6,2.7,0,0
Scott Skiles,1993,0.4,0.9,13.1,82.0,2.7,2.4,9.9,1.8,0,0
Charles Barkley,1993,4.2,3.3,22.8,65.0,7.0,3.2,21.6,8.1,1,2
Dale Davis,1993,1.9,3.6,15.9,66.0,4.5,1.5,11.7,6.6,0,0
Dennis Scott,1993,1.6,1.5,14.1,82.0,1.9,1.1,12.8,2.0,0,0
Sedale Threatt,1993,0.9,1.0,15.3,81.0,1.9,1.3,11.9,1.5,0,0
Elden Campbell,1993,0.5,2.2,15.2,76.0,3.6,1.3,12.3,4.6,0,0
Felton Spencer,1993,-0.6,3.2,11.7,79.0,3.4,1.6,8.6,5.4,0,0
Kenny Smith,1993,1.2,2.2,14.2,78.0,2.0,1.6,11.6,1.5,0,0
Micheal Williams,1993,2.2,1.5,18.0,71.0,5.6,2.9,13.7,2.2,0,0
Derek Harper,1993,1.2,2.9,12.3,82.0,2.0,1.6,9.6,1.5,0,0
Grant Long,1993,1.1,2.5,13.9,69.0,3.4,1.8,11.4,4.4,0,0
Doug West,1993,-0.3,0.9,13.3,72.0,3.2,1.9,14.7,2.4,0,0
Dell Curry,1993,2.6,1.4,18.5,82.0,1.6,1.5,16.3,2.3,0,0
Sam Perkins,1993,1.7,2.8,14.9,81.0,3.4,1.3,12.3,3.0,0,0
Tyrone Corbin,1993,0.8,2.8,11.8,82.0,1.8,1.1,8.0,2.9,0,0
Craig Ehlo,1993,2.3,3.5,15.0,82.0,1.9,1.6,10.0,2.5,0,0
Todd Day,1993,0.1,1.5,13.5,76.0,4.4,1.7,12.7,2.6,0,0
Loy Vaught,1993,0.3,2.2,16.0,75.0,2.4,1.3,11.7,5.8,0,0
Rik Smits,1993,2.3,3.0,19.7,78.0,3.8,1.9,15.7,4.5,0,0
Harvey Grant,1993,0.4,2.2,12.3,77.0,1.7,0.7,10.4,3.1,0,0
Rick Fox,1993,0.9,1.7,14.4,82.0,2.8,1.9,10.8,3.0,0,0
Frank Brickowski,1993,0.3,1.7,14.3,71.0,3.6,2.5,13.2,4.5,0,0
Terry Porter,1993,2.2,1.8,16.4,77.0,3.0,2.2,13.1,2.2,0,0
John Starks,1993,2.4,3.7,16.0,59.0,4.2,3.1,19.0,2.5,0,0
Brian Shaw,1993,1.4,2.0,13.4,77.0,1.2,2.2,9.0,3.2,0,0
Steve Kerr,1993,1.5,2.1,13.7,82.0,1.2,0.7,8.6,1.3,0,0
Pete Myers,1993,-0.1,2.4,10.6,82.0,2.4,1.7,7.9,1.5,0,0
Chuck Person,1993,-0.1,0.8,11.7,77.0,1.4,1.6,11.6,2.6,0,0
Rex Chapman,1993,1.2,-0.3,16.9,60.0,3.4,2.0,18.2,1.5,0,0
Alonzo Mourning,1993,1.7,2.5,21.7,60.0,9.5,3.3,21.5,7.2,0,0
Greg Anthony,1993,1.8,3.9,13.0,80.0,2.1,1.6,7.9,1.8,0,0
Robert Parish,1993,0.5,2.1,16.1,74.0,2.8,1.5,11.7,5.4,0,0
Xavier McDaniel,1993,0.1,1.3,14.5,82.0,2.6,1.4,11.3,3.1,0,0
Armen Gilliam,1993,1.5,2.2,18.5,82.0,4.4,1.3,11.8,3.7,0,0
Orlando Woolridge,1993,-0.5,0.7,13.9,74.0,4.1,1.9,12.7,2.6,0,0
Vinny Del Negro,1993,0.9,1.7,15.3,77.0,2.2,1.3,10.0,1.7,0,0
Fat Lever,1993,1.3,2.1,13.2,81.0,1.2,1.1,6.9,2.5,0,0
Elmore Spencer,1993,-1.0,1.6,10.7,76.0,2.1,2.2,8.9,4.2,0,0
Mike Brown,1993,-0.7,1.6,7.2,82.0,1.4,0.9,3.6,4.0,0,0
John Salley,1993,1.2,2.3,13.0,76.0,3.0,1.2,7.7,3.6,0,0
Anthony Mason,1993,0.6,3.3,10.8,73.0,2.2,1.5,7.2,3.7,0,0
Nate McMillan,1993,3.6,4.5,15.5,73.0,0.8,1.7,6.0,3.2,0,0
Kevin Gamble,1993,0.2,0.7,13.4,75.0,1.7,1.0,11.5,1.6,0,0
Tom Chambers,1993,-0.1,2.1,13.4,80.0,3.5,1.1,11.2,3.0,0,0
Brad Daugherty,1993,1.8,2.6,18.4,50.0,6.5,2.2,17.0,7.6,0,0
Jon Koncak,1993,0.7,3.4,9.9,82.0,0.4,0.5,4.2,3.4,0,0
Benoit Benjamin,1993,0.0,2.6,14.2,77.0,2.8,1.3,9.3,4.7,0,0
Oliver Miller,1993,3.0,3.1,18.2,69.0,2.0,2.4,9.2,4.9,0,0
Larry Johnson,1993,1.1,1.1,16.8,51.0,3.9,2.3,16.4,6.0,0,0
Isiah Thomas,1993,0.5,0.4,15.2,58.0,4.4,3.5,14.8,1.9,0,0
Bimbo Coles,1993,0.9,1.4,13.0,76.0,1.7,1.4,7.7,1.4,0,0
Haywoode Workman,1993,0.7,2.2,12.9,65.0,1.8,2.3,7.7,2.6,0,0
Michael Cage,1993,0.7,3.0,11.9,82.0,0.9,0.6,4.6,3.4,0,0
Johnny Newman,1993,0.3,1.3,14.1,81.0,2.8,1.1,10.3,1.2,0,0
Vincent Askew,1993,1.6,2.1,15.9,80.0,2.6,0.9,9.1,1.6,0,0
Doug Smith,1993,-0.1,1.6,13.5,79.0,1.6,1.2,8.8,3.0,0,0
Kenny Gattison,1993,0.3,1.5,13.3,77.0,2.5,1.0,7.7,3.3,0,0
Greg Anderson,1993,0.2,2.0,14.6,77.0,2.0,1.2,6.4,5.0,0,0
Jay Humphries,1993,0.3,1.6,10.9,75.0,1.0,1.3,7.5,1.2,0,0
Chris Smith,1993,-0.5,0.5,10.2,80.0,1.8,1.3,5.9,1.3,0,0
Tony Smith,1993,0.0,0.5,12.8,73.0,1.6,1.0,8.8,1.2,0,0
Andrew Lang,1993,-0.4,2.4,11.0,82.0,1.3,1.0,6.1,2.3,0,0
Mario Elie,1993,1.0,2.0,13.4,67.0,2.7,1.6,9.3,2.3,0,0
Cedric Ceballos,1993,1.8,1.4,20.9,53.0,4.2,1.8,19.1,3.6,0,0
James Worthy,1993,-0.4,0.5,12.8,80.0,1.7,1.2,10.2,1.7,0,0
Danny Ainge,1993,0.3,1.0,11.8,68.0,1.4,1.2,8.9,1.5,0,0
Terrell Brandon,1993,0.9,1.8,15.0,73.0,2.2,1.5,8.3,1.7,0,0
Jeff Turner,1993,-1.2,1.0,7.6,68.0,0.7,1.1,6.6,2.8,0,0
Gary Grant,1993,0.5,1.3,13.8,78.0,1.0,1.7,7.5,1.3,0,0
Bobby Phills,1993,0.5,1.7,14.1,72.0,2.2,0.9,8.3,2.0,0,0
Ed Pinckney,1993,0.8,1.8,14.5,76.0,1.6,0.8,5.2,4.2,0,0
Doug Christie,1993,0.3,1.2,13.5,65.0,3.2,2.2,10.3,2.2,0,0
Bison Dele,1993,0.9,2.9,16.5,80.0,2.6,1.3,8.0,3.9,0,0
Luc Longley,1993,0.1,2.2,13.5,76.0,1.6,1.6,6.9,4.0,0,0
Kevin Duckworth,1993,-1.7,0.6,8.2,69.0,1.9,1.5,6.6,3.2,0,0
Lee Mayberry,1993,-0.8,0.3,9.4,82.0,1.0,1.2,5.3,0.9,0,0
Eddie Johnson,1993,0.4,0.6,15.9,73.0,1.7,1.2,11.5,2.0,0,0
Tyrone Hill,1993,0.8,2.4,18.4,57.0,4.5,1.4,10.6,5.5,0,0
Mark Bryant,1993,-0.6,1.4,9.9,79.0,1.3,0.8,5.6,2.5,0,0
Negele Knight,1993,0.2,1.0,13.8,65.0,2.7,1.4,9.2,1.2,0,0
Anthony Bonner,1993,1.1,3.2,12.6,73.0,1.4,1.2,5.1,2.7,0,0
Kenny Walker,1993,-0.3,0.4,10.7,73.0,1.7,0.6,4.8,2.3,0,0
Robert Pack,1993,0.6,1.9,15.0,66.0,3.6,3.1,9.6,1.5,0,0
Bill Wennington,1993,-0.1,2.3,14.0,76.0,1.2,1.0,7.1,3.1,0,0
Anthony Avent,1993,-1.1,1.0,9.2,74.0,1.7,1.1,5.3,2.6,0,0
Pete Chilcutt,1993,-0.1,1.4,12.7,76.0,0.9,1.0,5.9,3.2,0,0
Harold Miner,1993,0.1,0.7,14.0,63.0,2.9,1.5,10.5,1.3,0,0
Donald Royal,1993,0.6,1.2,14.6,74.0,3.6,1.0,7.4,2.1,0,0
Walt Williams,1993,-0.7,1.0,10.4,57.0,4.1,2.5,11.2,2.9,0,0
Chris Morris,1993,1.5,1.6,15.4,50.0,2.4,1.0,10.9,2.7,0,0
J.R. Reid,1993,0.1,1.5,14.7,70.0,2.2,1.2,9.0,1.8,0,0
Johnny Dawkins,1993,0.1,0.6,13.5,72.0,1.4,1.5,6.6,1.3,0,0
Hubert Davis,1993,1.2,1.9,14.0,56.0,1.8,1.4,11.0,0.8,0,0
Tim Legler,1993,0.9,0.6,16.1,79.0,2.1,0.8,8.3,1.2,0,0
Victor Alexander,1993,0.0,1.1,14.0,69.0,1.9,1.2,8.7,2.8,0,0
Thurl Bailey,1993,0.6,0.7,15.2,79.0,1.9,0.7,7.4,1.9,0,0
Chris Gatling,1993,0.6,1.7,18.7,82.0,2.5,1.0,8.2,3.1,0,0
Carl Herrera,1993,-0.5,1.9,9.1,75.0,1.3,0.9,4.7,2.5,0,0
Jerome Kersey,1993,0.5,2.0,14.5,78.0,1.7,0.8,6.5,2.6,0,0
Sean Rooks,1993,0.1,0.7,14.6,47.0,4.5,1.7,11.4,3.7,0,0
Jon Barry,1993,0.8,1.3,14.6,72.0,1.7,1.2,6.2,1.5,0,0
Mark West,1993,-0.1,1.6,12.3,82.0,1.4,0.9,4.7,2.2,0,0
Scott Brooks,1993,0.6,1.6,12.2,73.0,1.2,0.8,5.2,1.3,0,0
Trevor Wilson,1993,-0.4,0.8,11.8,57.0,2.9,1.6,8.2,2.7,0,0
Tony Campbell,1993,0.0,1.2,13.3,63.0,1.9,1.3,8.8,1.7,0,0
Matt Geiger,1993,0.6,1.4,16.7,72.0,2.1,0.8,7.2,2.6,0,0
Byron Scott,1993,1.1,1.4,17.6,67.0,2.9,1.5,10.4,1.4,0,0
David Wood,1993,-0.1,0.6,11.1,78.0,1.1,0.4,4.1,1.7,0,0
Pervis Ellison,1993,-0.3,0.5,10.7,47.0,2.1,1.6,7.3,3.5,0,0
Eric Leckner,1993,-0.9,0.8,10.4,71.0,1.8,1.2,5.1,2.9,0,0
Duane Ferrell,1993,0.3,1.3,14.5,72.0,2.6,0.9,7.1,0.9,0,0
Terry Cummings,1993,-0.5,1.4,12.7,59.0,1.8,1.0,7.3,2.8,0,0
Derek Strong,1993,-0.2,0.8,14.6,67.0,3.1,0.9,6.6,2.6,0,0
Charles Smith,1993,0.2,2.0,11.3,43.0,2.8,1.5,10.4,2.3,0,0
Keith Jennings,1993,1.0,0.9,15.5,76.0,1.6,1.0,5.7,1.0,0,0
Jeff Grayer,1993,-0.1,0.8,13.2,67.0,1.8,0.9,6.8,1.7,0,0
Sam Mitchell,1993,-0.1,1.2,10.9,75.0,1.5,0.7,4.8,1.6,0,0
David Benoit,1993,-0.4,1.5,10.9,55.0,1.6,0.7,6.5,3.1,0,0
Vern Fleming,1993,0.2,1.1,11.8,55.0,1.6,1.6,6.5,1.7,0,0
Stacey King,1993,-0.4,1.3,11.6,49.0,2.8,1.7,7.9,3.1,0,0
Randy Brown,1993,-0.3,0.8,9.3,61.0,1.4,1.2,4.5,1.2,0,0
Brent Price,1993,0.0,0.2,13.2,65.0,1.3,1.8,6.2,0.9,0,0
Ricky Pierce,1993,1.1,1.1,20.8,51.0,4.1,1.3,14.5,1.1,0,0
Pooh Richardson,1993,0.4,0.9,13.3,37.0,2.1,2.4,10.0,2.2,0,0
David Wingate,1993,-0.1,0.6,10.8,50.0,1.0,1.1,6.2,2.1,0,0
Ennis Whatley,1993,0.3,1.4,12.8,82.0,0.8,1.0,3.6,0.9,0,0
Tony Bennett,1993,0.0,0.5,9.9,74.0,0.2,0.5,3.4,1.0,0,0
Kenny Williams,1993,0.6,1.2,15.8,68.0,0.9,0.7,6.3,1.6,0,0
Lloyd Daniels,1993,0.3,0.9,11.2,65.0,1.0,0.9,5.7,1.0,0,0
Rolando Blackman,1993,0.1,1.5,11.3,55.0,1.0,0.8,7.3,1.3,0,0
Danny Ferry,1993,0.2,1.0,12.0,70.0,0.6,0.6,5.0,1.3,0,0
Brad Lohaus,1993,-0.3,0.8,8.3,67.0,0.4,0.9,4.0,1.7,0,0
Tellis Frank,1993,-0.2,0.9,8.9,67.0,1.1,0.7,2.8,2.0,0,0
Anthony Bowie,1993,0.1,0.7,11.5,70.0,0.7,0.8,4.6,1.3,0,0
Anthony Peeler,1993,0.0,0.4,13.4,30.0,2.4,2.0,14.1,2.0,0,0
Larry Nance,1993,0.7,1.4,17.1,33.0,2.6,1.2,11.2,4.5,0,0
Tom Hammonds,1993,0.2,1.2,12.4,74.0,1.4,0.6,4.1,1.9,0,0
Jayson Williams,1993,-0.4,1.1,13.0,70.0,1.7,0.5,4.6,2.2,0,0
Charles Jones,1993,-0.2,0.6,8.7,42.0,0.8,0.3,2.2,3.5,0,0
LaBradford Smith,1993,0.0,0.4,11.6,66.0,1.3,0.8,5.0,0.8,0,0
Frank Johnson,1993,-0.3,0.6,11.6,70.0,1.0,0.9,4.6,0.8,0,0
Byron Houston,1993,-0.5,1.0,7.5,71.0,0.8,0.7,2.8,1.8,0,0
Mark Aguirre,1993,0.0,0.3,13.1,39.0,1.8,1.8,10.6,2.3,0,0
Joe Kleine,1993,-0.2,0.8,11.2,74.0,0.5,0.5,3.9,1.9,0,0
Tracy Murray,1993,0.7,0.7,15.3,66.0,1.1,0.6,6.6,1.0,0,0
John Battle,1993,-0.1,0.5,12.2,51.0,1.9,0.8,6.6,0.6,0,0
Bill Cartwright,1993,-0.1,0.9,10.1,42.0,1.4,1.2,5.6,2.6,0,0
Herb Williams,1993,-0.1,1.7,10.4,70.0,0.6,0.6,3.3,1.8,0,0
Adam Keefe,1993,-0.3,1.1,12.0,63.0,1.8,1.0,4.3,2.0,0,0
Doug Overton,1993,-0.8,0.0,8.4,61.0,0.9,0.9,3.6,0.8,0,0
Sleepy Floyd,1993,-0.8,0.6,6.0,53.0,1.5,1.2,3.8,1.1,0,0
Matt Bullard,1993,0.0,0.8,8.8,65.0,0.4,0.4,3.5,0.9,0,0
John Williams,1993,0.0,0.5,10.5,34.0,1.1,1.0,5.6,2.6,0,0
Lorenzo Williams,1993,-0.1,0.7,11.1,38.0,0.7,0.6,2.9,3.2,0,0
Willie Burton,1993,0.1,0.7,15.6,53.0,3.0,1.0,7.0,1.6,0,0
Greg Dreiling,1993,-0.6,0.6,7.2,54.0,0.7,0.8,2.4,2.3,0,0
Larry Krystkowiak,1993,-0.2,0.5,8.9,34.0,1.1,0.9,5.1,2.5,0,0
LeRon Ellis,1993,0.0,0.6,13.5,50.0,1.4,0.4,4.4,2.4,0,0
Duane Causwell,1993,-0.1,0.8,11.8,41.0,1.7,0.8,4.4,2.9,0,0
Tom Tolbert,1993,-0.5,0.3,7.9,49.0,0.9,0.8,3.8,1.5,0,0
Scott Williams,1993,-0.1,1.1,15.4,38.0,2.6,1.2,7.6,2.9,0,0
Kurt Rambis,1993,0.1,0.6,14.0,50.0,1.4,0.5,3.3,2.1,0,0
Marlon Maxey,1993,-0.1,0.7,15.4,55.0,1.8,0.7,4.5,2.3,0,0
Malik Sealy,1993,-0.2,0.9,12.1,43.0,2.0,1.2,6.6,1.7,0,0
Moses Malone,1993,0.0,0.5,17.7,55.0,2.1,1.1,5.3,2.2,0,0
Marty Conlon,1993,0.0,0.3,15.0,30.0,1.8,1.1,7.8,2.9,0,0
Walter Bond,1993,0.0,0.6,9.1,56.0,0.7,0.3,3.1,0.7,0,0
Sam Bowie,1993,0.0,0.4,13.6,25.0,3.3,1.7,8.9,4.2,0,0
Rod Higgins,1993,0.4,0.7,13.7,36.0,1.2,0.6,5.4,1.6,0,0
Jimmy Oliver,1993,-0.3,0.2,10.1,44.0,0.8,0.5,4.9,0.9,0,0
Doc Rivers,1993,0.5,0.9,12.9,19.0,1.2,1.5,7.5,1.8,0,0
Mark Macon,1993,-0.4,0.4,8.0,42.0,0.8,1.0,3.9,0.5,0,0
James Edwards,1993,-0.6,0.1,9.1,45.0,1.8,0.7,4.7,1.2,0,0
Chris Corchiani,1993,0.0,0.3,10.4,51.0,0.7,0.7,2.3,0.7,0,0
Antoine Carr,1993,0.0,0.5,12.8,34.0,1.7,0.4,5.8,1.1,0,0
Elliot Perry,1993,-0.1,0.4,11.3,27.0,1.0,1.6,3.9,1.0,0,0
Donald Hodge,1993,0.1,0.3,13.1,50.0,1.0,0.6,2.7,1.0,0,0
Jo Jo English,1993,-0.4,0.5,6.3,36.0,0.6,1.0,3.6,1.0,0,0
Will Perdue,1993,-0.2,0.7,9.8,43.0,0.7,1.0,2.7,2.0,0,0
Rumeal Robinson,1993,-0.5,0.3,6.1,31.0,0.9,1.4,4.2,0.8,0,0
Tree Rollins,1993,0.1,0.5,11.4,45.0,0.7,0.3,1.7,1.4,0,0
Danny Schayes,1993,-0.4,0.2,7.4,36.0,0.9,0.6,2.4,1.3,0,0
Ron Anderson,1993,-0.1,0.2,9.9,21.0,1.1,0.5,4.6,1.8,0,0
Randy Woods,1993,0.1,0.2,12.8,40.0,0.9,0.9,3.6,0.4,0,0
Stanley Roberts,1993,-0.3,0.4,8.5,14.0,3.1,1.7,7.4,4.7,0,0
Andre Spencer,1993,0.2,0.3,15.6,28.0,2.8,0.8,5.7,1.5,0,0
Joe Courtney,1993,-0.2,0.2,13.4,52.0,0.9,0.4,3.2,0.5,0,0
John Paxson,1993,0.0,0.3,8.3,27.0,0.1,0.2,2.6,0.6,0,0
Sean Green,1993,-0.5,0.2,7.6,36.0,0.5,0.8,4.1,0.7,0,0
Randy White,1993,-0.1,0.3,11.4,18.0,1.8,1.0,6.4,2.9,0,0
Keith Askins,1993,-0.2,0.4,8.2,37.0,0.3,0.6,2.3,1.3,0,0
Dwayne Schintzius,1993,-0.2,0.5,7.8,30.0,0.6,0.4,2.3,2.1,0,0
Reggie Smith,1993,-0.2,0.4,9.4,43.0,0.9,0.3,1.8,1.4,0,0
John Crotty,1993,0.4,0.3,17.5,45.0,0.8,0.6,2.9,0.4,0,0
Greg Kite,1993,-0.4,0.3,2.2,29.0,0.8,0.6,1.2,1.7,0,0
Mike Gminski,1993,-0.2,0.4,9.9,29.0,0.6,0.4,3.0,1.8,0,0
Terry Davis,1993,-0.1,0.2,9.6,15.0,0.8,0.3,3.7,2.9,0,0
Marcus Liberty,1993,-0.4,0.2,8.0,38.0,1.0,0.6,2.9,0.9,0,0
LaSalle Thompson,1993,-0.3,0.5,6.1,30.0,1.0,0.8,2.3,1.6,0,0
Bill Laimbeer,1993,0.1,0.2,15.6,11.0,1.2,0.9,9.8,4.3,0,0
Randy Breuer,1993,-0.2,0.3,5.4,26.0,0.5,0.3,0.7,1.6,0,0
Rick Mahorn,1993,-0.1,0.2,9.2,28.0,0.7,0.3,2.1,1.4,0,0
Jud Buechler,1993,0.1,0.1,14.9,36.0,0.6,0.3,2.9,0.5,0,0
Anthony Cook,1993,-0.1,0.2,11.3,25.0,1.0,0.5,2.5,1.4,0,0
Isaac Austin,1993,-0.1,0.2,14.1,14.0,1.6,1.2,5.1,3.1,0,0
Jerrod Mustaf,1993,-0.3,0.2,8.9,33.0,0.7,0.3,2.2,1.1,0,0
Kevin Brooks,1993,-0.4,0.1,5.3,34.0,0.3,0.4,2.5,0.5,0,0
Jaren Jackson,1993,-0.1,0.1,9.5,29.0,0.5,0.5,2.8,0.4,0,0
Jim Les,1993,0.1,0.1,12.9,18.0,0.7,0.6,2.5,0.4,0,0
Lester Conner,1993,0.1,0.3,12.0,11.0,0.5,0.8,2.8,1.3,0,0
Alaa Abdelnaby,1993,-0.2,0.1,9.2,13.0,1.9,1.3,4.9,2.6,0,0
Morlon Wiley,1993,-0.1,0.2,4.1,16.0,0.0,1.1,1.3,0.6,0,0
Mark Randall,1993,0.0,0.2,11.2,28.0,1.0,0.4,2.1,0.5,0,0
Steve Scheffler,1993,0.1,0.2,17.7,35.0,0.6,0.2,2.1,0.4,0,0
Gerald Paddio,1993,-0.1,0.1,8.5,18.0,0.9,0.3,2.9,0.6,0,0
Duane Cooper,1993,-0.2,0.0,7.9,23.0,0.7,0.9,2.1,0.3,0,0
Tim Kempton,1993,-0.2,0.1,5.7,13.0,1.2,0.8,3.0,1.1,0,0
Jay Guidinger,1993,-0.1,0.2,10.4,32.0,0.7,0.5,1.5,0.6,0,0
Paul Graham,1993,0.0,0.2,13.1,21.0,0.8,0.2,2.8,0.4,0,0
Litterial Green,1993,-0.1,0.1,13.0,29.0,1.3,0.4,2.5,0.2,0,0
Todd Lichti,1993,0.0,0.1,14.5,13.0,1.9,0.4,4.5,1.1,0,0
Dave Johnson,1993,-0.3,0.1,5.8,17.0,1.2,0.5,2.8,0.4,0,0
Manute Bol,1993,-0.1,0.1,3.1,14.0,0.0,0.4,0.6,1.1,0,0
Jack Haley,1993,-0.2,0.1,12.8,28.0,0.8,0.4,2.1,0.6,0,0
Tony Harris,1993,0.1,0.1,14.9,5.0,5.0,1.2,8.8,1.4,0,0
Chris Dudley,1993,-0.1,0.1,6.8,6.0,0.7,0.3,2.3,1.3,0,0
Rich King,1993,-0.1,0.1,12.9,27.0,0.8,0.3,1.5,0.4,0,0
Corey Gaines,1993,0.2,0.1,23.7,18.0,0.8,0.3,1.8,0.6,0,0
Ben Coleman,1993,-0.1,0.1,11.6,9.0,0.9,0.8,3.1,1.8,0,0
Henry James,1993,-0.1,0.0,12.5,12.0,0.4,0.2,3.4,0.7,0,0
Tod Murphy,1993,0.0,0.0,9.0,9.0,0.7,0.1,1.7,0.7,0,0
Alec Kessler,1993,0.0,0.0,11.8,15.0,0.5,0.3,2.2,0.4,0,0
Sedric Toney,1993,-0.1,0.0,-0.9,12.0,0.2,0.4,0.5,0.2,0,0
Dan O'Sullivan,1993,-0.1,0.0,6.6,13.0,0.9,0.2,1.3,0.6,0,0
Larry Robinson,1993,0.0,0.1,13.0,6.0,1.3,1.7,4.2,1.0,0,0
Stephen Howard,1993,0.0,0.1,19.4,9.0,1.8,0.7,3.4,0.7,0,0
Corey Williams,1993,0.0,0.0,8.0,4.0,0.3,0.5,2.8,1.3,0,0
Eric Anderson,1993,0.0,0.1,15.2,11.0,1.3,0.2,1.9,1.0,0,0
Larry Stewart,1993,0.0,0.0,13.6,3.0,3.3,0.7,4.3,2.0,0,0
Roy Marble,1993,-0.1,0.0,-3.5,5.0,0.6,0.6,0.8,1.0,0,0
Earl Cureton,1993,-0.1,0.0,2.2,2.0,1.0,0.5,2.0,4.0,0,0
Jim Farmer,1993,-0.1,0.0,-3.7,4.0,0.0,1.3,1.0,0.5,0,0
Tito Horford,1993,0.0,0.0,1.8,3.0,0.0,0.3,0.0,0.7,0,0
Greg Foster,1993,0.0,0.0,14.7,3.0,0.7,0.3,3.3,1.0,0,0
Steve Henson,1993,0.0,0.0,9.7,3.0,0.0,0.3,1.0,0.3,0,0
Dave Jamerson,1993,-0.1,0.0,-8.5,5.0,0.6,0.2,0.4,0.8,0,0
John Bagley,1993,0.0,0.0,7.6,3.0,0.7,0.0,0.7,0.3,0,0
Tracy Moore,1993,0.0,0.0,33.0,3.0,0.7,0.0,2.0,0.3,0,0
Chucky Brown,1993,0.0,0.0,10.8,1.0,1.0,0.0,3.0,1.0,0,0
Chuck Nevitt,1993,0.0,0.0,46.0,1.0,6.0,1.0,3.0,0.0,0,0
Vin Baker,1994,1.8,3.1,16.6,82.0,5.3,2.7,17.7,6.8,0,0
Dana Barros,1994,5.8,2.2,20.9,82.0,4.7,3.0,20.6,3.0,0,0
Larry Johnson,1994,3.2,3.6,17.1,81.0,4.4,2.6,18.8,4.9,0,0
Mitch Richmond,1994,3.2,3.1,17.2,82.0,5.4,2.9,22.8,3.5,1,2
Karl Malone,1994,6.0,5.8,25.1,82.0,8.5,2.9,26.7,8.7,1,1
Dikembe Mutombo,1994,2.9,5.2,17.0,82.0,4.6,2.3,11.5,8.7,0,0
Dan Majerle,1994,3.1,1.7,15.1,82.0,3.4,1.3,15.6,3.3,0,0
David Robinson,1994,8.7,6.7,29.1,81.0,10.5,2.9,27.6,7.9,1,1
Mookie Blaylock,1994,5.4,4.8,19.2,80.0,2.7,3.0,17.2,3.5,0,0
Gary Payton,1994,5.2,3.5,21.3,82.0,4.2,2.5,20.6,2.1,1,2
Glen Rice,1994,4.0,2.1,19.7,82.0,4.5,1.9,22.3,3.4,0,0
Scottie Pippen,1994,7.2,6.7,22.6,79.0,5.6,3.4,21.4,5.9,1,1
Avery Johnson,1994,2.4,3.0,15.7,82.0,3.6,2.5,13.4,1.9,0,0
Clarence Weatherspoon,1994,1.1,2.9,15.2,76.0,5.0,2.5,18.1,5.0,0,0
Jamal Mashburn,1994,2.0,1.3,17.3,80.0,7.6,2.9,24.1,2.7,0,0
Loy Vaught,1994,1.0,2.5,17.1,80.0,3.1,2.1,17.5,6.4,0,0
Nick Van Exel,1994,1.9,1.3,16.3,80.0,3.8,2.8,16.9,2.5,0,0
Alonzo Mourning,1994,2.3,5.1,20.1,77.0,8.4,3.1,21.3,7.3,0,0
Shaquille O'Neal,1994,5.7,4.4,28.6,79.0,10.8,2.6,29.3,7.3,1,2
Patrick Ewing,1994,4.1,6.5,21.9,79.0,7.1,3.2,23.9,9.0,0,0
Anfernee Hardaway,1994,4.5,2.5,20.8,77.0,6.0,3.4,20.9,2.6,1,1
Detlef Schrempf,1994,4.7,3.1,20.3,82.0,6.4,2.1,19.2,4.5,1,3
John Stockton,1994,7.9,4.0,23.3,82.0,3.7,3.3,14.7,2.4,1,1
Pooh Richardson,1994,0.2,1.5,12.6,80.0,1.6,2.1,10.9,2.8,0,0
Sean Elliott,1994,2.8,2.9,16.0,81.0,5.0,1.9,18.1,2.8,0,0
Hakeem Olajuwon,1994,5.3,5.6,26.0,72.0,7.5,3.3,27.8,8.4,1,3
Chris Mills,1994,0.7,3.4,11.6,80.0,2.7,1.5,12.3,3.3,0,0
Vlade Divac,1994,4.1,4.2,20.5,80.0,4.8,2.6,16.0,7.1,0,0
Derrick McKey,1994,3.0,3.9,15.0,81.0,3.7,2.1,13.3,3.3,0,0
Dee Brown,1994,2.9,1.8,15.7,79.0,3.5,1.8,15.6,2.4,0,0
Latrell Sprewell,1994,0.5,1.1,14.1,69.0,6.5,3.3,20.6,2.9,0,0
Christian Laettner,1994,2.2,2.6,17.7,81.0,6.2,2.8,16.3,5.5,0,0
Walt Williams,1994,2.7,3.4,15.0,77.0,4.7,3.2,16.4,3.2,0,0
Hersey Hawkins,1994,3.1,3.4,16.3,82.0,3.7,1.8,14.3,3.1,0,0
Clyde Drexler,1994,5.9,3.7,22.4,76.0,5.8,2.4,21.8,4.3,1,3
John Starks,1994,2.2,3.4,13.8,80.0,2.9,2.0,15.3,2.3,0,0
Clifford Robinson,1994,3.8,3.3,18.3,75.0,5.1,2.1,21.3,3.6,0,0
Todd Day,1994,1.3,1.9,14.4,82.0,4.2,1.9,16.0,2.8,0,0
Derek Harper,1994,1.5,3.1,12.6,80.0,2.4,1.9,11.5,2.0,0,0
Jeff Hornacek,1994,3.9,2.9,18.6,81.0,4.0,1.8,16.5,1.9,0,0
Horace Grant,1994,2.7,3.5,16.9,74.0,2.9,1.1,12.8,6.6,0,0
Kenny Anderson,1994,2.8,2.0,18.0,72.0,5.8,3.1,17.6,2.5,0,0
A.C. Green,1994,1.3,2.1,14.2,82.0,4.2,1.4,11.2,5.8,0,0
Shawn Kemp,1994,2.5,4.7,21.7,82.0,7.1,3.2,18.7,7.0,1,2
Reggie Miller,1994,4.9,2.8,20.1,81.0,5.3,1.9,19.6,2.2,1,3
Steve Smith,1994,2.1,2.4,16.1,80.0,4.6,1.9,16.3,2.2,0,0
Calbert Cheaney,1994,0.6,1.1,14.2,78.0,2.7,1.9,16.6,2.8,0,0
Isaiah Rider,1994,1.0,0.4,15.6,75.0,4.5,3.1,20.4,2.1,0,0
Hot Rod Williams,1994,1.9,4.4,14.6,74.0,3.9,2.0,12.6,4.5,0,0
Grant Long,1994,0.9,4.2,14.4,81.0,4.0,1.9,11.6,5.1,0,0
Muggsy Bogues,1994,2.3,2.8,16.9,78.0,2.3,1.7,11.1,2.6,0,0
Nick Anderson,1994,3.9,2.6,17.5,76.0,2.7,1.9,15.8,3.3,0,0
Toni Kukoč,1994,4.1,3.6,19.8,81.0,3.9,2.0,15.7,3.5,0,0
B.J. Armstrong,1994,1.9,2.8,15.1,82.0,2.8,1.3,14.0,2.0,0,0
Tom Gugliotta,1994,2.2,2.7,15.2,77.0,3.3,2.5,12.7,5.3,0,0
Joe Dumars,1994,-0.3,-0.1,13.9,67.0,5.1,3.3,18.1,1.7,0,0
Olden Polynice,1994,0.8,3.4,14.7,81.0,2.4,1.4,10.8,5.5,0,0
Terry Mills,1994,0.5,1.5,14.7,72.0,3.0,2.0,15.5,6.0,0,0
Bobby Phills,1994,0.6,3.6,12.2,80.0,2.9,1.4,11.0,2.2,0,0
Anthony Mason,1994,2.5,4.4,14.9,77.0,3.9,1.6,9.9,6.1,0,0
Armen Gilliam,1994,1.7,3.0,18.1,82.0,4.8,1.9,14.8,5.1,0,0
P.J. Brown,1994,0.9,2.9,12.1,80.0,2.6,1.0,8.1,3.9,0,0
Spud Webb,1994,1.1,2.0,13.7,76.0,3.2,2.4,11.6,1.9,0,0
Dominique Wilkins,1994,1.3,1.3,16.3,77.0,4.4,2.2,17.8,3.2,0,0
Buck Williams,1994,0.7,3.6,13.6,82.0,2.5,1.5,9.2,5.1,0,0
Sean Rooks,1994,-0.6,1.1,12.6,80.0,4.8,1.8,10.9,4.0,0,0
Mark Jackson,1994,1.9,3.1,14.0,82.0,1.9,2.6,7.6,2.8,0,0
Tyrone Hill,1994,0.4,4.2,16.8,70.0,5.7,2.2,13.8,7.1,0,0
Kevin Willis,1994,-0.4,2.8,16.1,67.0,4.4,2.4,17.2,7.5,0,0
Popeye Jones,1994,-0.3,2.2,13.8,80.0,1.6,1.6,10.3,6.4,0,0
Lorenzo Williams,1994,0.2,2.7,10.3,82.0,1.2,1.3,4.0,4.9,0,0
Charles Barkley,1994,5.0,3.3,25.2,68.0,7.5,2.2,23.0,8.1,1,2
Rik Smits,1994,1.4,3.5,19.5,78.0,4.8,2.4,17.9,5.2,0,0
Shawn Bradley,1994,0.3,3.6,14.8,82.0,2.8,1.7,9.5,5.1,0,0
Stacey Augmon,1994,1.6,3.2,16.0,76.0,4.6,2.0,13.9,2.8,0,0
Vinny Del Negro,1994,1.6,2.2,13.8,75.0,2.2,0.7,12.5,2.2,0,0
Sam Perkins,1994,2.9,2.6,16.2,82.0,3.3,0.9,12.7,3.7,0,0
Dale Davis,1994,1.7,4.3,16.1,74.0,3.5,1.7,10.6,5.9,0,0
Andrew Lang,1994,0.0,3.4,13.1,82.0,2.3,1.3,9.7,3.7,0,0
Bryant Stith,1994,1.2,1.8,14.4,81.0,4.0,1.4,11.2,2.1,0,0
Doug West,1994,-0.8,0.6,11.6,71.0,3.5,1.8,12.9,2.4,0,0
Tim Hardaway,1994,2.7,0.7,18.3,62.0,4.6,3.5,20.1,2.3,0,0
Billy Owens,1994,1.2,2.1,15.6,70.0,4.5,2.9,14.3,4.3,0,0
Rod Strickland,1994,4.2,3.2,21.6,64.0,5.9,3.3,18.9,3.8,0,0
Chris Dudley,1994,-0.6,3.7,10.9,82.0,2.2,1.0,5.5,5.4,0,0
Bimbo Coles,1994,0.3,1.6,12.5,68.0,2.6,2.3,10.0,2.1,0,0
Reggie Williams,1994,2.5,2.7,16.9,74.0,2.4,1.7,13.4,3.2,0,0
Eric Murdock,1994,1.9,1.6,17.3,75.0,3.6,2.6,13.0,2.2,0,0
Charles Smith,1994,0.6,3.1,13.9,76.0,4.2,1.9,12.7,2.4,0,0
Dino Radja,1994,1.1,2.5,17.9,66.0,4.7,2.4,17.2,6.4,0,0
Rodney Rogers,1994,1.1,2.4,15.2,80.0,3.4,2.2,12.2,3.2,0,0
Chris Morris,1994,1.8,2.2,15.5,71.0,2.7,1.6,13.4,3.1,0,0
Tony Massenburg,1994,-1.0,1.4,11.7,80.0,2.9,1.5,9.3,3.7,0,0
Kendall Gill,1994,1.4,2.6,15.2,73.0,2.9,1.9,13.7,2.6,0,0
Derrick Coleman,1994,1.8,2.7,19.0,56.0,8.8,3.1,20.5,7.6,0,0
Otis Thorpe,1994,0.8,2.4,16.4,70.0,4.0,1.9,13.4,5.1,0,0
Mahmoud Abdul-Rauf,1994,1.7,1.3,17.8,73.0,2.1,1.6,16.0,1.4,0,0
Scott Skiles,1994,1.3,0.7,15.7,62.0,3.3,2.8,13.0,2.1,0,0
Elden Campbell,1994,0.2,2.3,15.4,73.0,4.0,1.3,12.5,3.8,0,0
Robert Horry,1994,2.1,2.6,13.5,64.0,1.8,1.9,10.2,3.8,0,0
Nate McMillan,1994,2.9,3.6,13.1,80.0,0.7,1.6,5.2,3.0,0,0
Chris Webber,1994,2.9,2.2,20.1,54.0,4.3,3.1,20.1,5.9,0,0
Marty Conlon,1994,-0.2,1.2,13.6,82.0,2.4,1.5,9.9,3.2,0,0
Sherman Douglas,1994,1.7,1.0,17.0,65.0,4.6,2.5,14.7,1.9,0,0
Michael Cage,1994,1.1,3.7,13.5,82.0,1.1,0.7,5.0,4.4,0,0
Vernon Maxwell,1994,0.2,1.6,11.9,64.0,2.3,2.1,13.3,2.3,0,0
Chuck Person,1994,0.8,2.1,11.5,81.0,1.3,1.3,10.8,2.6,0,0
Kenny Smith,1994,2.1,1.4,16.2,81.0,1.8,1.5,10.4,1.6,0,0
Cedric Ceballos,1994,1.5,1.7,19.9,58.0,5.0,2.5,21.7,5.1,0,0
Scott Burrell,1994,2.1,2.9,15.0,65.0,2.2,1.3,11.5,4.2,0,0
Dale Ellis,1994,0.2,1.0,12.9,81.0,1.6,1.0,11.3,2.0,0,0
Allan Houston,1994,1.4,0.3,16.4,76.0,2.3,1.5,14.5,1.8,0,0
Jim Jackson,1994,2.0,0.6,18.9,51.0,7.5,3.1,25.7,2.7,0,0
Elliot Perry,1994,2.1,1.9,17.3,82.0,2.4,2.0,9.7,1.2,0,0
Terrell Brandon,1994,2.8,3.0,18.7,67.0,2.8,2.1,13.3,2.3,0,0
John Salley,1994,0.4,1.7,11.4,75.0,2.8,1.3,7.3,3.0,0,0
Winston Garland,1994,-0.3,0.6,10.1,73.0,1.5,1.4,6.1,1.6,0,0
Johnny Newman,1994,-0.3,0.8,10.4,82.0,2.1,1.0,7.7,1.2,0,0
Mario Elie,1994,1.0,1.4,13.7,81.0,2.1,1.3,8.8,1.8,0,0
Sam Cassell,1994,1.1,2.0,15.9,82.0,3.1,2.0,9.5,2.1,0,0
Ken Norman,1994,0.4,2.2,14.8,74.0,1.9,1.3,12.7,3.5,0,0
David Benoit,1994,0.8,2.4,13.9,71.0,2.2,1.1,10.4,3.8,0,0
Donald Royal,1994,0.1,1.4,12.2,70.0,4.3,1.8,9.1,2.8,0,0
Steve Kerr,1994,1.4,1.7,13.5,82.0,1.0,0.6,8.2,1.2,0,0
Brian Shaw,1994,-0.1,1.8,10.4,78.0,1.2,2.4,6.4,2.4,0,0
Scott Williams,1994,-0.1,2.2,12.6,77.0,1.4,1.1,6.4,4.1,0,0
Rafael Addison,1994,-0.6,0.6,11.3,79.0,1.3,1.0,8.3,2.2,0,0
Terry Dehere,1994,-0.9,0.4,11.8,80.0,3.7,2.0,10.4,1.5,0,0
Harvey Grant,1994,0.8,2.2,13.2,75.0,1.9,0.8,9.1,2.4,0,0
Lee Mayberry,1994,-0.3,0.4,9.9,82.0,1.0,1.3,5.8,0.7,0,0
Keith Jennings,1994,1.3,0.9,15.3,80.0,1.9,1.5,7.4,1.5,0,0
Vincent Askew,1994,0.8,1.3,13.6,71.0,3.4,1.2,9.9,1.6,0,0
Gheorghe Mureșan,1994,0.5,2.1,17.4,73.0,2.4,1.6,10.0,4.2,0,0
Dell Curry,1994,1.5,1.7,15.5,69.0,1.6,1.4,13.6,1.8,0,0
Matt Geiger,1994,-0.3,1.7,12.9,74.0,1.9,1.5,8.3,3.6,0,0
Doug Overton,1994,-0.3,0.6,11.6,82.0,1.5,1.3,7.0,1.4,0,0
Hubert Davis,1994,1.8,1.7,14.7,82.0,1.5,1.1,10.0,1.0,0,0
Lucious Harris,1994,1.3,1.0,15.1,79.0,2.2,1.0,9.5,1.7,0,0
Antoine Carr,1994,0.2,1.9,13.9,78.0,2.6,1.1,9.6,2.4,0,0
Bo Outlaw,1994,1.0,2.2,13.3,81.0,2.3,1.0,5.2,2.4,0,0
Malik Sealy,1994,0.3,1.0,14.7,60.0,3.7,1.4,13.0,2.3,0,0
Benoit Benjamin,1994,-0.3,2.1,13.9,61.0,2.9,2.0,11.1,5.7,0,0
Will Perdue,1994,0.3,2.7,16.3,78.0,2.5,1.5,8.0,4.0,0,0
Dennis Rodman,1994,1.5,3.2,16.6,49.0,2.3,2.0,7.1,11.2,1,3
Charles Oakley,1994,1.0,2.9,14.3,50.0,3.0,2.1,10.1,5.8,0,0
J.R. Reid,1994,0.1,2.5,12.7,81.0,2.9,1.4,7.0,3.4,0,0
Willie Burton,1994,0.4,0.6,13.9,53.0,5.0,2.3,15.3,2.2,0,0
Anthony Peeler,1994,0.1,0.8,13.8,73.0,1.8,1.1,10.4,1.5,0,0
Oliver Miller,1994,0.8,1.9,16.9,64.0,1.9,1.8,8.5,4.9,0,0
Mitchell Butler,1994,-0.6,0.8,10.0,76.0,2.4,1.4,7.9,1.7,0,0
Mark West,1994,-0.8,1.1,12.8,67.0,2.1,1.3,7.5,3.7,0,0
James Robinson,1994,-0.1,1.5,10.5,71.0,1.5,1.8,9.2,1.3,0,0
Ron Harper,1994,0.6,2.6,12.2,77.0,1.7,1.3,6.9,1.7,0,0
Byron Scott,1994,1.3,1.9,15.8,80.0,2.8,1.5,10.0,1.7,0,0
Danny Manning,1994,1.1,1.2,18.1,46.0,4.4,2.6,17.9,3.9,0,0
Dennis Scott,1994,1.7,1.1,16.3,62.0,1.8,0.9,12.9,2.0,0,0
Chris Gatling,1994,0.8,1.4,19.5,58.0,4.3,2.0,13.7,5.2,0,0
Rex Chapman,1994,1.0,0.8,15.3,45.0,3.5,1.4,16.2,2.0,0,0
Rex Walters,1994,-0.3,0.8,10.2,80.0,0.7,0.9,6.5,0.9,0,0
Xavier McDaniel,1994,-0.1,1.0,12.8,68.0,1.8,1.3,8.6,3.0,0,0
Tyrone Corbin,1994,-0.1,2.0,12.0,81.0,1.4,0.9,6.2,2.0,0,0
Sedale Threatt,1994,0.9,0.9,15.8,59.0,1.9,1.2,9.5,1.7,0,0
David Wesley,1994,0.9,1.1,12.9,51.0,1.8,1.7,7.4,1.7,0,0
Sam Mitchell,1994,0.3,1.7,13.4,81.0,2.1,0.7,6.5,1.8,0,0
Mark Price,1994,2.4,1.4,20.6,48.0,3.4,3.0,15.8,1.8,0,0
Danny Ainge,1994,0.8,0.6,14.3,74.0,1.8,1.1,7.7,1.1,0,0
Roy Tarpley,1994,0.5,1.9,17.8,55.0,2.2,2.0,12.6,5.6,0,0
Robert Parish,1994,-0.6,2.0,10.1,81.0,1.2,0.8,4.8,3.2,0,0
Kevin Johnson,1994,1.9,0.7,21.0,47.0,6.1,2.2,15.5,1.8,0,0
Pete Chilcutt,1994,-0.1,1.4,11.0,68.0,0.6,0.9,5.3,3.1,0,0
Derek Strong,1994,-0.3,1.1,12.5,70.0,2.5,1.1,6.3,3.4,0,0
David Wood,1994,-0.4,0.5,10.3,78.0,1.5,0.7,5.5,2.0,0,0
Carl Herrera,1994,-0.3,1.5,11.7,61.0,1.9,1.2,6.8,3.0,0,0
Danny Ferry,1994,1.5,1.5,16.0,82.0,1.0,0.7,7.5,1.4,0,0
Wayman Tisdale,1994,-0.7,0.9,13.8,65.0,1.9,1.0,10.0,2.5,0,0
Terry Cummings,1994,-0.5,1.9,13.3,76.0,1.6,1.3,6.8,3.2,0,0
Adam Keefe,1994,0.5,1.7,15.1,75.0,2.3,0.8,6.1,2.6,0,0
Pete Myers,1994,-0.1,1.7,9.1,71.0,1.6,1.2,4.5,1.2,0,0
Anthony Bowie,1994,0.0,1.0,11.7,77.0,0.9,1.1,5.5,1.1,0,0
Bison Dele,1994,0.0,1.5,13.9,63.0,2.6,1.8,7.9,3.2,0,0
Tom Chambers,1994,-0.1,1.4,12.5,81.0,1.7,0.6,6.2,1.8,0,0
Victor Alexander,1994,-0.3,0.8,12.8,50.0,1.2,1.5,10.0,4.1,0,0
Sam Bowie,1994,-0.1,1.4,10.4,67.0,1.3,1.4,4.6,3.2,0,0
Kevin Gamble,1994,1.1,0.9,16.3,77.0,1.4,0.6,7.4,1.2,0,0
Šarūnas Marčiulionis,1994,0.3,1.2,14.2,66.0,3.0,1.5,9.3,0.8,0,0
Johnny Dawkins,1994,0.0,0.3,12.2,50.0,1.1,1.7,6.5,1.7,0,0
Craig Ehlo,1994,0.7,1.4,13.9,49.0,1.4,1.5,9.7,1.9,0,0
Robert Pack,1994,0.9,1.1,16.9,42.0,4.2,3.2,12.1,2.2,0,0
Greg Foster,1994,-0.9,0.9,10.1,78.0,1.4,0.9,4.9,2.2,0,0
Jerome Kersey,1994,0.3,1.9,14.5,63.0,2.0,1.0,8.1,2.6,0,0
Tony Campbell,1994,-0.1,1.4,12.9,78.0,2.0,0.8,6.0,1.2,0,0
Anthony Bonner,1994,0.1,2.0,9.4,58.0,1.2,1.4,3.8,2.6,0,0
Blue Edwards,1994,-0.1,1.0,11.6,67.0,1.3,1.2,6.9,1.2,0,0
Bobby Hurley,1994,-0.7,0.8,7.7,68.0,1.1,1.6,4.2,0.8,0,0
Jeff Grayer,1994,-0.5,0.5,10.6,47.0,1.8,1.2,8.3,1.9,0,0
Randy Brown,1994,0.6,1.9,11.8,67.0,1.2,1.2,4.7,1.3,0,0
Pervis Ellison,1994,-0.2,1.1,13.3,55.0,1.8,1.4,6.8,3.4,0,0
Chris Smith,1994,0.2,0.3,11.2,64.0,1.0,0.8,5.0,0.9,0,0
Anthony Avent,1994,-0.5,1.5,9.8,71.0,1.1,0.7,3.6,2.8,0,0
Lionel Simmons,1994,0.0,1.3,10.0,58.0,1.4,1.2,5.6,2.3,0,0
Don MacLean,1994,-0.6,0.3,11.7,39.0,3.5,1.1,11.0,3.1,0,0
Rick Fox,1994,1.0,0.9,16.8,53.0,2.3,1.5,8.8,1.8,0,0
Rony Seikaly,1994,-0.2,0.8,12.7,36.0,4.4,2.9,12.1,5.3,0,0
Antonio Davis,1994,-0.2,1.5,11.9,44.0,4.0,1.5,7.6,4.0,0,0
Haywoode Workman,1994,0.7,1.5,12.1,69.0,1.1,1.1,4.2,1.3,0,0
Tony Smith,1994,-0.1,0.7,11.0,61.0,1.0,0.8,5.6,1.0,0,0
John Crotty,1994,0.4,1.0,12.2,80.0,1.5,0.9,3.7,0.9,0,0
Luc Longley,1994,-0.4,1.8,12.3,55.0,1.9,1.6,6.5,3.3,0,0
Doc Rivers,1994,0.8,1.7,12.2,63.0,1.3,1.0,5.1,1.5,0,0
Jayson Williams,1994,-0.3,1.6,16.2,75.0,1.6,0.8,4.8,3.3,0,0
Joe Kleine,1994,-0.7,0.8,9.8,75.0,0.7,0.5,3.7,2.4,0,0
Bill Wennington,1994,-0.5,1.3,11.6,73.0,0.9,0.5,5.0,1.7,0,0
Tom Hammonds,1994,0.0,0.9,14.7,70.0,2.5,0.8,5.9,2.4,0,0
George Lynch,1994,0.0,1.0,12.4,56.0,1.5,1.3,6.1,1.9,0,0
Lindsey Hunter,1994,-0.4,0.4,10.5,42.0,1.3,1.9,7.5,1.2,0,0
Jon Koncak,1994,0.3,1.8,9.5,62.0,0.4,0.3,2.9,2.6,0,0
Greg Anthony,1994,1.1,1.4,15.0,61.0,1.2,0.9,6.1,0.9,0,0
Ervin Johnson,1994,-0.5,1.5,9.6,64.0,0.7,0.8,3.1,2.9,0,0
Felton Spencer,1994,-0.3,1.3,12.3,34.0,4.0,2.0,9.3,5.0,0,0
Ledell Eackles,1994,-0.2,0.4,12.1,54.0,2.3,1.0,7.3,1.1,0,0
Chris Mullin,1994,0.9,0.5,17.7,25.0,4.3,3.7,19.0,3.6,0,0
Corie Blount,1994,-0.1,1.5,11.7,68.0,1.0,0.9,3.5,2.0,0,0
Harold Miner,1994,-0.8,0.4,8.5,45.0,2.1,1.7,7.3,1.8,0,0
Bryon Russell,1994,0.2,1.3,11.0,63.0,1.5,0.7,4.5,1.5,0,0
Keith Askins,1994,0.4,0.9,12.3,50.0,1.1,0.5,4.6,2.2,0,0
Pat Durham,1994,0.2,0.5,12.2,59.0,1.6,0.8,5.1,1.0,0,0
Ed Pinckney,1994,0.3,0.9,10.9,62.0,1.0,0.4,2.3,2.4,0,0
Sleepy Floyd,1994,-0.9,0.4,6.3,48.0,0.9,1.1,4.1,1.0,0,0
Doug Smith,1994,-0.3,0.8,11.0,63.0,1.2,0.6,5.1,1.6,0,0
Danny Schayes,1994,0.1,0.9,13.2,69.0,1.0,0.9,4.4,2.2,0,0
Duane Causwell,1994,0.1,1.3,11.4,58.0,1.7,0.6,3.6,2.0,0,0
Kevin Duckworth,1994,-0.7,0.7,9.9,40.0,1.8,1.5,7.1,3.3,0,0
Chucky Brown,1994,-0.1,0.8,12.4,41.0,1.5,0.7,6.1,3.0,0,0
Scott Brooks,1994,0.4,0.5,14.9,59.0,1.3,0.8,5.8,0.9,0,0
George McCloud,1994,0.7,0.4,17.0,42.0,2.3,1.0,9.6,1.5,0,0
Stacey King,1994,-0.8,0.6,9.5,50.0,2.0,1.3,5.3,2.2,0,0
Alton Lister,1994,-0.3,1.0,10.2,60.0,1.2,0.6,2.8,2.8,0,0
Greg Graham,1994,-0.4,0.4,9.5,50.0,1.5,1.0,5.0,0.9,0,0
Terry Porter,1994,0.5,0.8,13.7,35.0,2.3,1.7,8.9,1.8,0,0
Steve Colter,1994,0.2,1.0,11.3,57.0,1.2,0.6,3.4,0.8,0,0
Herb Williams,1994,-0.2,1.3,7.7,56.0,0.7,0.7,3.3,1.9,0,0
Sean Higgins,1994,-0.8,0.4,7.1,57.0,0.7,0.6,4.7,0.9,0,0
Brad Lohaus,1994,0.6,0.6,12.7,61.0,0.2,0.5,4.4,1.2,0,0
Mark Macon,1994,0.0,0.7,12.5,55.0,1.2,0.7,5.0,0.9,0,0
Negele Knight,1994,-0.4,0.1,9.3,47.0,0.5,1.0,4.2,0.9,0,0
Greg Sutton,1994,-0.1,0.8,10.6,53.0,0.8,1.0,5.0,0.9,0,0
Vern Fleming,1994,0.4,0.9,14.6,55.0,1.6,0.8,4.6,1.2,0,0
Ricky Pierce,1994,0.2,0.2,15.1,27.0,3.9,0.9,12.5,1.9,0,0
Michael Jordan,1994,1.1,1.1,22.1,17.0,8.0,2.1,26.9,5.4,0,0
Jeff Malone,1994,0.2,0.2,15.9,19.0,3.1,1.5,18.4,2.3,0,0
Mark Bryant,1994,0.1,1.0,13.2,49.0,1.3,0.8,5.0,2.2,0,0
Harold Ellis,1994,0.4,0.8,14.4,69.0,1.7,0.7,3.7,0.5,0,0
Donald Hodge,1994,-0.5,0.4,8.5,54.0,0.9,0.7,3.9,1.5,0,0
Rick Mahorn,1994,-0.3,0.7,11.8,58.0,0.8,0.6,3.4,2.0,0,0
Eric Leckner,1994,-0.6,0.5,12.2,57.0,1.3,0.7,3.9,2.2,0,0
Greg Anderson,1994,0.0,1.3,12.6,51.0,1.4,0.6,2.9,2.5,0,0
James Donaldson,1994,0.1,0.7,7.9,43.0,0.7,0.5,2.6,2.0,0,0
Duane Ferrell,1994,0.1,0.7,12.5,56.0,1.5,0.8,4.1,0.7,0,0
Jud Buechler,1994,0.4,0.9,13.8,57.0,0.7,0.5,3.8,1.1,0,0
Lloyd Daniels,1994,-0.2,0.3,9.7,30.0,0.9,1.0,6.9,1.1,0,0
Jon Barry,1994,0.2,0.4,12.6,52.0,1.5,0.8,3.7,0.7,0,0
Joe Wolf,1994,-0.3,0.7,6.8,63.0,0.3,0.3,1.4,1.5,0,0
Terry Davis,1994,-0.6,0.4,8.1,46.0,1.4,0.7,3.0,2.0,0,0
Jeff Turner,1994,-0.2,0.5,9.6,49.0,0.6,0.4,4.1,1.5,0,0
Antonio Harvey,1994,-0.3,0.6,10.3,59.0,0.8,0.4,3.0,1.1,0,0
Willie Anderson,1994,0.1,0.7,10.3,38.0,1.1,1.0,4.9,1.1,0,0
Tracy Murray,1994,-0.3,0.4,10.8,54.0,0.8,0.6,4.8,0.7,0,0
David Wingate,1994,-0.1,0.6,8.1,52.0,0.5,0.5,2.3,0.9,0,0
Alaa Abdelnaby,1994,-0.3,0.7,12.6,54.0,0.6,0.8,4.7,1.4,0,0
Randy Woods,1994,0.0,0.5,10.9,62.0,0.6,0.9,2.0,0.5,0,0
Greg Dreiling,1994,-0.5,0.8,7.8,58.0,0.7,0.4,1.9,1.4,0,0
Tree Rollins,1994,-0.1,0.6,7.0,51.0,0.6,0.5,1.2,1.3,0,0
Gary Grant,1994,0.0,0.3,15.1,33.0,1.7,1.3,6.2,0.8,0,0
Cliff Levingston,1994,-0.2,0.6,10.5,57.0,0.8,0.4,2.3,1.3,0,0
Kevin Edwards,1994,0.0,0.4,11.7,14.0,3.0,2.5,14.0,1.9,0,0
LaSalle Thompson,1994,-0.4,0.7,6.8,38.0,0.4,0.9,2.9,1.6,0,0
Tim Perry,1994,-0.4,0.3,6.4,42.0,1.0,0.5,1.8,1.2,0,0
Michael Adams,1994,0.6,0.5,17.7,29.0,1.0,0.9,6.5,0.8,0,0
Eric Riley,1994,-0.2,0.5,14.7,40.0,1.6,0.8,4.4,1.7,0,0
Bill Cartwright,1994,-0.5,0.4,4.0,29.0,0.8,0.6,2.4,2.1,0,0
Morlon Wiley,1994,0.4,0.4,13.8,43.0,0.2,0.5,3.2,0.9,0,0
Kenny Gattison,1994,-0.3,0.5,9.2,21.0,2.4,1.0,6.0,2.6,0,0
John Williams,1994,-0.4,0.4,4.2,34.0,0.7,1.0,2.9,1.1,0,0
Steve Henson,1994,0.1,0.3,12.1,37.0,0.7,0.8,3.2,0.6,0,0
Tim Legler,1994,0.3,0.1,15.9,24.0,1.4,0.8,7.3,1.2,0,0
Elmore Spencer,1994,-0.3,0.4,7.7,19.0,2.6,2.5,6.9,2.8,0,0
Larry Stewart,1994,0.0,0.3,11.5,40.0,0.8,0.4,2.6,1.0,0,0
Dwayne Schintzius,1994,-0.3,0.4,8.2,43.0,0.3,0.4,2.0,1.2,0,0
Ennis Whatley,1994,0.1,0.4,12.4,27.0,1.2,0.7,2.6,0.8,0,0
Walter Bond,1994,0.0,0.2,10.3,23.0,0.9,0.7,4.7,1.0,0,0
Larry Krystkowiak,1994,-0.1,0.4,9.5,19.0,1.6,1.3,4.4,2.1,0,0
John Battle,1994,-0.1,0.3,10.8,28.0,0.9,0.6,4.1,0.3,0,0
Corey Gaines,1994,-0.1,0.1,7.2,11.0,1.0,1.3,5.0,1.5,0,0
James Edwards,1994,-0.3,0.3,5.4,28.0,0.6,0.5,2.7,1.2,0,0
Kenny Walker,1994,-0.3,0.1,6.6,24.0,1.2,0.6,2.4,1.2,0,0
Byron Houston,1994,-0.2,0.4,13.8,39.0,1.0,0.5,3.4,0.9,0,0
Jaren Jackson,1994,-0.1,0.2,8.7,21.0,1.1,0.8,3.3,1.1,0,0
Charles Shackleford,1994,0.1,0.3,16.6,21.0,1.0,0.4,4.5,2.4,0,0
Fred Roberts,1994,-0.1,0.3,11.6,21.0,1.2,0.3,3.8,1.0,0,0
Mike Brown,1994,-0.4,0.2,1.8,27.0,1.0,0.6,1.3,1.3,0,0
Doug Edwards,1994,-0.2,0.3,10.1,38.0,0.8,0.6,1.8,0.8,0,0
Acie Earl,1994,-0.4,0.2,6.6,30.0,1.0,0.5,2.2,0.9,0,0
Jay Humphries,1994,-0.3,0.2,-0.9,18.0,0.2,0.9,1.1,0.5,0,0
Kurt Rambis,1994,0.0,0.2,9.4,26.0,0.5,0.3,1.7,0.9,0,0
Kevin Pritchard,1994,-0.1,0.0,8.1,19.0,1.1,0.6,2.3,0.6,0,0
Jim Les,1994,-0.1,0.2,9.7,24.0,1.1,0.9,2.1,0.8,0,0
Chris Whitney,1994,-0.3,0.1,3.0,25.0,0.4,0.7,1.7,0.4,0,0
Andrés Guibert,1994,-0.2,0.2,8.3,17.0,1.1,0.7,2.6,1.7,0,0
Richard Dumas,1994,0.0,0.1,15.4,15.0,1.1,0.6,5.5,0.7,0,0
Greg Grant,1994,-0.1,0.1,9.1,14.0,0.9,1.0,2.2,0.5,0,0
Henry Turner,1994,-0.1,0.2,12.6,30.0,1.2,0.4,2.3,0.4,0,0
Moses Malone,1994,0.0,0.2,12.1,17.0,1.9,0.6,2.9,1.5,0,0
Trevor Wilson,1994,0.1,0.2,12.8,15.0,0.9,0.4,3.1,1.1,0,0
Jo Jo English,1994,0.0,0.2,7.7,8.0,1.6,0.8,5.4,0.3,0,0
Jack Haley,1994,-0.2,0.2,11.9,31.0,1.0,0.4,2.4,0.6,0,0
Steve Scheffler,1994,0.1,0.1,16.1,18.0,1.0,0.2,2.2,0.8,0,0
Alphonso Ford,1994,-0.2,0.0,0.4,5.0,0.4,1.6,3.8,2.4,0,0
Randolph Keys,1994,-0.1,0.1,5.0,6.0,0.3,0.3,3.3,1.8,0,0
Manute Bol,1994,0.1,0.1,9.5,5.0,0.0,0.2,3.0,2.2,0,0
Doug Christie,1994,-0.2,0.1,-3.7,12.0,0.4,1.1,1.3,0.8,0,0
Danny Young,1994,0.1,0.0,14.3,7.0,0.1,0.6,3.4,0.6,0,0
Greg Kite,1994,-0.3,0.1,-3.2,11.0,0.9,0.5,0.7,0.9,0,0
Doug Lee,1994,0.1,0.1,18.1,22.0,1.0,0.2,2.0,0.2,0,0
Aaron Williams,1994,-0.1,0.1,7.0,15.0,0.8,0.5,1.6,0.9,0,0
LaPhonso Ellis,1994,0.0,0.1,13.1,6.0,1.0,0.8,4.0,1.7,0,0
Tom Tolbert,1994,-0.1,0.1,5.6,10.0,0.2,0.3,1.4,1.0,0,0
Rod Higgins,1994,0.0,0.0,6.1,5.0,0.8,0.2,2.0,0.6,0,0
Tony Bennett,1994,-0.1,0.0,5.2,3.0,0.0,1.0,4.7,0.7,0,0
Brian Oliver,1994,0.0,0.0,6.9,6.0,1.3,0.5,2.3,0.7,0,0
Mark Randall,1994,-0.1,0.0,4.4,8.0,0.0,0.1,0.8,1.0,0,0
Charles Jones,1994,0.0,0.0,2.6,3.0,0.7,0.0,1.0,1.7,0,0
Adrian Caldwell,1994,0.0,0.1,4.4,7.0,0.9,0.1,0.7,1.3,0,0
Corey Crowder,1994,-0.1,0.0,-2.5,7.0,0.9,0.3,0.9,0.3,0,0
Gerald Madkins,1994,0.0,0.0,5.1,7.0,0.6,0.4,1.1,0.0,0,0
Micheal Williams,1994,0.0,0.0,5.2,1.0,5.0,3.0,6.0,1.0,0,0
Mike Peplowski,1994,0.0,0.0,15.2,6.0,0.3,0.3,1.8,0.3,0,0
Tony Harris,1994,0.0,0.0,17.6,3.0,3.0,0.3,4.7,0.0,0,0
Bob Martin,1994,0.0,0.0,3.3,1.0,0.0,0.0,2.0,0.0,0,0
Tony Dawson,1994,0.0,0.0,5.9,2.0,0.5,1.0,4.0,1.5,0,0
Tate George,1994,0.0,0.0,2.0,3.0,0.7,0.7,1.3,0.0,0,0
Ron Grandison,1994,0.0,0.0,18.3,2.0,0.0,0.0,1.0,1.0,0,0
Darnell Mee,1994,0.0,0.0,15.3,2.0,0.0,0.0,1.5,0.5,0,0
Keith Tower,1994,0.0,0.0,-6.2,3.0,0.7,0.3,0.3,0.7,0,0
Geert Hammink,1994,0.0,0.0,20.1,1.0,2.0,0.0,4.0,2.0,0,0
Rich King,1994,0.0,0.0,-19.8,2.0,1.0,0.0,0.0,0.0,0,0
Lester Conner,1994,0.0,0.0,18.0,2.0,1.0,0.0,1.0,0.0,0,0
Anthony Mason,1995,3.4,5.0,15.8,82.0,5.0,2.6,14.6,6.6,0,0
Vin Baker,1995,1.8,2.4,18.4,82.0,5.8,2.6,21.1,6.6,0,0
Juwan Howard,1995,1.3,3.1,17.0,81.0,5.3,3.7,22.1,5.8,1,3
Larry Johnson,1995,3.9,1.3,19.8,81.0,7.0,2.2,20.5,5.4,0,0
Grant Hill,1995,5.6,5.7,20.9,80.0,8.1,3.3,20.2,8.2,1,2
Glenn Robinson,1995,1.6,1.7,15.9,82.0,4.7,3.4,20.2,4.5,0,0
Gary Payton,1995,5.2,5.6,19.6,81.0,3.8,3.2,19.3,2.9,1,2
Glen Rice,1995,2.7,1.2,17.8,79.0,4.8,2.1,21.6,3.7,0,0
Karl Malone,1995,7.1,5.3,26.0,82.0,8.6,2.4,25.7,7.7,1,1
Clarence Weatherspoon,1995,1.4,2.4,17.1,78.0,5.5,2.3,16.7,6.6,0,0
Michael Jordan,1995,9.8,6.2,29.4,82.0,8.0,2.4,30.4,4.8,1,1
Avery Johnson,1995,2.9,3.5,16.3,82.0,3.2,2.4,13.1,2.1,0,0
Allan Houston,1995,2.3,3.0,15.7,82.0,4.4,2.8,19.7,3.0,0,0
Latrell Sprewell,1995,2.1,1.9,15.9,78.0,5.7,2.8,18.9,3.3,0,0
Chris Mills,1995,1.5,3.1,15.2,80.0,3.3,1.5,15.1,4.1,0,0
Dennis Scott,1995,3.3,2.4,16.1,82.0,2.7,1.5,17.5,3.0,0,0
Jason Kidd,1995,3.0,2.6,17.8,81.0,4.1,4.0,16.6,4.3,0,0
David Robinson,1995,8.3,7.2,29.4,82.0,10.0,2.3,25.0,8.3,1,1
Anfernee Hardaway,1995,6.9,3.4,24.6,82.0,7.1,2.8,21.7,2.7,1,1
Grant Long,1995,2.1,3.8,16.2,82.0,4.1,1.9,13.1,6.6,0,0
Clifford Robinson,1995,3.0,4.2,16.3,78.0,6.9,2.5,21.1,4.1,0,0
Loy Vaught,1995,0.8,2.9,16.7,80.0,2.6,2.0,16.2,7.6,0,0
Mitch Richmond,1995,4.1,2.1,19.2,81.0,6.1,2.7,23.1,2.7,1,3
P.J. Brown,1995,1.1,3.3,12.6,81.0,3.3,1.6,11.3,4.3,0,0
John Stockton,1995,6.4,2.9,21.9,82.0,3.4,3.0,14.7,2.1,1,2
Sean Elliott,1995,2.7,3.6,16.3,77.0,5.5,2.6,20.0,4.2,0,0
Derek Harper,1995,1.8,3.7,13.9,82.0,2.5,2.2,14.0,2.1,0,0
Mookie Blaylock,1995,5.4,3.6,18.9,81.0,2.1,2.3,15.7,2.7,0,0
Steve Smith,1995,2.1,1.5,16.6,80.0,4.8,1.9,18.1,2.5,0,0
Armen Gilliam,1995,1.9,3.4,17.6,78.0,4.5,2.3,18.3,6.1,0,0
George McCloud,1995,2.4,1.6,15.9,79.0,2.8,2.1,18.9,3.3,0,0
Otis Thorpe,1995,1.2,4.1,15.7,82.0,4.4,2.4,14.2,5.8,0,0
Tom Gugliotta,1995,2.1,3.7,16.9,78.0,4.8,3.0,16.2,6.6,0,0
Scottie Pippen,1995,5.9,5.3,21.0,77.0,4.2,2.7,19.4,4.5,1,1
Hersey Hawkins,1995,3.4,4.2,16.1,82.0,3.5,2.0,15.6,2.6,0,0
Jim Jackson,1995,1.2,0.6,16.6,82.0,5.1,2.3,19.6,2.9,0,0
Bryant Stith,1995,1.0,2.5,13.9,82.0,4.6,1.9,13.6,3.4,0,0
Hakeem Olajuwon,1995,4.9,5.2,25.5,72.0,7.6,3.4,26.9,8.4,1,2
Patrick Ewing,1995,2.5,6.1,20.9,76.0,6.1,2.9,22.5,8.5,0,0
Blue Edwards,1995,0.1,2.5,11.9,82.0,2.5,2.1,12.7,3.0,0,0
Vinny Del Negro,1995,2.2,3.2,15.6,82.0,2.6,1.2,14.5,2.9,0,0
Nick Anderson,1995,3.4,3.3,16.5,77.0,3.1,1.8,14.7,4.2,0,0
Dikembe Mutombo,1995,2.8,5.0,17.1,74.0,4.8,2.0,11.0,8.4,0,0
Elden Campbell,1995,2.6,4.4,18.0,82.0,4.3,1.7,13.9,5.6,0,0
Johnny Newman,1995,0.4,0.7,11.5,82.0,2.8,1.3,10.8,1.6,0,0
Danny Ferry,1995,1.3,2.3,14.2,82.0,1.6,1.5,13.3,2.9,0,0
Alonzo Mourning,1995,4.2,5.5,22.7,70.0,10.2,3.7,23.2,7.3,0,0
Mark Jackson,1995,3.1,2.6,15.9,81.0,2.4,2.5,10.0,3.0,0,0
Robert Horry,1995,2.8,3.4,13.7,71.0,2.0,2.3,12.0,4.4,0,0
Charles Barkley,1995,5.1,3.5,24.8,71.0,8.0,3.1,23.2,8.1,1,3
Michael Cage,1995,1.2,4.0,14.1,82.0,1.1,0.7,6.0,5.4,0,0
Shawn Kemp,1995,3.2,6.1,22.6,79.0,8.4,4.0,19.6,7.9,1,2
Cedric Ceballos,1995,3.1,2.8,22.1,78.0,5.2,2.1,21.2,4.1,0,0
Dale Ellis,1995,1.7,1.5,14.7,81.0,2.2,1.2,14.9,2.8,0,0
Reggie Miller,1995,4.5,2.0,20.1,76.0,6.6,2.5,21.1,2.3,1,3
Dale Davis,1995,1.5,3.7,14.3,78.0,3.7,1.5,10.3,5.9,0,0
Bimbo Coles,1995,1.2,2.8,12.4,81.0,2.6,2.1,11.0,2.6,0,0
Wesley Person,1995,0.6,1.2,12.6,82.0,2.3,1.1,12.7,3.2,0,0
Isaiah Rider,1995,0.7,0.8,15.6,75.0,3.9,2.7,19.6,2.8,0,0
Jeff Hornacek,1995,4.2,2.4,19.1,82.0,3.5,1.5,15.2,1.8,0,0
Rick Fox,1995,2.2,2.2,16.1,81.0,3.1,2.7,14.0,3.6,0,0
Terrell Brandon,1995,6.2,3.1,25.2,75.0,5.1,1.9,19.3,2.7,0,0
Tim Hardaway,1995,3.3,2.6,18.7,80.0,3.8,2.9,15.2,2.4,0,0
Bobby Phills,1995,2.3,2.7,16.8,72.0,3.3,1.8,14.6,2.8,0,0
Rod Strickland,1995,3.2,3.3,19.1,67.0,6.3,3.8,18.7,3.1,0,0
Oliver Miller,1995,1.2,2.4,16.2,76.0,2.9,2.7,12.9,5.1,0,0
Nick Van Exel,1995,1.6,1.6,15.9,74.0,2.8,2.1,14.9,2.1,0,0
Christian Laettner,1995,1.6,2.4,17.7,74.0,5.4,2.5,16.4,4.8,0,0
John Starks,1995,1.9,3.4,14.2,81.0,2.1,1.9,12.6,2.5,0,0
Alvin Robertson,1995,0.8,1.9,12.7,77.0,2.1,2.4,9.3,3.0,0,0
Vlade Divac,1995,2.1,4.0,17.4,79.0,3.7,2.5,12.9,6.1,0,0
Vernon Maxwell,1995,0.2,0.5,13.9,75.0,4.4,2.9,16.2,2.5,0,0
Tracy Murray,1995,1.3,0.9,16.8,82.0,2.7,1.6,16.2,2.9,0,0
Olden Polynice,1995,0.2,2.8,15.8,81.0,2.5,1.6,12.2,6.3,0,0
Derrick McKey,1995,2.4,2.6,14.2,75.0,2.9,1.9,11.7,3.2,0,0
Chris Childs,1995,2.2,2.5,16.4,78.0,3.9,2.9,12.8,2.5,0,0
Brian Grant,1995,0.6,2.3,15.8,78.0,4.6,2.4,14.4,4.7,0,0
Harvey Grant,1995,0.6,3.1,10.4,76.0,1.4,1.1,9.3,3.2,0,0
Dell Curry,1995,2.3,1.4,16.8,82.0,2.1,1.6,14.5,2.4,0,0
Dan Majerle,1995,2.3,2.6,15.1,82.0,2.1,1.1,10.6,2.9,0,0
Andrew Lang,1995,-0.8,2.3,11.9,71.0,2.2,1.7,11.7,4.3,0,0
Matt Geiger,1995,-0.5,1.9,14.2,77.0,2.7,1.8,11.2,5.8,0,0
Kenny Anderson,1995,3.7,1.6,19.5,69.0,4.9,2.1,15.2,2.0,0,0
Sherman Douglas,1995,0.5,0.4,14.6,79.0,2.8,2.5,11.3,1.6,0,0
Shawn Bradley,1995,0.3,4.1,15.7,79.0,3.1,2.3,11.9,5.3,0,0
Dana Barros,1995,1.8,0.8,15.6,80.0,1.8,1.5,13.0,2.1,0,0
Calbert Cheaney,1995,0.1,1.7,13.0,70.0,3.1,1.8,15.1,2.5,0,0
Popeye Jones,1995,-0.4,1.9,13.4,68.0,2.0,1.6,11.3,7.0,0,0
Stacey Augmon,1995,1.4,2.1,15.9,77.0,4.1,1.8,12.7,2.2,0,0
Horace Grant,1995,2.5,3.1,17.9,63.0,3.3,1.0,13.4,6.4,0,0
B.J. Armstrong,1995,2.2,0.8,17.3,82.0,3.4,1.6,12.3,2.0,0,0
Aaron McKie,1995,1.4,3.2,13.4,81.0,2.5,1.7,10.7,2.7,0,0
Gheorghe Mureșan,1995,2.1,3.8,21.0,76.0,3.7,1.9,14.5,6.3,0,0
Detlef Schrempf,1995,2.5,2.9,17.3,63.0,5.9,2.3,17.1,4.0,0,0
Joe Dumars,1995,1.7,1.7,13.7,67.0,2.9,1.4,11.8,1.6,0,0
Eddie Jones,1995,2.9,2.7,17.0,70.0,2.6,1.4,12.8,2.7,0,0
Sam Perkins,1995,2.2,3.5,15.4,82.0,2.9,1.0,11.8,3.2,0,0
Walt Williams,1995,2.3,2.5,15.8,73.0,3.2,2.1,13.6,3.0,0,0
Bison Dele,1995,0.8,1.9,17.0,65.0,4.1,2.9,15.8,5.3,0,0
Sam Mitchell,1995,-0.1,1.1,13.0,78.0,3.7,1.1,10.8,3.0,0,0
Lindsey Hunter,1995,1.2,2.6,11.2,80.0,1.5,1.0,8.5,1.9,0,0
Kevin Willis,1995,-1.5,2.9,11.7,75.0,2.7,2.1,10.6,5.7,0,0
Jalen Rose,1995,0.7,1.7,14.3,80.0,3.5,2.9,10.0,2.7,0,0
Chuck Person,1995,1.9,3.1,13.6,80.0,1.3,1.1,10.9,4.2,0,0
A.C. Green,1995,0.4,1.7,12.9,82.0,2.9,1.0,7.5,4.7,0,0
David Wesley,1995,2.5,1.6,18.5,82.0,3.5,1.9,12.3,2.4,0,0
Toni Kukoč,1995,4.0,3.2,20.4,81.0,3.3,1.4,13.1,2.6,0,0
Greg Anthony,1995,2.6,1.9,18.6,69.0,4.3,2.3,14.0,2.1,0,0
Antonio Davis,1995,0.5,2.4,13.9,82.0,4.2,1.1,8.8,3.8,0,0
Dennis Rodman,1995,1.1,4.6,13.6,64.0,1.7,2.2,5.5,9.3,0,0
Terry Porter,1995,1.2,1.3,15.4,82.0,2.5,2.1,9.4,2.1,0,0
Willie Anderson,1995,-0.1,1.5,11.3,76.0,2.1,1.9,9.8,2.6,0,0
Brent Price,1995,2.6,1.8,17.5,81.0,2.4,1.9,10.0,2.3,0,0
Mahmoud Abdul-Rauf,1995,1.9,1.1,18.6,57.0,2.8,2.0,19.2,2.0,0,0
Chucky Brown,1995,0.2,2.1,13.7,82.0,1.8,1.1,8.6,3.7,0,0
Terry Dehere,1995,1.4,0.5,16.7,82.0,4.0,2.3,12.4,1.2,0,0
Pooh Richardson,1995,1.0,0.8,14.5,63.0,1.7,1.5,11.7,2.0,0,0
Kevin Johnson,1995,3.4,1.3,22.8,56.0,7.1,3.0,18.7,3.2,0,0
Clyde Drexler,1995,3.0,2.6,20.0,52.0,6.5,2.6,19.3,5.3,0,0
Dino Radja,1995,0.9,2.2,18.0,53.0,5.2,2.2,19.7,7.7,0,0
Billy Owens,1995,1.2,2.5,14.2,62.0,4.0,2.6,13.0,4.3,0,0
David Benoit,1995,0.9,2.3,12.2,81.0,1.4,0.9,8.2,3.6,0,0
Rodney Rogers,1995,0.5,1.2,13.5,67.0,2.7,2.1,11.6,2.6,0,0
Shaquille O'Neal,1995,2.8,3.0,26.4,54.0,9.5,2.9,26.6,7.7,1,3
Chris King,1995,-0.2,1.6,10.8,80.0,1.7,1.3,7.9,2.3,0,0
Chris Dudley,1995,0.4,4.0,12.2,80.0,2.0,1.0,5.1,6.0,0,0
Steve Kerr,1995,2.6,2.3,15.2,82.0,1.0,0.5,8.4,1.0,0,0
Rik Smits,1995,1.2,2.1,19.0,63.0,4.7,2.5,18.5,5.0,0,0
Keith Askins,1995,1.4,2.8,10.0,75.0,0.8,1.1,6.1,2.8,0,0
Benoit Benjamin,1995,-0.3,2.2,14.4,83.0,2.3,1.7,8.8,4.8,0,0
Byron Scott,1995,0.3,1.3,13.0,80.0,3.0,1.3,10.2,1.9,0,0
Ron Harper,1995,2.2,3.3,14.4,80.0,1.7,0.9,7.4,1.7,0,0
Rex Chapman,1995,1.3,1.9,13.0,56.0,2.0,1.4,14.0,2.2,0,0
Jayson Williams,1995,-0.5,3.0,16.4,80.0,3.4,1.3,9.0,5.8,0,0
Lamond Murray,1995,-0.2,0.9,11.1,77.0,1.7,1.4,8.4,2.0,0,0
Rony Seikaly,1995,-0.7,1.8,14.2,64.0,4.4,2.8,12.1,5.2,0,0
Todd Day,1995,0.3,1.5,13.5,79.0,3.6,1.4,11.7,1.9,0,0
Lorenzo Williams,1995,-0.5,1.8,9.6,65.0,1.1,1.2,3.0,4.4,0,0
Terry Cummings,1995,-0.1,1.5,13.9,81.0,2.0,0.9,8.0,3.5,0,0
Tim Legler,1995,2.3,1.1,15.9,77.0,2.0,0.6,9.4,1.4,0,0
Charles Oakley,1995,1.3,3.0,15.1,53.0,4.0,2.0,11.4,5.6,0,0
Hubert Davis,1995,1.7,1.6,14.8,74.0,1.7,0.9,10.7,1.2,0,0
Greg Minor,1995,0.2,0.7,14.0,78.0,1.7,1.0,9.6,2.1,0,0
Craig Ehlo,1995,1.0,1.8,13.7,79.0,1.3,1.3,8.5,2.4,0,0
Vern Fleming,1995,-0.4,1.1,11.3,77.0,2.3,1.6,7.7,1.6,0,0
Vincent Askew,1995,0.8,2.2,11.9,69.0,2.3,1.4,8.4,2.2,0,0
Charles Smith,1995,-0.6,2.9,11.3,73.0,2.2,1.5,8.3,3.1,0,0
Ed Pinckney,1995,0.4,1.1,14.3,74.0,2.4,1.0,6.5,3.6,0,0
Adam Keefe,1995,0.6,2.3,13.8,82.0,2.5,1.1,6.1,3.4,0,0
Lee Mayberry,1995,0.5,0.5,11.2,82.0,0.8,1.1,5.1,0.8,0,0
Sedale Threatt,1995,0.6,1.3,13.2,82.0,0.9,0.9,7.3,0.9,0,0
Kendall Gill,1995,1.4,1.1,15.5,47.0,3.7,2.8,14.0,3.4,0,0
Sam Cassell,1995,1.0,1.2,16.8,61.0,4.7,2.6,14.5,2.2,0,0
Brian Shaw,1995,-0.4,1.6,10.2,75.0,1.5,2.3,6.6,2.2,0,0
Eric Murdock,1995,1.3,2.2,16.2,73.0,2.0,1.8,8.9,2.0,0,0
Buck Williams,1995,0.3,2.6,12.3,70.0,2.7,1.3,7.3,3.5,0,0
Elliot Perry,1995,0.8,1.1,16.2,81.0,2.4,1.8,8.6,1.3,0,0
Terry Mills,1995,0.8,2.4,15.2,82.0,1.9,1.2,9.4,3.0,0,0
Hot Rod Williams,1995,0.2,1.7,12.4,62.0,2.1,1.0,7.3,3.9,0,0
Luc Longley,1995,0.2,2.8,11.9,62.0,1.7,1.8,9.1,3.5,0,0
Doug West,1995,-1.3,0.5,7.6,73.0,2.0,1.1,6.4,1.5,0,0
James Robinson,1995,0.3,1.7,10.6,76.0,1.8,1.5,8.5,1.5,0,0
Jerome Kersey,1995,0.5,1.8,13.1,76.0,1.9,1.0,6.7,2.8,0,0
Kenny Smith,1995,0.2,0.8,12.5,68.0,1.6,1.5,8.5,1.1,0,0
Chris Mullin,1995,1.7,1.1,16.7,55.0,2.9,2.2,13.3,2.1,0,0
Derrick Alston,1995,-0.3,0.8,11.8,73.0,1.5,0.8,6.2,2.4,0,0
Anthony Peeler,1995,0.9,1.2,14.1,73.0,1.2,0.8,9.7,1.3,0,0
Malik Sealy,1995,0.1,1.4,13.8,62.0,3.0,1.8,11.5,2.6,0,0
Dee Brown,1995,0.6,1.0,13.7,65.0,2.4,1.1,10.7,1.5,0,0
Mark Bryant,1995,-0.7,1.4,13.1,71.0,2.5,1.2,8.6,3.1,0,0
Anthony Avent,1995,-2.1,1.6,6.9,71.0,1.1,1.5,5.8,3.5,0,0
Trevor Ruffin,1995,0.0,0.0,14.8,61.0,3.0,2.4,12.8,1.8,0,0
Antoine Carr,1995,-0.6,1.5,10.6,80.0,1.8,1.0,7.3,1.6,0,0
Ervin Johnson,1995,0.4,3.4,13.1,81.0,1.6,1.2,5.5,3.8,0,0
Tony Massenburg,1995,-0.7,0.6,13.0,54.0,2.9,1.4,10.0,4.2,0,0
Spud Webb,1995,0.6,0.7,14.8,77.0,1.9,1.4,7.1,1.0,0,0
Sharone Wright,1995,-0.7,0.7,15.1,57.0,4.5,1.9,11.6,3.6,0,0
Eric Montross,1995,-0.7,1.0,10.6,61.0,2.2,1.4,7.2,3.8,0,0
Pervis Ellison,1995,0.3,1.9,13.1,69.0,1.7,1.2,5.3,4.3,0,0
Chris Gatling,1995,0.7,2.0,19.9,71.0,2.9,1.3,11.1,4.1,0,0
Chris Morris,1995,1.0,1.7,15.8,66.0,1.9,1.1,10.5,2.0,0,0
Ricky Pierce,1995,0.5,1.3,14.8,76.0,2.7,1.2,9.7,1.3,0,0
Will Perdue,1995,0.1,2.7,13.7,80.0,1.6,1.1,5.2,3.9,0,0
Mario Elie,1995,1.2,1.0,14.6,45.0,2.6,1.3,11.1,2.4,0,0
Michael Smith,1995,1.0,1.7,14.2,65.0,2.7,1.1,5.5,3.8,0,0
Žan Tabak,1995,-0.9,0.6,12.4,67.0,1.7,1.5,7.7,3.0,0,0
Kevin Gamble,1995,-0.2,1.3,8.4,65.0,0.7,0.7,5.9,1.4,0,0
J.R. Reid,1995,-0.4,2.0,10.6,65.0,2.2,1.2,6.6,2.8,0,0
Jon Koncak,1995,-0.5,1.6,7.1,67.0,0.9,0.6,3.0,3.1,0,0
Tony Dumas,1995,0.1,0.4,15.2,67.0,3.8,1.1,11.6,0.9,0,0
Tyrone Corbin,1995,0.4,1.6,12.6,71.0,1.7,0.9,5.8,2.3,0,0
Eldridge Recasner,1995,0.4,0.8,12.3,63.0,1.0,1.0,6.9,1.8,0,0
LaPhonso Ellis,1995,-0.3,1.5,12.1,45.0,3.3,1.8,10.5,5.1,0,0
Felton Spencer,1995,-0.8,1.7,10.4,71.0,2.1,1.1,5.6,2.9,0,0
Nate McMillan,1995,1.8,2.7,12.9,55.0,0.7,1.4,5.0,3.1,0,0
Ledell Eackles,1995,0.4,0.8,12.5,55.0,2.1,1.0,8.6,1.9,0,0
Doc Rivers,1995,0.7,2.0,9.6,78.0,0.8,0.7,4.0,1.4,0,0
Jim McIlvaine,1995,0.4,1.9,9.7,80.0,1.3,0.5,2.3,2.1,0,0
Haywoode Workman,1995,0.3,1.4,10.2,77.0,0.9,1.2,3.6,1.3,0,0
Wayman Tisdale,1995,-0.2,0.8,16.4,63.0,2.4,1.0,10.7,2.5,0,0
Darrick Martin,1995,-0.3,0.7,11.7,59.0,2.0,1.8,7.0,1.1,0,0
Sean Rooks,1995,-0.1,1.0,13.4,65.0,3.1,1.2,6.5,2.7,0,0
Don MacLean,1995,0.2,0.8,15.7,56.0,3.5,1.2,11.2,2.6,0,0
Pete Myers,1995,-0.2,1.1,8.4,71.0,1.7,1.1,3.9,1.5,0,0
Robert Parish,1995,0.2,1.0,13.0,74.0,1.0,0.7,3.9,2.9,0,0
Robert Pack,1995,1.1,1.2,19.3,31.0,5.9,3.7,18.1,3.3,0,0
Anthony Bowie,1995,-0.1,0.9,10.4,74.0,0.6,0.7,4.2,1.1,0,0
Bill Wennington,1995,-0.3,1.6,11.0,71.0,0.6,0.5,5.3,1.6,0,0
Joe Wolf,1995,-0.8,0.9,8.8,64.0,0.5,0.7,4.5,2.2,0,0
Bobby Hurley,1995,-1.0,0.4,6.5,72.0,1.2,1.2,3.1,0.9,0,0
Tom Hammonds,1995,-0.5,0.9,11.2,71.0,1.6,0.7,4.8,1.9,0,0
Duane Causwell,1995,-0.3,1.3,9.9,73.0,1.3,0.7,3.4,2.2,0,0
Carlos Rogers,1995,-0.1,0.3,13.9,56.0,2.3,1.1,7.7,1.6,0,0
Šarūnas Marčiulionis,1995,0.9,0.7,16.7,53.0,3.8,1.8,10.8,1.1,0,0
Doug Christie,1995,0.3,1.2,14.0,55.0,1.7,1.7,7.5,2.2,0,0
Lucious Harris,1995,0.6,0.4,15.5,61.0,1.4,0.8,7.9,1.3,0,0
George Lynch,1995,0.0,1.3,11.4,76.0,1.1,0.5,3.8,1.7,0,0
Kevin Edwards,1995,0.0,1.1,9.8,34.0,2.5,2.0,11.6,1.8,0,0
Eddie Johnson,1995,0.2,0.8,13.1,62.0,1.3,0.9,7.7,1.7,0,0
Frank Brickowski,1995,-0.4,1.4,8.6,63.0,1.4,1.2,5.4,2.0,0,0
Bo Outlaw,1995,0.9,1.2,15.6,80.0,2.0,0.6,3.6,1.4,0,0
Donald Royal,1995,-0.1,0.9,12.7,64.0,2.6,0.8,5.3,1.5,0,0
Howard Eisley,1995,-0.3,0.7,9.3,65.0,1.2,1.2,4.4,0.9,0,0
Marty Conlon,1995,-0.4,0.5,12.2,74.0,1.5,1.1,5.3,1.6,0,0
Magic Johnson,1995,1.8,1.1,21.1,32.0,6.3,3.2,14.6,4.5,0,0
Tony Smith,1995,0.2,0.9,11.7,59.0,0.8,1.1,5.1,1.1,0,0
Donyell Marshall,1995,0.1,0.8,12.7,62.0,1.3,0.8,5.5,2.4,0,0
Tyrone Hill,1995,-0.5,1.4,14.6,44.0,3.1,1.5,7.8,3.4,0,0
Sean Higgins,1995,-0.4,0.1,10.4,44.0,0.8,1.1,8.0,1.6,0,0
Sam Mack,1995,0.1,0.6,13.1,31.0,1.5,0.9,10.8,2.6,0,0
Mitchell Butler,1995,-0.5,1.0,7.4,61.0,1.4,1.1,3.9,1.5,0,0
Darrin Hancock,1995,-0.4,0.3,10.0,63.0,1.2,0.9,4.3,0.9,0,0
Khalid Reeves,1995,-0.2,0.6,11.1,51.0,1.6,1.2,5.5,1.2,0,0
Antonio Harvey,1995,-0.8,1.0,8.9,55.0,1.5,0.8,3.7,2.4,0,0
Reggie Williams,1995,-0.3,0.9,8.4,52.0,0.8,1.0,4.6,1.9,0,0
Randolph Keys,1995,0.1,0.6,10.8,69.0,0.6,0.5,3.4,1.2,0,0
Danny Manning,1995,-0.1,0.9,14.7,33.0,3.3,2.3,13.4,3.4,0,0
Lionel Simmons,1995,0.3,0.8,11.6,54.0,1.4,0.9,4.6,1.9,0,0
Greg Foster,1995,-0.7,0.9,9.0,73.0,1.0,0.8,3.8,1.7,0,0
Stanley Roberts,1995,-0.6,0.7,12.8,51.0,2.6,0.9,7.0,2.4,0,0
Charlie Ward,1995,0.4,1.4,12.0,62.0,0.9,1.3,3.9,1.2,0,0
Eric Piatkowski,1995,0.2,0.4,12.2,65.0,1.3,0.7,4.6,1.0,0,0
Michael Curry,1995,0.1,0.8,9.4,46.0,1.3,0.5,4.6,1.3,0,0
LaSalle Thompson,1995,-0.7,0.5,6.2,44.0,0.5,0.8,1.9,3.1,0,0
David Wood,1995,-0.5,0.5,9.2,62.0,0.8,0.4,3.4,1.7,0,0
Ken Norman,1995,0.2,0.6,13.4,34.0,1.4,1.4,8.9,2.7,0,0
Derek Strong,1995,0.0,0.8,12.4,63.0,1.3,0.3,3.4,1.9,0,0
Jud Buechler,1995,0.7,1.2,14.1,74.0,0.3,0.5,3.8,0.9,0,0
Richard Dumas,1995,-0.2,0.4,11.3,39.0,1.8,1.3,6.2,1.5,0,0
Gerald Wilkins,1995,-0.7,0.4,7.3,28.0,0.8,1.3,6.7,1.5,0,0
Alton Lister,1995,-0.4,1.0,9.6,64.0,1.0,0.8,2.2,3.3,0,0
Clifford Rozier,1995,-0.2,0.6,10.6,59.0,0.9,0.7,3.1,1.7,0,0
Scott Brooks,1995,0.5,0.4,16.6,69.0,1.0,0.6,5.1,0.4,0,0
Corie Blount,1995,-0.1,1.0,10.9,57.0,0.8,0.8,3.2,1.8,0,0
Rumeal Robinson,1995,0.2,0.9,11.8,43.0,1.2,1.7,5.7,1.4,0,0
Jon Barry,1995,0.9,0.4,14.9,68.0,0.5,0.6,3.8,0.7,0,0
David Wingate,1995,-0.3,0.8,8.1,60.0,0.7,0.7,3.7,0.7,0,0
Scott Burrell,1995,0.4,0.4,13.0,20.0,2.8,2.2,13.2,3.6,0,0
Dickey Simpkins,1995,-0.3,1.0,10.4,60.0,1.6,0.9,3.6,1.5,0,0
Mark West,1995,-0.5,1.0,7.2,47.0,1.0,0.7,3.2,1.8,0,0
Eric Mobley,1995,-0.5,0.6,9.4,39.0,2.2,1.3,4.8,2.2,0,0
John Salley,1995,-0.2,0.7,10.0,42.0,2.0,1.3,4.4,2.2,0,0
Randy Brown,1995,0.3,1.5,11.2,68.0,0.7,0.5,2.7,0.7,0,0
Jamal Mashburn,1995,0.1,0.2,14.4,18.0,7.4,3.1,23.4,3.3,0,0
Joe Kleine,1995,-0.7,0.4,6.8,56.0,0.4,0.7,2.9,1.7,0,0
Acie Earl,1995,-0.5,0.4,14.1,42.0,2.7,1.2,7.5,1.9,0,0
Greg Sutton,1995,-0.3,0.1,10.6,48.0,1.0,1.3,5.3,0.9,0,0
Bob McCann,1995,-0.4,0.8,9.1,62.0,1.2,0.7,3.0,1.6,0,0
Pete Chilcutt,1995,0.1,0.8,12.5,74.0,0.4,0.3,2.7,1.4,0,0
Yinka Dare,1995,-1.0,1.0,6.1,58.0,1.1,1.2,2.8,2.2,0,0
John Crotty,1995,0.1,0.5,13.0,58.0,1.2,0.9,3.0,0.6,0,0
Greg Graham,1995,-0.1,0.4,11.1,53.0,1.3,0.9,4.5,0.8,0,0
Rex Walters,1995,0.1,0.2,12.8,44.0,1.2,0.9,4.2,1.0,0,0
Doug Overton,1995,-0.2,0.4,9.9,55.0,1.0,0.7,3.3,1.0,0,0
Brad Lohaus,1995,0.4,0.7,10.6,55.0,0.1,0.4,3.6,1.0,0,0
Gary Grant,1995,0.2,1.0,13.5,47.0,1.2,1.0,4.9,0.9,0,0
Duane Ferrell,1995,0.0,0.6,10.9,54.0,1.1,0.6,3.7,1.1,0,0
Bryon Russell,1995,0.1,0.8,10.0,59.0,1.1,0.6,2.9,1.1,0,0
Herb Williams,1995,-0.2,0.9,8.0,44.0,0.5,0.5,3.1,1.7,0,0
Tim Breaux,1995,-0.7,0.3,6.2,54.0,0.8,0.6,3.0,0.7,0,0
Kenny Gattison,1995,-0.5,0.5,10.7,25.0,3.1,1.6,9.2,3.2,0,0
Chris Webber,1995,1.1,0.7,23.6,15.0,4.6,3.3,23.7,5.1,0,0
Greg Grant,1995,-0.3,0.2,7.7,31.0,0.2,1.0,2.7,0.9,0,0
Doug Edwards,1995,-0.3,0.4,7.5,31.0,1.2,0.9,3.0,1.7,0,0
Rafael Addison,1995,-0.4,0.2,9.6,53.0,0.4,0.5,3.2,1.2,0,0
Jeff Malone,1995,-0.4,0.1,8.8,32.0,1.0,0.7,5.8,1.0,0,0
Terry Davis,1995,-0.3,0.3,10.0,28.0,1.7,0.9,4.9,2.6,0,0
Dontonio Wingfield,1995,0.1,0.8,11.1,44.0,0.8,0.7,3.8,1.3,0,0
Matt Bullard,1995,0.0,0.4,11.5,46.0,0.4,0.5,3.8,0.9,0,0
Rick Mahorn,1995,-0.4,0.6,7.5,50.0,0.9,0.6,2.4,1.6,0,0
Danny Schayes,1995,-0.2,0.7,8.1,32.0,1.4,0.7,3.2,1.9,0,0
Carl Herrera,1995,-0.5,0.5,4.7,44.0,0.4,0.7,1.9,1.2,0,0
Antonio Lang,1995,-0.1,0.5,11.5,41.0,1.1,0.6,2.8,0.9,0,0
Greg Anderson,1995,-0.1,0.7,7.7,46.0,0.5,0.5,1.2,1.5,0,0
Chris Whitney,1995,0.4,0.4,17.1,21.0,2.1,1.1,7.1,1.5,0,0
Michael Adams,1995,0.4,0.2,16.1,21.0,1.7,1.2,5.4,0.8,0,0
Adrian Caldwell,1995,-0.3,0.5,10.4,51.0,0.7,0.7,2.2,1.3,0,0
Fred Roberts,1995,0.1,0.4,14.1,33.0,0.8,0.7,3.7,0.9,0,0
Ron Grandison,1995,0.0,0.4,8.5,28.0,0.9,0.4,2.3,1.3,0,0
Eric Riley,1995,-0.1,0.3,12.0,25.0,1.1,0.7,3.7,1.8,0,0
Keith Tower,1995,-0.3,0.1,7.5,34.0,0.8,0.5,2.4,0.9,0,0
Charles Jones,1995,0.0,0.4,8.1,46.0,0.3,0.1,0.3,1.0,0,0
Dwayne Schintzius,1995,-0.1,0.5,11.9,33.0,0.6,0.6,3.4,1.7,0,0
Derrick Coleman,1995,-0.1,0.2,12.0,11.0,2.9,2.5,11.2,5.4,0,0
Mark Macon,1995,0.1,0.4,9.5,23.0,0.5,0.4,3.2,0.5,0,0
Byron Houston,1995,-0.1,0.4,13.1,25.0,1.0,0.7,3.4,2.1,0,0
James Edwards,1995,-0.7,0.4,3.5,28.0,0.9,0.8,3.5,0.9,0,0
Tim Perry,1995,0.1,0.2,12.0,30.0,0.3,0.3,2.4,0.9,0,0
Reggie Jordan,1995,0.2,0.3,17.1,24.0,1.6,0.8,3.9,1.2,0,0
Brooks Thompson,1995,0.2,0.3,16.9,33.0,0.8,0.7,4.2,0.6,0,0
Scott Skiles,1995,-0.1,0.0,9.0,10.0,1.0,1.6,6.3,1.5,0,0
Jamie Watson,1995,0.0,0.2,6.9,16.0,0.8,1.1,3.0,1.4,0,0
Joe Courtney,1995,-0.3,0.2,7.0,23.0,0.8,0.7,1.7,1.1,0,0
Scott Williams,1995,0.0,0.1,10.5,13.0,0.9,0.6,3.1,2.5,0,0
Jeff Turner,1995,-0.3,0.1,3.6,13.0,0.2,0.8,3.6,1.4,0,0
Jerry Reynolds,1995,0.1,0.2,11.2,19.0,1.1,0.8,2.9,1.1,0,0
Tracy Moore,1995,-0.1,0.1,12.4,8.0,2.4,1.0,11.4,1.5,0,0
Micheal Williams,1995,-0.2,0.1,6.9,9.0,3.7,2.6,6.1,2.2,0,0
Monty Williams,1995,-0.3,0.3,8.4,31.0,0.6,0.6,2.2,0.6,0,0
Steve Scheffler,1995,-0.1,0.3,10.3,35.0,0.5,0.2,1.7,0.5,0,0
Mike Brown,1995,-0.2,0.1,7.3,9.0,1.9,0.7,2.9,2.6,0,0
Stacey King,1995,-0.2,0.2,2.0,15.0,0.5,1.2,2.5,0.9,0,0
Eric Leckner,1995,-0.1,0.2,8.8,18.0,0.7,0.6,2.4,1.4,0,0
Dan O'Sullivan,1995,-0.2,0.0,8.4,5.0,1.6,1.0,6.6,3.8,0,0
Harold Miner,1995,-0.2,0.0,7.6,19.0,0.7,0.7,3.2,0.4,0,0
Matt Fish,1995,0.1,0.1,16.5,18.0,1.1,0.2,2.9,0.6,0,0
Mark Price,1995,0.0,0.1,10.3,7.0,1.4,1.4,8.0,0.9,0,0
Anthony Miller,1995,-0.1,0.1,7.8,27.0,0.4,0.3,1.3,0.5,0,0
Steve Bardo,1995,0.0,0.2,8.4,9.0,0.7,0.6,2.4,2.2,0,0
Donald Hodge,1995,-0.1,0.1,5.9,15.0,0.0,0.1,1.2,0.9,0,0
Robert Werdann,1995,0.0,0.2,13.6,13.0,1.0,0.5,3.0,1.4,0,0
Doug Smith,1995,-0.2,0.1,4.2,17.0,0.5,0.6,1.9,0.6,0,0
Dell Demps,1995,0.0,0.1,17.1,16.0,1.1,0.8,3.3,0.4,0,0
Trevor Wilson,1995,0.0,0.0,13.2,6.0,0.7,0.2,3.8,1.2,0,0
Muggsy Bogues,1995,0.0,0.0,10.6,6.0,0.3,1.0,2.3,0.2,0,0
LeRon Ellis,1995,-0.1,0.1,1.6,12.0,0.5,0.3,1.1,0.3,0,0
Randy Woods,1995,0.1,0.1,9.5,8.0,0.3,0.6,2.4,0.4,0,0
Reggie Slater,1995,-0.1,0.1,9.5,11.0,0.6,0.8,2.8,1.0,0,0
Gerald Glass,1995,0.0,0.1,10.4,15.0,0.1,0.0,1.7,0.1,0,0
Elmer Bennett,1995,-0.2,0.0,-0.5,8.0,0.5,0.9,1.4,0.5,0,0
Anthony Cook,1995,-0.1,0.1,7.6,11.0,0.4,0.1,1.4,0.6,0,0
Kevin Duckworth,1995,-0.2,0.0,-2.7,8.0,0.8,0.3,1.1,0.6,0,0
Henry James,1995,0.0,0.0,9.9,7.0,0.7,0.6,4.3,0.4,0,0
Elmore Spencer,1995,-0.1,0.1,2.3,17.0,0.4,0.4,0.8,0.6,0,0
Andy Toolson,1995,-0.1,0.0,4.4,13.0,0.3,0.2,1.7,0.5,0,0
Anthony Bonner,1995,-0.1,0.1,11.3,4.0,1.8,0.8,3.3,3.3,0,0
Darrell Armstrong,1995,0.1,0.1,32.4,13.0,0.3,0.5,3.2,0.2,0,0
Jaren Jackson,1995,-0.1,0.0,1.5,4.0,2.5,0.0,2.0,0.8,0,0
Bob Thornton,1995,-0.1,0.0,4.1,7.0,0.3,0.1,0.4,0.9,0,0
Kevin Pritchard,1995,0.1,0.0,25.6,2.0,1.5,0.0,3.5,1.0,0,0
Mike Peplowski,1995,0.0,0.0,9.8,7.0,0.4,0.3,1.0,0.4,0,0
Geert Hammink,1995,0.0,0.0,10.5,6.0,1.2,0.3,1.3,0.3,0,0
Tim Kempton,1995,0.0,0.0,-6.2,3.0,0.0,0.3,0.0,0.7,0,0
Jack Haley,1995,0.0,0.0,1.8,1.0,2.0,1.0,5.0,1.0,0,0
Glen Rice,1996,3.2,1.2,19.7,79.0,6.8,2.2,26.8,3.2,1,2
Latrell Sprewell,1996,4.0,1.1,19.7,80.0,7.3,4.0,24.2,3.9,0,0
Juwan Howard,1996,1.4,3.7,16.1,82.0,4.7,3.0,19.1,5.5,0,0
Damon Stoudamire,1996,3.1,1.8,18.1,81.0,5.0,3.6,20.2,3.0,0,0
Gary Payton,1996,6.1,4.7,21.8,82.0,4.3,2.6,21.8,3.3,1,2
Kendall Gill,1996,4.0,2.2,19.6,82.0,6.5,2.7,21.8,3.9,0,0
Chris Mills,1996,2.5,4.7,14.1,80.0,2.6,1.5,13.4,4.7,0,0
Jerry Stackhouse,1996,-0.2,0.2,14.1,81.0,8.2,3.9,20.7,2.2,0,0
Vin Baker,1996,3.2,3.4,20.1,78.0,6.7,3.1,21.0,6.9,1,3
Grant Hill,1996,8.0,5.9,25.5,80.0,7.9,3.2,21.4,7.5,1,1
Anthony Mason,1996,4.3,3.3,18.9,73.0,5.9,2.3,16.2,8.8,1,3
Christian Laettner,1996,3.5,5.4,19.1,82.0,5.4,2.7,18.1,6.2,0,0
Tim Hardaway,1996,6.5,5.0,20.8,81.0,4.5,2.8,20.3,2.8,1,1
Tom Gugliotta,1996,2.9,4.2,19.0,81.0,7.0,3.6,20.6,6.4,0,0
Doug Christie,1996,2.9,3.6,15.1,81.0,3.8,2.5,14.5,4.3,0,0
Mitch Richmond,1996,5.2,2.1,21.6,81.0,6.6,2.9,25.9,3.2,1,2
Glenn Robinson,1996,2.1,2.7,17.5,80.0,4.6,3.4,21.1,4.7,0,0
Michael Jordan,1996,8.6,5.0,27.8,82.0,7.0,2.0,29.6,4.5,1,1
Scottie Pippen,1996,6.1,5.2,21.3,82.0,3.5,2.6,20.2,4.5,1,2
Joe Smith,1996,-0.2,1.3,16.0,80.0,4.7,2.4,18.7,5.2,0,0
Kenny Anderson,1996,5.0,4.4,19.5,82.0,5.3,2.4,17.5,3.3,0,0
Clifford Robinson,1996,2.0,3.7,13.1,81.0,3.8,2.1,15.1,2.9,0,0
Mookie Blaylock,1996,6.8,5.6,20.4,78.0,2.2,2.4,17.4,3.8,0,0
Mark Jackson,1996,2.4,1.8,15.7,82.0,2.6,3.3,9.9,3.7,0,0
Lindsey Hunter,1996,1.9,3.4,13.4,82.0,2.5,1.2,14.2,2.1,0,0
Karl Malone,1996,7.8,5.1,28.9,82.0,8.4,2.8,27.4,7.5,1,1
Eddie Jones,1996,4.0,4.3,17.3,80.0,4.2,2.1,17.2,3.0,0,0
Rod Strickland,1996,3.6,3.3,19.7,82.0,6.1,3.3,17.2,2.9,0,0
Kevin Garnett,1996,3.2,3.9,18.2,77.0,3.5,2.3,17.0,5.6,0,0
David Wesley,1996,1.9,1.1,16.5,74.0,3.9,2.9,16.8,2.7,0,0
Dikembe Mutombo,1996,3.5,6.6,19.0,80.0,5.4,2.3,13.3,8.3,0,0
Reggie Miller,1996,5.8,2.7,20.2,81.0,5.9,2.0,21.6,2.9,0,0
Clarence Weatherspoon,1996,0.6,1.6,14.2,82.0,3.4,1.7,12.2,5.6,0,0
Dale Ellis,1996,0.0,0.0,12.9,82.0,3.2,1.8,16.6,2.4,0,0
Nick Van Exel,1996,2.3,2.2,16.0,79.0,2.5,2.7,15.3,2.3,0,0
Joe Dumars,1996,2.7,2.0,15.6,79.0,3.2,1.6,14.7,1.9,0,0
John Stockton,1996,6.3,3.6,22.1,82.0,4.0,3.0,14.4,2.2,1,3
Olden Polynice,1996,-0.6,2.7,13.1,82.0,3.1,2.0,12.5,6.1,0,0
Patrick Ewing,1996,3.5,6.9,21.3,78.0,7.5,3.4,22.4,8.4,1,2
Charles Oakley,1996,2.7,5.8,14.2,80.0,2.8,2.1,10.8,6.7,0,0
Terrell Brandon,1996,5.5,4.7,21.5,78.0,3.8,2.3,19.5,3.2,0,0
Hakeem Olajuwon,1996,3.9,5.6,22.7,78.0,5.7,3.6,23.2,7.0,1,1
Vlade Divac,1996,3.3,3.9,17.9,81.0,3.2,2.4,12.6,6.0,0,0
Loy Vaught,1996,0.7,3.4,16.6,82.0,2.3,1.7,14.9,7.3,0,0
Jim Jackson,1996,1.3,1.6,15.1,77.0,4.0,2.7,15.9,3.6,0,0
Steve Smith,1996,2.7,2.6,17.4,72.0,5.5,2.4,20.1,2.1,0,0
Chris Webber,1996,5.1,5.0,21.8,72.0,4.3,3.2,20.1,7.0,0,0
Michael Finley,1996,1.6,1.6,14.5,83.0,3.0,2.0,15.0,3.4,0,0
Bryant Reeves,1996,-1.4,1.0,14.4,75.0,4.1,2.3,16.2,5.8,0,0
Hersey Hawkins,1996,4.4,3.9,17.6,82.0,3.6,1.6,13.9,2.8,0,0
Shawn Kemp,1996,2.0,5.4,20.7,81.0,7.5,3.5,18.7,6.6,0,0
Chris Mullin,1996,3.3,1.1,17.6,79.0,2.7,2.4,14.5,3.1,0,0
Mario Elie,1996,2.4,2.6,14.3,78.0,3.0,1.7,11.7,2.2,0,0
Allan Houston,1996,0.6,3.2,11.3,81.0,2.7,2.1,14.8,2.4,0,0
Otis Thorpe,1996,0.9,3.4,16.1,79.0,3.8,1.8,13.1,5.0,0,0
Kevin Johnson,1996,4.7,1.5,22.9,70.0,7.4,3.1,20.1,2.8,0,0
Rick Fox,1996,2.5,1.9,16.5,76.0,3.5,2.3,15.4,3.7,0,0
Walt Williams,1996,1.9,2.1,14.9,73.0,3.3,2.4,16.4,3.6,0,0
Danny Ferry,1996,1.0,3.4,11.7,82.0,1.1,1.1,10.6,3.1,0,0
Rony Seikaly,1996,0.6,3.3,18.3,74.0,6.8,2.9,17.3,5.8,0,0
Larry Johnson,1996,2.2,3.7,13.8,76.0,3.6,1.8,12.8,3.0,0,0
Ervin Johnson,1996,1.1,3.8,14.3,82.0,1.9,1.4,7.1,8.3,0,0
Jeff Hornacek,1996,3.9,3.0,18.8,82.0,4.0,1.6,14.5,2.2,0,0
P.J. Brown,1996,1.3,5.4,13.8,80.0,2.8,1.4,9.5,5.4,0,0
Dale Davis,1996,1.2,4.0,15.1,80.0,2.7,1.4,10.4,5.9,0,0
Tyrone Hill,1996,1.8,4.6,17.8,74.0,5.1,2.0,12.9,6.4,0,0
Antonio McDyess,1996,-0.5,1.8,15.5,74.0,5.2,2.7,18.3,5.2,0,0
Isaiah Rider,1996,0.9,2.4,13.8,76.0,3.4,2.8,16.1,2.8,0,0
Michael Smith,1996,1.3,3.2,13.3,81.0,3.2,1.6,6.6,6.3,0,0
Bryon Russell,1996,2.5,3.4,13.7,81.0,3.0,1.2,10.8,3.1,0,0
Elden Campbell,1996,0.8,3.6,16.8,77.0,4.8,1.7,14.9,5.3,0,0
Horace Grant,1996,2.8,3.6,17.3,67.0,2.7,1.5,12.6,5.9,0,0
A.C. Green,1996,0.4,2.4,12.4,83.0,2.4,0.9,7.2,5.2,0,0
Rodney Rogers,1996,0.8,2.2,14.2,81.0,3.6,2.7,13.2,3.4,0,0
Avery Johnson,1996,0.6,0.0,15.0,76.0,2.7,1.9,10.5,1.5,0,0
Malik Sealy,1996,0.7,2.1,13.7,80.0,3.6,1.9,13.5,2.2,0,0
Eric Williams,1996,-0.6,0.3,13.3,72.0,6.1,1.9,15.0,2.8,0,0
Popeye Jones,1996,-0.7,2.2,12.0,79.0,1.5,1.5,7.8,5.2,0,0
Calbert Cheaney,1996,-0.3,2.2,11.1,79.0,1.7,1.2,10.6,2.5,0,0
Bobby Phills,1996,1.9,3.7,13.9,69.0,2.5,2.0,12.6,2.6,0,0
Antonio Davis,1996,0.4,3.4,13.8,82.0,4.4,1.7,10.5,5.0,0,0
Wesley Person,1996,2.3,1.5,15.9,80.0,1.4,1.0,13.5,2.8,0,0
Alonzo Mourning,1996,2.9,5.6,21.6,66.0,8.6,3.4,19.8,7.1,0,0
Sherman Douglas,1996,1.1,1.2,14.6,79.0,2.2,1.9,9.7,1.7,0,0
Tyrone Corbin,1996,1.0,3.1,11.0,70.0,1.5,1.2,9.5,3.1,0,0
Anthony Peeler,1996,0.1,0.8,13.8,72.0,1.8,2.2,14.5,2.7,0,0
Shawn Bradley,1996,0.5,3.0,16.5,73.0,3.1,1.8,13.2,5.3,0,0
Todd Day,1996,0.9,1.2,15.5,81.0,4.1,1.6,14.5,2.7,0,0
Clyde Drexler,1996,3.9,3.4,19.9,62.0,4.3,2.5,18.0,4.1,0,0
Bob Sura,1996,2.1,3.7,14.8,82.0,3.9,2.2,9.2,2.8,0,0
Vinny Del Negro,1996,0.3,-0.1,14.4,72.0,1.8,1.3,12.3,2.4,0,0
Anfernee Hardaway,1996,3.9,2.2,21.4,59.0,5.8,2.5,20.5,3.1,1,3
Derek Harper,1996,0.3,1.2,12.9,75.0,1.7,1.8,10.0,1.4,0,0
Gerald Wilkins,1996,-0.3,1.2,11.2,80.0,2.4,1.5,10.6,1.4,0,0
Bo Outlaw,1996,2.6,2.8,16.3,82.0,2.8,1.3,7.6,3.4,0,0
Detlef Schrempf,1996,2.9,2.9,18.3,61.0,5.2,2.5,16.8,5.0,0,0
Dennis Scott,1996,1.1,1.8,12.4,66.0,1.5,1.2,12.5,2.5,0,0
Jamal Mashburn,1996,0.6,2.6,12.6,69.0,3.3,1.7,11.9,3.3,0,0
Nick Anderson,1996,2.1,2.9,13.8,63.0,1.5,1.4,12.0,3.8,0,0
Hot Rod Williams,1996,1.0,2.5,13.8,68.0,2.9,1.0,8.0,5.6,0,0
Danny Manning,1996,1.6,2.4,17.9,77.0,3.3,2.1,13.5,4.3,0,0
Mahmoud Abdul-Rauf,1996,-0.4,0.7,13.2,75.0,1.8,1.6,13.7,1.4,0,0
Voshon Lenard,1996,2.6,2.9,14.7,73.0,1.4,1.5,12.3,2.5,0,0
Derrick Coleman,1996,1.5,1.6,17.3,57.0,6.4,3.2,18.1,7.3,0,0
Dell Curry,1996,1.0,1.0,15.0,68.0,2.1,1.4,14.8,2.5,0,0
Chris Childs,1996,0.9,3.2,11.2,65.0,2.3,2.8,9.3,2.6,0,0
Vernon Maxwell,1996,-0.6,0.3,11.8,72.0,2.5,1.7,12.9,1.8,0,0
Travis Best,1996,1.0,2.3,13.3,76.0,2.6,2.0,9.9,1.7,0,0
Johnny Newman,1996,-0.3,1.2,10.8,82.0,3.0,1.4,8.7,1.5,0,0
Armen Gilliam,1996,0.2,2.2,13.6,80.0,3.2,1.3,8.6,4.5,0,0
Sam Mitchell,1996,-0.9,1.5,11.8,82.0,3.6,1.1,9.3,2.6,0,0
John Starks,1996,2.4,3.3,15.9,77.0,2.9,2.1,13.8,2.2,0,0
Charles Barkley,1996,3.9,3.7,23.0,53.0,7.8,2.8,19.2,9.5,0,0
Derek Strong,1996,-0.3,2.4,13.6,82.0,2.7,1.2,8.5,4.2,0,0
LaPhonso Ellis,1996,1.3,0.9,18.2,55.0,5.1,2.1,21.9,5.1,0,0
Terry Mills,1996,2.4,2.5,16.4,79.0,0.9,1.1,10.8,3.9,0,0
Billy Owens,1996,0.7,1.7,13.6,66.0,2.2,2.0,11.0,3.9,0,0
Corliss Williamson,1996,-0.2,1.5,14.3,79.0,3.2,2.0,11.6,2.4,0,0
Sam Perkins,1996,2.6,2.7,17.0,81.0,2.8,1.0,11.0,2.8,0,0
Kevin Willis,1996,-0.7,3.0,14.3,75.0,2.7,1.6,11.2,5.5,0,0
Jason Kidd,1996,1.9,2.0,16.9,55.0,3.0,2.6,10.9,3.4,0,0
Tony Massenburg,1996,-1.1,1.2,11.9,79.0,2.6,1.2,7.2,3.7,0,0
Lee Mayberry,1996,-0.7,-0.1,10.2,80.0,0.6,1.1,5.1,1.3,0,0
Dennis Rodman,1996,1.2,4.0,13.9,55.0,1.6,2.0,5.7,10.2,0,0
Dominique Wilkins,1996,1.1,0.3,19.6,63.0,5.6,2.1,18.2,3.7,0,0
Shaquille O'Neal,1996,4.1,3.9,27.1,51.0,9.4,2.9,26.2,8.7,1,3
Doug West,1996,-0.8,1.2,8.5,68.0,1.4,1.0,7.8,1.6,0,0
Gary Trent,1996,1.0,2.6,16.8,82.0,2.8,1.6,10.8,3.3,0,0
Will Perdue,1996,0.4,1.5,16.7,65.0,2.6,1.3,8.7,6.0,0,0
Rasheed Wallace,1996,1.6,2.9,18.4,62.0,4.3,1.8,15.1,4.8,0,0
Isaac Austin,1996,0.1,3.7,14.2,82.0,2.8,2.0,9.7,4.2,0,0
Muggsy Bogues,1996,1.6,1.1,15.7,65.0,1.0,1.7,8.0,1.8,0,0
Mark Price,1996,1.5,0.3,16.5,70.0,2.4,2.3,11.3,2.0,0,0
Brian Shaw,1996,-0.1,1.7,10.4,77.0,1.8,2.2,7.2,1.9,0,0
Greg Anthony,1996,1.6,1.2,16.6,65.0,2.7,2.0,9.5,2.4,0,0
Steve Kerr,1996,2.5,2.0,15.6,82.0,0.8,0.5,8.1,1.2,0,0
Gheorghe Mureșan,1996,0.6,2.9,16.7,73.0,2.7,1.6,10.6,4.7,0,0
Chris Dudley,1996,0.0,3.4,10.1,81.0,1.7,1.0,3.9,4.8,0,0
Carl Herrera,1996,-1.4,0.9,10.6,75.0,1.6,1.3,8.0,3.0,0,0
Rex Chapman,1996,1.0,0.9,15.2,65.0,2.3,1.5,13.8,2.4,0,0
Eric Montross,1996,-1.3,1.6,8.8,78.0,0.8,1.0,4.3,4.3,0,0
Darrick Martin,1996,1.1,0.7,16.9,82.0,3.0,1.5,10.9,1.1,0,0
Greg Ostertag,1996,0.8,3.3,15.3,77.0,2.7,1.0,7.3,5.0,0,0
Tracy Murray,1996,1.1,1.9,14.6,82.0,2.0,1.0,10.0,2.1,0,0
Sasha Danilović,1996,0.5,2.0,10.9,56.0,2.7,2.1,12.5,1.9,0,0
Bryant Stith,1996,0.9,0.5,14.4,52.0,4.5,1.9,14.9,2.8,0,0
Robert Pack,1996,0.6,1.1,15.0,54.0,4.5,4.0,14.3,2.2,0,0
Keith Askins,1996,1.0,2.8,9.1,78.0,0.7,0.8,4.9,2.4,0,0
Jerome Kersey,1996,0.9,3.4,12.3,70.0,1.7,1.1,6.8,3.6,0,0
Charlie Ward,1996,1.1,3.1,11.1,79.0,1.6,1.9,5.2,2.2,0,0
Arvydas Sabonis,1996,3.2,3.9,21.8,69.0,4.2,2.2,13.4,6.3,0,0
Tom Hammonds,1996,-1.2,0.6,10.1,81.0,2.1,1.1,6.2,3.3,0,0
Ron Harper,1996,2.1,2.7,13.6,76.0,1.1,0.7,6.3,1.9,0,0
Sam Cassell,1996,1.8,1.1,18.4,61.0,4.1,2.8,15.9,2.2,0,0
Mark Davis,1996,0.2,1.0,13.7,75.0,2.2,1.6,8.5,2.5,0,0
Greg Anderson,1996,-0.6,1.5,11.4,82.0,1.1,0.9,3.9,3.5,0,0
Aaron McKie,1996,1.2,2.4,12.1,83.0,1.3,1.1,5.2,2.2,0,0
Marty Conlon,1996,-0.5,0.5,12.8,74.0,2.3,1.5,7.8,2.6,0,0
Toni Kukoč,1996,2.9,2.3,20.2,57.0,3.1,1.6,13.2,2.9,0,0
Harvey Grant,1996,0.4,1.9,8.8,78.0,0.5,0.4,4.1,2.5,0,0
Elliot Perry,1996,1.2,1.4,15.2,82.0,1.3,1.4,6.9,1.2,0,0
Terry Porter,1996,0.7,1.2,14.5,82.0,2.0,1.6,6.9,1.8,0,0
Felton Spencer,1996,-1.4,0.9,9.2,73.0,2.2,1.2,5.1,3.5,0,0
Rik Smits,1996,0.6,2.1,18.3,52.0,4.2,2.4,17.1,4.9,0,0
Buck Williams,1996,0.8,2.8,13.9,74.0,2.4,1.1,6.3,3.1,0,0
George McCloud,1996,0.9,1.3,14.8,64.0,1.6,1.0,10.3,2.2,0,0
Jim McIlvaine,1996,0.1,2.8,11.1,82.0,1.3,0.8,3.8,2.4,0,0
Luc Longley,1996,0.1,2.3,13.4,59.0,2.0,1.9,9.1,3.6,0,0
Antoine Carr,1996,-0.4,1.6,12.1,82.0,1.5,0.9,7.4,1.6,0,0
Cory Alexander,1996,0.5,0.6,14.3,80.0,1.6,1.8,7.2,1.2,0,0
Derrick McKey,1996,0.5,1.8,10.6,50.0,2.5,1.7,8.0,3.2,0,0
Byron Scott,1996,1.1,1.3,13.5,79.0,1.9,0.7,6.7,1.2,0,0
Blue Edwards,1996,-1.0,0.3,10.0,61.0,1.8,1.3,7.8,2.3,0,0
Jayson Williams,1996,-0.8,1.3,15.0,41.0,4.5,2.0,13.4,7.6,0,0
Khalid Reeves,1996,-0.1,0.3,11.1,63.0,1.4,1.7,8.2,1.3,0,0
Cedric Ceballos,1996,0.1,1.3,16.2,50.0,3.7,1.7,14.6,4.6,0,0
Jason Caffey,1996,-0.2,1.7,14.3,75.0,2.8,1.3,7.3,2.2,0,0
Carlos Rogers,1996,1.0,1.4,17.0,56.0,3.0,0.9,9.8,3.3,0,0
Robert Horry,1996,1.2,1.9,13.0,54.0,1.7,1.3,7.8,3.1,0,0
Sean Elliott,1996,0.2,0.1,14.0,39.0,5.0,2.3,14.9,3.6,0,0
Tyus Edney,1996,-0.1,0.8,12.7,70.0,3.1,1.6,6.9,1.1,0,0
Monty Williams,1996,0.5,0.6,15.6,65.0,2.9,1.8,9.0,1.7,0,0
Scott Williams,1996,-0.2,1.1,13.2,62.0,0.9,0.8,5.8,3.9,0,0
James Robinson,1996,0.3,0.6,12.7,69.0,1.7,1.0,8.3,1.3,0,0
Lamond Murray,1996,0.4,1.2,14.4,74.0,2.9,1.2,7.4,2.0,0,0
Theo Ratliff,1996,0.4,2.1,15.9,76.0,1.5,0.7,5.8,1.9,0,0
Tony Smith,1996,-0.2,0.6,9.4,69.0,0.9,1.1,5.0,0.8,0,0
Chris Gatling,1996,0.9,1.5,23.9,47.0,7.0,2.6,19.0,5.0,0,0
Dan Majerle,1996,1.7,2.1,13.2,36.0,1.6,1.4,10.8,3.3,0,0
Ricky Pierce,1996,0.4,0.3,16.4,60.0,2.6,1.1,11.0,1.4,0,0
Michael Cage,1996,0.4,1.0,10.3,82.0,0.5,0.2,1.8,2.5,0,0
Michael Curry,1996,0.3,1.2,10.4,81.0,1.3,0.3,3.9,1.2,0,0
Lawrence Moten,1996,-0.3,0.3,11.4,67.0,1.5,1.2,6.7,1.1,0,0
Eldridge Recasner,1996,0.4,1.3,11.5,71.0,0.8,0.9,5.7,1.1,0,0
Andrew Lang,1996,-0.1,1.2,10.8,52.0,1.2,0.8,5.3,3.5,0,0
Jalen Rose,1996,0.7,1.5,13.8,66.0,2.4,1.6,7.3,1.4,0,0
Anthony Goldwire,1996,0.1,0.3,12.1,60.0,1.3,1.3,6.5,1.2,0,0
Bimbo Coles,1996,-0.3,0.0,9.5,51.0,1.0,1.2,6.1,1.5,0,0
Xavier McDaniel,1996,-0.7,0.9,10.8,62.0,1.4,1.1,5.6,3.1,0,0
Grant Long,1996,0.4,1.5,12.2,65.0,1.3,0.7,5.0,2.1,0,0
Oliver Miller,1996,0.1,1.7,13.1,61.0,1.3,1.5,4.8,3.3,0,0
Jaren Jackson,1996,0.1,1.3,10.1,75.0,0.9,0.8,5.0,1.3,0,0
Chris Whitney,1996,1.0,1.2,15.2,82.0,1.4,0.8,5.2,1.1,0,0
Duane Ferrell,1996,0.3,1.1,11.6,62.0,1.5,0.9,6.4,1.4,0,0
Brent Barry,1996,0.7,0.9,15.0,59.0,1.6,1.3,7.5,1.4,0,0
Howard Eisley,1996,-0.1,1.1,11.1,82.0,1.1,1.3,4.5,0.8,0,0
Andrew DeClercq,1996,-0.8,0.7,12.5,71.0,2.1,1.1,5.3,2.5,0,0
Pooh Richardson,1996,0.3,0.8,11.8,59.0,0.7,1.1,5.6,1.2,0,0
George Lynch,1996,0.3,1.0,15.4,41.0,2.4,1.6,8.3,4.0,0,0
Randy Brown,1996,0.5,2.0,13.0,72.0,1.2,0.8,4.7,1.1,0,0
Brooks Thompson,1996,0.2,0.5,13.6,67.0,0.6,1.3,6.6,1.2,0,0
Terry Dehere,1996,-0.2,0.5,12.4,73.0,2.0,1.3,6.4,1.1,0,0
Matt Geiger,1996,-0.3,0.9,14.3,49.0,2.6,1.4,8.9,3.2,0,0
Rex Walters,1996,0.3,0.1,13.0,59.0,1.1,1.0,6.8,1.5,0,0
Matt Bullard,1996,0.4,1.0,10.3,71.0,0.5,0.5,4.5,1.5,0,0
Donyell Marshall,1996,0.2,0.8,15.6,61.0,1.6,0.9,7.3,3.0,0,0
B.J. Armstrong,1996,-0.1,-0.1,12.9,49.0,1.6,1.1,7.9,1.4,0,0
Mark Bryant,1996,-0.1,0.7,13.3,41.0,2.6,1.1,9.3,3.5,0,0
Darrell Armstrong,1996,0.8,1.1,14.7,67.0,1.6,1.5,6.1,0.6,0,0
Sharone Wright,1996,-1.6,0.7,7.4,60.0,2.2,1.6,6.5,1.8,0,0
Corie Blount,1996,0.0,1.4,11.9,58.0,1.4,0.9,4.2,2.8,0,0
Larry Stewart,1996,-0.3,1.2,10.8,70.0,1.3,0.9,4.3,1.4,0,0
Chris Morris,1996,-0.2,1.3,9.7,73.0,0.7,0.6,4.3,1.7,0,0
Jon Barry,1996,0.8,1.5,13.2,58.0,0.8,1.0,4.9,1.3,0,0
Cherokee Parks,1996,0.2,1.2,12.7,76.0,1.0,0.4,3.3,1.5,0,0
Mark West,1996,-0.3,1.5,9.9,70.0,0.8,0.7,3.2,1.7,0,0
Kevin Gamble,1996,0.4,0.6,11.6,62.0,0.2,0.4,5.0,1.5,0,0
Henry James,1996,-0.1,0.7,10.2,53.0,0.7,0.5,6.7,1.0,0,0
Jerome Allen,1996,-0.1,0.8,8.7,76.0,0.9,0.9,3.0,1.0,0,0
Stacey Augmon,1996,0.2,1.3,11.3,60.0,1.6,1.1,4.7,1.5,0,0
Scott Burrell,1996,0.1,0.5,10.3,57.0,1.3,0.9,5.2,1.9,0,0
David Wingate,1996,0.0,1.1,9.3,65.0,0.6,0.6,3.6,0.8,0,0
Greg Foster,1996,-0.8,1.0,8.4,79.0,0.8,0.7,3.5,1.7,0,0
Adam Keefe,1996,0.2,1.3,11.7,62.0,1.7,0.7,3.8,2.3,0,0
Eddie Johnson,1996,0.0,0.9,13.4,52.0,1.3,0.9,8.2,2.1,0,0
Sam Mack,1996,0.1,1.0,10.2,52.0,0.8,0.8,5.6,1.7,0,0
Dino Radja,1996,-0.2,0.7,12.6,25.0,2.8,2.8,14.0,6.7,0,0
Donald Royal,1996,-0.5,0.4,9.1,62.0,1.9,0.8,3.5,1.6,0,0
Ivano Newbill,1996,-0.3,1.4,6.7,72.0,0.7,0.6,1.4,1.8,0,0
Craig Ehlo,1996,-0.2,1.0,7.6,62.0,0.4,0.7,3.5,1.1,0,0
Joe Kleine,1996,-0.6,0.7,7.6,59.0,0.6,0.7,2.8,2.4,0,0
Antonio Lang,1996,-0.3,1.4,8.0,64.0,0.8,0.8,2.7,1.2,0,0
Vincent Askew,1996,0.0,0.8,9.7,43.0,2.0,1.1,5.6,1.7,0,0
Chris Carr,1996,0.2,0.6,13.3,55.0,1.3,0.7,6.1,1.5,0,0
Terry Cummings,1996,0.0,1.2,15.2,45.0,1.8,1.0,8.2,2.5,0,0
Lucious Harris,1996,-0.1,0.2,10.7,54.0,0.9,0.6,5.4,0.8,0,0
Ed O'Bannon,1996,-0.3,0.6,9.0,64.0,0.5,0.3,3.7,1.5,0,0
Nate McMillan,1996,1.2,1.5,14.1,37.0,0.8,0.9,4.6,2.8,0,0
Bill Wennington,1996,-0.3,0.9,11.2,61.0,0.9,0.5,4.6,1.4,0,0
Wayman Tisdale,1996,-1.2,0.4,8.8,53.0,0.9,0.7,6.5,1.6,0,0
Eric Snow,1996,0.2,0.9,12.5,67.0,1.0,0.7,3.0,0.8,0,0
Stojko Vranković,1996,-0.3,0.9,10.1,53.0,0.7,1.0,3.4,2.1,0,0
Kenny Smith,1996,-0.1,0.1,12.3,48.0,0.9,1.5,6.3,0.8,0,0
Chucky Brown,1996,0.1,0.6,11.3,70.0,1.0,0.3,2.9,1.5,0,0
Eric Piatkowski,1996,1.0,0.6,18.2,65.0,1.3,0.7,6.0,0.9,0,0
Clifford Rozier,1996,0.1,1.0,14.5,42.0,1.5,0.7,4.5,3.1,0,0
Sean Rooks,1996,-0.1,1.1,13.4,69.0,1.9,0.7,3.8,1.6,0,0
Don MacLean,1996,-0.4,0.2,14.4,37.0,2.6,1.3,10.9,2.7,0,0
Dana Barros,1996,0.5,0.1,14.0,24.0,1.8,1.6,12.5,1.8,0,0
Loren Meyer,1996,-1.1,0.5,8.1,54.0,1.2,1.1,4.9,1.7,0,0
Jud Buechler,1996,0.2,1.1,9.8,76.0,0.2,0.4,1.8,1.1,0,0
Pete Chilcutt,1996,0.4,0.4,14.5,54.0,0.4,0.5,3.4,1.6,0,0
John Crotty,1996,0.3,0.8,14.3,48.0,1.3,0.9,4.8,0.7,0,0
Doug Overton,1996,-0.1,0.1,13.2,61.0,0.8,0.6,3.6,0.8,0,0
Bobby Hurley,1996,-0.2,0.3,10.4,49.0,1.1,1.1,2.9,0.6,0,0
Hubert Davis,1996,-0.5,0.1,7.4,36.0,0.6,0.6,5.0,0.8,0,0
Brian Grant,1996,-0.1,0.7,14.5,24.0,3.8,1.8,10.5,3.9,0,0
Duane Causwell,1996,-0.2,0.6,8.9,46.0,0.8,0.7,2.6,1.5,0,0
Fred Hoiberg,1996,0.8,0.8,15.9,47.0,1.6,0.5,4.8,1.4,0,0
Dontonio Wingfield,1996,0.0,0.7,11.6,47.0,0.9,1.0,4.5,1.6,0,0
Adrian Caldwell,1996,-0.7,0.4,7.5,45.0,1.1,0.6,2.2,2.4,0,0
Aaron Williams,1996,0.1,0.4,16.4,33.0,1.5,1.0,6.2,2.5,0,0
Donny Marshall,1996,0.0,0.8,9.1,56.0,1.0,0.6,3.1,0.9,0,0
Greg Minor,1996,0.0,0.1,13.2,23.0,1.6,1.0,9.6,2.2,0,0
Danny Schayes,1996,-0.4,0.7,9.3,45.0,1.2,0.6,3.0,1.9,0,0
Joe Wolf,1996,-0.2,0.5,7.9,56.0,0.3,0.3,1.7,1.4,0,0
Dee Brown,1996,0.1,0.3,11.3,21.0,1.0,1.1,7.6,1.9,0,0
Lionel Simmons,1996,-0.1,0.4,9.4,41.0,1.2,0.8,3.4,1.8,0,0
Alton Lister,1996,-0.6,0.3,7.8,53.0,0.6,0.6,1.6,1.9,0,0
Rumeal Robinson,1996,-0.1,0.6,10.5,54.0,0.6,0.8,3.3,0.8,0,0
Alan Henderson,1996,0.0,0.9,15.0,30.0,2.5,1.0,6.6,2.3,0,0
Acie Earl,1996,-0.3,0.5,10.7,47.0,1.8,0.7,4.0,1.3,0,0
Shawn Respert,1996,0.0,0.2,11.5,41.0,1.0,0.7,4.2,0.6,0,0
Kevin Edwards,1996,-0.4,0.2,9.8,32.0,1.3,1.5,5.9,1.1,0,0
Mitchell Butler,1996,-0.1,0.5,9.0,49.0,1.0,0.6,3.0,0.7,0,0
Don Reid,1996,-0.3,0.8,11.1,47.0,0.7,0.5,2.8,1.4,0,0
Melvin Booker,1996,-0.2,-0.1,8.8,21.0,1.0,1.3,5.8,1.0,0,0
Stephen Howard,1996,0.1,0.6,16.0,49.0,1.7,0.5,3.6,1.1,0,0
Robert Parish,1996,-0.1,0.6,14.3,43.0,0.7,0.7,3.7,1.1,0,0
Reggie Slater,1996,0.0,0.3,17.8,26.0,2.9,1.1,7.8,2.1,0,0
Dickey Simpkins,1996,-0.5,0.5,6.5,48.0,0.8,0.7,1.9,1.2,0,0
Brent Price,1996,0.1,0.4,12.0,25.0,0.8,1.3,5.0,0.8,0,0
Greg Dreiling,1996,-0.3,0.3,7.3,40.0,0.7,0.2,2.0,1.4,0,0
Kevin Duckworth,1996,-0.3,0.3,6.1,26.0,0.6,1.3,4.0,1.4,0,0
Willie Burton,1996,-0.3,0.4,8.6,24.0,2.8,1.1,6.2,1.3,0,0
Stanley Roberts,1996,0.0,0.5,14.1,18.0,3.6,1.3,9.5,3.7,0,0
George Zídek,1996,-0.5,0.2,10.2,52.0,1.1,0.5,2.8,1.0,0,0
Kurt Thomas,1996,-0.2,0.8,9.5,18.0,2.6,1.4,6.3,4.2,0,0
John Long,1996,-0.2,0.2,8.9,32.0,0.9,0.8,4.0,1.1,0,0
Gary Grant,1996,0.0,0.6,9.1,28.0,0.8,1.0,3.9,1.1,0,0
Rafael Addison,1996,-0.2,0.1,10.6,41.0,0.7,0.4,3.1,0.6,0,0
Jamie Watson,1996,0.2,0.4,10.4,23.0,0.7,1.0,3.4,1.3,0,0
Sedale Threatt,1996,-0.1,0.4,8.5,21.0,0.4,0.6,3.3,0.9,0,0
Charles Smith,1996,-0.1,0.3,10.6,19.0,1.4,1.2,4.6,2.5,0,0
Jeff Grayer,1996,-0.1,0.1,10.0,25.0,0.8,0.6,3.6,0.7,0,0
Yinka Dare,1996,-0.4,0.3,7.2,41.0,0.9,0.5,1.4,1.1,0,0
Litterial Green,1996,0.1,0.4,13.5,45.0,1.0,0.3,2.0,0.4,0,0
Lloyd Daniels,1996,-0.1,0.1,8.3,22.0,0.3,0.6,4.5,1.1,0,0
Eric Mobley,1996,-0.5,0.0,6.3,28.0,1.1,1.0,2.6,1.0,0,0
Willie Anderson,1996,0.2,0.5,12.6,28.0,0.7,0.7,3.0,1.0,0,0
David Vaughn,1996,-0.2,0.5,10.3,35.0,0.9,0.8,2.3,1.7,0,0
Tony Dumas,1996,-0.4,0.1,5.2,24.0,1.0,0.7,3.6,0.5,0,0
Ed Pinckney,1996,0.0,0.5,11.4,27.0,0.9,0.7,2.4,1.5,0,0
Lorenzo Williams,1996,-0.1,0.3,8.0,19.0,0.4,0.9,2.4,2.2,0,0
Frank Brickowski,1996,-0.2,0.1,6.9,17.0,0.8,1.1,4.8,1.6,0,0
Šarūnas Marčiulionis,1996,-0.2,0.1,8.1,17.0,2.1,2.4,6.8,1.1,0,0
Scott Brooks,1996,0.2,0.5,11.0,38.0,0.4,0.4,1.5,0.3,0,0
David Wood,1996,0.1,0.2,10.2,46.0,0.4,0.1,1.2,0.5,0,0
Tracy Moore,1996,-0.1,0.2,11.4,27.0,1.1,0.5,3.7,0.6,0,0
Ken Norman,1996,-0.4,0.3,3.1,17.0,0.7,1.1,3.8,1.8,0,0
Rick Mahorn,1996,-0.2,0.3,8.8,22.0,1.0,0.5,2.5,1.5,0,0
Žan Tabak,1996,-0.1,0.2,12.5,13.0,2.2,1.6,6.5,2.2,0,0
Rich Manning,1996,-0.4,0.1,8.9,26.0,0.5,0.3,2.9,0.9,0,0
Reggie Williams,1996,0.0,0.2,9.2,13.0,0.9,0.9,5.8,2.0,0,0
Greg Graham,1996,-0.1,0.3,12.6,28.0,1.4,0.4,3.3,0.4,0,0
Herb Williams,1996,-0.1,0.3,7.0,21.0,0.2,0.2,1.9,1.0,0,0
Tim Legler,1996,-0.2,0.2,4.4,15.0,0.5,0.6,2.9,1.4,0,0
Randolph Childress,1996,-0.2,0.2,4.5,23.0,0.3,0.8,1.7,0.2,0,0
Donnie Boyce,1996,-0.2,0.3,7.0,22.0,1.0,0.7,2.5,0.4,0,0
Mark Strickland,1996,-0.2,0.3,11.1,31.0,0.7,0.5,2.0,0.7,0,0
David Robinson,1996,0.3,0.2,31.0,6.0,8.7,1.3,17.7,5.3,0,0
Ashraf Amaya,1996,-0.2,0.3,8.8,31.0,0.9,0.3,1.3,1.1,0,0
LaSalle Thompson,1996,-0.3,0.2,-0.5,26.0,0.2,0.3,0.4,1.0,0,0
Bison Dele,1996,-0.1,0.2,13.7,9.0,1.7,1.2,7.0,2.1,0,0
Darrin Hancock,1996,0.0,0.2,11.9,24.0,0.6,0.5,1.8,0.6,0,0
Reggie Jordan,1996,0.2,0.2,15.7,19.0,0.9,0.4,2.1,0.8,0,0
Eric Leckner,1996,-0.3,0.1,4.9,20.0,0.6,0.5,1.7,1.6,0,0
Pervis Ellison,1996,0.0,0.1,6.5,6.0,0.8,1.2,2.5,2.8,0,0
Dwayne Schintzius,1996,-0.1,0.1,8.1,15.0,0.5,0.5,2.3,0.9,0,0
Eric Murdock,1996,0.2,0.1,18.1,12.0,1.0,0.9,3.8,0.8,0,0
Lou Roe,1996,-0.3,0.0,3.0,17.0,1.1,0.6,2.4,0.4,0,0
Stacey King,1996,-0.1,0.1,7.7,11.0,0.6,0.5,2.2,1.5,0,0
Joe Courtney,1996,-0.2,0.0,3.8,9.0,0.6,0.3,2.8,0.8,0,0
Charles Jones,1996,0.0,0.1,6.3,12.0,0.0,0.0,0.3,0.7,0,0
Tom Chambers,1996,-0.3,0.0,-3.9,12.0,0.3,0.8,1.6,0.9,0,0
Mike Brown,1996,0.0,0.1,11.1,6.0,1.7,0.3,2.7,2.7,0,0
Haywoode Workman,1996,0.0,0.1,11.0,4.0,0.3,1.3,5.5,0.8,0,0
Carl Thomas,1996,0.0,0.1,8.5,19.0,0.1,0.3,1.1,0.5,0,0
Elmer Bennett,1996,-0.1,0.0,5.8,9.0,1.1,1.1,2.4,0.4,0,0
Jack Haley,1996,0.0,0.1,19.6,20.0,1.0,0.1,2.0,1.0,0,0
Keith Tower,1996,-0.1,0.1,0.6,5.0,1.6,0.4,1.4,1.4,0,0
Tim Kempton,1996,-0.1,0.0,-1.0,10.0,0.2,0.7,0.4,0.5,0,0
Frankie King,1996,0.0,0.1,15.0,7.0,0.7,0.4,2.9,1.4,0,0
Martin Lewis,1996,0.0,0.0,10.9,9.0,0.2,0.1,1.6,0.2,0,0
Earl Cureton,1996,0.0,0.0,4.9,9.0,0.3,0.1,0.8,0.6,0,0
Brad Lohaus,1996,-0.1,0.0,2.4,6.0,0.0,0.2,1.7,1.0,0,0
Benoit Benjamin,1996,0.0,0.0,8.9,4.0,1.0,0.5,3.3,1.5,0,0
Jimmy Oliver,1996,-0.1,0.0,4.7,4.0,0.5,0.8,2.8,1.0,0,0
Fred Roberts,1996,-0.1,0.0,12.8,12.0,1.2,0.4,1.8,0.7,0,0
Robert Werdann,1996,0.0,0.0,8.7,6.0,0.5,0.3,1.5,0.5,0,0
Steve Scheffler,1996,-0.1,0.0,7.2,7.0,0.3,0.7,1.9,0.3,0,0
Antonio Harvey,1996,0.0,0.1,23.2,6.0,1.0,0.2,2.5,1.3,0,0
Ennis Whatley,1996,0.0,0.0,5.1,3.0,0.0,0.3,1.3,1.0,0,0
Jimmy King,1996,0.0,0.0,12.7,2.0,2.0,0.5,3.0,0.0,0,0
Anthony Miller,1996,0.0,0.0,-4.6,1.0,0.0,0.0,0.0,5.0,0,0
Cuonzo Martin,1996,-0.1,0.0,-19.9,3.0,0.0,0.3,0.0,0.0,0,0
Larry Krystkowiak,1996,0.0,0.0,27.2,3.0,0.7,0.3,1.0,1.0,0,0
Derrick Alston,1996,-0.1,0.0,-9.0,2.0,1.0,0.0,0.0,0.5,0,0
Chris Jent,1996,0.0,0.0,16.0,3.0,0.0,0.0,2.0,0.0,0,0
Dell Demps,1996,0.0,0.0,1.9,2.0,1.0,0.0,1.0,0.0,0,0
Matt Fish,1996,0.0,0.0,-3.2,6.0,0.0,0.3,0.3,0.7,0,0
Elmore Spencer,1996,0.0,0.0,-7.3,1.0,0.0,1.0,0.0,0.0,0,0
Michael Finley,1997,3.8,2.0,19.3,82.0,5.1,2.7,21.5,3.5,0,0
Glen Rice,1997,2.4,2.0,17.4,82.0,6.1,2.2,22.3,3.2,1,3
Grant Hill,1997,5.6,5.1,21.2,81.0,8.0,3.5,21.1,6.5,1,2
Ray Allen,1997,2.5,2.3,16.2,82.0,4.8,3.2,19.5,3.4,0,0
Antoine Walker,1997,2.2,4.0,17.8,82.0,5.8,3.6,22.4,6.9,0,0
Kevin Garnett,1997,5.0,4.2,20.4,82.0,4.0,2.3,18.5,6.9,0,0
Wesley Person,1997,4.7,5.0,15.1,82.0,2.1,1.3,14.7,3.6,0,0
Michael Jordan,1997,7.1,5.4,25.2,82.0,8.8,2.3,28.7,4.2,1,1
Allen Iverson,1997,4.5,2.8,20.4,80.0,6.7,3.1,22.0,2.6,0,0
Anthony Mason,1997,3.4,3.5,16.4,81.0,5.0,1.8,12.8,8.0,0,0
Gary Payton,1997,5.7,4.0,21.6,82.0,4.6,2.8,19.2,3.6,1,1
Jason Kidd,1997,4.0,4.8,16.4,82.0,2.5,3.2,11.6,4.9,0,0
Stephon Marbury,1997,1.5,1.1,16.4,82.0,5.5,3.1,17.7,2.1,0,0
Jim Jackson,1997,0.3,1.7,13.2,79.0,3.6,3.3,15.7,3.4,0,0
Tim Hardaway,1997,5.5,3.8,20.6,81.0,4.1,2.8,18.9,3.1,1,2
Karl Malone,1997,7.1,4.3,27.9,81.0,10.2,3.0,27.0,8.0,1,1
Rod Strickland,1997,3.7,3.0,19.6,76.0,6.5,3.5,17.8,3.9,1,2
Bo Outlaw,1997,3.4,4.5,15.5,82.0,3.8,2.1,9.5,4.7,0,0
Shareef Abdur-Rahim,1997,2.6,0.6,21.1,82.0,7.8,3.1,22.3,4.3,0,0
Vin Baker,1997,2.2,3.5,20.4,82.0,6.4,2.1,19.2,4.5,1,2
Doug Christie,1997,1.7,1.6,16.2,78.0,4.2,2.9,16.5,4.0,0,0
Dikembe Mutombo,1997,3.4,5.2,19.8,82.0,5.5,2.0,13.4,8.0,1,3
Eddie Jones,1997,4.4,3.2,18.0,80.0,3.8,1.8,16.9,2.7,0,0
Rasheed Wallace,1997,2.4,3.8,14.9,77.0,3.6,2.2,14.6,4.5,0,0
Steve Smith,1997,3.6,1.8,18.8,73.0,6.2,2.4,20.1,2.4,0,0
Dennis Rodman,1997,1.3,5.9,12.4,80.0,1.4,1.8,4.7,9.8,0,0
Allan Houston,1997,1.9,3.5,15.1,82.0,4.1,2.4,18.4,2.8,0,0
David Wesley,1997,1.9,2.5,15.2,81.0,3.6,2.8,13.0,2.0,0,0
Calbert Cheaney,1997,0.0,2.5,11.7,82.0,2.6,1.3,12.8,3.0,0,0
Damon Stoudamire,1997,1.5,0.8,16.8,71.0,4.0,3.1,17.3,3.0,0,0
Corliss Williamson,1997,1.1,1.8,16.0,79.0,5.6,2.5,17.7,3.6,0,0
Kerry Kittles,1997,3.7,2.2,17.5,77.0,3.2,1.4,17.2,3.0,0,0
Chris Webber,1997,4.7,4.4,20.9,71.0,4.7,2.6,21.9,7.0,0,0
Horace Grant,1997,2.2,3.6,15.4,76.0,2.6,1.2,12.1,5.1,0,0
Reggie Miller,1997,4.8,2.8,19.8,81.0,5.4,1.6,19.5,2.3,1,3
Isaiah Rider,1997,1.5,2.5,15.2,74.0,3.6,2.5,19.7,3.3,0,0
Shawn Kemp,1997,1.8,5.9,17.5,80.0,7.0,3.4,18.0,6.6,0,0
Detlef Schrempf,1997,3.4,2.9,18.7,78.0,4.5,2.2,15.8,5.4,0,0
Charles Oakley,1997,2.1,5.6,13.1,79.0,1.4,1.6,9.0,6.4,0,0
Kendall Gill,1997,2.3,3.0,14.9,81.0,4.0,1.5,13.4,3.4,0,0
Rick Fox,1997,1.1,2.8,12.5,82.0,2.8,2.5,12.0,3.4,0,0
Mookie Blaylock,1997,3.2,3.7,16.1,70.0,1.9,2.5,13.2,3.7,0,0
Tyrone Corbin,1997,1.1,2.7,12.0,79.0,1.6,1.1,10.2,3.6,0,0
Avery Johnson,1997,1.6,3.2,14.1,75.0,2.2,2.2,10.2,1.6,0,0
Erick Dampier,1997,-0.3,2.9,14.0,82.0,4.9,2.1,11.8,5.4,0,0
A.C. Green,1997,0.4,2.4,12.8,82.0,2.0,0.8,7.3,5.5,0,0
Dean Garrett,1997,-0.4,1.1,12.1,82.0,2.1,1.0,7.3,5.1,0,0
Voshon Lenard,1997,1.9,2.5,13.3,81.0,2.2,1.2,12.6,2.7,0,0
Bison Dele,1997,1.3,3.7,18.1,78.0,3.6,2.3,16.2,6.1,0,0
Donyell Marshall,1997,1.7,3.2,15.5,73.0,3.0,2.0,15.4,5.7,0,0
Sam Cassell,1997,3.7,1.7,21.0,75.0,6.8,3.6,19.6,2.1,0,0
Hersey Hawkins,1997,3.4,3.3,15.4,82.0,2.5,1.2,10.5,3.2,0,0
Lamond Murray,1997,1.6,1.2,17.8,79.0,3.7,2.2,15.4,3.9,0,0
LaPhonso Ellis,1997,-0.1,0.7,14.4,76.0,3.4,2.3,14.3,5.2,0,0
Mitch Richmond,1997,3.6,1.3,20.4,70.0,6.7,2.6,23.2,2.6,1,3
Juwan Howard,1997,0.7,2.4,15.2,64.0,5.6,2.9,18.5,4.5,0,0
Jerry Stackhouse,1997,1.6,2.3,16.2,79.0,5.7,2.8,15.8,2.0,0,0
Kevin Willis,1997,0.0,1.7,18.3,81.0,3.8,2.1,16.1,5.5,0,0
Bryant Reeves,1997,0.5,0.6,17.3,74.0,4.3,2.1,16.3,5.3,0,0
Lindsey Hunter,1997,1.3,2.8,12.4,71.0,2.8,1.5,12.1,2.6,0,0
Rodney Rogers,1997,0.7,0.7,15.8,76.0,4.3,2.5,15.1,3.5,0,0
Clyde Drexler,1997,3.3,1.8,19.8,70.0,4.9,2.7,18.4,3.4,0,0
Jeff Hornacek,1997,3.6,2.1,19.3,80.0,4.0,1.7,14.2,2.6,0,0
David Robinson,1997,6.3,6.0,27.8,73.0,9.0,2.8,21.6,7.3,1,2
Theo Ratliff,1997,1.8,3.4,16.2,82.0,3.4,1.4,9.9,4.0,0,0
Antonio McDyess,1997,2.5,4.6,20.3,81.0,4.1,1.8,15.1,5.0,0,0
Mark Jackson,1997,3.1,3.1,17.2,82.0,2.2,2.1,8.3,3.1,0,0
Larry Johnson,1997,1.6,2.9,15.8,70.0,4.0,1.8,15.5,3.2,0,0
Hubert Davis,1997,0.0,0.3,12.5,81.0,1.4,1.1,11.1,1.7,0,0
P.J. Brown,1997,1.7,4.0,15.0,74.0,2.7,1.3,9.6,5.4,0,0
John Wallace,1997,-0.6,0.5,14.8,82.0,3.6,2.1,14.0,3.1,0,0
Clifford Robinson,1997,1.8,3.5,17.4,80.0,4.5,1.8,14.2,3.2,0,0
Billy Owens,1997,1.0,2.8,14.4,78.0,2.5,2.0,10.5,5.3,0,0
Joe Smith,1997,-0.3,2.0,14.4,79.0,3.7,2.0,14.6,3.4,0,0
Jayson Williams,1997,1.4,2.3,18.7,65.0,4.5,1.5,12.9,6.8,0,0
Walter McCarty,1997,0.3,2.2,11.6,82.0,2.4,1.7,9.6,2.7,0,0
Arvydas Sabonis,1997,3.8,4.6,20.9,73.0,5.5,2.6,16.0,7.9,0,0
Joe Dumars,1997,1.7,1.2,14.3,72.0,2.1,1.2,13.1,1.3,0,0
Clarence Weatherspoon,1997,0.7,3.0,14.0,79.0,3.5,1.5,9.3,5.0,0,0
Charlie Ward,1997,3.6,4.5,15.6,82.0,1.4,2.1,7.8,3.0,0,0
Darrick Martin,1997,-0.5,-0.1,12.3,82.0,2.6,1.9,10.3,1.8,0,0
Glenn Robinson,1997,1.1,1.8,16.8,56.0,4.8,3.6,23.4,4.0,0,0
Dennis Scott,1997,0.5,1.3,12.1,81.0,1.6,1.3,11.0,2.5,0,0
Ron Harper,1997,2.3,3.7,14.7,82.0,2.6,1.1,9.3,2.2,0,0
Christian Laettner,1997,2.5,3.0,18.5,74.0,4.8,2.5,13.8,4.7,0,0
Isaac Austin,1997,0.4,2.5,16.3,78.0,4.7,2.6,13.5,4.6,0,0
Rex Chapman,1997,1.3,2.1,14.5,68.0,2.8,1.7,15.9,2.1,0,0
Ervin Johnson,1997,1.3,3.8,15.6,81.0,2.9,1.4,8.0,5.5,0,0
Charles Barkley,1997,2.7,2.5,21.6,68.0,5.8,2.2,15.2,8.1,0,0
Sam Mitchell,1997,0.8,1.4,15.8,81.0,3.6,0.8,12.3,3.3,0,0
Toni Kukoč,1997,3.0,3.3,17.3,74.0,3.0,2.1,13.3,2.8,0,0
Tracy Murray,1997,2.3,1.9,17.3,82.0,2.5,1.2,15.1,2.5,0,0
Jaren Jackson,1997,0.3,2.8,9.7,82.0,1.4,1.3,8.8,1.9,0,0
Bryon Russell,1997,1.6,2.2,12.9,82.0,3.4,1.0,9.0,3.0,0,0
Matt Maloney,1997,0.1,0.3,10.5,78.0,1.0,1.4,8.6,1.6,0,0
Anthony Goldwire,1997,0.1,-0.4,13.6,82.0,2.3,1.0,9.2,1.3,0,0
Otis Thorpe,1997,0.0,1.1,13.4,74.0,3.2,2.1,10.2,5.2,0,0
Robert Horry,1997,2.5,3.6,14.4,72.0,2.3,1.4,7.4,4.9,0,0
Antonio Davis,1997,1.1,3.6,15.3,82.0,4.9,1.3,9.6,4.5,0,0
John Starks,1997,1.5,3.1,14.3,82.0,2.9,1.7,12.9,2.2,0,0
Chris Mills,1997,0.9,3.3,12.7,80.0,2.4,1.3,9.7,3.6,0,0
Chris Mullin,1997,3.5,3.2,16.9,82.0,2.0,1.4,11.3,2.6,0,0
Johnny Newman,1997,-0.3,-0.4,14.9,74.0,6.0,2.0,14.7,1.2,0,0
Shaquille O'Neal,1997,4.3,3.4,28.8,60.0,11.4,2.9,28.3,7.9,1,1
Dale Davis,1997,1.8,3.8,15.2,78.0,2.2,0.9,8.0,4.8,0,0
Derrick Coleman,1997,1.3,2.7,17.5,59.0,6.6,2.7,17.6,7.4,0,0
Armen Gilliam,1997,1.1,2.1,16.4,82.0,4.1,1.8,11.2,3.6,0,0
Rik Smits,1997,1.6,3.6,19.9,73.0,3.3,1.8,16.7,5.2,0,0
Lorenzen Wright,1997,-0.3,1.5,13.6,69.0,3.1,1.2,9.0,6.2,0,0
Tyrone Hill,1997,0.8,2.6,13.6,57.0,4.5,1.9,10.0,6.9,0,0
Kobe Bryant,1997,1.8,1.8,18.5,79.0,5.8,2.0,15.4,2.1,0,0
Nick Van Exel,1997,2.4,1.5,17.8,64.0,2.7,1.6,13.8,2.5,0,0
Adam Keefe,1997,1.3,1.7,14.5,80.0,2.5,0.9,7.8,3.2,0,0
Marcus Camby,1997,0.2,1.5,15.9,63.0,3.9,2.1,12.1,4.2,0,0
Alan Henderson,1997,0.8,1.8,18.4,69.0,5.6,1.6,14.3,3.5,0,0
Mario Elie,1997,0.8,0.6,12.9,73.0,2.4,1.4,8.4,1.6,0,0
Michael Curry,1997,-0.5,0.9,9.1,82.0,2.1,0.9,6.6,0.9,0,0
Blue Edwards,1997,0.2,0.3,14.5,81.0,2.7,1.7,10.8,1.9,0,0
Khalid Reeves,1997,0.0,1.0,13.1,82.0,2.6,1.6,8.7,1.6,0,0
Dale Ellis,1997,1.8,1.4,16.6,79.0,1.8,0.9,11.8,1.7,0,0
Alonzo Mourning,1997,2.2,3.6,22.4,58.0,8.0,3.1,19.2,6.3,0,0
Dan Majerle,1997,2.1,2.5,12.2,72.0,0.7,0.9,7.2,3.1,0,0
Brian Grant,1997,1.2,3.0,16.7,61.0,3.7,1.8,12.1,5.9,0,0
Bobby Phills,1997,0.7,1.7,12.5,62.0,2.3,1.7,10.4,2.5,0,0
John Stockton,1997,3.6,1.6,21.8,64.0,3.6,2.5,12.0,2.0,0,0
Kenny Anderson,1997,1.1,2.0,14.8,61.0,3.2,2.3,12.2,2.2,0,0
Matt Geiger,1997,1.5,2.7,20.2,78.0,3.0,1.4,11.3,4.2,0,0
Lee Mayberry,1997,-0.8,-0.3,9.2,79.0,0.6,1.4,4.6,1.2,0,0
Shawn Bradley,1997,0.7,3.0,17.7,64.0,2.8,1.5,11.4,5.5,0,0
Aaron McKie,1997,0.2,2.0,8.6,81.0,0.7,0.9,4.1,2.1,0,0
Vlade Divac,1997,2.7,3.0,19.4,64.0,2.9,1.8,10.4,5.2,0,0
Danny Manning,1997,2.1,3.0,19.8,70.0,3.2,1.4,13.5,4.0,0,0
Terry Porter,1997,2.0,0.9,17.3,82.0,2.4,1.3,9.5,1.6,0,0
Elden Campbell,1997,0.3,2.4,16.4,81.0,4.2,1.4,10.1,3.9,0,0
Terrell Brandon,1997,2.5,2.0,20.2,50.0,3.1,2.9,16.8,3.1,0,0
Derek Harper,1997,0.3,1.5,11.5,66.0,1.2,1.5,8.6,1.2,0,0
Derek Fisher,1997,0.9,1.6,12.9,82.0,1.9,1.5,5.8,1.9,0,0
Elliot Perry,1997,-0.1,1.3,11.5,81.0,1.3,1.6,7.3,1.1,0,0
Eric Piatkowski,1997,0.9,0.1,15.5,67.0,2.5,1.2,11.3,2.5,0,0
Jamal Mashburn,1997,0.9,1.8,14.1,48.0,4.8,2.3,15.1,3.4,0,0
Howard Eisley,1997,0.6,1.2,13.6,82.0,1.8,2.0,7.7,1.7,0,0
Vinny Del Negro,1997,0.2,2.1,11.1,54.0,1.7,1.0,9.5,2.6,0,0
Dee Brown,1997,1.0,0.8,14.2,72.0,1.0,1.0,9.1,1.8,0,0
Jalen Rose,1997,0.6,2.2,14.1,82.0,2.8,1.6,9.4,2.0,0,0
Terry Davis,1997,-0.3,1.9,10.5,74.0,1.6,0.8,4.4,3.7,0,0
Cherokee Parks,1997,-0.1,1.8,13.6,79.0,2.1,0.8,7.1,3.8,0,0
Luc Longley,1997,0.5,2.8,13.5,58.0,2.6,2.2,11.4,3.9,0,0
Nick Anderson,1997,2.9,2.1,19.6,58.0,3.4,1.5,15.3,3.4,0,0
Sherman Douglas,1997,1.1,0.7,15.6,80.0,2.2,1.4,8.0,1.0,0,0
Dana Barros,1997,2.3,1.3,18.6,80.0,1.8,1.3,9.8,1.6,0,0
Tony Delk,1997,0.2,1.3,13.1,77.0,2.0,1.4,10.1,1.7,0,0
Sam Perkins,1997,1.4,2.0,13.6,81.0,1.6,0.8,7.2,2.5,0,0
Steve Nash,1997,1.4,1.8,15.6,76.0,1.1,1.3,9.1,1.7,0,0
Reggie Slater,1997,-1.1,0.1,12.4,78.0,4.1,1.3,8.0,2.2,0,0
Scottie Pippen,1997,2.9,3.0,20.4,44.0,4.4,2.5,19.1,4.0,1,3
Malik Sealy,1997,0.6,2.0,12.8,77.0,2.4,1.0,7.7,2.2,0,0
Derek Strong,1997,0.4,2.0,16.6,58.0,4.8,1.3,12.7,4.7,0,0
Rony Seikaly,1997,0.1,1.9,15.0,56.0,5.9,2.6,13.3,4.4,0,0
Hakeem Olajuwon,1997,2.1,2.5,20.8,47.0,4.5,2.7,16.4,7.3,0,0
Oliver Miller,1997,0.1,0.9,12.8,64.0,1.6,2.0,6.3,4.0,0,0
Shandon Anderson,1997,1.1,1.4,15.7,82.0,2.3,1.1,8.3,1.7,0,0
Brent Barry,1997,1.0,0.6,14.3,58.0,2.3,1.8,10.9,2.4,0,0
Chris Childs,1997,0.7,2.3,11.6,68.0,1.9,1.5,6.3,2.0,0,0
Tom Gugliotta,1997,2.1,1.5,20.5,41.0,5.4,2.7,20.1,6.1,0,0
Muggsy Bogues,1997,0.3,1.0,12.4,61.0,1.1,1.7,5.7,1.7,0,0
Travis Best,1997,0.9,2.1,13.6,82.0,1.6,1.4,6.5,1.1,0,0
Brian Shaw,1997,-0.5,1.3,9.1,59.0,0.9,1.7,6.3,3.0,0,0
Andrew DeClercq,1997,-0.1,2.1,13.2,81.0,2.1,1.0,5.4,2.6,0,0
Erick Strickland,1997,-1.1,0.8,9.3,67.0,1.3,1.6,7.6,1.9,0,0
Travis Knight,1997,0.3,1.9,13.6,74.0,1.4,1.2,6.5,3.0,0,0
George Lynch,1997,0.7,0.8,16.8,82.0,1.9,1.3,7.5,2.6,0,0
Will Perdue,1997,0.8,3.2,14.8,79.0,1.7,1.0,5.0,4.5,0,0
Eddie Johnson,1997,0.0,0.1,13.1,75.0,1.8,0.8,8.4,1.4,0,0
Bimbo Coles,1997,-0.6,1.0,10.4,53.0,1.7,1.7,8.0,2.0,0,0
Walt Williams,1997,0.6,1.0,13.4,59.0,2.1,1.6,10.3,2.5,0,0
Olden Polynice,1997,-0.2,1.6,14.7,70.0,1.6,1.4,7.9,3.8,0,0
Chuck Person,1997,0.1,2.1,8.3,61.0,0.6,1.1,6.7,3.1,0,0
Eldridge Recasner,1997,0.6,1.0,13.0,59.0,1.3,1.5,9.3,1.9,0,0
Greg Foster,1997,-1.1,1.0,8.9,78.0,1.1,0.9,5.7,2.4,0,0
Stacey Augmon,1997,0.2,1.9,10.3,71.0,2.2,1.1,5.7,1.8,0,0
Mark Price,1997,0.6,1.3,14.9,63.0,1.6,2.6,9.5,1.7,0,0
Jason Caffey,1997,-0.1,1.6,13.9,80.0,2.5,1.3,7.3,2.3,0,0
Pete Chilcutt,1997,0.5,0.8,12.6,82.0,0.7,0.8,4.9,2.8,0,0
Sam Mack,1997,0.0,-0.2,12.4,57.0,1.4,1.2,10.8,1.8,0,0
Vitaly Potapenko,1997,-0.8,2.2,11.0,80.0,1.8,1.7,7.1,2.5,0,0
Terry Dehere,1997,-0.5,0.7,10.8,77.0,1.3,1.2,6.4,1.1,0,0
Eric Murdock,1997,1.5,2.4,15.7,82.0,1.9,1.3,6.2,1.4,0,0
Gary Trent,1997,0.4,1.6,16.2,54.0,3.9,1.7,11.7,4.0,0,0
Chris Gatling,1997,0.0,1.5,16.0,57.0,4.6,1.7,11.5,3.8,0,0
Hot Rod Williams,1997,0.6,2.1,11.5,71.0,1.3,0.4,3.6,2.9,0,0
Brent Price,1997,0.0,0.4,10.9,72.0,1.4,1.5,5.6,1.0,0,0
Stanley Roberts,1997,-0.7,1.5,11.9,74.0,2.1,0.9,6.2,3.4,0,0
Derrick McKey,1997,0.6,2.1,10.7,57.0,1.4,1.4,6.3,2.4,0,0
Monty Williams,1997,0.1,1.9,11.3,72.0,2.5,1.1,6.3,1.6,0,0
Jerome Williams,1997,0.9,1.9,16.3,77.0,2.2,0.8,5.3,2.7,0,0
Bruce Bowen,1997,0.5,1.4,11.0,61.0,2.0,0.9,5.6,1.6,0,0
Cory Alexander,1997,0.8,1.2,15.2,60.0,1.7,1.9,8.1,2.2,0,0
Kevin Johnson,1997,0.8,1.3,15.6,50.0,3.7,2.0,9.5,2.6,0,0
Greg Ostertag,1997,0.3,2.1,12.5,63.0,2.2,1.2,4.7,3.8,0,0
Danny Schayes,1997,-0.4,1.4,10.9,74.0,1.6,0.8,5.5,2.0,0,0
Gerald Wilkins,1997,-1.5,0.9,5.4,72.0,1.4,1.1,5.3,1.0,0,0
Pooh Richardson,1997,-0.6,-0.1,10.3,69.0,0.6,0.8,4.2,1.1,0,0
Darrell Armstrong,1997,1.0,1.3,15.7,48.0,2.6,2.3,9.2,2.0,0,0
James Robinson,1997,-0.3,-0.1,12.4,70.0,1.5,1.4,7.7,1.1,0,0
George McCloud,1997,0.6,1.9,12.7,63.0,0.8,1.0,7.2,2.7,0,0
Jim McIlvaine,1997,-0.4,1.9,9.5,78.0,1.0,0.7,3.2,2.1,0,0
Chucky Brown,1997,-0.4,0.9,10.5,77.0,1.1,0.7,5.0,1.6,0,0
Michael Cage,1997,0.7,1.4,10.1,79.0,0.5,0.3,1.3,2.4,0,0
Anthony Peeler,1997,1.0,0.7,15.0,38.0,1.2,1.3,12.3,2.3,0,0
Matt Bullard,1997,1.0,0.5,13.8,67.0,0.4,0.6,7.0,1.8,0,0
Terry Cummings,1997,-0.2,1.6,13.7,74.0,1.3,0.7,6.3,2.5,0,0
Chris Carr,1997,-0.3,0.4,11.6,51.0,1.9,1.4,9.9,2.2,0,0
Randy Brown,1997,0.1,1.9,10.1,71.0,1.1,0.9,4.1,0.8,0,0
Tom Hammonds,1997,-0.2,0.7,12.1,57.0,2.3,0.8,6.1,3.0,0,0
Greg Minor,1997,0.1,0.9,11.8,69.0,1.2,0.6,5.0,1.4,0,0
Ben Wallace,1997,0.8,2.2,13.4,67.0,1.5,0.4,3.1,3.2,0,0
David Benoit,1997,-0.2,1.1,10.5,77.0,1.0,0.7,5.5,1.9,0,0
Steve Kerr,1997,0.9,1.2,12.9,50.0,1.0,0.5,7.5,1.3,0,0
Mark Bryant,1997,-0.3,1.6,10.2,70.0,1.4,0.8,4.2,2.2,0,0
J.R. Reid,1997,-0.4,1.1,11.3,79.0,1.5,0.8,4.9,1.7,0,0
Scott Burrell,1997,1.3,2.2,15.7,80.0,0.8,0.6,5.2,1.5,0,0
Antoine Carr,1997,-0.5,0.7,9.8,66.0,1.5,0.7,5.7,1.3,0,0
Chris Whitney,1997,0.6,0.9,14.8,82.0,1.6,0.8,5.1,1.2,0,0
Michael Smith,1997,0.4,0.8,14.3,48.0,2.1,1.1,5.2,3.9,0,0
Danny Ferry,1997,-0.1,1.4,7.5,69.0,0.6,0.8,4.2,1.3,0,0
Corie Blount,1997,0.0,1.4,11.9,70.0,1.1,0.7,3.6,2.6,0,0
Samaki Walker,1997,-0.4,1.3,14.4,41.0,2.4,1.5,8.9,5.0,0,0
Greg Anthony,1997,1.2,1.3,16.8,80.0,1.0,1.1,5.2,1.2,0,0
Sean Elliott,1997,0.0,1.5,9.5,36.0,2.2,1.6,9.3,3.0,0,0
Stojko Vranković,1997,-0.5,0.6,9.4,65.0,1.0,0.7,3.0,3.0,0,0
Don Reid,1997,0.2,1.3,11.4,68.0,1.0,0.4,3.5,1.4,0,0
Cedric Ceballos,1997,1.0,1.2,19.3,47.0,3.1,1.5,11.4,3.1,0,0
Žan Tabak,1997,-1.0,0.4,9.7,57.0,1.1,1.1,5.4,2.2,0,0
Dell Curry,1997,0.5,0.7,15.1,52.0,1.0,1.0,9.4,1.4,0,0
Bob Sura,1997,0.0,1.4,9.6,46.0,2.8,2.0,5.8,1.5,0,0
Eric Snow,1997,0.2,1.0,11.7,64.0,1.1,1.0,3.3,1.0,0,0
Shawn Respert,1997,-0.3,0.0,12.3,57.0,1.1,0.8,5.9,1.1,0,0
Mark Davis,1997,0.0,1.0,10.9,71.0,1.4,1.3,4.0,1.3,0,0
Othella Harrington,1997,-0.3,0.5,13.7,58.0,2.1,0.8,6.0,2.3,0,0
Harvey Grant,1997,-0.4,0.9,7.5,65.0,0.5,0.4,2.6,1.7,0,0
Tony Massenburg,1997,-0.5,0.4,14.9,61.0,2.2,1.0,6.5,2.5,0,0
Brian Evans,1997,0.2,0.8,12.0,72.0,0.8,0.5,4.5,1.2,0,0
Bobby Hurley,1997,-1.0,0.0,9.0,61.0,1.2,1.4,4.1,0.9,0,0
Fred Hoiberg,1997,0.5,1.4,11.2,65.0,1.1,0.3,4.0,1.7,0,0
Chris Dudley,1997,-0.2,1.7,9.5,51.0,1.8,0.9,3.1,3.3,0,0
Patrick Ewing,1997,1.3,2.0,23.3,26.0,7.2,3.0,20.8,7.9,0,0
Mark Strickland,1997,0.5,1.3,17.4,51.0,1.6,0.9,6.8,2.6,0,0
B.J. Armstrong,1997,0.4,0.6,14.6,66.0,0.8,0.6,4.0,0.9,0,0
Felton Spencer,1997,-0.8,1.0,8.5,68.0,1.2,0.7,2.4,2.0,0,0
Jermaine O'Neal,1997,-0.2,1.3,12.7,60.0,1.5,0.9,4.5,2.0,0,0
Scott Williams,1997,-0.3,0.8,12.1,58.0,1.1,0.5,4.1,2.1,0,0
Terry Mills,1997,-0.4,1.1,7.7,50.0,0.7,0.9,4.2,2.4,0,0
Aaron Williams,1997,-0.2,1.0,13.4,65.0,1.3,0.8,4.6,1.5,0,0
Grant Long,1997,0.2,1.0,10.0,40.0,1.4,0.6,3.5,2.3,0,0
Corey Beck,1997,-0.2,0.7,9.3,59.0,1.0,1.2,3.2,1.1,0,0
Buck Williams,1997,0.2,1.2,12.3,41.0,1.7,0.9,4.9,2.6,0,0
Mark Hendrickson,1997,-0.3,0.7,9.4,48.0,1.2,0.6,3.4,2.3,0,0
Bryant Stith,1997,-0.4,-0.1,9.2,31.0,2.8,1.1,7.6,1.6,0,0
Jerome Kersey,1997,-0.1,1.2,12.6,37.0,1.8,1.0,6.3,2.1,0,0
Rick Mahorn,1997,-0.5,0.9,7.8,59.0,0.6,0.6,2.4,2.2,0,0
Andrew Lang,1997,-0.2,0.8,8.5,57.0,1.0,0.6,2.7,1.7,0,0
Eric Montross,1997,-0.6,0.9,8.0,48.0,0.8,0.6,2.9,2.7,0,0
Doug West,1997,-0.7,0.2,5.6,38.0,1.1,0.6,4.1,1.6,0,0
Reggie Geary,1997,-0.2,1.2,6.8,62.0,0.9,0.7,2.5,0.8,0,0
Keith Askins,1997,0.0,1.0,5.5,46.0,0.4,0.6,2.4,1.6,0,0
Lucious Harris,1997,0.1,0.5,10.4,50.0,1.1,0.4,3.8,0.6,0,0
Vernon Maxwell,1997,-0.1,0.4,12.2,42.0,1.4,1.0,6.9,1.0,0,0
Darvin Ham,1997,-0.3,0.7,9.2,71.0,1.0,0.5,2.0,0.8,0,0
Anfernee Hardaway,1997,0.5,0.8,15.9,19.0,6.2,2.4,16.4,3.6,0,0
Tyus Edney,1997,0.6,0.7,17.8,52.0,2.1,1.3,5.3,0.7,0,0
Joe Wolf,1997,-0.7,0.2,5.1,57.0,0.2,0.4,1.5,1.6,0,0
Todd Fuller,1997,-0.5,0.7,11.8,57.0,1.4,0.6,4.0,2.4,0,0
Jud Buechler,1997,0.7,0.9,14.1,74.0,0.1,0.3,2.7,0.7,0,0
Martin Müürsepp,1997,0.1,0.6,14.9,41.0,1.6,0.7,5.7,1.7,0,0
Emanual Davis,1997,-0.3,0.1,9.2,45.0,0.8,1.2,4.1,0.8,0,0
Ledell Eackles,1997,0.0,0.4,12.2,42.0,1.4,0.7,5.2,1.2,0,0
Latrell Sprewell,1997,0.3,0.4,15.1,14.0,6.7,3.1,21.4,3.1,0,0
David Wingate,1997,-0.3,0.6,8.6,58.0,0.5,0.6,2.6,1.0,0,0
Eric Riley,1997,-0.3,0.7,11.2,39.0,0.9,0.9,3.6,2.3,0,0
Chris Morris,1997,0.1,0.7,14.7,54.0,1.1,0.6,4.3,1.5,0,0
Mahmoud Abdul-Rauf,1997,-0.4,0.2,10.5,31.0,0.5,0.6,7.3,1.0,0,0
Carl Herrera,1997,-0.4,0.9,8.1,58.0,0.8,0.7,2.9,1.2,0,0
David Vaughn,1997,-0.4,0.6,11.4,40.0,1.2,1.0,4.1,2.5,0,0
Reggie Jordan,1997,0.4,0.5,15.3,57.0,1.3,0.5,2.6,0.7,0,0
Kevin Edwards,1997,-0.1,0.4,9.5,39.0,0.9,0.8,3.8,0.9,0,0
Bill Wennington,1997,-0.5,0.6,9.4,48.0,0.4,0.3,3.5,1.0,0,0
Duane Ferrell,1997,-0.3,0.3,6.4,50.0,0.4,0.4,1.9,0.4,0,0
Jamie Feick,1997,0.1,0.7,12.1,45.0,0.9,0.5,2.3,1.8,0,0
Pervis Ellison,1997,0.2,0.6,13.1,33.0,1.0,0.8,3.0,1.7,0,0
Vincent Askew,1997,0.0,0.6,6.7,30.0,1.3,1.2,2.2,1.6,0,0
Ricky Pierce,1997,-0.1,0.2,9.8,39.0,1.3,0.5,3.9,0.7,0,0
Dickey Simpkins,1997,-0.1,0.5,10.6,40.0,1.8,0.8,3.3,1.3,0,0
Malik Rose,1997,-0.3,0.8,10.1,53.0,1.2,0.8,3.0,0.9,0,0
Carl Thomas,1997,0.2,0.6,10.9,43.0,0.6,0.4,3.4,0.9,0,0
Sean Rooks,1997,-0.1,0.5,13.4,41.0,1.9,0.5,3.4,1.8,0,0
Chris Robinson,1997,-0.3,0.2,9.1,35.0,0.5,0.9,4.6,1.1,0,0
Greg Anderson,1997,-0.1,0.7,10.4,50.0,0.8,0.3,1.8,1.6,0,0
Joe Kleine,1997,-0.4,0.5,5.5,46.0,0.4,0.6,2.0,1.1,0,0
John Crotty,1997,-0.3,0.3,7.0,26.0,1.3,1.6,3.7,1.1,0,0
Carlos Rogers,1997,-0.1,0.0,12.7,21.0,1.5,0.7,5.3,1.5,0,0
Jon Barry,1997,0.2,0.4,13.3,49.0,0.6,0.4,2.5,0.6,0,0
Duane Causwell,1997,-0.2,0.7,9.2,37.0,0.7,0.5,2.4,1.9,0,0
Gary Grant,1997,0.3,0.5,16.1,22.0,0.6,1.1,4.8,1.8,0,0
Mario Bennett,1997,0.3,0.6,22.2,45.0,1.0,0.5,3.9,1.5,0,0
Popeye Jones,1997,-0.2,0.1,13.4,14.0,1.4,1.1,8.6,3.7,0,0
Priest Lauderdale,1997,-0.5,0.2,10.0,39.0,1.8,1.2,3.7,1.9,0,0
Harold Ellis,1997,0.2,0.1,18.1,27.0,2.3,0.7,6.1,0.9,0,0
Donald Royal,1997,-0.2,0.2,8.3,31.0,1.1,0.3,2.5,0.7,0,0
Scott Brooks,1997,0.4,0.5,13.9,43.0,0.5,0.3,1.8,0.6,0,0
Robert Pack,1997,-0.2,0.3,9.0,12.0,3.0,3.2,7.8,2.2,0,0
Nate McMillan,1997,0.3,0.3,12.7,18.0,0.1,0.7,3.4,1.5,0,0
Doug Overton,1997,-0.3,0.1,5.2,23.0,0.7,1.0,2.7,0.5,0,0
Loy Vaught,1997,-0.3,0.1,7.8,10.0,0.8,1.3,7.5,4.9,0,0
Ivano Newbill,1997,-0.3,0.1,7.6,28.0,1.1,0.6,2.1,1.6,0,0
Gerald Madkins,1997,0.1,0.2,9.8,19.0,0.4,0.7,1.9,0.7,0,0
Rex Walters,1997,0.0,0.2,11.8,38.0,0.7,0.7,2.1,0.5,0,0
Anthony Miller,1997,0.0,0.4,16.4,37.0,1.1,0.4,2.1,1.1,0,0
Anthony Bowie,1997,0.1,0.3,12.9,27.0,0.3,0.3,2.8,0.6,0,0
Marty Conlon,1997,0.1,0.4,17.2,18.0,2.4,0.6,4.9,1.7,0,0
Mitchell Butler,1997,0.0,0.3,4.8,18.0,0.6,0.4,2.1,0.9,0,0
Benoit Benjamin,1997,-0.1,0.2,12.5,14.0,2.1,0.9,4.5,2.5,0,0
Shawnelle Scott,1997,0.0,0.4,10.6,41.0,0.4,0.2,1.1,1.0,0,0
Xavier McDaniel,1997,-0.2,0.1,4.3,20.0,0.4,0.4,1.3,1.0,0,0
Herb Williams,1997,-0.1,0.3,6.1,27.0,0.3,0.2,1.4,0.9,0,0
Brooks Thompson,1997,0.0,0.3,11.2,30.0,0.3,0.5,2.0,0.5,0,0
Henry James,1997,-0.1,0.2,10.6,28.0,0.8,0.4,2.9,0.5,0,0
Micheal Williams,1997,0.0,0.1,13.9,25.0,1.3,0.6,2.6,0.5,0,0
Bill Curley,1997,-0.2,0.1,7.8,11.0,0.3,0.3,3.1,1.5,0,0
Eric Williams,1997,0.1,0.0,17.0,4.0,11.3,2.3,19.8,2.8,0,0
Charles Jones,1997,0.0,0.0,7.8,24.0,0.1,0.2,0.6,0.5,0,0
Litterial Green,1997,-0.1,0.1,5.4,21.0,1.0,0.4,1.2,0.3,0,0
Lorenzo Williams,1997,0.0,0.1,14.1,14.0,0.1,0.1,1.9,0.7,0,0
Roy Rogers,1997,-0.2,0.1,5.4,15.0,0.4,0.3,1.3,0.6,0,0
Mark West,1997,-0.1,0.1,5.1,15.0,0.4,0.5,1.5,0.6,0,0
Brad Lohaus,1997,-0.1,0.1,5.2,9.0,0.3,0.3,2.1,1.0,0,0
Kevin Salvadori,1997,-0.1,0.1,2.1,16.0,0.4,0.3,0.3,0.9,0,0
Randy Livingston,1997,0.0,0.1,5.2,12.0,0.4,0.5,0.8,0.4,0,0
Lloyd Daniels,1997,0.0,0.0,13.5,6.0,1.7,0.7,5.7,0.5,0,0
Tony Smith,1997,0.0,0.1,6.4,7.0,0.6,1.3,2.7,0.4,0,0
Tim Legler,1997,-0.2,0.0,-4.5,8.0,0.5,0.5,1.1,0.3,0,0
Kurt Thomas,1997,-0.3,0.1,6.4,5.0,0.6,2.0,7.4,3.2,0,0
Todd Day,1997,0.0,0.1,14.8,5.0,1.8,0.6,6.0,0.4,0,0
Steve Henson,1997,0.0,0.0,14.1,23.0,0.3,0.3,1.6,0.1,0,0
George Zídek,1997,-0.2,0.0,9.1,12.0,1.3,0.3,2.4,1.1,0,0
Brian Oliver,1997,-0.1,0.0,6.3,5.0,0.8,0.2,3.0,1.2,0,0
Yinka Dare,1997,-0.1,0.0,4.5,10.0,0.8,0.2,1.2,0.7,0,0
Greg Graham,1997,-0.1,0.0,2.1,6.0,0.3,1.7,2.7,0.2,0,0
Stephen Howard,1997,-0.1,0.1,9.8,13.0,1.4,0.5,1.9,0.5,0,0
Jack Haley,1997,-0.1,0.0,7.2,16.0,1.3,0.3,1.4,0.6,0,0
Tony Dumas,1997,0.0,0.0,5.4,7.0,0.4,0.7,2.0,0.6,0,0
Tim Kempton,1997,-0.1,0.0,-1.4,8.0,0.0,0.5,0.5,0.3,0,0
Alton Lister,1997,-0.1,0.1,2.4,7.0,0.0,0.3,0.9,1.3,0,0
Sharone Wright,1997,-0.1,0.0,10.7,7.0,0.6,0.3,2.3,1.1,0,0
Willie Burton,1997,0.1,0.1,21.4,13.0,0.9,0.1,2.1,0.5,0,0
Don MacLean,1997,-0.1,0.0,-6.5,9.0,0.0,0.2,0.3,0.2,0,0
Horacio Llamas,1997,-0.2,0.1,8.6,8.0,1.3,1.1,3.0,1.8,0,0
Larry Robinson,1997,0.0,0.1,15.8,6.0,0.3,0.3,2.8,1.7,0,0
Pete Myers,1997,0.0,0.1,16.3,9.0,0.7,0.4,1.6,0.6,0,0
Joe Stephens,1997,0.0,0.0,17.7,7.0,0.9,0.3,3.9,0.4,0,0
Spud Webb,1997,-0.1,0.0,3.2,4.0,0.5,1.8,3.0,0.3,0,0
Jeff Grayer,1997,-0.1,0.0,2.7,5.0,0.0,0.8,2.0,0.8,0,0
Tim Breaux,1997,0.0,0.0,11.6,6.0,0.3,0.2,1.7,0.3,0,0
Clifford Rozier,1997,-0.1,0.0,-1.7,6.0,0.2,0.7,1.0,0.5,0,0
Antonio Lang,1997,0.0,0.0,14.9,6.0,1.3,0.7,2.0,0.5,0,0
Lawrence Moten,1997,-0.1,0.0,-0.2,8.0,0.5,0.1,1.1,0.0,0,0
Donald Whiteside,1997,0.0,0.0,0.7,3.0,0.7,0.3,0.7,0.3,0,0
Ben Davis,1997,0.0,0.0,7.7,7.0,0.0,0.0,0.6,0.0,0,0
Sean Higgins,1997,-0.1,0.0,-15.1,2.0,0.0,0.5,0.0,0.0,0,0
Tom Chambers,1997,0.0,0.0,31.5,1.0,2.0,1.0,6.0,2.0,0,0
Jimmy Oliver,1997,0.0,0.0,19.7,1.0,0.0,0.0,5.0,2.0,0,0
Dontonio Wingfield,1997,0.0,0.0,-7.1,3.0,0.7,0.3,0.3,0.7,0,0
Bob McCann,1997,0.0,0.0,-7.3,1.0,0.0,0.0,0.0,1.0,0,0
Adrian Caldwell,1997,0.0,0.0,0.0,1.0,0.0,0.0,0.0,0.0,0,0
Jason Kidd,1998,3.9,2.3,22.5,50.0,4.8,3.0,16.9,5.0,1,1
Michael Finley,1998,2.1,0.9,19.2,50.0,4.5,2.1,20.2,3.9,0,0
Shareef Abdur-Rahim,1998,2.1,0.9,20.7,50.0,8.8,3.7,23.0,5.2,0,0
Scottie Pippen,1998,2.3,2.3,16.8,50.0,3.7,3.2,14.5,5.2,0,0
Gary Payton,1998,3.6,1.2,23.1,50.0,5.5,3.1,21.7,3.6,1,2
Allen Iverson,1998,3.9,2.9,22.2,48.0,9.9,3.5,26.8,3.5,1,1
Tim Duncan,1998,3.2,4.7,23.2,50.0,7.2,2.9,21.7,8.2,1,1
Anfernee Hardaway,1998,2.3,3.4,16.7,50.0,4.2,3.0,15.8,4.2,0,0
Antonio McDyess,1998,1.3,1.3,21.7,50.0,6.8,2.8,21.2,7.4,1,3
Mitch Richmond,1998,0.9,1.0,15.5,50.0,5.9,2.7,19.7,2.8,0,0
Kobe Bryant,1998,1.9,1.5,18.9,50.0,5.8,3.1,19.9,4.2,1,3
Stephon Marbury,1998,2.2,0.8,20.8,49.0,5.7,3.3,21.3,2.1,0,0
Eddie Jones,1998,3.0,2.2,18.5,50.0,5.4,1.9,15.6,2.9,0,0
Grant Hill,1998,3.8,2.8,23.9,50.0,7.6,3.7,21.1,5.8,1,2
David Wesley,1998,1.7,1.7,16.9,50.0,3.8,2.8,14.1,2.8,0,0
Karl Malone,1998,4.0,3.4,25.6,49.0,9.8,3.3,23.8,7.3,1,1
Dikembe Mutombo,1998,2.6,4.2,18.8,50.0,5.7,1.9,10.8,8.4,0,0
Allan Houston,1998,0.6,1.8,13.1,50.0,3.9,2.6,16.3,2.6,0,0
Nick Van Exel,1998,0.6,-1.0,16.7,50.0,3.5,2.4,16.5,2.0,0,0
Reggie Miller,1998,2.3,0.4,18.7,50.0,4.9,1.5,18.4,2.2,0,0
Hakeem Olajuwon,1998,2.3,3.3,23.1,50.0,5.4,2.8,18.9,7.4,1,3
Kevin Garnett,1998,3.3,3.0,22.4,47.0,4.4,2.9,20.8,6.9,1,3
Tim Hardaway,1998,2.4,1.9,18.8,48.0,3.1,2.7,17.4,2.9,1,2
Bryon Russell,1998,1.6,2.7,14.1,50.0,3.4,1.5,12.4,4.0,0,0
Doug Christie,1998,1.6,1.7,16.9,50.0,4.9,2.4,15.2,3.0,0,0
Detlef Schrempf,1998,1.8,1.1,18.4,50.0,4.9,2.1,15.0,5.9,0,0
Mookie Blaylock,1998,2.7,3.2,16.7,48.0,1.9,2.4,13.3,3.7,0,0
Vlade Divac,1998,1.8,2.1,18.0,50.0,5.1,2.6,14.3,7.2,0,0
Lindsey Hunter,1998,1.4,2.0,13.9,49.0,1.8,1.9,11.9,2.9,0,0
Alonzo Mourning,1998,3.0,3.9,24.6,46.0,9.2,3.0,20.1,7.4,1,1
Clifford Robinson,1998,2.1,1.7,18.3,50.0,4.7,1.8,16.4,3.2,0,0
Ray Allen,1998,1.9,1.1,18.9,50.0,3.9,2.4,17.1,3.1,0,0
Chris Webber,1998,1.7,2.7,19.5,42.0,4.1,3.5,20.0,9.4,1,2
Eric Snow,1998,0.8,2.5,12.9,48.0,3.1,2.3,8.6,2.9,0,0
Shaquille O'Neal,1998,3.9,1.9,30.6,49.0,10.2,2.5,26.3,6.9,1,2
John Starks,1998,1.2,1.5,13.9,50.0,2.0,1.7,13.8,2.6,0,0
Damon Stoudamire,1998,0.9,1.8,14.7,50.0,2.4,2.2,12.6,2.5,0,0
Avery Johnson,1998,0.9,2.2,14.0,50.0,1.8,2.2,9.7,1.9,0,0
Horace Grant,1998,1.1,2.7,13.3,50.0,1.4,0.9,8.9,4.7,0,0
Toni Kukoč,1998,2.1,1.5,18.6,44.0,4.9,2.8,18.8,5.6,0,0
Hersey Hawkins,1998,1.2,0.9,14.0,50.0,2.6,1.6,10.3,3.0,0,0
Larry Johnson,1998,1.3,2.1,14.6,49.0,3.3,1.8,12.0,3.9,0,0
Charles Oakley,1998,-0.1,1.4,10.8,50.0,1.7,1.9,7.0,5.6,0,0
Rod Strickland,1998,2.1,1.3,20.2,44.0,5.4,3.2,15.7,3.5,0,0
Theo Ratliff,1998,1.4,3.3,16.9,50.0,4.6,1.8,11.2,5.4,0,0
Dan Majerle,1998,1.3,1.9,10.2,48.0,1.0,1.1,7.0,3.9,0,0
P.J. Brown,1998,1.2,2.6,15.8,50.0,2.9,1.4,11.4,4.6,0,0
Kendall Gill,1998,1.1,2.2,14.8,50.0,3.3,1.4,11.8,3.7,0,0
Nick Anderson,1998,1.7,2.6,15.3,47.0,3.4,1.8,14.9,4.8,0,0
Glenn Robinson,1998,1.5,1.5,19.7,47.0,3.4,2.3,18.4,4.3,0,0
Keith Van Horn,1998,1.3,1.4,19.6,42.0,7.1,3.2,21.8,5.8,0,0
Bobby Phills,1998,1.2,1.3,14.4,43.0,3.9,2.1,14.3,3.1,0,0
Kerry Kittles,1998,0.8,1.2,13.5,46.0,2.5,1.4,12.9,3.0,0,0
Tom Gugliotta,1998,1.5,1.7,20.0,43.0,5.1,2.0,17.0,5.8,0,0
Charlie Ward,1998,1.5,2.9,13.2,50.0,1.6,2.6,7.6,3.0,0,0
David Robinson,1998,3.4,4.4,24.9,49.0,7.4,2.2,15.8,7.0,0,0
Ron Mercer,1998,-0.1,1.2,13.5,41.0,2.6,2.2,17.0,2.9,0,0
Antoine Walker,1998,1.2,1.9,17.0,42.0,4.8,2.8,18.7,6.0,0,0
Matt Geiger,1998,0.9,2.3,17.1,50.0,3.5,2.0,13.5,4.5,0,0
Otis Thorpe,1998,0.6,1.4,15.0,49.0,2.2,1.8,11.3,4.9,0,0
Charles Barkley,1998,2.5,2.0,23.1,42.0,6.4,2.4,16.1,8.3,0,0
Brian Grant,1998,1.0,2.5,17.0,48.0,4.7,2.0,11.5,6.2,0,0
Cedric Henderson,1998,-0.2,1.5,9.9,50.0,1.8,1.9,9.1,3.0,0,0
Sean Elliott,1998,0.7,2.2,12.6,50.0,2.8,1.4,11.2,3.6,0,0
Maurice Taylor,1998,-0.9,-0.5,15.2,46.0,4.5,2.6,16.8,3.1,0,0
Darrell Armstrong,1998,3.3,2.7,22.2,50.0,3.6,3.2,13.8,2.5,0,0
Chauncey Billups,1998,0.5,-0.5,15.1,45.0,3.8,2.2,13.9,1.6,0,0
Olden Polynice,1998,-0.6,0.7,11.8,48.0,2.0,1.0,7.7,5.0,0,0
Shawn Kemp,1998,2.3,2.1,23.6,42.0,9.3,3.0,20.5,6.1,0,0
Elden Campbell,1998,0.7,1.9,18.1,49.0,5.5,1.6,12.6,5.5,0,0
Dickey Simpkins,1998,-0.2,1.3,13.4,50.0,4.8,1.4,9.1,4.6,0,0
Jeff Hornacek,1998,1.9,1.8,17.8,48.0,2.9,1.7,12.2,2.6,0,0
Juwan Howard,1998,0.8,1.2,17.1,36.0,4.1,2.6,18.9,5.6,0,0
Joe Smith,1998,0.6,1.7,16.6,43.0,4.4,1.5,13.7,4.7,0,0
Danny Fortson,1998,0.0,0.7,18.7,50.0,4.6,1.5,11.0,7.4,0,0
Erick Dampier,1998,-0.5,1.8,11.8,50.0,4.1,1.8,8.8,4.4,0,0
Rasheed Wallace,1998,1.4,2.4,16.7,49.0,3.7,1.6,12.8,3.8,0,0
John Stockton,1998,2.8,2.2,21.9,50.0,3.4,2.2,11.1,2.3,1,3
Chris Mills,1998,0.7,1.5,13.0,47.0,2.0,1.2,10.3,4.0,0,0
Vitaly Potapenko,1998,0.0,1.5,13.6,50.0,3.1,2.0,10.0,4.4,0,0
Isaiah Rider,1998,0.3,1.5,13.7,47.0,3.1,2.0,13.9,2.9,0,0
Mark Jackson,1998,1.8,0.9,17.9,49.0,1.6,2.0,7.6,3.1,0,0
Grant Long,1998,1.2,2.6,15.6,50.0,4.7,1.5,9.8,3.9,0,0
Hubert Davis,1998,-0.1,0.0,10.9,50.0,1.0,1.1,9.1,1.7,0,0
Dee Brown,1998,1.0,0.6,13.9,49.0,1.1,1.6,11.2,1.8,0,0
Dale Davis,1998,1.0,1.5,16.6,50.0,2.5,0.9,8.0,5.2,0,0
Corliss Williamson,1998,-0.1,0.6,14.7,50.0,3.8,1.5,13.2,2.4,0,0
Terry Porter,1998,1.7,1.7,16.9,50.0,3.0,1.5,10.5,2.5,0,0
Gary Trent,1998,1.1,1.0,20.8,45.0,5.2,1.5,16.0,5.0,0,0
Arvydas Sabonis,1998,2.1,2.9,20.4,50.0,3.5,1.7,12.1,6.1,0,0
Sam Mitchell,1998,0.4,1.1,14.1,50.0,3.3,0.7,11.2,2.5,0,0
Wesley Person,1998,1.3,1.0,14.4,45.0,1.2,0.9,11.2,2.7,0,0
Greg Ostertag,1998,0.9,2.6,12.8,48.0,2.5,0.9,5.7,5.1,0,0
Lamond Murray,1998,0.0,0.2,14.3,50.0,3.1,2.0,12.2,2.7,0,0
George Lynch,1998,0.9,2.5,12.8,43.0,2.0,1.8,8.3,3.9,0,0
Steve Smith,1998,1.7,1.7,17.9,36.0,6.3,2.8,18.7,2.8,0,0
Patrick Ewing,1998,1.3,3.1,19.4,38.0,6.1,2.6,17.3,8.0,0,0
Chris Childs,1998,0.5,1.7,11.1,48.0,1.6,1.8,6.8,2.4,0,0
Shawn Bradley,1998,1.4,2.2,19.6,49.0,2.3,1.1,8.6,5.3,0,0
Mario Elie,1998,1.4,1.9,14.5,47.0,2.5,1.3,9.7,2.1,0,0
Bimbo Coles,1998,0.7,1.1,14.8,48.0,2.1,1.7,9.5,2.0,0,0
Antonio Davis,1998,0.6,1.3,16.7,49.0,3.9,1.0,9.4,4.7,0,0
Rik Smits,1998,0.9,1.2,20.2,49.0,2.7,1.5,14.9,4.1,0,0
Steve Nash,1998,-0.1,0.3,10.9,40.0,1.2,2.1,7.9,2.1,0,0
Calbert Cheaney,1998,-0.5,0.8,8.8,50.0,1.3,0.8,7.7,2.2,0,0
Isaac Austin,1998,0.1,2.1,12.0,49.0,3.2,2.3,9.7,3.1,0,0
Donyell Marshall,1998,1.0,2.0,16.9,48.0,2.5,1.7,11.0,4.7,0,0
George McCloud,1998,0.8,1.0,13.6,48.0,1.8,1.0,8.9,2.7,0,0
Eric Piatkowski,1998,0.7,-0.2,15.3,49.0,2.1,1.1,10.5,2.1,0,0
Jalen Rose,1998,0.2,1.0,14.4,49.0,3.2,1.5,11.1,2.4,0,0
Latrell Sprewell,1998,1.1,1.7,16.7,37.0,5.2,2.1,16.4,3.1,0,0
Dale Ellis,1998,0.5,0.0,13.1,48.0,1.5,0.9,10.3,1.9,0,0
Ben Wallace,1998,1.2,2.1,16.2,46.0,2.9,0.8,6.0,5.4,0,0
Terrell Brandon,1998,1.6,1.2,19.5,36.0,2.2,2.1,13.9,3.0,0,0
Kevin Willis,1998,-0.1,1.2,15.6,42.0,3.7,2.0,12.0,5.7,0,0
Tariq Abdul-Wahad,1998,-0.3,0.9,11.8,49.0,2.8,1.4,9.3,2.3,0,0
Mark Bryant,1998,-0.4,1.0,12.1,45.0,2.4,1.5,9.0,3.1,0,0
Bryant Stith,1998,-0.2,-0.5,10.0,46.0,1.5,1.0,7.0,1.7,0,0
Chucky Brown,1998,-0.1,0.7,11.6,48.0,1.2,0.8,8.5,2.9,0,0
Jerry Stackhouse,1998,0.4,1.0,15.2,42.0,5.9,2.9,14.5,1.9,0,0
Brevin Knight,1998,1.0,1.5,16.6,39.0,3.6,2.7,9.6,2.9,0,0
Danny Manning,1998,0.6,1.2,15.4,50.0,2.2,1.4,9.1,3.1,0,0
Rex Chapman,1998,-0.1,0.6,11.8,38.0,2.4,1.4,12.1,2.4,0,0
Kurt Thomas,1998,0.4,2.3,13.1,50.0,2.2,1.5,8.1,4.1,0,0
Brent Barry,1998,0.4,0.9,12.9,37.0,2.7,1.9,11.1,2.8,0,0
Chris Mullin,1998,1.9,1.0,18.1,50.0,1.8,1.2,10.1,2.7,0,0
Derrick Coleman,1998,0.4,1.6,15.6,37.0,5.1,2.4,13.1,6.8,0,0
Bison Dele,1998,0.3,1.8,15.8,49.0,2.4,2.3,10.5,3.7,0,0
Jim Jackson,1998,0.6,1.6,13.1,49.0,2.1,1.7,8.4,2.5,0,0
Vin Baker,1998,-0.5,0.6,12.5,34.0,4.7,2.2,13.8,3.7,0,0
Dana Barros,1998,1.2,0.9,17.7,50.0,1.5,1.8,9.3,1.8,0,0
Jerome Williams,1998,1.1,1.9,18.2,50.0,3.2,0.8,7.1,3.8,0,0
Michael Curry,1998,-0.1,0.8,8.7,50.0,1.6,0.7,4.9,1.8,0,0
Tony Massenburg,1998,-0.2,0.5,15.9,43.0,3.6,1.5,11.2,4.0,0,0
Alan Henderson,1998,0.8,1.9,16.0,38.0,3.9,1.5,12.5,3.9,0,0
Randy Brown,1998,0.2,1.3,12.6,39.0,2.6,2.1,8.8,2.7,0,0
Lorenzen Wright,1998,-0.2,0.5,14.7,48.0,2.4,1.0,6.6,4.6,0,0
Derek Fisher,1998,0.4,0.7,12.1,50.0,1.6,1.5,5.9,1.4,0,0
Tony Battie,1998,0.6,1.6,15.5,50.0,1.2,0.9,6.7,4.1,0,0
Derek Harper,1998,0.5,0.4,12.8,45.0,0.7,1.2,6.9,1.2,0,0
Cherokee Parks,1998,-0.7,0.5,9.5,48.0,1.1,1.0,5.5,3.5,0,0
Joe Dumars,1998,1.1,0.6,15.1,38.0,1.6,1.4,11.3,1.5,0,0
Ron Harper,1998,1.0,1.4,14.7,35.0,2.9,1.9,11.2,3.7,0,0
Tracy McGrady,1998,1.7,1.4,20.6,49.0,3.2,1.6,9.3,3.2,0,0
Tyrone Hill,1998,-0.2,1.5,12.3,38.0,3.9,1.6,8.6,4.5,0,0
Andrew DeClercq,1998,0.2,1.5,15.0,47.0,3.0,1.1,7.9,3.2,0,0
Michael Smith,1998,0.3,0.9,14.3,48.0,2.7,1.3,4.8,4.5,0,0
Vinny Del Negro,1998,0.3,0.6,12.3,48.0,1.0,1.1,5.9,1.8,0,0
Sam Mack,1998,0.8,0.3,15.4,44.0,1.3,0.8,10.7,1.8,0,0
Shandon Anderson,1998,0.3,1.3,12.8,50.0,2.5,1.3,8.5,1.7,0,0
Tyrone Corbin,1998,0.4,1.5,11.4,47.0,1.7,0.9,7.5,2.3,0,0
Danny Ferry,1998,0.2,0.7,11.0,50.0,0.7,0.8,7.0,1.7,0,0
Jud Buechler,1998,1.1,1.2,12.2,50.0,0.4,0.4,5.5,2.1,0,0
Dean Garrett,1998,0.3,1.4,13.6,49.0,1.0,0.6,5.5,3.2,0,0
Alvin Williams,1998,-0.1,0.6,10.4,50.0,1.0,1.1,5.0,1.3,0,0
Walt Williams,1998,1.5,1.6,16.3,48.0,2.2,1.3,9.3,2.2,0,0
Travis Best,1998,0.5,0.6,14.1,49.0,1.7,1.3,7.1,1.2,0,0
Clarence Weatherspoon,1998,0.7,1.7,17.0,49.0,2.9,1.2,8.1,3.5,0,0
Howard Eisley,1998,-0.1,1.1,11.7,50.0,1.6,2.2,7.4,1.6,0,0
J.R. Reid,1998,0.3,1.1,13.7,41.0,3.3,1.2,9.0,4.1,0,0
Ervin Johnson,1998,0.3,1.6,14.5,50.0,2.1,0.9,5.1,4.0,0,0
Jayson Williams,1998,0.3,1.3,14.5,30.0,2.8,1.5,8.1,7.1,0,0
Terry Cummings,1998,0.4,1.5,16.2,50.0,2.3,1.2,9.1,3.2,0,0
Kenny Anderson,1998,0.5,0.6,16.7,34.0,3.0,2.1,12.1,2.3,0,0
Vernon Maxwell,1998,0.1,0.5,12.6,46.0,2.5,1.5,10.7,1.6,0,0
Chuck Person,1998,0.0,0.7,9.6,50.0,0.6,0.8,6.1,2.3,0,0
Glen Rice,1998,0.4,0.3,15.2,27.0,3.3,1.7,17.5,3.3,0,0
Derek Anderson,1998,0.9,1.0,16.5,38.0,4.3,2.2,10.8,2.3,0,0
Rodney Rogers,1998,0.3,0.3,14.7,47.0,2.1,1.4,7.4,2.4,0,0
Aaron McKie,1998,0.4,1.7,11.4,50.0,1.2,1.1,4.8,2.3,0,0
Johnny Newman,1998,-0.3,0.7,9.2,50.0,1.7,0.8,6.1,1.2,0,0
Marcus Camby,1998,0.8,2.0,17.6,46.0,2.2,0.8,7.2,3.3,0,0
Rick Fox,1998,0.2,0.4,13.6,44.0,2.0,1.3,9.0,1.4,0,0
Bobby Jackson,1998,0.4,0.9,14.4,50.0,1.6,1.5,7.1,1.8,0,0
Darrick Martin,1998,-0.2,-0.2,11.6,37.0,2.1,1.8,8.0,1.2,0,0
Lawrence Funderburke,1998,0.6,0.7,18.5,47.0,2.6,1.1,8.9,2.6,0,0
Don Reid,1998,0.4,1.3,12.5,47.0,1.7,0.8,5.1,2.2,0,0
Luc Longley,1998,-0.1,1.0,13.5,39.0,1.9,1.4,8.7,4.2,0,0
A.C. Green,1998,0.0,0.7,12.5,50.0,1.0,0.4,4.9,2.9,0,0
Othella Harrington,1998,-0.3,0.9,16.1,41.0,3.0,1.5,9.8,4.2,0,0
Anthony Johnson,1998,0.1,1.2,10.6,49.0,1.7,1.3,5.0,1.2,0,0
Jason Caffey,1998,-0.6,1.0,10.2,35.0,2.8,2.1,8.8,3.6,0,0
Stacey Augmon,1998,1.0,1.6,13.0,48.0,1.6,0.6,4.3,1.6,0,0
Dell Curry,1998,1.3,0.6,18.7,42.0,0.8,1.1,10.1,1.6,0,0
Jaren Jackson,1998,0.7,1.5,12.5,47.0,0.8,0.8,6.4,1.7,0,0
Jamal Mashburn,1998,0.4,1.1,15.1,24.0,4.3,2.5,14.8,5.1,0,0
Jamie Feick,1998,0.0,0.9,14.2,28.0,2.1,1.2,6.3,6.3,0,0
Bo Outlaw,1998,0.7,1.7,12.8,31.0,2.6,1.9,6.5,3.6,0,0
Sherman Douglas,1998,-0.4,-0.3,11.5,30.0,2.9,2.0,8.2,1.4,0,0
Bob Sura,1998,0.2,1.1,11.0,50.0,2.1,1.3,4.3,1.6,0,0
Haywoode Workman,1998,0.5,0.7,14.1,29.0,1.6,2.2,6.9,3.0,0,0
John Wallace,1998,-0.1,0.7,15.9,48.0,3.1,1.5,8.6,2.4,0,0
Tim Thomas,1998,0.5,0.7,16.0,50.0,2.2,0.9,7.2,1.5,0,0
Anthony Peeler,1998,0.3,0.7,11.7,28.0,1.5,1.4,9.6,1.9,0,0
Greg Anthony,1998,1.2,1.5,16.6,50.0,1.8,1.1,6.4,1.0,0,0
Brent Price,1998,0.5,0.5,15.0,40.0,1.5,1.6,7.3,1.5,0,0
Harvey Grant,1998,-0.2,0.9,6.6,47.0,0.6,0.4,3.1,1.6,0,0
Sam Perkins,1998,0.5,0.5,12.1,48.0,1.3,0.5,5.0,2.1,0,0
Chris Crawford,1998,-0.2,0.9,10.1,42.0,1.7,1.1,6.9,1.3,0,0
Eric Williams,1998,-0.3,-0.2,10.7,38.0,3.7,1.3,7.3,1.2,0,0
Cory Alexander,1998,-0.3,0.0,11.0,36.0,1.2,1.9,7.3,1.9,0,0
Chris Gatling,1998,-0.7,0.9,10.1,48.0,1.9,1.3,5.7,2.6,0,0
Greg Minor,1998,-0.2,0.6,9.7,44.0,1.1,0.9,4.9,2.0,0,0
Eric Washington,1998,-0.1,-0.1,9.5,38.0,0.8,0.9,5.4,1.4,0,0
Robert Horry,1998,0.7,0.9,13.5,38.0,1.2,1.3,4.9,2.5,0,0
Dennis Scott,1998,0.0,0.5,10.1,36.0,0.9,0.5,6.5,1.4,0,0
Jon Barry,1998,0.9,0.8,15.9,43.0,2.0,1.1,5.0,1.7,0,0
Steve Kerr,1998,0.3,0.9,9.9,44.0,0.8,0.5,4.4,0.9,0,0
Rusty LaRue,1998,-0.3,0.5,8.9,43.0,0.4,0.8,4.7,1.1,0,0
Malik Sealy,1998,-0.1,0.7,11.1,31.0,2.0,1.1,8.1,2.2,0,0
Johnny Taylor,1998,-0.2,0.0,9.5,36.0,0.6,0.9,5.8,2.0,0,0
Tom Hammonds,1998,-0.6,0.5,9.4,49.0,1.5,0.7,4.3,1.7,0,0
Muggsy Bogues,1998,0.6,0.8,15.3,36.0,1.0,1.3,5.1,1.6,0,0
Eldridge Recasner,1998,-0.1,0.4,11.1,44.0,0.9,1.3,5.0,1.3,0,0
Scott Burrell,1998,0.5,0.7,12.6,32.0,1.3,0.7,6.6,2.7,0,0
Bryant Reeves,1998,-0.8,0.1,10.3,25.0,4.6,1.9,10.8,3.5,0,0
Jerome Kersey,1998,-0.1,1.5,7.4,45.0,0.3,0.7,3.2,2.0,0,0
Pete Chilcutt,1998,-0.1,0.2,9.4,46.0,0.4,0.6,3.6,1.9,0,0
Derek Strong,1998,-0.1,1.0,12.1,44.0,2.3,0.8,5.1,2.2,0,0
Chris Dudley,1998,0.0,1.3,9.6,46.0,0.9,0.5,2.5,2.5,0,0
Armen Gilliam,1998,0.2,0.7,15.9,34.0,3.0,1.1,8.3,2.7,0,0
Walter McCarty,1998,-0.3,0.7,8.9,32.0,1.8,1.3,5.7,2.5,0,0
Dennis Rodman,1998,0.0,0.9,8.0,23.0,1.7,1.3,2.1,8.5,0,0
Tracy Murray,1998,-0.1,0.4,9.6,36.0,1.2,0.8,6.5,1.8,0,0
Adam Keefe,1998,0.2,0.9,12.2,44.0,2.0,0.8,4.0,2.1,0,0
Tony Delk,1998,0.1,0.4,11.6,36.0,2.0,1.3,6.8,1.2,0,0
Antonio Daniels,1998,0.6,1.0,16.1,47.0,1.4,0.9,4.7,0.9,0,0
Adonal Foyle,1998,0.1,1.0,12.3,44.0,1.2,0.7,2.9,2.6,0,0
Malik Rose,1998,0.4,1.6,19.7,47.0,3.1,1.2,6.0,2.0,0,0
Lucious Harris,1998,-0.2,0.3,11.0,36.0,1.3,0.5,5.4,1.3,0,0
John Thomas,1998,0.0,0.4,13.7,39.0,1.2,0.5,4.3,1.8,0,0
DeJuan Wheat,1998,-0.1,0.1,12.8,46.0,1.2,1.0,4.5,0.7,0,0
Terry Davis,1998,0.0,0.4,10.6,37.0,1.0,0.4,3.4,2.4,0,0
Eric Montross,1998,-0.1,0.9,9.1,46.0,0.7,0.3,2.1,2.0,0,0
Samaki Walker,1998,-0.4,0.5,12.6,39.0,2.5,0.9,5.9,2.5,0,0
Erick Strickland,1998,0.6,0.7,18.0,33.0,2.0,1.1,7.5,2.2,0,0
Kelvin Cato,1998,0.3,1.4,14.5,43.0,1.6,0.6,3.5,2.3,0,0
Thurl Bailey,1998,-0.1,0.7,11.5,43.0,0.8,0.6,4.2,1.3,0,0
LaPhonso Ellis,1998,-0.1,0.8,11.8,20.0,3.1,1.7,10.2,4.2,0,0
Chris Morris,1998,0.3,0.5,15.3,44.0,1.0,0.5,4.2,1.5,0,0
Corie Blount,1998,-0.3,0.7,9.5,34.0,1.6,0.6,2.9,2.7,0,0
Travis Knight,1998,0.1,0.7,12.8,37.0,0.8,0.9,4.2,2.5,0,0
Troy Hudson,1998,0.0,-0.2,14.1,25.0,1.5,1.5,6.8,1.6,0,0
Rex Walters,1998,-0.1,0.5,6.9,33.0,0.7,1.0,3.1,1.2,0,0
James Robinson,1998,0.0,0.3,10.7,31.0,1.3,1.4,5.9,1.4,0,0
Mark West,1998,-0.2,0.8,6.5,49.0,0.9,0.3,1.2,1.6,0,0
Bruce Bowen,1998,-0.2,0.4,5.0,30.0,0.8,0.4,2.3,1.2,0,0
Loy Vaught,1998,-0.3,0.8,10.2,37.0,0.4,0.5,3.4,3.0,0,0
Chris Anstey,1998,-0.3,0.4,9.2,41.0,1.2,0.6,3.3,1.5,0,0
Robert Pack,1998,0.2,0.2,17.1,25.0,3.5,2.0,8.9,1.1,0,0
Todd Fuller,1998,-0.3,0.7,9.1,42.0,1.2,0.6,3.4,1.7,0,0
Greg Foster,1998,-0.5,0.5,6.3,42.0,0.5,0.6,2.8,1.3,0,0
Aaron Williams,1998,0.0,0.4,15.2,40.0,1.9,0.8,4.0,1.9,0,0
Bill Wennington,1998,-0.6,0.5,7.0,38.0,0.6,0.4,3.8,1.6,0,0
Billy Owens,1998,-0.2,0.1,11.9,21.0,1.7,1.6,7.8,2.1,0,0
Will Perdue,1998,0.1,1.0,11.7,37.0,0.7,0.6,2.4,2.8,0,0
Chris Carr,1998,-0.1,0.2,11.8,39.0,1.0,0.7,5.3,1.2,0,0
Chris Whitney,1998,0.4,0.3,15.8,39.0,0.8,0.9,4.8,1.0,0,0
Keith Booth,1998,-0.4,0.6,7.0,39.0,1.1,1.0,3.1,1.7,0,0
Jeff McInnis,1998,0.0,0.2,11.0,35.0,0.8,0.9,3.7,0.3,0,0
Mitchell Butler,1998,0.0,0.3,12.6,31.0,1.0,0.9,5.4,1.0,0,0
Keith Askins,1998,-0.2,0.5,3.5,33.0,0.2,0.4,1.6,1.0,0,0
Matt Bullard,1998,0.1,0.2,9.6,41.0,0.2,0.3,2.9,0.8,0,0
Hot Rod Williams,1998,0.0,0.3,7.4,25.0,0.4,0.5,1.2,1.9,0,0
Eric Murdock,1998,0.0,0.3,12.3,15.0,1.7,1.9,7.9,2.1,0,0
Mark Hendrickson,1998,-0.2,0.2,12.3,22.0,2.3,0.7,5.5,1.9,0,0
Michael Stewart,1998,-0.3,0.4,8.8,42.0,0.6,0.3,1.5,1.3,0,0
Andrew Lang,1998,-0.4,0.3,7.0,21.0,1.1,0.8,3.8,2.9,0,0
John Crotty,1998,0.1,0.0,15.1,27.0,1.9,1.2,5.9,0.9,0,0
Tim Legler,1998,-0.1,0.1,9.1,30.0,0.2,0.5,4.0,1.1,0,0
Joe Kleine,1998,-0.3,0.2,6.6,31.0,0.4,0.3,2.2,1.3,0,0
Bill Curley,1998,-0.2,0.4,7.4,35.0,0.6,0.3,2.2,0.9,0,0
Charles Shackleford,1998,-0.1,0.5,12.1,32.0,0.9,0.8,3.3,2.8,0,0
Don MacLean,1998,-0.3,0.1,13.4,17.0,4.7,1.5,10.9,2.8,0,0
B.J. Armstrong,1998,0.1,0.4,12.9,32.0,0.7,0.8,3.3,1.2,0,0
Mark Strickland,1998,0.1,0.5,14.7,32.0,0.8,0.4,3.7,1.6,0,0
Cedric Ceballos,1998,0.0,0.3,15.4,13.0,3.8,2.2,12.5,4.8,0,0
Eric Riley,1998,-0.1,0.5,11.8,35.0,0.9,0.7,2.2,1.8,0,0
Ed Gray,1998,-0.5,0.4,4.8,30.0,1.2,1.0,4.9,0.7,0,0
Christian Laettner,1998,0.2,0.5,14.6,16.0,3.6,1.2,7.6,2.1,0,0
Charles Smith,1998,-0.2,0.1,7.1,23.0,0.7,0.9,3.7,0.7,0,0
Sean Rooks,1998,-0.4,0.2,9.1,36.0,1.3,0.6,2.7,1.1,0,0
Jermaine O'Neal,1998,0.0,0.5,13.6,36.0,1.0,0.4,2.5,1.5,0,0
Carl Herrera,1998,-0.3,0.1,6.8,28.0,0.4,0.6,2.3,1.3,0,0
Reggie Jordan,1998,0.0,0.3,9.8,27.0,1.4,0.5,1.9,1.2,0,0
Doug West,1998,0.0,0.1,11.5,14.0,1.8,0.9,5.8,1.4,0,0
Terry Dehere,1998,-0.2,0.0,8.5,26.0,0.3,0.6,3.2,0.7,0,0
Elliot Perry,1998,-0.1,0.3,11.5,35.0,0.4,1.0,2.8,0.8,0,0
Blue Edwards,1998,0.2,0.5,12.2,24.0,0.5,0.9,3.2,1.1,0,0
Jim McIlvaine,1998,-0.1,0.3,9.5,22.0,0.3,0.6,2.2,1.0,0,0
Reggie Slater,1998,-0.4,0.1,11.3,30.0,2.8,0.8,3.8,1.1,0,0
Scot Pollard,1998,0.2,0.3,18.0,16.0,1.4,0.3,5.1,2.8,0,0
Dominique Wilkins,1998,0.0,0.3,15.4,27.0,1.6,0.9,5.0,1.5,0,0
Anthony Miller,1998,0.0,0.3,13.1,29.0,0.8,0.3,2.4,1.4,0,0
Austin Croshere,1998,0.0,0.2,12.3,27.0,0.9,0.9,3.4,1.1,0,0
Derrick McKey,1998,0.1,0.2,12.2,13.0,1.3,0.9,4.6,1.8,0,0
Doug Overton,1998,-0.1,0.1,10.8,24.0,0.8,0.8,3.8,0.6,0,0
Popeye Jones,1998,-0.1,0.1,12.4,18.0,0.9,0.4,3.0,1.3,0,0
Michael Hawkins,1998,-0.1,0.1,7.2,24.0,0.1,0.5,1.5,0.6,0,0
Sam Cassell,1998,0.3,0.1,23.1,8.0,6.3,2.5,15.9,1.3,0,0
Voshon Lenard,1998,-0.1,0.2,12.0,12.0,0.9,0.6,6.8,1.0,0,0
Matt Maloney,1998,-0.2,0.0,2.2,15.0,0.7,0.9,1.4,0.5,0,0
Drew Barry,1998,0.0,0.1,9.0,17.0,0.8,0.7,2.2,1.0,0,0
Corey Beck,1998,-0.1,0.2,10.1,24.0,0.6,0.5,1.9,0.9,0,0
Zydrunas Ilgauskas,1998,0.1,0.2,17.5,5.0,6.0,1.8,15.2,5.4,0,0
Charles O'Bannon,1998,0.0,0.1,13.3,18.0,0.4,0.4,3.1,0.9,0,0
William Cunningham,1998,-0.3,0.1,0.5,16.0,0.1,0.3,0.4,0.9,0,0
Felton Spencer,1998,-0.1,0.3,9.8,26.0,1.0,0.3,1.6,1.1,0,0
Rodrick Rhodes,1998,-0.4,0.0,0.7,13.0,1.9,1.5,3.3,0.6,0,0
Antoine Carr,1998,-0.1,0.1,8.9,18.0,0.4,0.5,2.6,1.2,0,0
Brian Evans,1998,0.1,0.1,10.5,16.0,0.3,0.1,2.1,0.8,0,0
Danny Schayes,1998,-0.2,0.1,1.9,19.0,0.4,0.4,1.5,0.6,0,0
Moochie Norris,1998,-0.1,0.1,7.6,12.0,1.3,1.3,3.2,1.3,0,0
Duane Causwell,1998,-0.2,0.2,8.1,19.0,0.6,0.9,2.3,1.1,0,0
Pooh Richardson,1998,-0.1,0.0,10.7,11.0,0.4,0.8,2.5,1.1,0,0
Rick Mahorn,1998,-0.2,0.2,1.5,16.0,0.5,0.4,0.8,1.0,0,0
Lee Mayberry,1998,-0.1,0.0,7.2,9.0,0.6,1.2,2.2,0.3,0,0
Khalid Reeves,1998,-0.1,0.1,6.8,11.0,1.3,0.6,2.3,0.4,0,0
David Vaughn,1998,-0.1,0.1,13.5,10.0,1.0,1.1,3.4,2.1,0,0
Jerald Honeycutt,1998,-0.1,0.1,4.4,16.0,0.6,0.6,1.9,0.6,0,0
Shawn Respert,1998,0.0,0.1,11.4,12.0,0.8,0.4,3.1,0.9,0,0
John Coker,1998,-0.1,0.1,9.6,14.0,0.4,0.1,2.2,1.1,0,0
Rick Brunson,1998,0.0,0.2,6.2,17.0,1.1,0.7,1.0,0.4,0,0
David Wingate,1998,-0.1,0.1,4.2,20.0,0.0,0.3,0.7,0.3,0,0
Rony Seikaly,1998,-0.2,0.1,0.5,9.0,2.0,1.1,1.7,1.8,0,0
Jacque Vaughn,1998,0.0,0.1,13.3,19.0,1.3,0.7,2.3,0.5,0,0
Keith Closs,1998,0.0,0.1,17.5,15.0,0.7,0.4,2.1,1.3,0,0
Fred Hoiberg,1998,-0.1,0.0,4.0,12.0,0.5,0.3,1.6,0.8,0,0
Kevin Ollie,1998,-0.1,0.1,3.7,8.0,0.9,0.4,1.6,0.9,0,0
Loren Meyer,1998,-0.3,0.0,-2.8,14.0,0.1,0.3,1.1,0.9,0,0
Mark Macon,1998,-0.1,0.1,-0.4,7.0,0.0,0.9,1.3,0.3,0,0
Dwayne Schintzius,1998,-0.2,0.1,0.7,16.0,0.3,0.6,0.7,0.8,0,0
Antonio Lang,1998,0.0,0.1,8.8,10.0,0.9,0.4,1.3,1.0,0,0
Travis Williams,1998,0.0,0.1,8.8,8.0,0.5,0.8,1.9,1.6,0,0
James Cotton,1998,0.0,0.0,12.2,10.0,1.8,0.3,2.5,0.8,0,0
Andrew Gaze,1998,0.0,0.1,8.5,19.0,0.0,0.2,1.1,0.2,0,0
Negele Knight,1998,-0.1,0.0,2.4,6.0,0.7,1.2,1.3,0.8,0,0
Marko Milič,1998,-0.1,0.0,3.9,11.0,0.0,0.5,1.5,0.2,0,0
Duane Ferrell,1998,-0.1,0.0,-2.3,8.0,0.5,0.1,0.6,0.1,0,0
Scott Williams,1998,-0.1,0.1,7.3,7.0,1.0,0.6,2.0,1.6,0,0
Anthony Avent,1998,-0.1,0.1,1.3,5.0,0.4,1.4,1.8,0.8,0,0
Chris King,1998,-0.1,0.1,-1.9,8.0,0.5,0.5,0.5,1.3,0,0
Jason Sasser,1998,0.0,0.0,10.7,6.0,0.3,0.3,1.8,0.8,0,0
Marty Conlon,1998,-0.1,0.0,-3.3,7.0,0.3,0.4,1.1,0.6,0,0
Mark Davis,1998,-0.1,0.1,-3.1,4.0,1.5,1.8,2.3,1.3,0,0
Oliver Miller,1998,-0.1,0.0,8.3,4.0,0.0,1.0,2.5,0.3,0,0
Herb Williams,1998,0.0,0.0,12.2,6.0,0.3,0.3,1.7,0.5,0,0
Benoit Benjamin,1998,-0.1,0.0,-1.5,6.0,0.0,0.5,0.7,0.8,0,0
Stanley Roberts,1998,-0.1,0.0,9.7,6.0,1.3,0.7,2.3,1.2,0,0
Terry Mills,1998,0.0,0.0,6.7,1.0,2.0,3.0,9.0,1.0,0,0
Gerald Wilkins,1998,-0.1,0.0,-14.8,3.0,0.7,1.0,0.7,0.3,0,0
Mark Pope,1998,-0.1,0.0,-8.5,4.0,0.3,0.3,0.5,0.5,0,0
Steve Henson,1998,0.0,0.0,5.6,4.0,0.5,0.8,1.0,0.0,0,0
Randy Livingston,1998,0.1,0.0,27.2,1.0,2.0,1.0,12.0,2.0,0,0
Ben Davis,1998,0.0,0.0,34.4,8.0,0.8,0.1,2.1,0.3,0,0
Mario Bennett,1998,0.0,0.0,10.9,3.0,1.3,0.3,2.3,1.0,0,0
Adonis Jordan,1998,0.0,0.0,18.9,4.0,1.0,0.5,1.5,0.0,0,0
Willie Burton,1998,-0.1,0.0,0.6,3.0,1.3,0.3,1.3,0.7,0,0
Eddie Johnson,1998,-0.1,0.0,10.2,3.0,0.0,0.7,4.0,0.7,0,0
Jamie Watson,1998,0.0,0.0,1.9,3.0,0.0,0.3,0.7,0.3,0,0
Micheal Williams,1998,0.0,0.0,-6.5,2.0,0.0,0.5,1.0,0.0,0,0
Joe Wolf,1998,-0.1,0.0,-14.5,3.0,0.7,0.0,0.0,0.3,0,0
Stojko Vranković,1998,0.0,0.0,10.7,2.0,0.0,0.0,1.0,1.0,0,0
Jimmy Oliver,1998,0.0,0.0,2.7,2.0,0.0,0.0,1.5,0.0,0,0
Carlos Rogers,1998,0.0,0.0,23.3,2.0,2.0,0.0,2.5,0.5,0,0
Gary Grant,1998,0.0,0.0,18.1,2.0,0.0,0.0,0.0,0.0,0,0
Monty Williams,1998,0.0,0.0,-7.6,1.0,2.0,0.0,1.0,0.0,0,0
Brian Shaw,1998,0.0,0.0,-11.7,1.0,0.0,1.0,0.0,1.0,0,0
Brandon Williams,1998,0.0,0.0,24.4,3.0,1.3,0.0,0.7,0.0,0,0
Etdrick Bohannon,1998,0.0,0.0,0.0,2.0,0.0,0.0,0.0,0.0,0,0
Anthony Parker,1998,0.0,0.0,30.9,2.0,0.0,0.0,1.0,0.0,0,0
Litterial Green,1998,0.0,0.0,-19.7,1.0,0.0,0.0,0.0,0.0,0,0
Gheorghe Mureșan,1998,0.0,0.0,-90.6,1.0,0.0,1.0,0.0,0.0,0,0
Michael Finley,1999,3.6,1.9,19.2,82.0,3.9,2.4,22.6,4.8,0,0
Gary Payton,1999,7.3,3.5,23.6,82.0,5.2,2.7,24.2,5.2,1,1
Latrell Sprewell,1999,2.5,4.1,15.7,82.0,4.8,2.8,18.6,3.7,0,0
Kevin Garnett,1999,6.8,5.6,23.6,81.0,5.0,3.3,22.9,9.0,1,1
Shareef Abdur-Rahim,1999,3.4,2.6,20.2,82.0,6.7,3.0,20.3,7.4,0,0
Allan Houston,1999,2.9,3.1,16.5,82.0,4.1,2.3,19.7,2.8,0,0
Shaquille O'Neal,1999,9.0,7.0,30.6,79.0,10.4,2.8,29.7,9.4,1,1
Mike Bibby,1999,2.1,1.1,16.7,82.0,3.0,3.0,14.5,2.8,0,0
Jerry Stackhouse,1999,2.4,1.6,18.9,82.0,9.2,3.8,23.6,2.4,0,0
Anthony Mason,1999,2.2,3.9,14.4,82.0,5.1,2.0,11.6,6.8,0,0
Vince Carter,1999,5.9,2.7,23.4,82.0,6.7,2.2,25.7,4.0,1,3
Michael Dickerson,1999,1.6,1.0,15.6,82.0,4.0,2.0,18.2,2.5,0,0
Ray Allen,1999,4.3,1.0,20.6,82.0,4.9,2.2,22.1,3.4,0,0
Antoine Walker,1999,2.1,2.7,17.8,82.0,5.4,3.2,20.5,5.5,0,0
Reggie Miller,1999,3.6,2.0,17.3,81.0,5.0,1.6,18.1,2.3,0,0
Dikembe Mutombo,1999,3.3,4.3,19.4,82.0,5.1,2.1,11.5,10.4,0,0
Jalen Rose,1999,2.5,2.9,16.7,80.0,3.8,2.4,18.2,4.3,0,0
Nick Van Exel,1999,1.3,1.2,16.0,79.0,3.0,2.8,16.1,3.5,0,0
Karl Malone,1999,7.1,4.5,27.1,82.0,9.0,2.8,25.5,7.4,1,2
Dirk Nowitzki,1999,2.6,1.9,17.5,82.0,4.2,1.7,17.5,5.2,0,0
Lindsey Hunter,1999,2.0,2.0,13.2,82.0,1.9,1.8,12.7,2.6,0,0
Juwan Howard,1999,-0.6,1.3,12.3,82.0,3.4,2.7,14.9,4.1,0,0
Glenn Robinson,1999,1.5,1.3,17.8,81.0,3.5,2.8,20.9,4.7,0,0
Bryon Russell,1999,2.7,3.7,15.1,82.0,3.9,1.2,14.1,4.0,0,0
Sam Cassell,1999,3.1,0.8,21.1,81.0,5.5,3.3,18.6,2.9,0,0
Stephon Marbury,1999,3.2,1.2,20.7,74.0,7.2,3.6,22.2,2.4,1,3
Chris Webber,1999,5.6,5.0,23.4,75.0,5.5,2.9,24.5,8.0,1,3
Tim Duncan,1999,5.5,6.4,24.8,74.0,8.1,3.3,23.2,8.9,1,1
Eric Snow,1999,1.5,3.7,12.8,82.0,2.2,2.0,7.9,2.7,0,0
Allen Iverson,1999,3.8,3.6,20.0,70.0,8.9,3.3,28.4,2.8,1,2
Vin Baker,1999,-0.7,2.2,14.0,79.0,5.2,2.7,16.6,4.8,0,0
Rasheed Wallace,1999,3.0,4.7,18.1,81.0,4.1,1.9,16.4,5.4,0,0
Clifford Robinson,1999,3.2,3.9,17.3,80.0,4.8,2.1,18.5,3.2,0,0
Jamal Mashburn,1999,1.8,3.2,15.4,76.0,3.1,2.4,17.5,4.2,0,0
Eddie Jones,1999,4.9,4.4,19.9,72.0,5.8,2.2,20.1,3.6,1,3
Keith Van Horn,1999,1.2,2.4,18.1,80.0,4.9,3.1,19.2,6.0,0,0
Grant Hill,1999,5.2,2.6,24.5,74.0,8.2,3.2,25.8,5.3,1,2
Alan Henderson,1999,0.3,1.4,14.7,82.0,4.1,1.7,13.2,3.7,0,0
Jim Jackson,1999,0.8,0.7,14.3,79.0,2.7,2.3,16.7,3.7,0,0
David Wesley,1999,1.5,2.7,15.0,82.0,3.4,1.9,13.6,2.3,0,0
Jason Williams,1999,0.1,2.6,11.6,81.0,2.1,3.7,12.3,2.6,0,0
Scottie Pippen,1999,3.9,4.4,16.4,82.0,2.7,2.5,12.5,4.9,0,0
Alonzo Mourning,1999,5.0,5.6,25.8,79.0,7.4,2.7,21.7,6.8,1,2
Brent Barry,1999,2.6,2.5,14.6,80.0,2.0,1.8,11.8,4.0,0,0
Shandon Anderson,1999,1.1,1.9,13.8,82.0,3.1,2.4,12.3,3.6,0,0
Antonio McDyess,1999,1.9,2.9,19.6,81.0,6.4,2.8,19.1,5.6,0,0
Steve Smith,1999,3.3,2.7,17.3,82.0,4.1,1.4,14.9,2.3,0,0
Horace Grant,1999,0.9,2.5,11.7,76.0,1.5,0.8,8.1,5.6,0,0
Othella Harrington,1999,-1.0,1.0,13.3,82.0,3.6,2.6,13.1,4.5,0,0
Jason Kidd,1999,4.2,4.8,18.4,67.0,3.7,3.4,14.3,5.8,1,1
Kenny Anderson,1999,2.5,1.9,17.4,82.0,3.1,1.6,14.0,2.1,0,0
Darrell Armstrong,1999,4.3,3.4,19.5,82.0,3.0,3.0,16.2,2.5,0,0
Terrell Brandon,1999,4.1,2.8,20.8,71.0,2.9,2.6,17.1,2.7,0,0
Paul Pierce,1999,3.9,3.0,19.8,73.0,6.2,2.4,19.5,4.3,0,0
Avery Johnson,1999,1.5,3.0,14.8,82.0,1.9,1.7,11.2,1.5,0,0
David Robinson,1999,5.0,6.4,24.6,80.0,6.4,2.1,17.8,7.2,1,3
Elden Campbell,1999,0.7,3.9,14.6,78.0,4.6,1.6,12.7,5.4,0,0
Glen Rice,1999,1.8,3.2,16.2,80.0,5.0,1.4,15.9,3.4,0,0
Kobe Bryant,1999,4.5,4.5,21.7,66.0,6.1,2.8,22.5,4.7,1,2
Cuttino Mobley,1999,1.2,1.6,16.0,81.0,4.4,2.3,15.8,2.8,0,0
Michael Olowokandi,1999,-2.6,1.4,10.4,80.0,2.4,2.2,9.8,5.8,0,0
Shawn Kemp,1999,0.0,3.8,17.2,82.0,7.7,3.5,17.8,6.0,0,0
Antonio Davis,1999,0.0,2.6,15.1,79.0,4.7,1.5,11.5,5.8,0,0
Tracy McGrady,1999,3.4,2.9,20.0,79.0,5.0,2.0,15.4,4.0,0,0
Mookie Blaylock,1999,1.8,1.4,15.1,73.0,1.3,2.0,11.3,2.9,0,0
Christian Laettner,1999,0.7,2.4,14.8,82.0,3.6,2.3,12.2,4.6,0,0
Raef LaFrentz,1999,1.4,3.0,16.3,81.0,2.9,1.2,12.4,5.8,0,0
John Stockton,1999,5.3,3.1,22.4,82.0,3.1,2.2,12.1,2.1,0,0
Charles Oakley,1999,-0.1,2.9,10.1,80.0,1.1,1.9,6.9,5.3,0,0
George Lynch,1999,1.8,4.2,13.7,75.0,2.4,1.6,9.6,4.9,0,0
Mitch Richmond,1999,1.9,1.4,16.5,74.0,4.6,2.1,17.4,2.4,0,0
Malik Sealy,1999,1.0,2.1,14.4,82.0,2.7,1.3,11.3,2.8,0,0
Ron Mercer,1999,-0.6,1.6,12.7,68.0,4.0,2.2,16.9,2.7,0,0
Vlade Divac,1999,2.9,4.1,18.0,82.0,4.1,2.3,12.3,5.9,0,0
Damon Stoudamire,1999,1.7,2.5,15.5,78.0,1.9,1.9,12.5,2.3,0,0
Lamond Murray,1999,1.0,2.6,14.9,74.0,3.6,2.5,15.9,4.0,0,0
Kendall Gill,1999,1.2,2.1,15.2,76.0,3.4,1.2,13.1,2.6,0,0
Derrick Coleman,1999,2.2,3.8,18.9,74.0,5.1,2.3,16.7,6.9,0,0
Bo Outlaw,1999,3.8,4.0,15.3,82.0,2.0,1.6,6.0,3.9,0,0
Larry Hughes,1999,0.7,2.2,14.7,82.0,4.6,2.4,15.0,2.9,0,0
Tyrone Nesby,1999,-0.4,0.2,12.6,73.0,2.6,1.4,13.3,2.6,0,0
Dan Majerle,1999,2.3,3.3,11.4,69.0,1.0,0.9,7.3,4.4,0,0
P.J. Brown,1999,1.4,3.6,15.3,80.0,2.0,1.3,9.6,4.8,0,0
Rodney Rogers,1999,2.7,3.9,17.1,82.0,3.0,2.0,13.8,3.8,0,0
Larry Johnson,1999,1.6,2.7,12.4,70.0,2.4,1.3,10.7,4.2,0,0
Doug Christie,1999,1.9,2.0,15.8,73.0,3.0,2.0,12.4,3.0,0,0
Anfernee Hardaway,1999,3.1,3.6,17.9,60.0,4.8,2.6,16.9,4.3,0,0
Jamie Feick,1999,-0.2,2.3,12.3,81.0,1.6,0.7,5.7,6.1,0,0
Maurice Taylor,1999,-1.0,0.5,13.4,62.0,3.2,2.7,17.1,4.9,0,0
Mario Elie,1999,1.0,3.0,10.4,79.0,1.9,1.6,7.5,2.5,0,0
Bob Sura,1999,2.1,2.1,15.6,73.0,3.4,2.0,13.8,3.3,0,0
Derek Anderson,1999,1.1,0.3,16.9,64.0,4.8,2.6,16.9,2.8,0,0
Mark Jackson,1999,2.8,2.0,17.7,81.0,1.2,2.1,8.1,2.9,0,0
Rod Strickland,1999,1.6,1.3,17.1,69.0,4.4,2.7,12.6,2.7,0,0
Jason Caffey,1999,-1.1,0.9,12.4,71.0,4.9,2.4,12.0,4.1,0,0
Tyrone Hill,1999,0.3,3.5,14.6,68.0,3.8,1.8,12.0,6.0,0,0
Jeff Hornacek,1999,2.1,1.8,16.3,77.0,2.3,1.5,12.4,1.7,0,0
Ervin Johnson,1999,0.9,2.6,12.7,80.0,2.0,1.0,4.8,5.2,0,0
Dale Davis,1999,1.5,3.3,17.4,74.0,2.7,1.2,10.0,6.4,0,0
George McCloud,1999,1.0,1.0,13.2,78.0,2.3,1.7,10.1,2.7,0,0
Jerome Williams,1999,1.7,3.0,17.9,82.0,3.5,1.3,8.4,6.2,0,0
Ruben Patterson,1999,2.1,2.1,18.8,81.0,4.0,1.8,11.6,2.7,0,0
Howard Eisley,1999,0.2,1.8,11.5,82.0,1.2,1.6,8.6,1.8,0,0
Nick Anderson,1999,0.9,2.5,11.8,72.0,1.1,1.3,10.8,3.6,0,0
Tim Thomas,1999,0.6,0.8,14.7,80.0,3.0,1.6,11.8,2.9,0,0
Isaiah Rider,1999,0.3,0.4,15.7,60.0,4.3,2.8,19.3,3.3,0,0
Anthony Peeler,1999,0.8,1.6,13.2,82.0,1.3,1.0,9.8,2.1,0,0
Donyell Marshall,1999,1.4,1.9,17.1,64.0,4.0,1.9,14.2,7.0,0,0
Cedric Ceballos,1999,0.5,1.3,18.1,69.0,3.6,1.8,16.6,4.2,0,0
Wesley Person,1999,1.2,1.3,12.0,79.0,1.0,0.8,9.2,2.8,0,0
Ron Harper,1999,1.3,3.5,12.0,80.0,1.8,1.7,7.0,3.0,0,0
Patrick Ewing,1999,0.9,3.9,16.9,62.0,4.6,2.3,15.0,7.5,0,0
Erick Strickland,1999,1.6,1.7,16.5,68.0,2.9,1.5,12.8,3.7,0,0
Charlie Ward,1999,2.4,3.0,13.6,72.0,0.8,1.4,7.3,2.9,0,0
Joe Smith,1999,-0.2,2.5,14.4,78.0,3.3,1.5,9.9,3.8,0,0
Kurt Thomas,1999,1.0,3.4,13.6,80.0,1.6,1.3,8.0,4.5,0,0
Ben Wallace,1999,1.9,3.9,14.4,81.0,1.4,0.8,4.8,5.6,0,0
Aaron McKie,1999,1.5,3.0,13.2,82.0,1.8,1.4,8.0,2.4,0,0
A.C. Green,1999,0.8,3.3,11.2,82.0,1.2,0.6,5.0,4.0,0,0
Bimbo Coles,1999,-0.1,0.5,12.9,80.0,1.3,1.3,8.1,1.8,0,0
Shawn Bradley,1999,1.4,2.7,17.0,77.0,1.9,1.0,8.4,4.4,0,0
Kerry Kittles,1999,1.7,1.2,16.1,62.0,2.0,0.9,13.0,2.9,0,0
Austin Croshere,1999,1.3,2.6,16.7,81.0,2.9,1.5,10.3,4.7,0,0
Walt Williams,1999,1.5,1.4,15.6,76.0,1.6,1.5,10.9,3.1,0,0
Rik Smits,1999,0.2,2.2,17.3,79.0,2.7,1.4,12.9,3.9,0,0
Keon Clark,1999,0.8,2.2,15.9,81.0,2.2,1.5,8.6,4.2,0,0
Terry Mills,1999,0.8,1.7,11.0,82.0,0.4,0.6,6.7,4.1,0,0
Andrew DeClercq,1999,-0.2,2.3,11.4,82.0,2.0,1.3,6.6,3.5,0,0
Tracy Murray,1999,1.2,0.9,14.1,80.0,1.8,1.1,10.2,2.6,0,0
Olden Polynice,1999,-0.4,2.5,10.4,82.0,1.1,0.9,5.3,3.5,0,0
Hubert Davis,1999,0.0,0.0,10.8,79.0,1.0,0.9,7.4,1.5,0,0
Chris Gatling,1999,0.5,2.6,17.3,85.0,4.4,2.0,11.9,4.1,0,0
Derek Fisher,1999,0.2,2.6,9.6,78.0,1.9,1.0,6.3,1.6,0,0
Vitaly Potapenko,1999,-0.7,1.5,13.8,79.0,2.0,1.8,9.2,4.0,0,0
Theo Ratliff,1999,1.4,3.3,16.7,57.0,4.1,1.9,11.9,5.2,0,0
Toni Kukoč,1999,2.0,2.2,16.9,56.0,4.7,2.6,14.8,3.5,0,0
Bryant Reeves,1999,-1.3,0.9,10.6,69.0,2.4,1.7,8.9,3.8,0,0
Tom Gugliotta,1999,1.5,3.3,16.4,54.0,2.8,2.0,13.7,5.3,0,0
Johnny Newman,1999,0.1,0.6,13.6,82.0,2.8,1.1,10.0,1.4,0,0
Brevin Knight,1999,1.0,2.0,15.3,65.0,2.8,2.4,9.3,2.4,0,0
Peja Stojaković,1999,1.6,1.7,16.3,74.0,2.1,1.2,11.9,2.7,0,0
Muggsy Bogues,1999,0.2,0.9,12.5,80.0,1.1,0.7,5.1,1.4,0,0
Rasho Nesterović,1999,-0.2,1.9,11.0,82.0,1.3,0.9,5.7,3.0,0,0
Mark Bryant,1999,-0.7,1.4,8.9,75.0,1.3,1.2,5.7,3.0,0,0
Eric Piatkowski,1999,0.0,-0.1,13.0,75.0,1.3,0.8,8.7,2.0,0,0
Corliss Williamson,1999,0.0,1.4,14.0,76.0,2.8,1.4,10.3,2.2,0,0
Travis Best,1999,1.2,1.6,16.5,82.0,2.3,1.3,8.9,1.5,0,0
Jaren Jackson,1999,0.6,2.3,9.7,81.0,0.6,0.8,6.3,1.8,0,0
Arvydas Sabonis,1999,2.4,3.5,20.3,66.0,3.0,1.5,11.8,6.3,0,0
Robert Horry,1999,2.2,3.6,14.3,76.0,1.5,1.0,5.7,3.0,0,0
John Amaechi,1999,-0.2,1.8,13.2,80.0,3.6,1.7,10.5,2.6,0,0
Kevin Willis,1999,-1.5,1.6,12.3,79.0,2.1,1.2,7.6,3.6,0,0
Chris Childs,1999,-0.2,1.7,8.6,71.0,0.8,1.5,5.3,1.8,0,0
Tim Hardaway,1999,1.6,1.6,16.4,52.0,2.6,2.3,13.4,2.4,0,0
Detlef Schrempf,1999,1.3,2.2,14.5,77.0,2.8,1.3,7.5,3.3,0,0
Adonal Foyle,1999,-0.4,1.2,12.3,76.0,1.2,0.9,5.5,3.3,0,0
Dickey Simpkins,1999,-1.8,1.3,5.5,69.0,1.7,1.9,4.2,3.6,0,0
Chris Whitney,1999,1.2,0.6,15.6,82.0,1.6,1.3,7.8,1.4,0,0
Randy Brown,1999,-1.2,1.2,7.3,59.0,1.4,1.8,6.4,2.1,0,0
Hersey Hawkins,1999,0.3,1.5,11.4,61.0,2.0,1.6,7.9,2.4,0,0
Sam Perkins,1999,1.1,1.6,12.1,81.0,1.2,0.8,6.6,2.8,0,0
Clarence Weatherspoon,1999,1.3,2.9,16.2,78.0,2.3,1.3,7.2,4.1,0,0
Terry Porter,1999,2.2,2.3,16.6,68.0,2.5,1.5,9.4,2.5,0,0
Michael Curry,1999,-0.8,0.5,8.6,82.0,2.0,0.9,6.2,1.0,0,0
Greg Ostertag,1999,0.7,3.0,13.5,81.0,2.3,1.0,4.5,3.8,0,0
Troy Hudson,1999,-0.6,-0.2,11.6,62.0,1.5,1.7,8.8,1.9,0,0
Kelvin Cato,1999,0.7,2.0,15.9,65.0,3.2,1.1,8.7,4.4,0,0
Tariq Abdul-Wahad,1999,0.3,1.8,13.6,61.0,3.2,1.7,11.4,3.1,0,0
Rashard Lewis,1999,1.0,1.7,16.5,82.0,1.5,1.0,8.2,2.5,0,0
Antawn Jamison,1999,0.2,0.3,16.7,43.0,4.8,2.6,19.6,4.3,0,0
Greg Anthony,1999,1.2,1.8,13.0,82.0,1.4,1.0,6.3,1.4,0,0
Marcus Camby,1999,1.7,3.2,19.0,59.0,3.7,1.2,10.2,4.9,0,0
Aaron Williams,1999,0.9,1.6,17.7,81.0,2.5,1.0,7.6,3.1,0,0
Jahidi White,1999,-0.3,1.9,15.7,80.0,2.6,1.2,7.1,4.4,0,0
Steve Nash,1999,0.4,0.2,13.5,56.0,1.5,1.8,8.6,1.6,0,0
Lucious Harris,1999,0.6,0.9,13.3,77.0,1.3,0.5,6.7,1.7,0,0
Tony Battie,1999,0.2,1.7,15.1,82.0,1.8,0.8,6.6,3.1,0,0
Monty Williams,1999,0.3,1.6,13.8,75.0,2.2,1.5,8.7,2.1,0,0
Scott Williams,1999,0.0,1.4,15.6,68.0,1.9,1.0,7.6,4.0,0,0
Pat Garrity,1999,0.2,1.4,11.9,82.0,1.4,1.0,8.2,2.0,0,0
Rick Fox,1999,0.5,2.3,11.7,82.0,1.0,1.1,6.5,1.6,0,0
Voshon Lenard,1999,0.8,1.5,13.9,53.0,2.0,1.5,11.9,2.2,0,0
Luc Longley,1999,-0.9,2.2,8.8,72.0,1.3,1.9,6.3,3.1,0,0
Matt Geiger,1999,-0.5,2.0,13.9,65.0,2.2,1.4,9.7,3.6,0,0
Eric Williams,1999,0.1,0.7,11.8,68.0,2.5,1.0,7.2,1.5,0,0
Malik Rose,1999,-0.2,2.4,13.2,74.0,2.7,1.3,6.7,2.7,0,0
Scot Pollard,1999,0.7,2.2,15.8,76.0,2.1,0.7,5.4,3.1,0,0
Scott Burrell,1999,1.0,1.5,14.2,74.0,0.7,0.5,6.1,2.6,0,0
Michael Doleac,1999,-0.2,1.9,13.3,81.0,1.2,0.8,7.0,3.0,0,0
Danny Ferry,1999,0.2,1.1,11.8,63.0,0.9,0.9,7.3,2.9,0,0
Brian Grant,1999,0.4,2.0,14.0,63.0,2.6,1.3,7.3,3.5,0,0
Jerome Kersey,1999,0.6,2.6,10.0,72.0,0.6,0.7,4.5,2.3,0,0
Calbert Cheaney,1999,-0.6,0.8,6.7,67.0,0.3,0.7,4.0,1.7,0,0
LaPhonso Ellis,1999,0.0,0.8,13.9,58.0,1.6,0.9,8.4,3.3,0,0
Billy Owens,1999,-0.2,1.5,10.0,62.0,1.7,1.4,6.0,3.3,0,0
Bryce Drew,1999,-0.1,0.5,10.9,72.0,0.7,0.9,5.8,1.1,0,0
Jon Barry,1999,1.5,1.6,15.9,62.0,1.9,1.4,8.0,2.0,0,0
Dennis Scott,1999,-0.1,0.1,9.4,66.0,0.9,0.5,5.6,1.4,0,0
Brian Shaw,1999,0.4,2.0,10.9,74.0,0.7,1.0,4.1,2.3,0,0
Sam Mitchell,1999,0.1,0.9,12.0,66.0,1.4,0.7,6.5,1.7,0,0
Danny Manning,1999,-0.2,1.1,10.1,72.0,0.7,0.8,4.6,2.2,0,0
Vinny Del Negro,1999,0.0,0.2,11.7,67.0,0.6,0.7,5.2,1.5,0,0
Lorenzen Wright,1999,-0.4,0.9,13.9,75.0,1.8,0.9,6.0,2.5,0,0
Tony Farmer,1999,0.5,1.0,15.7,74.0,3.6,1.1,6.3,2.4,0,0
Antonio Daniels,1999,1.0,1.7,15.2,68.0,1.5,0.9,6.2,1.0,0,0
John Starks,1999,0.0,0.3,12.4,37.0,1.6,1.8,13.9,2.5,0,0
Matt Maloney,1999,-0.2,0.5,9.4,51.0,0.9,1.2,6.4,1.1,0,0
Isaac Austin,1999,-0.4,0.9,10.2,59.0,2.3,1.8,6.7,3.7,0,0
Chris Carr,1999,-0.5,0.9,10.8,57.0,2.2,2.1,9.3,2.3,0,0
Bonzi Wells,1999,0.9,1.8,17.3,66.0,2.0,1.5,8.8,1.6,0,0
Michael Smith,1999,0.7,1.0,14.5,46.0,2.2,1.0,6.3,4.6,0,0
Dana Barros,1999,0.7,0.5,15.1,72.0,1.1,0.9,7.2,1.2,0,0
Cedric Henderson,1999,-0.8,0.9,7.3,61.0,1.7,1.1,5.4,1.7,0,0
Carlos Rogers,1999,0.3,0.8,15.2,53.0,2.6,1.2,8.0,3.3,0,0
Chucky Brown,1999,-0.3,1.3,9.5,63.0,0.8,0.7,5.3,2.1,0,0
Dell Curry,1999,0.8,0.6,14.9,67.0,0.5,0.6,7.6,1.3,0,0
Oliver Miller,1999,1.1,2.3,15.5,51.0,1.4,1.5,6.3,3.4,0,0
Randy Livingston,1999,0.1,1.7,11.4,79.0,0.8,1.2,4.8,1.3,0,0
Gerard King,1999,0.3,0.9,13.4,62.0,1.1,0.7,5.3,2.7,0,0
Hakeem Olajuwon,1999,0.6,1.6,16.7,44.0,2.5,1.7,10.3,4.8,0,0
Jim McIlvaine,1999,0.0,1.2,10.0,66.0,0.8,0.6,2.4,1.9,0,0
Bobby Jackson,1999,0.6,1.1,14.6,73.0,1.3,0.8,5.1,1.4,0,0
Lawrence Funderburke,1999,0.8,1.2,18.0,75.0,2.2,0.5,6.4,1.8,0,0
Matt Bullard,1999,0.4,0.6,11.9,56.0,0.5,0.6,6.8,2.2,0,0
Will Perdue,1999,-0.8,1.1,6.6,67.0,1.6,1.2,2.5,2.6,0,0
Chris Anstey,1999,-0.1,1.3,15.1,73.0,2.0,1.1,6.0,2.6,0,0
Sean Rooks,1999,-0.2,1.0,11.8,71.0,1.3,1.0,4.4,2.3,0,0
Vernon Maxwell,1999,0.0,0.7,12.6,47.0,3.1,1.1,10.9,1.4,0,0
Samaki Walker,1999,-0.2,1.7,13.1,71.0,1.8,0.9,5.1,2.7,0,0
Brad Miller,1999,0.5,1.4,18.9,55.0,3.5,0.9,7.7,3.3,0,0
Rex Chapman,1999,-0.1,1.0,9.4,53.0,1.5,0.7,6.6,1.3,0,0
Todd Day,1999,0.6,1.6,13.2,58.0,1.9,0.9,6.8,1.7,0,0
Tyrone Corbin,1999,-0.2,1.1,7.9,54.0,0.7,0.5,4.1,2.3,0,0
John Crotty,1999,0.2,0.4,12.5,69.0,1.3,0.8,4.7,0.8,0,0
Grant Long,1999,0.1,0.8,11.7,42.0,1.7,1.2,4.8,3.5,0,0
Darrick Martin,1999,-0.2,0.6,11.9,71.0,1.7,0.9,5.7,0.5,0,0
Jacque Vaughn,1999,-0.5,0.8,9.2,78.0,1.0,1.0,3.7,0.7,0,0
Walter McCarty,1999,-0.3,0.6,7.2,61.0,0.9,1.1,3.8,1.3,0,0
Bruce Bowen,1999,-0.1,0.9,6.7,69.0,0.6,0.3,2.8,1.0,0,0
Corey Benjamin,1999,-0.4,0.7,9.7,48.0,1.7,1.5,7.7,1.4,0,0
Roshown McLeod,1999,-0.7,0.2,9.1,44.0,1.6,1.3,7.2,2.2,0,0
Jermaine O'Neal,1999,-0.1,1.4,13.3,70.0,1.4,0.7,3.9,1.9,0,0
Danny Fortson,1999,0.2,1.0,20.1,55.0,3.4,1.2,7.6,4.1,0,0
Al Harrington,1999,-0.3,0.9,10.8,50.0,2.2,1.3,6.6,2.2,0,0
Fred Hoiberg,1999,0.3,0.9,13.0,31.0,2.5,1.4,9.0,3.3,0,0
Bobby Phills,1999,0.5,0.9,14.6,28.0,2.3,1.7,13.6,1.9,0,0
Keith Closs,1999,0.0,0.5,14.1,57.0,1.4,0.6,4.2,2.0,0,0
Cherokee Parks,1999,0.3,0.8,11.9,56.0,0.7,0.5,3.0,2.3,0,0
Elliot Perry,1999,0.0,0.4,14.8,60.0,1.0,1.0,5.3,0.8,0,0
John Wallace,1999,-0.2,0.9,13.3,60.0,1.7,1.1,6.5,1.6,0,0
Darvin Ham,1999,0.4,0.5,12.8,35.0,2.2,0.8,5.1,2.5,0,0
Armen Gilliam,1999,-0.2,1.0,14.0,50.0,1.7,1.1,6.7,2.7,0,0
Felipe López,1999,-0.1,0.4,11.9,65.0,1.7,0.8,4.5,1.0,0,0
Alvin Williams,1999,0.2,0.6,13.6,55.0,1.2,0.9,5.3,1.1,0,0
Otis Thorpe,1999,-0.4,1.1,11.1,51.0,0.9,1.2,5.5,2.2,0,0
Brian Skinner,1999,-0.1,0.5,11.9,33.0,2.0,1.1,5.4,4.2,0,0
Jelani McCoy,1999,-0.1,0.9,13.2,58.0,1.6,0.8,4.3,2.2,0,0
Greg Foster,1999,-0.6,0.5,6.9,60.0,0.5,0.5,3.4,1.5,0,0
Emanual Davis,1999,0.0,0.8,10.2,54.0,0.7,0.8,4.0,1.6,0,0
Eric Murdock,1999,0.0,0.4,12.5,40.0,2.0,1.5,5.6,1.6,0,0
Stacey Augmon,1999,0.3,1.0,12.2,59.0,0.9,0.6,3.4,1.3,0,0
Bryant Stith,1999,0.4,0.4,13.8,45.0,1.7,0.7,5.6,1.4,0,0
Tony Delk,1999,0.3,0.7,14.1,46.0,1.3,0.7,6.4,1.1,0,0
Sam Jacobson,1999,-0.3,0.2,11.1,52.0,0.8,0.6,4.9,0.9,0,0
Dee Brown,1999,0.3,0.4,11.8,38.0,0.4,1.0,6.9,1.2,0,0
Chris Crawford,1999,-0.2,0.2,11.9,55.0,1.5,0.7,4.6,0.9,0,0
Robert Pack,1999,0.0,0.3,14.6,29.0,2.7,2.6,8.9,1.2,0,0
Mark Strickland,1999,0.5,0.9,17.2,58.0,1.0,0.4,4.9,1.7,0,0
Charles Jones,1999,-0.1,0.1,11.4,56.0,0.4,0.5,3.4,0.8,0,0
Jud Buechler,1999,0.2,0.5,8.2,58.0,0.1,0.2,2.2,1.1,0,0
Chris Mills,1999,0.4,0.2,16.2,20.0,4.2,1.3,16.1,3.9,0,0
Anthony Johnson,1999,-0.1,0.4,9.1,56.0,0.7,0.6,2.8,0.5,0,0
Derrick McKey,1999,0.5,0.9,11.2,32.0,1.8,0.6,4.3,3.3,0,0
Charles Barkley,1999,0.6,0.6,19.8,20.0,5.5,2.2,14.5,6.9,0,0
Damon Jones,1999,0.2,0.1,13.1,55.0,0.9,0.7,4.2,0.8,0,0
Adam Keefe,1999,-0.3,0.8,7.6,62.0,0.6,0.7,2.2,1.5,0,0
Dean Garrett,1999,-0.2,0.8,9.0,56.0,0.5,0.4,2.0,1.8,0,0
J.R. Reid,1999,-0.2,0.3,9.0,34.0,1.6,0.6,4.4,2.6,0,0
Pete Chilcutt,1999,-0.2,0.4,8.9,56.0,0.1,0.4,2.1,1.5,0,0
Jeff McInnis,1999,-0.4,0.0,11.8,25.0,0.7,1.1,7.2,2.2,0,0
B.J. Armstrong,1999,-0.3,0.2,10.7,27.0,0.9,1.5,7.4,1.7,0,0
Chris Mullin,1999,0.8,0.7,15.4,47.0,0.9,0.6,5.1,1.3,0,0
Doug West,1999,-0.3,0.1,8.6,38.0,1.1,0.5,4.0,1.4,0,0
Ricky Davis,1999,0.2,0.8,15.3,48.0,1.1,1.0,4.7,1.1,0,0
Dale Ellis,1999,-0.2,0.2,8.7,42.0,0.3,0.5,4.2,1.0,0,0
Shammond Williams,1999,-0.1,0.3,12.2,43.0,1.2,0.9,5.2,0.9,0,0
Moochie Norris,1999,0.5,0.4,18.4,30.0,2.4,1.0,6.9,1.7,0,0
Don Reid,1999,0.0,0.7,12.1,38.0,0.9,0.6,3.8,1.9,0,0
Erick Dampier,1999,-0.6,0.3,9.6,21.0,2.4,1.4,8.0,4.1,0,0
Mikki Moore,1999,0.3,0.5,19.6,29.0,2.3,0.8,7.9,2.3,0,0
John Thomas,1999,-0.6,0.3,6.5,55.0,0.7,0.3,2.1,0.7,0,0
Anthony Miller,1999,0.0,0.6,13.5,35.0,1.5,0.5,3.7,3.3,0,0
Kornél Dávid,1999,-0.3,0.4,10.7,32.0,1.8,1.0,5.6,1.7,0,0
Mark Davis,1999,-0.3,0.3,9.8,23.0,2.0,1.7,6.2,2.3,0,0
Chris Dudley,1999,-0.4,0.7,6.1,47.0,0.6,0.4,1.2,1.6,0,0
Toby Bailey,1999,-0.1,0.6,10.8,46.0,1.4,0.5,3.5,1.0,0,0
Robert Traylor,1999,0.1,0.5,15.8,44.0,1.5,0.6,3.6,1.5,0,0
Corie Blount,1999,-0.2,0.7,9.0,38.0,0.9,0.7,2.8,1.6,0,0
Doug Overton,1999,-0.2,0.1,10.5,48.0,0.4,0.4,3.2,0.4,0,0
Brent Price,1999,-0.2,0.1,9.5,41.0,1.0,1.1,3.4,0.7,0,0
Travis Knight,1999,-0.3,0.8,9.5,63.0,0.4,0.4,1.7,1.3,0,0
Todd Fuller,1999,-0.4,0.5,9.6,41.0,1.3,0.7,3.3,1.8,0,0
Terry Cummings,1999,-0.1,0.3,14.0,22.0,1.8,1.2,8.4,2.8,0,0
Sean Elliott,1999,-0.1,0.6,8.8,19.0,1.7,1.0,6.0,2.2,0,0
Michael Stewart,1999,-0.6,0.4,5.4,42.0,0.8,0.4,1.4,1.5,0,0
Rex Walters,1999,-0.2,0.3,8.0,33.0,0.5,0.9,2.8,0.8,0,0
Dennis Rodman,1999,-0.1,0.5,8.4,12.0,1.2,1.6,2.8,10.3,0,0
Anthony Avent,1999,-0.5,0.2,5.5,49.0,0.7,0.5,1.7,1.0,0,0
Tom Hammonds,1999,-0.3,0.4,9.9,56.0,1.0,0.4,2.1,1.2,0,0
Roy Rogers,1999,0.0,0.4,11.4,40.0,1.0,0.3,2.2,1.2,0,0
Haywoode Workman,1999,-0.1,0.2,10.2,36.0,0.4,0.5,2.4,0.7,0,0
Chuck Person,1999,-0.3,0.2,5.2,37.0,0.2,0.3,2.8,1.3,0,0
Sam Mack,1999,-0.2,0.2,8.0,23.0,0.9,0.8,5.0,1.4,0,0
Eric Montross,1999,-0.6,0.3,0.2,51.0,0.2,0.4,0.8,1.1,0,0
Popeye Jones,1999,-0.1,0.2,12.4,40.0,0.5,0.3,2.6,1.6,0,0
Cory Alexander,1999,0.0,0.4,8.8,29.0,0.8,1.0,2.8,1.2,0,0
Sherman Douglas,1999,0.2,0.2,15.4,20.0,1.4,1.2,6.0,0.8,0,0
Bill Curley,1999,-0.3,0.2,6.5,28.0,0.9,0.8,2.7,1.1,0,0
Chauncey Billups,1999,0.0,0.2,10.5,13.0,3.4,1.8,8.6,2.0,0,0
John Salley,1999,-0.1,0.6,8.3,45.0,0.6,0.4,1.6,1.0,0,0
Gary Trent,1999,-0.1,0.1,14.6,11.0,1.9,2.3,13.7,2.9,0,0
Loy Vaught,1999,-0.3,0.3,8.5,43.0,0.4,0.3,1.7,1.5,0,0
Kevin Ollie,1999,0.2,0.3,12.9,40.0,0.9,0.3,1.8,0.7,0,0
Rick Brunson,1999,-0.2,0.3,7.0,37.0,0.5,0.8,1.9,0.6,0,0
Tim Legler,1999,-0.2,0.0,7.2,23.0,0.8,0.3,3.3,0.8,0,0
Thomas Hamilton,1999,-0.1,0.3,11.4,22.0,1.0,1.3,3.7,2.7,0,0
Pervis Ellison,1999,-0.2,0.3,9.0,30.0,0.7,0.4,1.8,1.3,0,0
Steve Kerr,1999,0.1,0.3,10.6,32.0,0.3,0.2,2.8,0.5,0,0
Gheorghe Mureșan,1999,-0.3,0.2,11.8,30.0,1.3,0.5,3.5,1.5,0,0
Earl Boykins,1999,0.4,0.2,20.0,26.0,0.9,0.7,5.3,0.5,0,0
Andrew Lang,1999,0.0,0.4,10.3,19.0,0.4,0.3,3.1,2.3,0,0
Reggie Jordan,1999,-0.1,0.2,6.7,36.0,0.4,0.5,1.1,0.7,0,0
Michael Cage,1999,0.1,0.3,12.6,20.0,0.2,0.2,1.4,2.4,0,0
Antoine Carr,1999,-0.2,0.1,7.5,21.0,0.7,0.4,3.2,1.1,0,0
Vladimir Stepania,1999,-0.5,0.3,6.7,30.0,1.2,0.7,2.5,0.9,0,0
Ryan Stack,1999,-0.3,0.2,4.6,25.0,1.1,0.7,2.1,1.2,0,0
Nazr Mohammed,1999,-0.2,0.3,7.0,28.0,0.8,0.6,1.9,1.2,0,0
Duane Causwell,1999,0.0,0.4,14.1,25.0,1.5,0.4,2.6,1.4,0,0
Anthony Parker,1999,0.0,0.2,9.7,16.0,0.7,0.7,3.6,1.4,0,0
Joe Stephens,1999,0.0,0.1,10.2,13.0,0.3,0.5,3.2,1.8,0,0
Drew Barry,1999,-0.1,0.0,9.5,16.0,0.3,0.8,2.6,0.8,0,0
Felton Spencer,1999,0.0,0.3,13.6,26.0,1.2,0.3,1.9,0.9,0,0
Derek Strong,1999,-0.1,0.2,12.0,20.0,0.7,0.6,2.7,1.7,0,0
Tyronn Lue,1999,0.0,0.2,10.5,8.0,1.0,1.1,6.0,1.3,0,0
Don MacLean,1999,-0.2,0.2,4.6,16.0,0.4,0.5,2.6,1.1,0,0
Antonio Harvey,1999,0.0,0.2,10.1,19.0,0.6,0.6,2.2,1.3,0,0
Rusty LaRue,1999,-0.1,0.1,7.4,4.0,1.8,1.8,9.3,2.3,0,0
Mark West,1999,-0.1,0.2,4.3,22.0,0.4,0.3,0.7,1.1,0,0
Devin Gray,1999,0.0,0.1,14.0,21.0,1.4,0.2,2.3,0.7,0,0
Etdrick Bohannon,1999,-0.1,0.1,10.5,13.0,1.8,0.8,2.2,1.4,0,0
Žan Tabak,1999,0.0,0.2,13.6,18.0,0.4,0.6,2.1,0.9,0,0
Kevin Johnson,1999,0.2,0.1,17.3,6.0,1.2,1.2,6.7,2.7,0,0
Tony Massenburg,1999,0.0,0.1,13.8,10.0,1.6,0.9,4.6,2.0,0,0
Lorenzo Williams,1999,0.1,0.1,16.1,8.0,0.0,0.4,1.8,1.6,0,0
Mark Hendrickson,1999,0.0,0.1,10.4,15.0,0.3,0.2,0.9,0.7,0,0
Matt Harpring,1999,0.1,0.1,14.2,4.0,1.8,0.3,4.0,1.8,0,0
Bruno Šundov,1999,-0.1,0.0,7.8,14.0,0.1,0.3,1.9,0.5,0,0
Bill Wennington,1999,-0.1,0.1,7.6,7.0,0.3,0.1,2.0,2.0,0,0
Stanley Roberts,1999,-0.1,0.1,3.0,5.0,0.6,0.4,2.0,1.8,0,0
Khalid Reeves,1999,0.0,0.0,7.8,3.0,1.7,2.0,3.7,0.7,0,0
Marcus Brown,1999,-0.1,0.0,1.1,6.0,0.3,0.5,1.7,0.7,0,0
Fred Vinson,1999,-0.1,0.0,1.0,8.0,0.3,0.5,1.6,0.1,0,0
Donny Marshall,1999,-0.1,0.0,0.2,6.0,1.0,0.5,1.8,0.2,0,0
Antonio Lang,1999,0.0,0.1,5.7,10.0,0.5,0.2,0.6,0.5,0,0
Michael Hawkins,1999,0.0,0.0,8.8,12.0,0.2,0.3,0.7,0.6,0,0
Johnny Taylor,1999,-0.1,0.0,6.2,6.0,0.0,0.3,1.8,0.7,0,0
David Wingate,1999,-0.1,0.0,-5.0,7.0,0.0,0.3,0.3,0.1,0,0
Joe Kleine,1999,0.0,0.1,6.8,7.0,0.4,0.3,1.6,0.9,0,0
Eldridge Recasner,1999,0.0,0.0,13.1,7.0,0.0,0.0,1.0,0.6,0,0
Gary Grant,1999,0.0,0.0,8.0,3.0,0.0,0.7,4.0,1.0,0,0
Kiwane Lemorris Garris,1999,-0.1,0.0,-3.9,3.0,0.0,0.3,1.3,0.3,0,0
Ben Davis,1999,0.0,0.1,8.5,5.0,0.0,0.6,0.8,1.2,0,0
Andrae Patterson,1999,0.0,0.0,11.7,5.0,0.0,0.2,1.2,0.2,0,0
Sean Marks,1999,0.0,0.0,9.7,5.0,0.8,0.6,1.6,0.4,0,0
Marty Conlon,1999,0.0,0.0,9.6,3.0,0.0,0.0,0.7,0.3,0,0
Benoit Benjamin,1999,0.0,0.0,5.5,3.0,0.0,0.0,0.7,0.3,0,0
Rodrick Rhodes,1999,0.0,0.0,-9.2,1.0,0.0,2.0,0.0,0.0,0,0
Mario Bennett,1999,0.0,0.0,-25.5,1.0,0.0,0.0,0.0,1.0,0,0
Randell Jackson,1999,0.0,0.0,0.0,1.0,0.0,0.0,0.0,0.0,0,0
Michael Finley,2000,3.4,2.9,18.2,82.0,4.0,2.3,21.5,3.9,0,0
Antoine Walker,2000,4.3,3.8,18.9,81.0,4.3,3.7,23.4,7.0,0,0
Antawn Jamison,2000,2.3,1.3,19.0,82.0,6.5,2.4,24.9,5.3,0,0
Anthony Mason,2000,3.2,5.6,17.4,80.0,5.9,2.2,16.1,7.5,0,0
Gary Payton,2000,4.9,1.7,22.1,79.0,4.5,2.6,23.1,3.6,1,3
Shareef Abdur-Rahim,2000,3.1,2.9,19.1,81.0,6.6,2.9,20.5,6.9,0,0
Jerry Stackhouse,2000,5.8,2.6,21.8,80.0,10.1,4.1,29.8,2.7,0,0
Kevin Garnett,2000,6.4,4.8,23.9,81.0,5.8,2.8,22.0,8.7,1,2
Steve Francis,2000,5.7,3.0,21.6,80.0,5.5,3.3,19.9,4.5,0,0
Baron Davis,2000,3.6,4.7,16.6,82.0,4.1,2.8,13.8,3.4,0,0
Mike Bibby,2000,2.2,1.4,16.8,82.0,2.3,3.0,15.9,3.1,0,0
Reggie Miller,2000,3.4,2.2,17.3,81.0,4.3,1.6,18.9,3.0,0,0
Tim Duncan,2000,5.4,7.1,23.8,82.0,8.1,3.0,22.2,9.0,1,1
Ray Allen,2000,5.9,2.2,22.9,82.0,4.8,2.5,22.0,4.0,1,3
Dirk Nowitzki,2000,5.9,4.3,22.8,82.0,6.6,1.9,21.8,7.7,1,3
Paul Pierce,2000,5.0,3.5,22.3,82.0,9.0,3.2,25.3,5.2,0,0
David Wesley,2000,1.9,3.4,15.3,82.0,4.1,2.1,17.2,2.0,0,0
Jason Terry,2000,2.6,1.6,17.3,82.0,4.4,2.9,19.7,2.8,0,0
Tracy McGrady,2000,7.0,3.9,24.9,77.0,7.6,2.6,26.8,5.0,1,2
Jason Kidd,2000,4.8,5.4,19.4,77.0,5.2,3.7,16.9,5.2,1,1
Latrell Sprewell,2000,2.1,4.6,15.1,77.0,4.6,2.8,17.7,3.9,0,0
Cuttino Mobley,2000,2.2,2.0,17.7,79.0,6.0,2.1,19.5,4.0,0,0
Jamal Mashburn,2000,3.1,4.2,17.5,76.0,4.8,2.8,20.1,6.4,0,0
Vince Carter,2000,7.2,2.6,25.0,75.0,6.7,2.2,27.6,3.2,1,2
Allen Iverson,2000,6.1,4.5,24.0,71.0,10.1,3.3,31.1,3.1,1,1
Juwan Howard,2000,0.6,1.6,16.0,81.0,4.7,3.0,18.0,5.0,0,0
Jalen Rose,2000,2.7,2.5,17.8,72.0,4.8,2.9,20.5,4.5,0,0
Rasheed Wallace,2000,4.8,4.2,20.9,77.0,4.2,2.1,19.2,5.9,0,0
Doug Christie,2000,3.2,4.4,14.8,81.0,3.9,1.9,12.3,3.2,0,0
Shaquille O'Neal,2000,7.1,3.9,30.2,74.0,13.1,2.9,28.7,8.8,1,1
Elton Brand,2000,2.2,2.0,20.4,74.0,6.4,3.0,20.1,6.2,0,0
Peja Stojaković,2000,3.2,3.3,18.4,75.0,4.2,1.9,20.4,4.5,0,0
Karl Malone,2000,6.3,4.0,24.7,81.0,8.3,3.0,23.2,6.9,1,3
Derek Anderson,2000,3.2,4.3,17.1,82.0,4.9,2.0,15.5,3.5,0,0
Allan Houston,2000,2.2,3.5,16.1,78.0,3.9,2.1,18.7,3.4,0,0
Shawn Marion,2000,4.4,6.4,21.0,79.0,3.7,1.6,17.3,7.9,0,0
Wally Szczerbiak,2000,1.7,1.7,15.8,82.0,2.5,1.7,14.0,3.8,0,0
Andre Miller,2000,3.4,1.9,20.1,82.0,5.5,3.2,15.8,3.2,0,0
Lamar Odom,2000,4.3,3.3,18.9,76.0,5.1,3.5,17.2,6.3,0,0
Chris Webber,2000,5.3,5.2,24.7,70.0,6.6,2.8,27.1,8.5,1,1
Jeff McInnis,2000,1.2,1.1,15.6,81.0,2.0,1.4,12.9,2.2,0,0
Terrell Brandon,2000,3.6,2.7,20.0,78.0,2.9,2.0,16.0,3.1,0,0
Glenn Robinson,2000,2.4,2.5,20.1,76.0,4.0,2.9,22.0,5.3,0,0
P.J. Brown,2000,1.1,4.7,13.3,80.0,2.6,1.4,8.5,6.1,0,0
Kobe Bryant,2000,4.7,2.2,24.5,68.0,8.2,3.2,28.5,4.3,1,2
Clarence Weatherspoon,2000,2.4,3.4,17.4,82.0,3.5,1.4,11.3,7.0,0,0
Brian Grant,2000,1.3,5.0,17.5,82.0,4.3,2.1,15.2,6.1,0,0
Charles Oakley,2000,0.4,3.5,11.6,78.0,1.9,1.8,9.6,7.7,0,0
Darrell Armstrong,2000,3.6,2.9,18.6,75.0,3.3,2.7,15.9,3.3,0,0
Ben Wallace,2000,2.7,6.0,14.8,80.0,3.0,1.5,6.4,9.4,0,0
Clifford Robinson,2000,2.0,3.9,14.8,82.0,4.4,2.3,16.4,2.8,0,0
Antonio Davis,2000,0.6,3.1,16.5,78.0,5.4,1.7,13.7,6.6,0,0
Rashard Lewis,2000,2.8,2.1,17.3,78.0,2.7,1.7,14.8,5.1,0,0
Sam Cassell,2000,2.1,1.4,20.1,76.0,4.3,2.9,18.2,3.2,0,0
Nick Van Exel,2000,2.7,0.3,18.5,71.0,3.5,2.3,17.7,2.8,0,0
Bruce Bowen,2000,0.6,3.7,8.1,82.0,2.0,0.9,7.6,2.4,0,0
Damon Stoudamire,2000,2.0,2.5,16.3,82.0,2.5,2.3,13.0,2.9,0,0
George Lynch,2000,1.7,4.2,12.4,82.0,2.1,1.3,8.4,4.8,0,0
Jermaine O'Neal,2000,1.5,4.7,17.5,81.0,4.8,2.0,12.9,6.7,0,0
Michael Dickerson,2000,-0.2,0.7,12.4,70.0,3.9,2.3,16.3,2.3,0,0
Tim Hardaway,2000,2.9,3.3,16.7,77.0,2.4,2.5,14.9,2.3,0,0
Dikembe Mutombo,2000,2.4,4.7,17.5,75.0,3.9,1.9,10.0,9.4,1,2
Mark Jackson,2000,2.0,2.3,14.9,83.0,1.1,2.1,7.6,2.9,0,0
Stephon Marbury,2000,4.1,0.7,22.7,67.0,6.8,2.9,23.9,2.3,0,0
Antonio McDyess,2000,2.4,2.6,22.0,70.0,6.2,2.3,20.8,8.6,0,0
Steve Smith,2000,1.7,1.6,15.9,81.0,4.3,1.7,13.6,2.3,0,0
Ron Mercer,2000,0.1,0.4,14.8,61.0,3.7,2.1,19.7,2.7,0,0
Bo Outlaw,2000,3.2,4.0,15.7,80.0,2.8,1.8,7.3,5.1,0,0
Richard Hamilton,2000,-0.1,0.1,15.7,78.0,4.1,2.6,18.1,2.1,0,0
Bryant Stith,2000,0.6,1.7,11.7,78.0,2.7,1.2,9.7,2.8,0,0
Bryon Russell,2000,2.0,2.3,14.1,78.0,3.7,1.4,12.0,3.0,0,0
Raef LaFrentz,2000,1.8,2.5,17.6,78.0,3.4,1.2,12.9,5.6,0,0
Travis Best,2000,2.1,2.3,16.7,77.0,2.9,1.6,11.9,2.4,0,0
Howard Eisley,2000,1.2,2.0,11.7,82.0,1.5,1.2,9.0,2.1,0,0
Vlade Divac,2000,2.4,4.3,17.7,81.0,4.3,2.4,12.0,5.8,0,0
John Stockton,2000,5.3,2.6,22.3,82.0,3.4,2.5,11.5,2.1,0,0
Shandon Anderson,2000,0.9,2.0,11.9,82.0,2.3,1.6,8.7,3.2,0,0
Alvin Williams,2000,1.7,2.1,15.2,82.0,1.8,1.3,9.8,2.0,0,0
Aaron McKie,2000,2.1,3.5,15.1,76.0,2.6,2.7,11.6,3.7,0,0
Horace Grant,2000,1.2,1.7,14.3,77.0,2.2,0.6,8.5,4.2,0,0
Steve Nash,2000,2.9,1.6,19.6,70.0,3.7,2.9,15.6,2.5,0,0
David Robinson,2000,4.3,5.7,23.7,80.0,5.9,1.5,14.4,6.0,1,3
Chucky Atkins,2000,0.3,1.6,12.2,81.0,1.6,1.8,12.0,1.8,0,0
Tyrone Hill,2000,-0.3,3.5,12.4,76.0,3.6,1.7,9.6,5.9,0,0
Metta World Peace,2000,0.4,2.0,13.6,76.0,3.7,2.1,11.9,3.1,0,0
Mookie Blaylock,2000,1.9,1.6,15.8,69.0,1.1,1.9,11.0,2.9,0,0
Elden Campbell,2000,1.0,4.5,16.4,78.0,5.2,1.8,13.1,5.8,0,0
Aaron Williams,2000,0.2,2.3,15.1,82.0,3.8,1.6,10.2,4.6,0,0
Voshon Lenard,2000,0.7,0.6,13.2,80.0,2.4,1.3,12.2,2.3,0,0
Donyell Marshall,2000,3.4,3.3,19.9,81.0,3.4,1.6,13.6,4.9,0,0
Rick Fox,2000,1.4,1.4,13.8,82.0,1.5,1.7,9.6,3.0,0,0
Jason Williams,2000,0.8,2.4,12.8,77.0,1.0,2.1,9.4,2.2,0,0
Tony Delk,2000,0.8,2.9,13.4,82.0,2.9,1.2,12.3,2.3,0,0
Eddie Jones,2000,3.8,4.0,18.8,63.0,4.3,2.1,17.4,3.4,0,0
James Posey,2000,0.9,1.7,12.5,82.0,1.7,1.2,8.1,3.7,0,0
Fred Hoiberg,2000,1.8,1.3,15.3,74.0,2.1,1.0,9.1,3.9,0,0
Lamond Murray,2000,0.5,1.5,13.9,78.0,2.7,1.8,12.8,3.0,0,0
Glen Rice,2000,1.4,2.9,13.7,75.0,2.4,1.3,12.0,3.3,0,0
Rodney Rogers,2000,1.4,3.7,14.6,82.0,3.0,1.9,12.2,3.2,0,0
Dale Davis,2000,1.2,2.8,15.1,81.0,1.9,0.8,7.2,4.6,0,0
Eric Piatkowski,2000,1.4,1.0,14.6,81.0,2.2,0.9,10.6,2.3,0,0
Scottie Pippen,2000,2.3,2.7,15.3,64.0,2.5,2.4,11.3,4.1,0,0
Vin Baker,2000,-1.2,1.2,13.0,76.0,4.2,2.1,12.2,3.3,0,0
Michael Olowokandi,2000,-1.9,2.2,10.0,82.0,1.9,2.1,8.5,4.4,0,0
Marcus Camby,2000,3.5,5.5,20.9,63.0,3.6,1.0,12.0,8.4,0,0
Anthony Peeler,2000,0.7,1.5,12.6,75.0,1.2,1.4,10.5,2.0,0,0
Kurt Thomas,2000,1.7,4.1,16.9,77.0,2.7,1.3,10.4,4.5,0,0
John Starks,2000,-0.3,1.5,9.3,75.0,1.5,1.3,9.3,1.7,0,0
Patrick Ewing,2000,-0.6,2.5,12.9,79.0,3.2,1.9,9.6,5.8,0,0
Larry Johnson,2000,1.0,3.1,11.2,65.0,2.0,1.5,9.9,4.2,0,0
Tim Thomas,2000,1.8,1.7,16.4,76.0,3.3,1.5,12.6,3.1,0,0
Lucious Harris,2000,0.7,1.2,12.9,73.0,1.9,0.9,9.4,3.0,0,0
Antonio Daniels,2000,1.9,2.4,15.5,79.0,2.0,1.4,9.4,1.7,0,0
Ruben Patterson,2000,2.1,1.7,19.3,76.0,4.8,2.0,13.0,2.6,0,0
Johnny Newman,2000,0.0,0.7,13.0,82.0,3.6,1.3,10.9,1.7,0,0
George McCloud,2000,0.5,0.6,12.9,76.0,2.4,1.5,9.6,2.2,0,0
Lindsey Hunter,2000,1.6,1.4,14.8,82.0,1.2,0.8,10.1,1.7,0,0
Shawn Bradley,2000,1.8,3.8,16.2,82.0,2.2,1.1,7.1,5.5,0,0
Bonzi Wells,2000,2.1,2.6,18.8,75.0,3.2,2.3,12.7,3.3,0,0
Lorenzen Wright,2000,0.1,2.0,15.7,71.0,3.0,1.8,12.4,5.0,0,0
Ervin Johnson,2000,0.6,2.5,11.2,82.0,1.1,0.6,3.2,5.0,0,0
Maurice Taylor,2000,0.0,1.4,14.9,69.0,2.3,1.8,13.0,3.9,0,0
LaPhonso Ellis,2000,0.4,2.3,16.0,82.0,2.6,1.3,9.4,3.6,0,0
Joe Smith,2000,0.1,2.5,14.6,69.0,4.2,1.3,12.3,4.8,0,0
Vitaly Potapenko,2000,-0.8,1.7,12.8,82.0,1.9,1.3,7.5,3.5,0,0
Al Harrington,2000,-0.7,2.2,10.2,78.0,2.0,1.9,7.5,3.4,0,0
Austin Croshere,2000,0.4,2.0,14.3,81.0,2.9,1.7,10.1,3.3,0,0
Chris Childs,2000,-0.3,2.3,9.0,77.0,0.9,2.0,4.7,2.3,0,0
Larry Hughes,2000,0.3,1.1,13.9,50.0,5.0,3.0,16.5,4.0,0,0
Brian Shaw,2000,0.5,1.4,10.9,80.0,0.8,1.2,5.3,3.2,0,0
Bryant Reeves,2000,-0.4,1.7,12.8,75.0,1.9,1.2,8.3,4.3,0,0
Kevin Willis,2000,-0.4,2.0,14.6,78.0,1.9,1.1,9.3,4.6,0,0
Kenny Thomas,2000,-0.1,1.7,11.2,74.0,1.7,1.6,7.1,4.0,0,0
Othella Harrington,2000,-0.6,1.7,12.0,74.0,3.0,2.0,9.0,3.4,0,0
Alan Henderson,2000,-0.5,1.4,14.0,73.0,3.7,1.7,10.5,3.1,0,0
Theo Ratliff,2000,1.6,3.5,16.3,50.0,4.3,2.5,12.4,5.8,0,0
Chauncey Billups,2000,0.7,0.9,14.1,77.0,2.2,1.4,9.3,1.6,0,0
Brent Barry,2000,2.4,1.2,16.6,67.0,1.5,1.3,8.8,2.7,0,0
Eric Williams,2000,-0.4,1.2,10.0,81.0,2.9,0.9,6.6,1.8,0,0
Eric Snow,2000,1.0,2.3,13.9,50.0,3.1,2.5,9.8,2.8,0,0
Keith Van Horn,2000,0.4,1.2,15.5,49.0,3.8,2.1,17.0,5.5,0,0
Keon Clark,2000,0.4,2.2,15.6,81.0,3.0,1.1,7.9,3.7,0,0
John Amaechi,2000,-1.7,1.4,8.7,82.0,3.4,1.5,7.9,2.3,0,0
Hubert Davis,2000,0.1,0.6,10.0,66.0,0.9,1.2,7.9,1.7,0,0
Jim Jackson,2000,-0.6,1.0,10.7,56.0,3.0,2.3,11.5,3.1,0,0
Danny Ferry,2000,0.8,2.0,10.1,80.0,0.4,0.6,5.6,2.1,0,0
Corliss Williamson,2000,0.4,1.6,15.1,69.0,3.4,1.6,11.6,3.1,0,0
Bob Sura,2000,-0.6,0.4,11.2,53.0,3.6,3.0,11.1,3.3,0,0
Terry Porter,2000,2.0,2.3,15.5,80.0,1.5,1.3,7.2,2.2,0,0
Chris Gatling,2000,0.0,1.6,15.6,74.0,3.1,1.6,11.4,3.9,0,0
Christian Laettner,2000,1.1,1.8,17.0,78.0,2.6,1.8,9.3,3.2,0,0
Scot Pollard,2000,0.7,2.9,15.0,77.0,2.2,0.9,6.5,3.8,0,0
Moochie Norris,2000,1.2,1.2,16.2,82.0,2.4,1.3,6.6,1.9,0,0
Bobby Jackson,2000,0.9,2.3,13.1,79.0,1.1,1.3,7.2,2.2,0,0
Anthony Carter,2000,0.0,2.5,11.3,72.0,1.4,1.7,6.4,1.9,0,0
Jacque Vaughn,2000,0.4,1.1,12.8,82.0,2.0,1.6,6.1,1.6,0,0
Olden Polynice,2000,-0.8,1.8,9.9,81.0,0.8,1.0,5.3,2.7,0,0
Matt Harpring,2000,0.3,0.8,13.3,56.0,2.9,1.6,11.1,2.7,0,0
Michael Smith,2000,0.9,1.6,14.0,79.0,1.9,0.8,3.8,4.9,0,0
Jahidi White,2000,-0.5,1.6,14.7,68.0,4.6,2.0,8.6,5.0,0,0
Toni Kukoč,2000,2.1,1.7,17.8,65.0,2.5,1.7,11.1,3.0,0,0
Robert Horry,2000,0.7,1.5,11.0,79.0,1.1,1.0,5.2,2.6,0,0
Walt Williams,2000,0.8,1.2,12.6,72.0,1.8,1.0,8.3,3.0,0,0
Pat Garrity,2000,-0.4,1.3,10.1,76.0,1.3,0.9,8.3,2.1,0,0
Felipe López,2000,0.4,1.0,12.5,70.0,2.2,1.2,7.9,2.6,0,0
Tyrone Nesby,2000,-0.6,0.5,8.9,62.0,1.7,1.0,8.3,2.0,0,0
Sean Rooks,2000,0.1,1.5,11.5,82.0,1.7,0.9,5.4,2.6,0,0
Hakeem Olajuwon,2000,1.9,2.6,20.7,58.0,3.4,1.4,11.9,5.3,0,0
Chris Whitney,2000,0.4,0.2,13.2,59.0,1.9,1.7,9.5,1.6,0,0
Grant Long,2000,0.3,1.4,11.4,66.0,2.4,0.9,6.0,3.0,0,0
Mario Elie,2000,0.7,2.0,9.3,68.0,1.0,0.9,4.4,1.7,0,0
Vonteego Cummings,2000,-0.5,0.4,10.4,66.0,1.8,1.4,7.3,1.4,0,0
Charlie Ward,2000,1.5,2.4,14.5,61.0,1.1,1.8,7.1,2.1,0,0
Greg Ostertag,2000,0.4,2.3,13.3,81.0,1.9,0.8,4.5,3.1,0,0
Michael Curry,2000,-0.9,0.9,7.5,68.0,1.1,0.9,5.2,1.5,0,0
Jason Caffey,2000,-0.1,1.2,13.7,70.0,3.0,1.1,7.1,3.1,0,0
Adonal Foyle,2000,-0.3,1.5,12.4,58.0,1.2,1.4,5.9,4.3,0,0
Brevin Knight,2000,0.2,1.6,12.5,53.0,1.2,1.7,6.3,2.7,0,0
Brad Miller,2000,0.3,1.1,16.4,57.0,4.0,1.3,8.9,4.8,0,0
Damon Jones,2000,0.6,0.4,13.0,71.0,0.7,1.1,6.5,1.5,0,0
A.C. Green,2000,-0.1,2.1,11.2,82.0,1.4,0.5,4.5,2.5,0,0
Matt Maloney,2000,0.4,0.8,10.4,55.0,0.6,1.3,6.7,1.9,0,0
Michael Doleac,2000,-0.8,1.7,9.9,77.0,0.8,0.8,6.4,2.6,0,0
Rod Strickland,2000,0.9,0.5,16.1,54.0,3.2,2.0,9.2,1.9,0,0
Corey Maggette,2000,0.7,1.1,18.2,69.0,4.2,1.5,10.0,2.9,0,0
Evan Eschmeyer,2000,-0.2,1.5,10.8,74.0,1.4,0.7,3.4,3.1,0,0
Dan Majerle,2000,0.8,2.1,9.4,53.0,0.8,0.7,5.0,2.8,0,0
Danny Manning,2000,0.3,1.4,14.3,82.0,1.7,1.2,7.4,1.8,0,0
Bryce Drew,2000,-1.0,-0.1,7.9,48.0,0.4,1.4,6.3,1.2,0,0
Corie Blount,2000,-0.5,1.2,11.8,68.0,1.2,1.1,4.6,3.2,0,0
Arvydas Sabonis,2000,1.1,2.3,18.4,61.0,2.6,1.4,10.1,4.6,0,0
Emanual Davis,2000,0.5,0.9,11.8,62.0,0.9,1.2,5.8,2.0,0,0
Avery Johnson,2000,0.3,1.3,11.5,55.0,1.1,1.1,5.6,1.2,0,0
Scott Williams,2000,0.0,1.7,14.2,66.0,1.1,0.6,6.1,4.0,0,0
Robert Pack,2000,0.1,0.7,14.8,74.0,1.9,1.8,6.5,1.4,0,0
Shammond Williams,2000,0.9,0.3,15.4,69.0,1.4,1.2,6.8,1.4,0,0
Randy Brown,2000,-0.3,1.0,8.2,54.0,0.7,1.0,4.1,1.4,0,0
Rasho Nesterović,2000,-0.5,1.3,10.4,73.0,0.9,0.8,4.5,2.6,0,0
Sean Elliott,2000,1.2,1.7,12.4,52.0,1.6,1.0,7.9,2.9,0,0
Malik Rose,2000,0.8,2.6,14.8,57.0,2.8,1.3,7.7,3.7,0,0
Mitch Richmond,2000,0.5,0.2,14.9,37.0,4.3,2.3,16.2,2.5,0,0
Robert Traylor,2000,0.1,1.5,14.1,70.0,2.0,1.4,5.7,2.5,0,0
Monty Williams,2000,-0.5,1.2,11.0,82.0,1.6,1.0,5.0,1.9,0,0
Isaiah Rider,2000,-0.4,0.5,11.8,67.0,1.2,1.5,7.6,1.7,0,0
Eddie Robinson,2000,1.4,1.8,17.9,67.0,1.3,0.6,7.4,2.1,0,0
Stacey Augmon,2000,0.7,1.2,12.3,66.0,1.3,0.7,4.7,1.5,0,0
Jerome Williams,2000,0.6,2.0,15.7,59.0,2.3,1.1,6.3,4.2,0,0
Tom Gugliotta,2000,0.0,2.0,11.1,57.0,1.4,0.9,6.4,3.1,0,0
Mikki Moore,2000,-0.2,1.6,12.9,81.0,1.6,0.9,4.4,2.4,0,0
Jeff Foster,2000,0.0,1.9,12.5,71.0,1.3,0.7,3.5,3.5,0,0
Jelani McCoy,2000,-0.3,0.8,11.1,70.0,1.3,1.1,4.5,2.3,0,0
Milt Palacio,2000,-0.1,0.7,12.3,58.0,1.6,1.4,5.9,1.3,0,0
Ron Harper,2000,0.6,0.8,12.5,47.0,1.0,1.3,6.5,2.6,0,0
Trajan Langdon,2000,0.3,0.5,11.8,65.0,1.2,0.8,6.0,1.2,0,0
Sherman Douglas,2000,-0.5,0.3,9.9,59.0,1.9,1.3,5.7,0.9,0,0
Shawn Kemp,2000,-0.7,1.7,11.4,68.0,1.9,1.5,6.5,2.9,0,0
Dana Barros,2000,0.5,0.8,14.3,60.0,1.3,1.0,8.0,1.5,0,0
Cherokee Parks,2000,0.2,1.0,12.6,65.0,0.7,0.6,4.6,2.4,0,0
Erick Dampier,2000,-0.8,0.6,10.0,43.0,2.9,1.9,7.4,3.6,0,0
Jon Barry,2000,0.5,0.9,12.4,62.0,1.2,0.9,5.1,1.3,0,0
Troy Hudson,2000,-0.6,0.8,10.2,75.0,1.4,1.2,4.8,0.9,0,0
Matt Bullard,2000,0.9,0.4,13.0,61.0,0.2,0.2,5.8,1.8,0,0
Sam Perkins,2000,0.8,1.2,11.1,64.0,0.6,0.3,3.8,2.1,0,0
Derrick McKey,2000,0.3,1.3,8.3,66.0,0.4,0.7,2.2,1.9,0,0
Sam Mitchell,2000,-0.6,0.6,8.2,82.0,0.7,0.4,3.5,1.2,0,0
Samaki Walker,2000,-0.1,1.7,12.2,61.0,2.0,1.1,5.3,2.9,0,0
Cedric Henderson,2000,-0.7,0.5,6.2,55.0,0.8,1.1,4.3,1.3,0,0
Wesley Person,2000,0.2,0.6,11.6,44.0,0.7,0.9,7.1,2.7,0,0
Dell Curry,2000,0.6,0.5,14.4,71.0,0.7,0.5,6.0,1.0,0,0
Mark Pope,2000,-0.2,0.5,7.2,63.0,0.6,0.3,2.4,1.4,0,0
Calvin Booth,2000,0.6,1.4,16.1,55.0,1.4,1.0,5.3,3.1,0,0
Dion Glover,2000,0.0,0.9,12.3,57.0,1.2,0.9,5.9,1.6,0,0
Kevin Ollie,2000,0.0,0.9,10.3,70.0,1.3,0.7,3.1,1.1,0,0
Roshown McLeod,2000,-0.3,0.5,10.5,35.0,1.5,1.7,9.6,2.3,0,0
Vinny Del Negro,2000,0.0,0.6,11.3,65.0,0.7,0.5,3.9,1.1,0,0
Nazr Mohammed,2000,0.1,1.4,19.2,58.0,2.2,1.1,7.6,3.3,0,0
Andrew DeClercq,2000,0.0,1.4,12.8,67.0,1.2,0.8,3.9,2.2,0,0
Chris Crawford,2000,-0.6,0.5,9.5,47.0,1.8,1.3,6.8,1.7,0,0
Kendall Gill,2000,-0.2,0.8,10.1,31.0,2.9,1.5,9.1,3.2,0,0
Michael Ruffin,2000,-0.3,0.9,10.1,45.0,1.7,1.0,2.6,3.6,0,0
Jumaine Jones,2000,0.5,1.4,14.2,65.0,0.8,0.6,4.7,1.9,0,0
Corey Benjamin,2000,-0.7,0.3,8.8,65.0,1.3,1.0,4.7,1.0,0,0
Greg Anthony,2000,0.5,0.7,12.0,58.0,0.6,0.7,4.9,0.7,0,0
Kenny Anderson,2000,0.0,0.7,12.2,33.0,2.2,1.6,7.5,1.7,0,0
Isaac Austin,2000,-0.5,0.9,8.3,52.0,0.8,1.0,4.3,3.3,0,0
Tony Battie,2000,0.3,1.3,15.2,40.0,1.7,0.9,6.5,4.0,0,0
Adam Keefe,2000,-0.5,0.5,9.7,67.0,0.9,0.6,2.5,1.8,0,0
Dean Garrett,2000,0.3,1.2,12.5,70.0,0.6,0.4,2.5,2.2,0,0
Erick Strickland,2000,0.1,1.2,10.7,50.0,1.6,1.0,5.2,2.2,0,0
Tony Massenburg,2000,-0.8,0.6,9.6,52.0,1.3,0.9,4.5,2.6,0,0
Greg Buckner,2000,0.3,0.9,12.1,37.0,2.2,0.7,6.2,2.6,0,0
Bimbo Coles,2000,-0.6,0.3,9.3,47.0,1.2,1.3,4.9,0.8,0,0
Billy Owens,2000,0.0,1.1,10.5,45.0,0.9,0.9,4.4,2.7,0,0
Žan Tabak,2000,-0.4,1.0,10.5,55.0,0.9,1.0,3.9,2.7,0,0
Don Reid,2000,-0.2,1.4,13.1,65.0,1.2,0.7,3.2,2.4,0,0
Jud Buechler,2000,0.2,0.7,9.9,57.0,0.2,0.4,3.4,1.3,0,0
Mark Strickland,2000,-0.2,0.5,11.9,55.0,1.3,0.6,4.6,1.9,0,0
Derek Fisher,2000,0.4,0.5,14.0,20.0,3.1,1.5,11.5,2.7,0,0
Gerard King,2000,-0.2,0.2,10.1,45.0,1.0,1.0,4.8,2.0,0,0
Lawrence Funderburke,2000,0.0,0.9,16.1,59.0,1.3,0.5,4.9,2.1,0,0
Ryan Bowen,2000,0.4,0.4,13.3,57.0,0.8,0.4,3.4,0.9,0,0
Reggie Slater,2000,-0.3,0.7,14.1,55.0,2.0,0.8,4.6,2.0,0,0
Derrick Coleman,2000,0.2,1.1,13.8,34.0,2.7,1.2,8.1,4.1,0,0
Hersey Hawkins,2000,0.8,1.0,14.3,59.0,1.1,0.3,3.1,1.1,0,0
Vernon Maxwell,2000,-0.2,0.7,6.7,43.0,0.7,0.8,4.7,1.4,0,0
Steve Kerr,2000,0.3,0.6,10.6,55.0,0.3,0.4,3.3,0.5,0,0
Eric Montross,2000,-0.8,0.9,5.4,54.0,0.6,0.8,2.2,2.2,0,0
Otis Thorpe,2000,-0.5,0.8,7.6,49.0,0.5,0.7,2.8,1.9,0,0
Popeye Jones,2000,-0.2,0.5,13.1,45.0,1.2,0.5,3.6,3.0,0,0
Kevin Edwards,2000,-0.2,0.5,8.3,46.0,1.2,0.8,3.5,1.3,0,0
Larry Robinson,2000,0.5,0.5,11.8,34.0,0.7,0.7,5.9,1.9,0,0
Kelvin Cato,2000,0.1,0.7,13.0,35.0,1.6,0.7,4.7,2.7,0,0
Zydrunas Ilgauskas,2000,0.0,0.7,16.0,24.0,3.3,2.5,11.7,4.0,0,0
Chris Dudley,2000,-0.3,1.2,7.2,53.0,0.7,0.5,1.4,2.2,0,0
Laron Profit,2000,0.2,0.4,11.7,35.0,1.3,1.3,4.3,1.3,0,0
Todd MacCulloch,2000,0.3,0.9,18.3,63.0,1.0,0.4,4.1,1.6,0,0
Devean George,2000,-0.8,0.4,6.2,59.0,0.9,0.6,3.1,1.3,0,0
Tracy Murray,2000,-0.1,0.3,11.4,51.0,0.8,0.5,5.0,1.2,0,0
Brian Skinner,2000,-0.3,0.6,10.4,39.0,1.5,0.8,4.1,2.9,0,0
Jonathan Bender,2000,-0.4,0.5,7.6,59.0,1.2,0.7,3.3,1.0,0,0
Rodney Buford,2000,-0.1,0.7,11.3,47.0,0.6,0.6,5.3,1.2,0,0
Cedric Ceballos,2000,0.2,0.8,15.4,40.0,1.1,0.8,6.5,1.8,0,0
Loy Vaught,2000,0.0,0.8,13.3,51.0,0.2,0.5,3.3,2.4,0,0
Carlos Rogers,2000,0.6,0.5,18.1,39.0,1.3,0.4,4.6,2.3,0,0
Matt Geiger,2000,-0.3,0.8,11.5,35.0,1.5,0.7,6.1,2.5,0,0
Darvin Ham,2000,-0.1,0.5,10.1,29.0,1.7,1.1,3.8,2.2,0,0
John Wallace,2000,-0.2,0.6,11.2,40.0,1.1,0.9,5.9,1.5,0,0
Anthony Johnson,2000,-0.3,0.3,8.1,53.0,0.6,0.6,2.5,0.6,0,0
Elliot Perry,2000,0.1,0.7,11.6,49.0,0.4,0.8,3.0,0.8,0,0
Chris Mills,2000,-0.3,0.1,9.6,15.0,2.4,1.3,12.0,4.6,0,0
Derek Strong,2000,-0.1,0.4,8.8,28.0,1.3,0.8,4.2,2.6,0,0
Mahmoud Abdul-Rauf,2000,0.1,0.0,16.7,41.0,0.7,0.6,6.5,0.5,0,0
Walter McCarty,2000,-0.1,0.4,9.2,60.0,0.5,0.3,2.2,1.0,0,0
Doug Overton,2000,-0.4,0.1,7.5,21.0,0.8,1.5,6.0,1.7,0,0
Tyronn Lue,2000,-0.2,0.2,8.7,38.0,0.6,0.7,3.4,0.7,0,0
William Avery,2000,-0.3,0.2,9.0,55.0,0.7,0.8,2.8,0.4,0,0
Greg Foster,2000,-0.3,0.4,9.5,62.0,0.2,0.4,2.0,1.3,0,0
David Benoit,2000,-0.2,0.4,11.1,49.0,0.8,0.6,3.6,1.2,0,0
Tariq Abdul-Wahad,2000,-0.4,0.3,5.8,29.0,1.2,1.2,3.8,1.6,0,0
Chris Herren,2000,-0.3,0.2,6.1,25.0,0.5,0.8,3.3,0.7,0,0
Eldridge Recasner,2000,-0.3,0.4,6.2,43.0,0.4,0.6,2.4,0.9,0,0
Quincy Lewis,2000,-0.3,0.3,7.1,35.0,0.6,0.5,3.5,0.9,0,0
Detlef Schrempf,2000,-0.1,0.4,9.8,26.0,1.0,1.1,4.0,2.3,0,0
Duane Causwell,2000,-0.5,0.7,4.8,31.0,0.8,0.7,2.5,1.9,0,0
Adrian Griffin,2000,0.0,0.5,10.5,44.0,0.5,0.4,2.1,1.4,0,0
Cal Bowdler,2000,0.1,0.4,15.8,44.0,0.9,0.3,3.2,1.1,0,0
Chris Mullin,2000,0.0,0.2,10.0,20.0,1.4,1.0,5.8,1.6,0,0
Todd Day,2000,0.0,0.2,10.1,31.0,0.7,0.8,4.3,0.9,0,0
Chucky Brown,2000,-0.1,0.2,9.7,26.0,1.3,0.3,3.9,1.8,0,0
Gary Trent,2000,-0.2,0.5,13.8,33.0,1.1,0.7,4.0,1.6,0,0
Chris Carr,2000,0.1,0.2,16.3,35.0,1.7,0.5,4.8,0.9,0,0
Alonzo Mourning,2000,0.4,0.7,24.6,13.0,4.2,2.2,13.6,5.1,0,0
Luc Longley,2000,-0.3,0.5,3.7,25.0,0.7,0.9,2.0,1.6,0,0
Rafer Alston,2000,0.0,0.2,12.1,37.0,0.4,0.5,2.1,0.7,0,0
Obinna Ekezie,2000,-0.2,0.1,12.4,33.0,1.6,0.4,3.1,1.4,0,0
Vladimir Stepania,2000,-0.2,0.4,12.2,29.0,1.2,0.7,2.8,2.6,0,0
John Crotty,2000,-0.2,0.1,7.2,31.0,0.6,0.6,2.1,0.5,0,0
Tyus Edney,2000,0.1,0.3,16.6,24.0,1.6,1.0,4.4,0.8,0,0
Travis Knight,2000,-0.4,0.5,0.9,45.0,0.4,0.2,0.6,0.8,0,0
Jerome Kersey,2000,0.1,0.3,12.9,22.0,0.7,0.3,3.3,1.7,0,0
Terry Davis,2000,-0.2,0.0,6.7,19.0,1.2,0.3,1.7,1.5,0,0
Cory Alexander,2000,-0.2,0.3,6.3,26.0,0.7,1.0,2.0,1.0,0,0
Kornél Dávid,2000,0.0,0.2,12.0,27.0,0.5,0.4,2.3,1.4,0,0
Rick Brunson,2000,-0.2,0.2,6.3,22.0,0.7,0.8,2.1,0.7,0,0
Derrick Dial,2000,0.0,0.3,14.3,33.0,0.6,0.4,2.6,0.8,0,0
Danny Fortson,2000,0.2,0.2,24.4,6.0,9.0,1.7,16.7,11.5,0,0
Anthony Goldwire,2000,0.0,0.1,12.6,20.0,0.9,0.8,4.1,0.6,0,0
Tim James,2000,-0.2,0.2,5.8,30.0,0.5,0.3,1.5,0.7,0,0
Jim McIlvaine,2000,-0.1,0.2,6.2,18.0,0.7,0.5,1.6,1.5,0,0
Bill Curley,2000,-0.2,0.1,10.5,20.0,1.0,0.8,3.2,0.8,0,0
Darrick Martin,2000,0.0,0.2,17.0,31.0,1.1,0.3,3.3,0.5,0,0
Doug West,2000,-0.1,0.0,4.2,15.0,0.5,0.3,1.9,0.7,0,0
Nick Anderson,2000,-0.1,0.3,6.4,21.0,0.0,0.3,1.8,1.0,0,0
Dee Brown,2000,0.0,0.1,9.0,7.0,0.7,1.0,6.9,1.6,0,0
Calbert Cheaney,2000,-0.1,0.1,4.1,9.0,0.2,0.6,2.3,1.7,0,0
Earl Boykins,2000,0.1,0.1,17.2,10.0,1.7,0.9,6.5,0.7,0,0
Chris Garner,2000,-0.4,0.0,1.0,8.0,0.8,1.1,2.4,1.3,0,0
Jamie Feick,2000,0.0,0.3,10.2,6.0,2.0,1.2,3.7,7.3,0,0
Shawnelle Scott,2000,-0.1,0.3,12.0,27.0,0.8,0.4,1.6,1.0,0,0
Grant Hill,2000,0.2,0.2,18.1,4.0,6.5,2.8,13.8,4.3,0,0
Scott Padgett,2000,0.0,0.2,17.6,27.0,0.7,0.4,2.1,0.7,0,0
Michael Stewart,2000,-0.1,0.1,8.7,26.0,0.7,0.2,1.3,0.5,0,0
Bruno Šundov,2000,-0.1,0.1,11.0,11.0,0.5,0.3,3.9,1.7,0,0
Tyrone Corbin,2000,-0.3,0.1,-2.2,15.0,0.3,0.2,1.3,0.7,0,0
Jaren Jackson,2000,0.0,0.2,10.4,16.0,0.1,0.2,2.4,0.7,0,0
Felton Spencer,2000,-0.1,0.2,13.5,18.0,1.4,0.6,2.2,1.1,0,0
Terry Mills,2000,-0.2,0.1,1.1,14.0,0.0,0.7,1.8,1.2,0,0
Anfernee Hardaway,2000,0.1,0.2,16.6,4.0,2.8,0.8,9.8,3.3,0,0
Mark Bryant,2000,-0.2,0.1,2.1,18.0,0.3,0.3,1.1,0.9,0,0
Tony Smith,2000,-0.1,0.1,3.8,6.0,0.3,1.5,2.8,0.2,0,0
Todd Fuller,2000,-0.1,0.1,9.3,10.0,0.8,0.3,2.8,1.1,0,0
Michael Hawkins,2000,-0.1,0.0,3.7,10.0,0.0,0.6,0.8,0.3,0,0
Don MacLean,2000,0.1,0.2,16.3,8.0,1.5,1.3,3.9,1.4,0,0
Antonio Harvey,2000,0.0,0.1,17.0,12.0,0.5,0.3,2.6,0.8,0,0
Ricky Davis,2000,0.1,0.1,18.9,7.0,1.1,0.7,4.6,0.9,0,0
Sam Jacobson,2000,0.0,0.0,10.7,14.0,0.2,0.0,1.4,0.2,0,0
Will Perdue,2000,0.1,0.1,18.5,13.0,0.3,0.0,1.1,0.9,0,0
Jamel Thomas,2000,-0.1,0.0,0.8,5.0,0.0,1.2,2.6,1.0,0,0
James Robinson,2000,-0.1,0.1,5.1,6.0,0.0,0.7,1.7,1.3,0,0
Scott Burrell,2000,0.0,0.1,12.8,4.0,1.0,0.0,4.3,0.5,0,0
Pervis Ellison,2000,-0.1,0.0,2.4,9.0,0.2,0.3,0.7,1.1,0,0
J.R. Reid,2000,0.0,0.0,15.7,6.0,1.3,0.2,1.7,0.5,0,0
Muggsy Bogues,2000,0.0,0.0,-0.5,3.0,0.0,1.3,0.0,1.0,0,0
John Coker,2000,-0.1,0.0,-2.8,6.0,0.0,0.3,0.3,0.3,0,0
Tom Hammonds,2000,-0.1,0.0,-4.9,7.0,0.3,0.4,1.0,0.3,0,0
Brent Price,2000,0.0,0.0,9.4,6.0,1.2,0.7,2.2,0.5,0,0
Etdrick Bohannon,2000,0.0,0.0,22.4,6.0,0.7,0.2,1.3,0.7,0,0
Ira Bowman,2000,0.0,0.0,9.2,3.0,0.0,0.3,0.0,0.3,0,0
Gary Grant,2000,0.0,0.0,22.8,4.0,0.0,0.0,2.5,0.0,0,0
Anthony Miller,2000,0.0,0.0,0.9,4.0,0.0,0.3,0.5,0.5,0,0
David Wingate,2000,0.0,0.0,35.8,1.0,0.0,0.0,6.0,0.0,0,0
Lari Ketner,2000,0.0,0.0,-10.6,3.0,0.0,0.7,0.0,0.0,0,0
Randy Livingston,2000,0.0,0.0,-3.7,2.0,0.0,0.0,0.0,0.5,0,0
Antoine Walker,2001,3.6,5.2,17.1,81.0,4.0,3.1,22.1,7.0,0,0
Tim Duncan,2001,8.0,7.1,27.0,82.0,8.5,3.2,25.5,9.4,1,1
Latrell Sprewell,2001,0.9,1.7,13.7,81.0,4.3,2.8,19.4,3.0,0,0
Baron Davis,2001,4.8,3.8,18.2,82.0,4.1,3.0,18.1,3.1,0,0
Paul Pierce,2001,6.6,5.6,22.3,82.0,7.8,2.9,26.1,5.9,1,3
Gary Payton,2001,5.9,2.5,22.9,82.0,4.1,2.5,22.1,3.9,1,2
Stephon Marbury,2001,2.6,1.7,18.1,82.0,5.5,3.5,20.4,2.3,0,0
Kevin Garnett,2001,7.1,4.9,23.8,81.0,5.5,2.8,21.2,9.1,1,2
Eddie Jones,2001,4.6,5.0,17.5,81.0,4.4,1.8,18.3,3.9,0,0
Jalen Rose,2001,1.9,2.1,16.8,83.0,4.0,2.4,20.4,4.0,0,0
Anthony Mason,2001,1.1,2.0,12.9,82.0,2.7,1.6,9.6,6.4,0,0
Wally Szczerbiak,2001,2.7,1.7,17.1,82.0,3.3,2.2,18.7,3.3,0,0
Cuttino Mobley,2001,1.8,1.1,16.7,74.0,4.2,2.4,21.7,3.2,0,0
Shawn Marion,2001,4.0,5.1,19.8,81.0,2.8,1.8,19.1,7.3,0,0
Kobe Bryant,2001,5.2,3.8,23.2,80.0,7.4,2.8,25.2,4.1,1,1
Jason Kidd,2001,5.0,5.8,19.1,82.0,3.0,3.5,14.7,5.7,1,1
Brent Barry,2001,5.8,3.3,19.3,81.0,2.9,2.0,14.4,4.7,0,0
Karl Malone,2001,4.4,4.3,21.1,80.0,8.0,3.3,22.4,6.8,0,0
Antawn Jamison,2001,1.7,0.8,17.1,82.0,5.4,2.0,19.7,4.2,0,0
Jeff McInnis,2001,0.3,0.8,13.8,81.0,2.7,1.8,14.6,2.1,0,0
Andre Miller,2001,4.5,1.5,21.8,81.0,5.5,3.0,16.5,3.3,0,0
Elton Brand,2001,4.8,3.7,23.6,80.0,6.6,2.2,18.2,6.6,0,0
Shareef Abdur-Rahim,2001,2.8,3.1,19.8,77.0,6.8,3.2,21.2,6.5,0,0
Antonio Davis,2001,0.8,3.6,14.8,77.0,4.6,2.1,14.5,6.3,0,0
Jason Terry,2001,3.9,2.1,19.2,78.0,4.4,2.3,19.3,2.9,0,0
Rasheed Wallace,2001,3.7,4.1,19.3,79.0,3.5,1.7,19.3,6.4,0,0
Alvin Williams,2001,1.7,3.1,13.8,82.0,1.7,1.8,11.8,2.7,0,0
Ben Wallace,2001,4.8,7.2,18.6,80.0,2.9,0.9,7.6,9.0,1,3
Allan Houston,2001,1.4,1.1,15.2,77.0,4.4,2.2,20.4,2.8,0,0
Tracy McGrady,2001,6.4,3.4,25.1,76.0,7.3,2.5,25.6,5.9,1,1
Dikembe Mutombo,2001,2.0,5.5,16.0,80.0,4.6,2.0,11.5,7.6,1,3
Dirk Nowitzki,2001,5.5,3.1,24.1,76.0,6.8,1.9,23.4,8.4,1,2
Reggie Miller,2001,3.3,1.9,16.5,79.0,4.1,1.5,16.5,2.5,0,0
Clifford Robinson,2001,1.1,3.5,13.5,80.0,2.6,1.9,14.6,3.8,0,0
Steve Nash,2001,3.6,0.3,20.7,82.0,3.6,2.8,17.9,2.5,1,3
Doug Christie,2001,3.1,4.2,15.2,81.0,3.0,2.0,12.0,3.7,0,0
Damon Stoudamire,2001,1.7,1.7,14.7,75.0,2.6,2.0,13.5,2.9,0,0
Wesley Person,2001,2.7,0.8,16.3,78.0,1.6,0.9,15.1,3.1,0,0
Kurt Thomas,2001,0.7,3.4,15.8,82.0,3.2,1.9,13.9,6.5,0,0
Michael Finley,2001,2.1,1.0,17.6,69.0,3.6,1.7,20.6,3.9,0,0
Darrell Armstrong,2001,3.0,2.6,16.7,82.0,2.5,2.1,12.4,2.9,0,0
Jermaine O'Neal,2001,1.5,4.1,18.1,72.0,5.7,2.4,19.0,7.9,1,3
Jerry Stackhouse,2001,2.4,2.6,19.0,76.0,7.6,3.5,21.4,3.1,0,0
Mike Bibby,2001,1.6,2.6,14.9,80.0,2.4,1.7,13.7,2.3,0,0
Peja Stojaković,2001,3.3,3.0,19.3,71.0,4.5,2.0,21.2,4.2,0,0
Juwan Howard,2001,0.5,1.5,15.8,81.0,4.2,1.9,14.6,4.8,0,0
Allen Iverson,2001,4.5,4.3,21.9,60.0,9.8,4.0,31.4,3.8,1,2
Sam Cassell,2001,2.9,1.4,21.3,74.0,4.4,2.4,19.7,3.5,0,0
Kerry Kittles,2001,3.0,3.9,16.1,82.0,2.1,1.3,13.4,2.5,0,0
Rashard Lewis,2001,3.2,2.7,18.5,71.0,2.8,1.4,16.8,5.1,0,0
Michael Olowokandi,2001,-0.5,3.5,12.4,80.0,2.4,2.2,11.1,6.8,0,0
John Stockton,2001,4.8,2.6,21.9,82.0,3.9,2.5,13.4,2.5,0,0
P.J. Brown,2001,1.5,3.6,15.1,80.0,2.5,1.1,8.4,6.4,0,0
Matt Harpring,2001,0.8,3.6,14.1,81.0,2.7,1.6,11.8,4.6,0,0
Ray Allen,2001,4.4,1.3,21.6,69.0,3.6,2.3,21.8,3.3,0,0
Kenyon Martin,2001,1.5,4.2,14.5,73.0,3.7,2.4,14.9,3.8,0,0
Nick Van Exel,2001,2.4,0.4,17.8,72.0,3.5,2.2,18.4,3.1,0,0
David Wesley,2001,0.0,1.5,11.3,67.0,2.8,1.8,14.2,1.5,0,0
Kenny Thomas,2001,1.3,1.9,16.4,72.0,4.7,2.0,14.1,5.0,0,0
Keith Van Horn,2001,1.8,4.3,16.0,81.0,2.4,1.8,14.8,5.8,0,0
Anfernee Hardaway,2001,1.0,2.8,13.9,80.0,2.4,2.4,12.0,3.2,0,0
Alonzo Mourning,2001,2.0,4.8,18.9,75.0,5.7,2.4,15.7,6.0,0,0
Raef LaFrentz,2001,2.3,2.7,17.9,78.0,1.9,1.2,13.5,5.2,0,0
Dale Davis,2001,1.9,3.1,16.6,78.0,2.7,0.8,9.5,5.5,0,0
Kenny Anderson,2001,1.0,3.5,13.6,76.0,1.7,1.6,9.6,2.9,0,0
Shaquille O'Neal,2001,6.1,4.0,29.7,67.0,10.7,2.6,27.2,7.2,1,1
Vlade Divac,2001,2.9,4.2,17.0,80.0,4.3,2.0,11.1,5.8,0,0
Desmond Mason,2001,0.2,1.6,13.4,75.0,3.2,1.4,12.4,3.5,0,0
Pat Garrity,2001,0.9,1.7,12.3,80.0,0.9,0.9,11.1,3.3,0,0
Vince Carter,2001,3.9,2.4,20.5,60.0,5.1,2.6,24.7,2.9,0,0
Mark Jackson,2001,2.1,1.7,16.3,82.0,1.3,1.8,8.4,3.1,0,0
Chauncey Billups,2001,2.7,1.5,17.6,82.0,2.9,1.7,12.5,2.3,0,0
Bonzi Wells,2001,2.3,3.0,18.4,74.0,3.9,2.6,17.0,4.4,0,0
Glenn Robinson,2001,1.4,2.1,19.1,66.0,4.3,2.6,20.7,5.1,0,0
Steve Francis,2001,2.1,1.2,19.1,57.0,7.4,3.9,21.6,5.2,0,0
Lamond Murray,2001,1.5,1.3,16.7,71.0,3.7,2.0,16.6,4.1,0,0
David Robinson,2001,3.4,5.1,20.3,78.0,5.1,1.3,12.2,5.8,0,0
Rod Strickland,2001,1.6,3.0,15.6,76.0,2.6,2.1,10.4,2.4,0,0
Rick Fox,2001,0.7,2.8,11.3,82.0,1.0,1.6,7.9,3.6,0,0
Chucky Atkins,2001,1.3,1.8,14.5,79.0,1.5,1.6,12.1,1.6,0,0
Brad Miller,2001,2.5,2.3,20.1,76.0,5.0,1.5,13.6,4.9,0,0
Brian Grant,2001,0.5,3.7,12.7,72.0,1.7,1.7,9.3,5.7,0,0
Moochie Norris,2001,-0.2,0.7,13.1,82.0,2.1,1.9,8.1,2.1,0,0
James Posey,2001,0.7,2.2,12.9,73.0,2.8,1.7,10.7,4.4,0,0
Jason Williams,2001,1.1,1.5,15.1,65.0,1.6,3.3,14.8,2.7,0,0
Darius Miles,2001,1.5,2.6,14.4,82.0,3.1,2.0,9.5,4.2,0,0
Eric Snow,2001,1.3,2.9,14.7,61.0,3.7,2.3,12.1,3.0,0,0
Rasho Nesterović,2001,0.2,2.5,12.9,82.0,0.9,1.1,8.4,4.1,0,0
Danny Fortson,2001,0.0,2.1,15.9,77.0,4.0,2.1,11.2,7.9,0,0
Steve Smith,2001,1.6,2.4,13.9,77.0,2.4,1.4,11.6,1.9,0,0
Horace Grant,2001,1.1,2.0,13.9,76.0,1.5,0.7,8.0,4.2,0,0
Richard Hamilton,2001,0.6,0.6,16.9,63.0,5.3,2.1,20.0,2.3,0,0
Keon Clark,2001,0.7,3.6,16.7,81.0,2.8,1.7,11.3,5.2,0,0
Antonio Daniels,2001,1.3,2.3,13.4,82.0,2.6,0.9,9.2,1.9,0,0
Chris Whitney,2001,2.0,1.1,15.6,82.0,2.1,1.0,10.2,1.7,0,0
Nazr Mohammed,2001,-1.0,2.4,14.0,82.0,2.7,1.4,9.7,5.0,0,0
Elden Campbell,2001,2.2,3.5,19.5,77.0,5.0,1.8,13.9,5.2,0,0
Quentin Richardson,2001,2.3,1.6,17.4,81.0,2.3,1.3,13.3,2.7,0,0
Jumaine Jones,2001,0.7,1.8,13.2,81.0,0.8,1.0,8.3,4.5,0,0
Robert Horry,2001,3.0,3.6,14.5,81.0,1.7,1.1,6.8,4.3,0,0
Mike Miller,2001,1.2,1.3,15.0,63.0,2.9,1.7,15.2,3.6,0,0
Michael Jordan,2001,2.7,2.1,20.7,60.0,5.6,2.7,22.9,4.8,0,0
Derrick Coleman,2001,1.5,3.2,16.2,58.0,3.9,2.1,15.1,5.9,0,0
Chris Webber,2001,3.9,3.9,24.4,54.0,6.3,2.9,24.5,7.3,1,2
Anthony Peeler,2001,1.0,1.3,12.2,82.0,0.7,0.9,9.0,2.1,0,0
Larry Hughes,2001,1.2,1.1,15.4,73.0,3.5,2.3,12.3,2.2,0,0
Bryon Russell,2001,-0.3,1.6,9.8,66.0,2.1,1.7,9.6,3.3,0,0
Scottie Pippen,2001,1.9,2.6,14.9,62.0,2.4,2.8,10.6,3.9,0,0
Morris Peterson,2001,1.4,1.7,15.3,63.0,2.7,1.4,14.0,2.1,0,0
Tim Thomas,2001,-0.1,1.3,13.1,74.0,2.4,1.7,11.7,3.2,0,0
Jon Barry,2001,3.0,2.5,17.7,82.0,1.4,1.4,9.0,2.3,0,0
Derek Fisher,2001,1.5,1.8,14.0,70.0,1.6,0.9,11.2,1.9,0,0
Hedo Türkoğlu,2001,1.4,2.7,14.2,80.0,2.9,1.0,10.1,3.8,0,0
Marcus Fizer,2001,-0.5,1.3,14.2,76.0,3.7,1.7,12.3,3.9,0,0
Ricky Davis,2001,0.5,0.8,15.9,82.0,3.0,1.8,11.7,2.2,0,0
Bo Outlaw,2001,1.2,2.4,11.4,83.0,1.2,1.2,4.5,2.6,0,0
Joe Smith,2001,0.9,2.0,16.0,72.0,2.9,1.2,10.7,4.2,0,0
Popeye Jones,2001,0.4,1.9,14.4,79.0,1.6,1.1,7.0,4.4,0,0
Kelvin Cato,2001,0.6,1.7,15.0,75.0,2.6,0.7,6.6,4.7,0,0
Michael Curry,2001,-0.9,1.6,6.2,82.0,1.1,0.7,4.0,1.9,0,0
Lee Nailon,2001,0.3,1.7,14.4,79.0,1.9,1.2,10.8,2.4,0,0
Scot Pollard,2001,1.3,3.5,15.0,80.0,2.1,0.9,6.4,4.7,0,0
Rodney Rogers,2001,1.6,2.2,17.0,77.0,1.9,1.4,11.9,2.8,0,0
Grant Long,2001,-1.2,1.2,7.7,66.0,1.9,1.6,6.3,3.0,0,0
Derek Anderson,2001,1.7,1.5,15.5,70.0,3.0,1.2,10.8,2.0,0,0
Jacque Vaughn,2001,-0.1,1.0,13.1,82.0,1.5,1.4,6.6,1.8,0,0
Troy Hudson,2001,0.1,0.9,15.3,81.0,2.5,2.0,11.7,1.4,0,0
George McCloud,2001,-0.6,0.8,9.8,69.0,2.4,2.1,8.8,2.7,0,0
Jim Jackson,2001,0.5,2.5,11.3,55.0,1.6,1.9,10.7,4.3,0,0
Tony Battie,2001,0.6,3.0,14.5,74.0,1.8,0.7,6.9,4.0,0,0
Stromile Swift,2001,0.4,2.0,17.2,68.0,4.5,1.8,11.8,4.0,0,0
Jeff Foster,2001,0.3,2.7,12.9,82.0,2.2,1.0,5.7,4.3,0,0
Bob Sura,2001,1.6,0.9,17.1,78.0,4.2,1.7,10.0,2.1,0,0
Rodney Buford,2001,-1.0,1.0,10.1,63.0,1.3,1.0,9.4,3.5,0,0
Ruben Patterson,2001,1.8,1.9,18.8,75.0,3.7,1.5,11.2,1.9,0,0
Devean George,2001,1.0,2.6,12.6,82.0,1.5,0.8,7.1,2.7,0,0
Bobby Jackson,2001,1.8,2.2,17.3,81.0,2.3,1.1,11.1,2.1,0,0
Donyell Marshall,2001,1.6,2.1,19.2,58.0,3.9,2.1,14.8,4.9,0,0
Eric Williams,2001,-0.4,2.2,8.8,74.0,3.0,1.3,6.4,2.2,0,0
Travis Best,2001,0.6,1.4,14.3,74.0,1.6,1.3,7.9,1.8,0,0
Erick Dampier,2001,-0.7,1.1,11.3,73.0,2.9,2.1,7.6,3.0,0,0
Clarence Weatherspoon,2001,0.4,1.9,13.3,56.0,2.6,0.8,8.8,5.6,0,0
DerMarr Johnson,2001,0.3,1.5,11.3,72.0,1.5,1.4,8.4,2.6,0,0
Malik Rose,2001,0.3,3.4,16.4,82.0,3.1,1.7,9.4,3.9,0,0
Kevin Ollie,2001,0.0,1.0,12.3,81.0,2.8,1.3,5.7,2.0,0,0
Eric Piatkowski,2001,1.3,0.8,13.8,71.0,1.6,0.9,8.8,2.0,0,0
Ron Mercer,2001,-1.1,0.4,10.2,53.0,2.2,1.7,13.9,2.4,0,0
Vin Baker,2001,-0.7,0.9,14.1,55.0,4.1,2.3,14.1,3.3,0,0
Corliss Williamson,2001,0.7,1.9,20.0,78.0,3.8,1.8,13.6,2.6,0,0
Bruce Bowen,2001,0.3,2.2,8.2,59.0,1.6,1.1,7.0,2.0,0,0
Ryan Bowen,2001,0.4,1.2,11.4,75.0,1.2,0.5,4.9,2.2,0,0
LaPhonso Ellis,2001,-0.2,2.2,9.1,66.0,1.3,1.1,7.1,2.7,0,0
Voshon Lenard,2001,0.9,0.8,14.5,71.0,1.7,1.3,11.5,2.0,0,0
Ervin Johnson,2001,-0.6,1.9,8.6,81.0,0.8,0.6,2.6,4.0,0,0
Chris Mihm,2001,-2.0,1.1,10.0,74.0,2.4,1.3,7.7,3.5,0,0
Samaki Walker,2001,0.9,2.8,14.5,69.0,1.9,0.8,6.7,5.1,0,0
Jonathan Bender,2001,-0.1,1.3,10.6,78.0,2.3,1.2,7.4,2.3,0,0
Erick Strickland,2001,0.6,2.0,12.9,79.0,2.0,1.2,7.7,2.4,0,0
Metta World Peace,2001,1.9,2.7,15.8,55.0,3.7,2.1,13.2,3.6,0,0
Jerome Williams,2001,1.1,2.3,15.7,68.0,3.0,1.0,7.6,3.3,0,0
Calbert Cheaney,2001,-0.6,0.6,10.3,68.0,1.0,1.0,7.3,2.7,0,0
Lindsey Hunter,2001,0.2,1.7,9.4,82.0,0.5,0.7,5.8,1.3,0,0
Corey Maggette,2001,0.5,1.0,14.3,63.0,4.0,1.8,11.4,2.8,0,0
Jamal Mashburn,2001,1.3,1.6,16.9,40.0,6.0,2.8,21.5,5.3,0,0
Tim Hardaway,2001,0.6,0.6,13.6,68.0,1.4,1.6,9.6,1.6,0,0
Shandon Anderson,2001,-0.3,1.3,8.0,82.0,1.3,1.2,5.0,2.3,0,0
Jake Tsakalidis,2001,-0.6,1.8,11.7,67.0,2.4,1.2,7.3,3.6,0,0
Chris Childs,2001,-0.9,1.5,8.8,69.0,1.0,1.8,4.1,2.0,0,0
Othella Harrington,2001,-0.4,1.4,13.0,77.0,2.2,1.2,7.7,2.9,0,0
Lucious Harris,2001,1.3,2.1,15.7,74.0,2.1,0.8,9.1,2.1,0,0
Jamaal Magloire,2001,0.7,2.4,18.8,82.0,4.1,1.4,8.5,3.8,0,0
Aaron Williams,2001,0.6,2.5,15.2,82.0,2.3,1.0,7.2,2.7,0,0
Greg Anthony,2001,0.1,0.9,12.6,60.0,1.5,1.6,7.9,1.8,0,0
Todd MacCulloch,2001,1.2,2.5,17.7,62.0,2.6,1.1,9.7,3.6,0,0
Tyrone Nesby,2001,0.4,1.6,13.1,70.0,1.3,0.7,6.3,3.0,0,0
Toni Kukoč,2001,0.8,1.0,14.4,59.0,2.6,1.9,9.9,3.0,0,0
Adonal Foyle,2001,0.0,1.6,12.5,79.0,1.2,1.0,4.8,3.0,0,0
Aaron McKie,2001,1.7,2.1,15.8,48.0,2.5,1.9,12.2,3.5,0,0
Tyronn Lue,2001,0.4,0.8,13.7,71.0,0.9,1.4,7.8,1.5,0,0
Tony Delk,2001,0.7,1.5,13.8,63.0,1.5,0.9,9.5,2.3,0,0
Christian Laettner,2001,0.9,1.6,13.7,57.0,1.3,1.5,7.1,4.0,0,0
Corie Blount,2001,0.1,2.4,10.2,72.0,0.6,0.7,3.6,3.0,0,0
Michael Redd,2001,1.6,0.7,20.0,67.0,1.7,0.9,11.4,2.2,0,0
Kendall Gill,2001,-0.6,2.0,7.6,65.0,1.0,0.8,5.7,2.4,0,0
Fred Hoiberg,2001,0.4,1.1,12.2,79.0,1.2,0.4,4.4,2.4,0,0
Adrian Griffin,2001,1.1,1.2,14.2,58.0,0.8,0.7,7.2,2.8,0,0
Charles Oakley,2001,-1.1,1.3,6.6,57.0,0.5,1.5,3.8,4.8,0,0
Hakeem Olajuwon,2001,0.6,2.9,14.4,61.0,1.4,1.6,7.1,4.4,0,0
Hanno Möttölä,2001,-1.2,0.8,8.4,82.0,0.9,0.9,4.8,2.3,0,0
Eduardo Nájera,2001,0.7,1.2,14.8,62.0,2.4,0.6,6.5,3.1,0,0
Avery Johnson,2001,0.7,0.2,16.6,68.0,2.4,1.1,7.9,0.8,0,0
Jahidi White,2001,0.2,1.8,14.9,71.0,2.2,0.9,5.4,4.0,0,0
Vitaly Potapenko,2001,-0.6,1.7,11.4,79.0,1.5,0.8,4.6,2.3,0,0
Zydrunas Ilgauskas,2001,-0.3,1.0,17.4,62.0,4.5,1.5,11.1,3.2,0,0
Courtney Alexander,2001,-0.1,0.6,13.6,56.0,2.2,1.1,9.8,1.9,0,0
Stacey Augmon,2001,0.3,1.6,11.5,77.0,1.3,0.7,4.6,2.2,0,0
Al Harrington,2001,0.0,1.4,14.3,44.0,3.3,1.8,13.1,4.1,0,0
Scott Padgett,2001,0.8,1.2,15.4,75.0,1.4,0.9,6.7,2.3,0,0
Terry Porter,2001,1.2,1.9,13.9,72.0,1.2,1.2,5.5,2.1,0,0
Austin Croshere,2001,0.7,1.4,14.3,76.0,1.5,0.9,6.8,2.9,0,0
Monty Williams,2001,0.4,1.2,14.7,68.0,2.0,1.3,7.1,2.3,0,0
Ira Newble,2001,0.2,0.9,11.5,42.0,2.1,1.2,8.0,3.4,0,0
Lorenzen Wright,2001,-0.4,1.4,14.8,43.0,2.9,1.7,12.0,6.4,0,0
Tony Massenburg,2001,-0.8,1.2,11.4,73.0,1.6,0.9,5.5,3.1,0,0
Chris Mills,2001,0.1,0.3,12.3,66.0,1.6,0.8,7.4,2.1,0,0
Shawn Kemp,2001,-0.5,1.6,12.1,75.0,1.7,1.1,6.1,2.6,0,0
Hubert Davis,2001,0.4,0.4,10.7,51.0,0.4,0.9,7.2,1.4,0,0
Eddie House,2001,0.2,1.6,11.6,64.0,0.8,1.3,8.0,1.5,0,0
Darvin Ham,2001,-0.5,0.6,9.7,70.0,1.8,1.2,4.3,1.6,0,0
Dan Majerle,2001,0.8,1.3,10.3,65.0,0.6,0.5,4.6,2.3,0,0
Dion Glover,2001,0.0,0.9,13.1,55.0,1.9,1.4,8.9,2.4,0,0
Brevin Knight,2001,0.3,1.2,14.9,53.0,2.2,2.1,7.0,1.8,0,0
Charles Smith,2001,0.8,1.9,13.2,60.0,1.1,1.0,7.4,1.7,0,0
Gary Trent,2001,0.1,1.1,15.4,64.0,2.3,0.9,7.5,2.6,0,0
DeShawn Stevenson,2001,-0.5,0.7,8.2,67.0,0.8,1.0,4.9,1.3,0,0
Tom Gugliotta,2001,-0.1,1.4,9.7,44.0,0.8,1.4,6.5,3.7,0,0
Joel Przybilla,2001,-0.1,1.5,10.2,71.0,1.3,0.6,2.7,2.9,0,0
Walt Williams,2001,0.2,0.3,13.1,48.0,1.1,1.1,9.4,2.6,0,0
Greg Ostertag,2001,0.3,1.6,12.7,74.0,1.8,0.7,3.3,2.5,0,0
Brian Skinner,2001,-0.1,1.0,11.3,65.0,1.2,0.6,3.4,2.9,0,0
Damon Jones,2001,0.1,0.8,11.2,67.0,0.9,0.9,5.1,1.3,0,0
Charlie Ward,2001,1.1,1.3,14.5,63.0,0.9,1.2,5.2,1.8,0,0
Anthony Carter,2001,-0.3,1.6,8.9,46.0,0.8,1.6,4.3,2.1,0,0
Marcus Camby,2001,0.6,1.7,15.1,29.0,3.4,1.4,11.1,8.0,0,0
Lamar Odom,2001,0.8,0.9,13.7,29.0,3.2,3.3,13.1,5.0,0,0
Art Long,2001,-0.7,0.9,10.7,63.0,1.3,1.0,4.5,2.3,0,0
Terrell Brandon,2001,1.7,0.9,21.2,32.0,2.6,1.3,12.4,2.4,0,0
Jerome James,2001,-0.5,1.3,11.9,56.0,1.1,1.3,5.3,2.6,0,0
John Starks,2001,-1.0,0.5,6.0,66.0,0.6,0.8,4.4,0.8,0,0
Patrick Ewing,2001,-0.3,1.3,14.4,65.0,2.1,1.0,6.0,3.1,0,0
Jake Voskuhl,2001,-0.2,0.9,13.9,59.0,1.8,0.8,5.0,2.5,0,0
George Lynch,2001,0.0,1.2,9.0,45.0,0.9,0.9,3.8,2.6,0,0
Raja Bell,2001,-0.3,1.0,8.6,74.0,0.6,0.6,3.4,1.1,0,0
Dell Curry,2001,0.2,0.6,12.0,56.0,0.7,0.7,6.4,1.0,0,0
Greg Buckner,2001,0.5,0.6,13.3,44.0,1.3,0.6,5.8,2.4,0,0
Vladimir Stepania,2001,-0.1,1.8,13.9,67.0,1.6,0.8,4.3,2.5,0,0
Kevin Willis,2001,-0.2,0.9,16.1,52.0,1.7,0.8,6.1,3.7,0,0
Zendon Hamilton,2001,-0.7,0.6,13.5,54.0,3.4,1.1,6.0,2.6,0,0
Donnell Harvey,2001,0.0,0.7,14.1,47.0,1.9,0.7,5.7,3.1,0,0
Tyrone Hill,2001,-0.6,0.7,10.1,26.0,4.0,1.8,8.0,7.5,0,0
Chris Gatling,2001,-0.2,1.3,13.4,54.0,2.2,1.1,6.4,2.5,0,0
John Crotty,2001,0.5,0.4,14.5,41.0,1.6,1.2,6.9,1.4,0,0
Danny Ferry,2001,0.5,0.9,11.2,50.0,0.7,0.4,4.6,1.5,0,0
Milt Palacio,2001,-0.2,0.8,9.7,69.0,1.1,0.6,3.3,0.9,0,0
Derrick McKey,2001,0.2,1.2,8.8,41.0,0.3,0.5,2.9,1.9,0,0
Steve Kerr,2001,0.1,0.4,12.3,65.0,0.6,0.4,4.1,0.8,0,0
Bryce Drew,2001,0.4,0.7,12.4,61.0,0.5,0.5,3.4,1.0,0,0
Emanual Davis,2001,-0.5,0.4,6.5,28.0,0.6,1.9,6.6,2.0,0,0
Earl Boykins,2001,0.1,0.2,13.9,68.0,0.9,0.6,4.1,0.4,0,0
Shawn Bradley,2001,0.4,1.0,14.6,53.0,1.2,0.5,4.1,2.3,0,0
Scott Williams,2001,-0.7,0.7,10.5,41.0,1.0,0.9,4.9,3.1,0,0
Stanislav Medvedenko,2001,0.0,0.9,15.6,71.0,0.9,0.6,4.7,1.0,0,0
Sean Rooks,2001,-0.5,0.5,7.5,61.0,0.5,0.3,3.0,1.5,0,0
Sam Mitchell,2001,-0.3,0.4,9.4,74.0,0.7,0.4,3.3,0.9,0,0
Johnny Newman,2001,-0.1,0.3,8.3,47.0,1.2,0.4,4.2,0.9,0,0
Lawrence Funderburke,2001,0.0,1.0,13.8,56.0,1.0,0.6,4.7,2.2,0,0
Walter McCarty,2001,0.3,0.9,11.5,56.0,0.3,0.4,3.8,1.7,0,0
Don Reid,2001,-0.6,0.9,10.1,68.0,1.0,0.8,3.3,1.6,0,0
Mitch Richmond,2001,-0.2,0.8,10.7,64.0,0.7,0.6,4.1,1.3,0,0
Michael Doleac,2001,-0.6,0.4,8.8,42.0,1.1,0.9,4.6,2.9,0,0
Bimbo Coles,2001,-0.4,0.0,8.8,47.0,0.8,0.7,3.2,0.9,0,0
Jud Buechler,2001,0.0,0.6,7.8,66.0,0.1,0.2,1.7,1.3,0,0
Robert Traylor,2001,-0.2,1.1,13.0,61.0,1.4,0.7,3.7,2.0,0,0
Bryant Stith,2001,0.0,0.4,11.1,50.0,1.0,0.6,4.2,1.3,0,0
Eric Montross,2001,-0.6,0.8,5.8,49.0,0.6,0.5,2.4,2.1,0,0
Mark Strickland,2001,-0.2,0.5,11.4,46.0,1.0,0.6,4.5,2.0,0,0
Eddie Robinson,2001,-0.1,0.3,12.5,29.0,1.7,1.2,9.0,1.9,0,0
Mark Madsen,2001,0.0,0.8,12.7,59.0,0.9,0.4,2.8,1.2,0,0
Dalibor Bagarić,2001,-0.8,0.6,8.6,50.0,1.4,0.9,3.7,2.1,0,0
Andrew DeClercq,2001,-0.5,0.8,10.1,61.0,0.8,0.6,2.7,1.5,0,0
Brian Shaw,2001,0.3,0.9,11.8,58.0,0.4,0.6,2.9,1.6,0,0
Howard Eisley,2001,-0.3,0.4,8.5,39.0,1.3,1.4,4.4,1.0,0,0
A.J. Guyton,2001,0.1,0.0,11.8,45.0,0.6,0.8,5.4,0.7,0,0
Glen Rice,2001,-0.3,0.0,8.0,20.0,1.5,1.2,8.6,2.1,0,0
Shammond Williams,2001,0.4,0.3,14.3,50.0,0.8,0.7,4.4,0.9,0,0
Wang Zhizhi,2001,0.4,0.4,16.1,55.0,1.0,0.5,5.6,1.7,0,0
Rafer Alston,2001,0.2,0.5,13.9,50.0,0.6,0.8,3.5,1.2,0,0
Mookie Blaylock,2001,-0.1,0.1,9.2,35.0,0.2,1.1,3.4,1.3,0,0
John Amaechi,2001,-0.9,0.3,5.4,54.0,1.9,1.0,3.2,1.1,0,0
Cal Bowdler,2001,-0.3,0.5,9.4,52.0,0.9,0.2,3.1,1.4,0,0
Dana Barros,2001,-0.1,0.5,10.5,29.0,0.9,1.1,6.7,1.9,0,0
Felipe López,2001,-0.4,0.4,7.8,67.0,0.8,0.5,2.5,0.8,0,0
Danny Manning,2001,0.1,0.6,11.7,41.0,0.8,0.6,4.0,2.0,0,0
Rusty LaRue,2001,-0.2,0.3,10.0,33.0,1.1,1.3,5.8,1.2,0,0
Rick Brunson,2001,0.1,0.5,12.2,59.0,0.7,0.8,2.1,0.8,0,0
Grant Hill,2001,0.3,0.5,16.7,14.0,5.7,2.6,16.8,6.9,0,0
Vonteego Cummings,2001,0.1,0.6,11.8,58.0,0.6,0.6,3.3,0.7,0,0
Marc Jackson,2001,-0.3,0.4,11.1,39.0,2.1,0.8,4.8,2.1,0,0
John Wallace,2001,-0.1,0.4,13.7,46.0,1.0,0.6,5.0,1.3,0,0
Quincy Lewis,2001,-0.3,0.4,7.0,36.0,0.6,0.9,4.0,0.9,0,0
Jamal Crawford,2001,0.2,0.2,15.3,23.0,0.6,1.4,9.3,1.3,0,0
Trajan Langdon,2001,0.1,0.1,13.5,44.0,1.0,0.9,4.8,1.0,0,0
Tracy Murray,2001,0.2,0.4,13.6,40.0,0.5,0.6,5.7,0.9,0,0
Tariq Abdul-Wahad,2001,-0.2,0.3,9.8,24.0,1.4,1.1,5.6,1.8,0,0
Dan Langhi,2001,-0.3,0.1,8.5,34.0,0.3,0.3,3.1,1.3,0,0
Travis Knight,2001,-0.7,0.4,5.3,49.0,0.4,0.6,2.0,1.1,0,0
Mark Pope,2001,-0.2,0.3,7.3,45.0,0.5,0.3,1.9,1.2,0,0
Alan Henderson,2001,0.0,0.4,13.4,26.0,1.7,0.8,5.5,2.5,0,0
Mark Blount,2001,-0.2,0.7,9.3,44.0,0.8,0.5,2.1,1.3,0,0
Eddie Gill,2001,-0.3,0.1,9.2,23.0,1.7,1.5,5.0,0.9,0,0
Anthony Johnson,2001,0.2,0.7,11.8,34.0,0.7,0.6,2.8,0.6,0,0
Jason Collier,2001,-0.3,0.1,11.1,25.0,1.3,0.5,4.2,2.0,0,0
Matt Bullard,2001,-0.2,0.2,6.8,31.0,0.4,0.4,3.4,1.2,0,0
Chris Dudley,2001,-0.2,0.4,7.1,43.0,0.3,0.3,1.1,1.2,0,0
Sean Marks,2001,-0.2,0.5,9.3,21.0,1.6,0.9,4.6,2.7,0,0
Isaac Austin,2001,-0.3,0.3,7.8,21.0,0.2,0.5,3.6,2.9,0,0
Evan Eschmeyer,2001,-0.2,0.4,9.9,31.0,1.1,0.5,2.0,2.0,0,0
Derrick Dial,2001,0.0,0.4,11.0,32.0,0.8,0.5,3.2,1.3,0,0
Jason Caffey,2001,-0.2,0.1,11.2,23.0,1.9,0.8,4.3,1.1,0,0
Jermaine Jackson,2001,0.0,0.2,12.3,24.0,1.0,0.6,2.4,1.0,0,0
Calvin Booth,2001,0.0,0.3,11.9,15.0,1.6,1.1,6.2,2.3,0,0
William Avery,2001,-0.3,0.1,5.4,28.0,0.7,0.7,2.5,0.7,0,0
Shawnelle Scott,2001,-0.2,0.2,14.5,21.0,1.0,0.7,3.9,2.4,0,0
Robert Pack,2001,-0.2,0.2,9.1,16.0,0.9,1.3,3.9,1.0,0,0
Felton Spencer,2001,-0.5,0.3,0.8,32.0,1.0,0.4,0.9,1.1,0,0
Antonio McDyess,2001,0.3,0.2,21.0,10.0,3.3,2.0,11.3,3.7,0,0
Cherokee Parks,2001,-0.2,0.4,7.6,42.0,0.2,0.3,1.5,0.8,0,0
Erick Barkley,2001,-0.1,0.3,9.8,19.0,0.5,0.6,3.1,0.7,0,0
Stephen Jackson,2001,-0.1,0.4,7.9,23.0,0.7,1.0,3.9,1.0,0,0
Olumide Oyedeji,2001,-0.2,0.3,11.2,36.0,0.5,0.4,1.5,1.4,0,0
Nick Anderson,2001,-0.2,0.2,4.9,15.0,0.6,0.9,4.0,2.1,0,0
Mikki Moore,2001,0.0,0.3,14.9,30.0,0.9,0.5,2.6,1.0,0,0
Mark Bryant,2001,0.0,0.3,11.5,30.0,0.3,0.2,1.9,0.6,0,0
Dean Garrett,2001,-0.3,0.3,6.3,34.0,0.1,0.3,1.1,1.2,0,0
Jabari Smith,2001,0.0,0.3,13.1,23.0,1.4,0.2,3.2,0.9,0,0
Lavor Postell,2001,-0.1,0.1,11.0,23.0,1.8,0.5,4.0,0.6,0,0
Harold Jamison,2001,0.0,0.1,13.9,25.0,0.6,0.2,2.2,0.6,0,0
Randy Livingston,2001,0.1,0.2,12.0,13.0,0.8,0.2,3.2,1.2,0,0
Isaiah Rider,2001,0.1,0.1,16.3,10.0,1.7,1.4,9.3,2.3,0,0
Michael Ruffin,2001,-0.1,0.3,5.5,15.0,0.5,0.7,1.1,1.9,0,0
Carlos Rogers,2001,0.1,0.2,15.3,22.0,0.9,0.2,2.7,1.1,0,0
Sam Mack,2001,-0.2,0.2,3.1,12.0,0.6,0.6,3.3,1.0,0,0
Keyon Dooling,2001,-0.1,0.0,7.4,14.0,0.9,0.7,4.1,0.2,0,0
Mateen Cleaves,2001,-0.2,0.2,8.8,32.0,0.3,0.8,2.2,0.2,0,0
Amal McCaskill,2001,-0.2,0.3,10.2,27.0,1.0,0.5,1.9,0.7,0,0
Obinna Ekezie,2001,-0.1,0.1,11.0,29.0,1.4,0.3,1.9,0.8,0,0
Jaren Jackson,2001,-0.1,0.1,7.2,9.0,0.4,0.9,4.3,1.8,0,0
Chris Crawford,2001,-0.1,0.1,11.5,7.0,2.1,1.4,7.6,2.3,0,0
Doug Overton,2001,-0.2,0.1,4.8,18.0,0.4,0.7,2.2,0.6,0,0
Michael Dickerson,2001,-0.1,0.0,6.4,4.0,1.5,2.0,10.8,2.3,0,0
Donny Marshall,2001,-0.1,0.1,7.7,20.0,0.9,0.1,1.5,0.7,0,0
Jelani McCoy,2001,0.0,0.1,9.5,21.0,0.4,0.4,1.2,0.8,0,0
Victor Alexander,2001,-0.2,0.1,9.2,15.0,0.5,0.3,2.7,1.5,0,0
Michael Stewart,2001,-0.1,0.1,8.6,11.0,1.0,0.4,2.0,1.2,0,0
Chucky Brown,2001,0.0,0.2,10.1,18.0,0.1,0.3,1.2,1.3,0,0
Jason Hart,2001,0.0,0.2,13.5,10.0,0.6,0.8,2.6,0.9,0,0
Mitchell Butler,2001,-0.1,0.0,9.4,11.0,1.1,0.5,2.6,0.7,0,0
Brent Price,2001,-0.1,0.1,6.6,20.0,0.7,0.5,1.6,0.2,0,0
Bruno Šundov,2001,-0.1,0.1,8.7,22.0,0.1,0.2,1.5,0.6,0,0
Theo Ratliff,2001,0.0,0.1,11.1,3.0,3.7,2.3,8.7,3.7,0,0
Jérôme Moïso,2001,-0.1,0.2,5.9,15.0,0.0,0.5,1.1,1.4,0,0
Cedric Henderson,2001,0.1,0.1,14.4,12.0,0.6,0.7,3.0,0.2,0,0
Dee Brown,2001,-0.2,0.1,-3.2,7.0,0.0,0.6,1.0,1.3,0,0
Steve Goodrich,2001,-0.1,0.1,-0.9,9.0,0.2,0.3,0.6,0.4,0,0
Elliot Perry,2001,-0.1,0.0,5.3,2.0,1.0,3.5,5.5,2.0,0,0
Antonio Harvey,2001,0.0,0.0,7.8,5.0,0.4,0.6,1.8,0.8,0,0
Reggie Slater,2001,0.0,0.0,17.9,8.0,1.3,0.1,2.6,0.5,0,0
Mamadou N'Diaye,2001,0.0,0.0,20.6,5.0,2.0,0.2,4.0,1.0,0,0
Brian Cardinal,2001,0.0,0.0,15.9,8.0,0.3,0.0,2.1,0.5,0,0
Tim James,2001,-0.1,0.0,4.8,9.0,0.7,0.3,1.3,0.2,0,0
Matt Geiger,2001,-0.1,0.0,-1.6,4.0,0.5,0.5,0.8,0.8,0,0
Eldridge Recasner,2001,0.0,0.0,5.3,6.0,0.2,0.2,0.8,0.0,0,0
Ira Bowman,2001,0.1,0.0,16.4,3.0,0.0,0.0,3.3,0.3,0,0
Greg Foster,2001,-0.1,0.0,4.8,6.0,0.7,0.0,1.2,1.3,0,0
Daniel Santiago,2001,0.0,0.0,9.6,3.0,0.0,0.7,2.7,2.3,0,0
Darrick Martin,2001,-0.1,0.0,-11.2,3.0,0.7,0.3,0.3,0.3,0,0
Mike Penberthy,2001,0.0,0.0,31.3,3.0,1.3,0.0,1.7,0.7,0,0
Larry Robinson,2001,0.0,0.0,3.8,2.0,0.0,0.0,1.5,1.0,0,0
Vinny Del Negro,2001,0.0,0.0,7.1,2.0,0.0,0.0,1.0,0.0,0,0
Randy Brown,2001,0.0,0.0,8.6,1.0,0.0,0.0,0.0,0.0,0,0
Dickey Simpkins,2001,0.0,0.0,11.6,1.0,0.0,0.0,0.0,0.0,0,0
Allen Iverson,2002,4.8,4.2,21.2,82.0,9.0,3.5,27.6,3.4,1,2
Kobe Bryant,2002,7.7,4.0,26.2,82.0,8.7,3.5,30.0,5.6,1,1
Shawn Marion,2002,6.5,5.8,21.3,81.0,3.6,1.9,21.2,7.1,0,0
Jalen Rose,2002,0.7,1.1,14.9,82.0,5.7,3.5,22.1,3.5,0,0
Kevin Garnett,2002,8.7,5.8,26.4,82.0,6.1,2.8,23.0,10.5,1,1
Jamal Mashburn,2002,3.5,3.6,18.0,82.0,4.5,2.8,21.6,5.3,1,3
Steve Francis,2002,4.8,3.7,20.6,81.0,7.3,3.7,21.0,4.2,0,0
Stephon Marbury,2002,4.0,2.5,20.1,81.0,5.8,3.2,22.3,2.6,1,3
Antoine Walker,2002,1.3,4.2,14.6,78.0,3.7,3.3,20.1,5.9,0,0
Antawn Jamison,2002,2.2,0.3,19.0,82.0,5.8,2.2,22.2,4.7,0,0
Gary Payton,2002,4.1,2.1,21.1,80.0,4.4,2.3,20.4,3.2,0,0
Tim Duncan,2002,7.7,6.9,26.9,81.0,7.8,3.1,23.3,9.7,1,1
Ricky Davis,2002,1.3,1.5,16.1,79.0,5.9,3.5,20.6,3.7,0,0
Dirk Nowitzki,2002,7.3,5.3,25.6,80.0,6.9,1.9,25.1,8.9,1,2
Allan Houston,2002,2.4,0.6,17.7,82.0,4.8,2.2,22.5,2.5,0,0
Eric Snow,2002,2.1,2.7,15.6,82.0,4.6,2.4,12.9,2.8,0,0
Paul Pierce,2002,5.4,4.8,22.7,79.0,9.5,3.6,25.9,6.0,1,3
Shareef Abdur-Rahim,2002,2.8,2.3,19.9,81.0,6.7,2.6,19.9,6.2,0,0
Jason Terry,2002,3.0,1.4,18.2,81.0,3.6,3.1,17.2,3.0,0,0
Rashard Lewis,2002,2.1,2.8,16.7,77.0,4.5,1.9,18.1,4.6,0,0
Cuttino Mobley,2002,1.7,2.5,14.7,73.0,3.9,2.3,17.5,3.2,0,0
Michael Jordan,2002,2.8,3.4,19.3,82.0,4.0,2.1,20.0,5.2,0,0
Jason Kidd,2002,6.5,5.8,22.2,80.0,5.0,3.7,18.7,4.9,1,2
Tracy McGrady,2002,9.3,2.9,30.3,75.0,9.7,2.6,32.1,4.9,1,1
Morris Peterson,2002,0.1,1.1,12.6,82.0,3.0,1.6,14.1,3.2,0,0
Pau Gasol,2002,2.8,2.0,20.7,82.0,6.9,2.6,19.0,6.4,0,0
Karl Malone,2002,4.6,4.3,21.7,81.0,7.7,2.6,20.6,6.4,0,0
Andre Miller,2002,0.6,1.0,15.2,80.0,4.9,2.6,13.6,2.9,0,0
Ray Allen,2002,4.1,1.5,21.3,76.0,4.5,2.6,22.5,3.8,0,0
Richard Jefferson,2002,2.5,4.4,16.6,80.0,5.5,2.0,15.5,4.6,0,0
Ben Wallace,2002,4.3,7.9,17.2,73.0,2.6,1.2,6.9,11.4,1,2
Gilbert Arenas,2002,2.4,0.7,18.6,82.0,5.7,3.5,18.3,3.5,0,0
Jermaine O'Neal,2002,3.5,5.2,21.4,77.0,6.6,2.3,20.8,7.7,1,3
Latrell Sprewell,2002,1.5,1.6,14.3,74.0,2.9,2.3,16.4,3.2,0,0
Derek Fisher,2002,0.5,1.4,11.9,82.0,1.5,1.1,10.5,2.4,0,0
Clifford Robinson,2002,1.4,4.0,12.4,81.0,2.9,2.0,12.2,2.9,0,0
Tony Parker,2002,1.7,2.6,16.5,82.0,3.5,2.4,15.5,2.2,0,0
Desmond Mason,2002,0.4,1.9,15.2,80.0,3.5,1.4,14.3,4.6,0,0
Jerry Stackhouse,2002,2.3,1.4,18.7,70.0,7.4,2.8,21.5,2.8,0,0
Juwan Howard,2002,2.1,3.4,17.2,77.0,4.6,2.5,18.4,5.2,0,0
Steve Nash,2002,4.5,1.9,22.6,82.0,4.1,2.3,17.7,2.1,1,3
Doug Christie,2002,3.6,4.7,15.0,80.0,2.2,1.8,9.4,3.5,0,0
David Wesley,2002,2.1,2.5,15.1,73.0,3.2,1.8,16.7,1.9,0,0
Sam Cassell,2002,3.2,0.8,22.3,78.0,5.7,2.3,19.7,3.7,0,0
Jason Richardson,2002,1.0,0.3,14.8,82.0,3.3,2.2,15.6,3.3,0,0
Rasheed Wallace,2002,3.1,3.4,18.5,74.0,3.7,1.9,18.1,5.9,0,0
Michael Finley,2002,2.4,2.5,17.6,69.0,3.3,1.7,19.3,4.3,0,0
Brian Grant,2002,1.1,4.1,15.6,82.0,2.5,1.6,10.3,7.3,0,0
Richard Hamilton,2002,1.6,3.0,18.7,82.0,6.4,2.4,19.7,2.8,0,0
Alvin Williams,2002,1.6,1.2,16.7,78.0,3.1,1.6,13.2,2.4,0,0
Kenyon Martin,2002,2.0,5.3,16.9,77.0,5.1,2.5,16.7,6.2,0,0
Chris Webber,2002,3.6,5.3,20.9,67.0,5.3,3.2,23.0,8.1,1,2
P.J. Brown,2002,3.0,3.8,17.6,78.0,3.0,1.3,10.7,5.9,0,0
Troy Hudson,2002,1.1,1.1,15.2,79.0,2.9,2.3,14.2,1.8,0,0
Glenn Robinson,2002,0.8,1.9,16.7,69.0,4.4,3.6,20.8,5.4,0,0
Pat Garrity,2002,0.7,1.3,11.2,81.0,1.2,1.0,10.7,2.9,0,0
Kurt Thomas,2002,1.3,3.0,16.7,81.0,2.3,1.7,14.0,5.9,0,0
Bruce Bowen,2002,1.4,2.7,9.1,82.0,1.1,0.9,7.1,2.2,0,0
Matt Harpring,2002,2.6,2.4,19.3,78.0,4.2,2.1,17.6,4.2,0,0
Derek Anderson,2002,2.8,2.2,16.9,76.0,3.5,1.7,13.9,2.8,0,0
Shaquille O'Neal,2002,5.5,3.0,29.5,67.0,10.8,2.9,27.5,7.2,1,1
Theo Ratliff,2002,0.8,3.4,13.8,81.0,2.6,1.7,8.7,5.6,0,0
James Posey,2002,1.7,3.1,13.5,83.0,3.0,1.7,10.8,4.0,0,0
Troy Murphy,2002,0.8,1.7,15.9,79.0,3.7,1.4,11.7,7.3,0,0
Brent Barry,2002,2.9,2.5,15.8,75.0,2.1,1.9,10.3,3.4,0,0
Al Harrington,2002,-0.5,3.2,12.4,82.0,3.3,2.0,12.2,4.3,0,0
Elton Brand,2002,3.1,2.7,21.7,62.0,5.7,2.6,18.5,6.8,0,0
Peja Stojaković,2002,3.4,3.3,19.6,72.0,3.7,1.4,19.2,4.7,0,0
Jamaal Magloire,2002,0.5,3.8,15.4,82.0,3.9,1.9,10.3,5.7,0,0
Zydrunas Ilgauskas,2002,1.0,2.1,19.4,81.0,6.3,2.6,17.2,4.6,0,0
Jason Williams,2002,1.9,0.7,17.1,76.0,1.7,2.2,12.1,2.5,0,0
Bonzi Wells,2002,1.1,3.1,15.7,75.0,4.2,2.9,15.2,3.9,0,0
Vlade Divac,2002,2.5,4.4,15.6,80.0,3.1,1.9,9.9,5.2,0,0
Shane Battier,2002,2.5,1.5,15.0,78.0,1.9,0.9,9.7,2.8,0,0
Donyell Marshall,2002,1.9,3.1,18.4,78.0,2.8,1.7,13.4,6.0,0,0
Aaron McKie,2002,1.9,3.0,13.7,80.0,1.7,1.4,9.0,3.6,0,0
Tim Thomas,2002,-0.1,1.0,14.3,80.0,2.3,1.7,13.3,3.7,0,0
Calbert Cheaney,2002,-0.4,1.7,9.8,81.0,0.9,1.3,8.6,2.6,0,0
Darrell Armstrong,2002,1.7,2.2,14.6,82.0,2.3,2.0,9.4,2.5,0,0
Eric Williams,2002,0.7,2.6,13.1,82.0,3.3,1.2,9.1,2.9,0,0
Jerome Williams,2002,1.0,2.5,15.6,71.0,4.0,1.4,9.7,5.9,0,0
Robert Horry,2002,1.6,2.5,12.4,80.0,1.7,1.4,6.5,4.2,0,0
Rasho Nesterović,2002,1.1,2.6,14.7,77.0,1.2,1.3,11.2,4.6,0,0
Keith Van Horn,2002,1.4,2.6,17.3,74.0,3.2,2.0,15.9,4.9,0,0
Chauncey Billups,2002,3.8,2.9,20.4,74.0,4.9,1.8,16.2,3.2,0,0
Malik Allen,2002,-1.4,2.6,9.9,80.0,1.5,1.6,9.6,3.6,0,0
Metta World Peace,2002,3.1,4.1,17.6,69.0,5.4,2.1,15.5,3.8,0,0
Michael Redd,2002,3.4,1.1,21.0,82.0,2.3,0.9,15.1,3.3,0,0
Dale Davis,2002,1.5,2.6,14.5,78.0,2.1,0.9,7.4,4.2,0,0
John Stockton,2002,4.0,2.5,21.0,82.0,3.5,2.2,10.8,1.8,0,0
Brad Miller,2002,2.9,3.4,19.3,73.0,4.9,1.6,13.1,5.7,0,0
Joe Johnson,2002,0.4,1.9,11.6,82.0,1.5,1.3,9.8,2.5,0,0
Stephen Jackson,2002,1.7,3.6,14.5,80.0,2.3,2.2,11.8,2.8,0,0
Anthony Peeler,2002,0.7,1.7,11.0,82.0,0.6,1.0,7.7,2.5,0,0
Howard Eisley,2002,1.3,1.0,14.1,82.0,1.3,1.8,9.1,2.0,0,0
Jamaal Tinsley,2002,1.1,3.1,13.4,73.0,1.5,2.6,7.8,2.8,0,0
Christian Laettner,2002,2.2,2.8,16.1,76.0,1.9,1.1,8.3,5.1,0,0
Andrei Kirilenko,2002,4.4,3.8,21.1,80.0,4.6,1.7,12.0,3.4,0,0
Jumaine Jones,2002,0.3,1.2,12.3,80.0,1.0,1.3,9.8,3.7,0,0
Mike Miller,2002,1.0,1.3,14.7,65.0,2.9,1.9,15.6,4.5,0,0
Rick Fox,2002,0.6,1.6,11.9,76.0,0.9,1.6,9.0,3.4,0,0
Larry Hughes,2002,1.2,2.1,15.5,67.0,2.8,2.0,12.8,3.6,0,0
Anthony Mason,2002,0.3,0.6,11.3,65.0,1.8,1.2,7.2,5.0,0,0
Reggie Miller,2002,2.3,1.8,15.9,70.0,3.3,0.9,12.6,2.2,0,0
Kendall Gill,2002,-0.4,1.8,10.6,82.0,2.0,1.3,8.7,2.4,0,0
Corliss Williamson,2002,0.1,2.5,15.7,82.0,3.7,1.5,12.0,2.6,0,0
Nick Van Exel,2002,1.1,1.3,15.6,73.0,2.0,1.7,12.5,2.4,0,0
Clarence Weatherspoon,2002,1.0,2.2,14.5,79.0,2.5,0.8,6.6,4.9,0,0
Darius Miles,2002,-0.9,1.4,9.7,67.0,2.3,2.7,9.2,3.7,0,0
Corey Maggette,2002,1.2,1.0,17.4,64.0,6.3,2.3,16.8,3.8,0,0
Trenton Hassell,2002,-0.7,1.2,6.0,82.0,0.7,1.0,4.2,2.7,0,0
Jamal Crawford,2002,1.2,1.1,15.4,80.0,1.6,1.7,10.7,2.1,0,0
Tyronn Lue,2002,0.3,0.9,12.9,75.0,1.4,1.0,8.6,1.7,0,0
Predrag Drobnjak,2002,-0.2,1.6,12.5,82.0,1.4,0.8,9.4,2.5,0,0
Lorenzen Wright,2002,-0.5,1.5,14.4,70.0,3.2,1.6,11.4,5.1,0,0
Erick Dampier,2002,0.5,1.0,15.8,82.0,2.7,1.4,8.2,3.6,0,0
Kenny Thomas,2002,0.6,2.5,14.9,66.0,3.0,1.8,10.1,5.2,0,0
Milt Palacio,2002,-1.2,0.8,8.2,80.0,1.1,1.6,5.0,2.3,0,0
Lucious Harris,2002,1.0,2.5,13.5,77.0,2.5,0.9,10.3,2.2,0,0
Kerry Kittles,2002,3.3,3.4,18.3,65.0,2.1,0.8,13.0,3.1,0,0
Walter McCarty,2002,0.8,2.5,10.8,82.0,1.2,0.8,6.1,2.7,0,0
Wesley Person,2002,0.7,0.2,13.5,66.0,1.5,0.8,11.0,2.5,0,0
Malik Rose,2002,0.7,3.3,16.1,79.0,3.9,2.2,10.4,4.5,0,0
Ira Newble,2002,0.4,0.8,11.7,73.0,1.2,0.9,7.7,2.5,0,0
Brendan Haywood,2002,0.1,1.9,13.5,81.0,3.0,0.8,6.2,2.6,0,0
Voshon Lenard,2002,0.5,0.7,14.4,63.0,3.1,1.6,14.3,2.6,0,0
Greg Ostertag,2002,0.2,2.6,11.5,81.0,2.4,1.3,5.4,4.0,0,0
Scottie Pippen,2002,1.7,2.6,15.3,64.0,2.3,2.6,10.8,3.5,0,0
Vladimir Radmanović,2002,0.8,1.9,13.0,72.0,1.4,1.4,10.1,3.4,0,0
Jason Collins,2002,0.0,3.0,9.9,81.0,2.9,1.0,5.7,2.9,0,0
Kevin Ollie,2002,0.7,0.8,13.7,82.0,2.2,0.9,6.5,1.9,0,0
Antonio Davis,2002,0.1,1.1,14.5,53.0,5.3,2.2,13.9,5.8,0,0
Eddie Griffin,2002,1.4,2.9,15.4,77.0,1.2,1.0,8.6,4.2,0,0
Dion Glover,2002,0.2,1.2,13.5,76.0,2.1,1.4,9.7,2.9,0,0
Baron Davis,2002,2.5,2.2,16.9,50.0,2.6,2.8,17.1,2.6,0,0
Shammond Williams,2002,0.3,2.0,12.4,78.0,1.3,1.5,8.0,1.9,0,0
Tony Delk,2002,1.4,2.1,13.7,67.0,1.3,1.0,9.8,2.9,0,0
Othella Harrington,2002,-0.4,1.1,12.3,74.0,2.0,1.2,7.7,4.2,0,0
Wally Szczerbiak,2002,1.3,1.3,17.3,52.0,3.3,1.7,17.6,3.6,0,0
Mike Bibby,2002,1.8,2.0,17.6,55.0,3.4,2.3,15.9,2.1,0,0
Tyson Chandler,2002,0.5,2.1,15.8,75.0,3.9,1.8,9.2,4.6,0,0
Travis Best,2002,-0.2,1.4,11.2,72.0,1.7,1.5,8.4,1.7,0,0
Bo Outlaw,2002,1.2,2.2,12.2,80.0,1.5,1.0,4.7,2.9,0,0
Eddie Jones,2002,3.1,2.1,18.9,47.0,4.9,1.8,18.5,4.1,0,0
Adonal Foyle,2002,1.3,1.7,15.3,82.0,1.3,0.9,5.4,3.8,0,0
Keon Clark,2002,0.8,3.4,13.9,80.0,1.6,1.2,6.7,3.9,0,0
Anfernee Hardaway,2002,0.9,1.9,13.0,58.0,1.7,2.5,10.6,3.3,0,0
Kwame Brown,2002,-0.1,2.3,13.6,80.0,2.7,1.4,7.4,3.7,0,0
Derrick Coleman,2002,1.0,2.4,15.4,64.0,2.7,1.5,9.4,4.7,0,0
Shandon Anderson,2002,0.7,1.4,13.4,82.0,2.3,1.4,8.4,2.3,0,0
Shawn Bradley,2002,2.0,3.5,18.3,81.0,2.2,0.8,6.7,4.0,0,0
Mike James,2002,0.2,1.6,11.8,78.0,1.8,1.4,7.8,1.6,0,0
Toni Kukoč,2002,2.1,1.1,18.0,63.0,3.1,1.9,11.6,3.2,0,0
Jacque Vaughn,2002,-0.6,0.9,10.5,80.0,1.6,1.2,5.9,1.2,0,0
Tony Battie,2002,0.7,2.5,15.2,67.0,1.8,0.7,7.3,4.3,0,0
Lamar Odom,2002,0.7,1.2,14.6,49.0,3.6,2.9,14.6,5.4,0,0
David Robinson,2002,1.8,3.6,17.8,64.0,3.3,1.3,8.5,5.4,0,0
Bobby Jackson,2002,2.1,2.2,18.4,59.0,2.5,1.8,15.2,2.7,0,0
Ron Mercer,2002,-0.6,1.6,9.3,72.0,1.1,0.8,7.7,1.7,0,0
Ruben Patterson,2002,0.6,1.8,14.5,78.0,2.8,1.5,8.3,1.8,0,0
Shawn Kemp,2002,-0.9,2.1,11.7,79.0,2.0,1.3,6.8,3.8,0,0
Donnell Harvey,2002,-0.1,2.3,12.5,77.0,2.3,1.6,7.9,3.7,0,0
Devean George,2002,0.2,1.4,11.4,71.0,1.5,0.9,6.9,2.7,0,0
Raef LaFrentz,2002,1.1,2.0,16.5,69.0,1.3,0.7,9.3,3.0,0,0
Aaron Williams,2002,0.2,2.4,11.9,81.0,1.6,1.0,6.2,2.4,0,0
Vladimir Stepania,2002,-0.1,2.6,13.6,79.0,1.7,0.9,5.6,4.3,0,0
Eddy Curry,2002,0.0,1.1,17.5,81.0,3.5,1.7,10.5,2.9,0,0
Rodney White,2002,-0.7,1.8,9.8,72.0,1.7,2.2,9.0,2.4,0,0
Michael Curry,2002,-0.5,1.7,5.7,78.0,0.6,0.6,3.0,1.4,0,0
Glen Rice,2002,0.6,0.8,11.9,62.0,1.3,0.9,9.0,2.0,0,0
Greg Buckner,2002,0.5,1.7,11.6,75.0,1.1,0.8,6.0,1.9,0,0
George Lynch,2002,1.1,2.2,12.9,81.0,0.9,0.6,4.5,2.6,0,0
Alan Henderson,2002,-0.3,1.1,12.1,82.0,1.7,0.7,4.8,3.0,0,0
Stromile Swift,2002,0.7,1.7,18.0,67.0,3.7,1.5,9.7,4.0,0,0
Jon Barry,2002,2.3,2.2,17.9,80.0,1.3,1.0,6.9,1.8,0,0
Vince Carter,2002,2.4,0.8,21.9,43.0,3.7,1.7,20.6,3.0,0,0
Mark Jackson,2002,0.1,1.2,12.2,82.0,1.0,1.9,4.7,1.7,0,0
Charlie Ward,2002,1.6,1.3,15.9,66.0,0.8,1.4,7.2,2.3,0,0
Mark Blount,2002,-0.4,2.1,10.6,81.0,1.7,1.3,5.0,2.4,0,0
Chucky Atkins,2002,-0.1,1.2,10.1,65.0,0.8,1.2,7.1,1.2,0,0
Bryon Russell,2002,0.1,1.6,9.1,70.0,1.0,0.8,4.5,2.4,0,0
Brian Skinner,2002,0.5,2.0,15.4,77.0,2.1,0.8,6.0,3.0,0,0
Maurice Taylor,2002,-0.8,1.1,11.5,67.0,2.1,1.5,8.4,2.1,0,0
Moochie Norris,2002,0.2,1.3,11.8,82.0,1.4,1.0,4.4,1.5,0,0
Adrian Griffin,2002,0.6,1.9,11.5,74.0,0.4,0.6,4.4,2.4,0,0
Michael Olowokandi,2002,-0.4,1.3,10.5,36.0,2.9,2.7,12.3,7.5,0,0
Quentin Richardson,2002,-0.1,0.7,12.5,59.0,2.1,1.1,9.4,3.1,0,0
Jelani McCoy,2002,-0.6,1.3,12.4,67.0,1.9,1.4,6.8,3.9,0,0
Earl Watson,2002,0.9,1.0,14.6,79.0,1.1,1.1,5.5,1.5,0,0
Courtney Alexander,2002,-0.9,1.0,9.3,66.0,2.2,1.0,7.9,1.2,0,0
Eric Piatkowski,2002,1.1,0.3,16.0,62.0,2.0,0.9,9.7,1.8,0,0
Eddie Robinson,2002,0.4,1.0,11.5,64.0,1.0,0.8,5.7,1.9,0,0
Tyrone Hill,2002,-0.7,1.5,9.9,56.0,1.4,1.2,5.6,4.7,0,0
Sean Rooks,2002,-0.6,0.8,7.7,70.0,0.8,0.9,4.2,2.3,0,0
Andrew DeClercq,2002,-0.6,1.3,11.3,77.0,1.4,1.1,4.7,2.6,0,0
Scott Padgett,2002,0.3,1.5,12.4,82.0,1.3,0.9,5.7,2.3,0,0
Earl Boykins,2002,0.9,-0.4,17.6,68.0,2.9,1.1,8.8,0.8,0,0
Damon Stoudamire,2002,0.4,1.1,12.1,59.0,1.1,1.4,6.9,1.9,0,0
Michael Bradley,2002,-0.5,0.9,12.8,67.0,1.0,1.1,5.0,3.7,0,0
Jeff McInnis,2002,-0.7,0.6,10.0,75.0,0.9,1.0,5.8,1.0,0,0
Jim Jackson,2002,0.2,1.7,12.4,63.0,0.9,1.3,7.7,2.8,0,0
Rodney Rogers,2002,0.3,2.5,11.7,68.0,1.3,1.3,7.0,3.0,0,0
Zach Randolph,2002,0.7,1.6,19.9,77.0,2.1,0.8,8.4,2.6,0,0
Erick Strickland,2002,0.7,1.3,13.5,71.0,1.2,1.4,6.5,1.7,0,0
Kelvin Cato,2002,0.6,2.5,15.5,73.0,1.7,0.8,4.5,4.1,0,0
Samaki Walker,2002,-0.2,1.4,11.6,67.0,1.5,0.8,4.4,3.8,0,0
Gary Trent,2002,0.6,1.3,15.9,80.0,1.3,0.7,6.0,2.3,0,0
Arvydas Sabonis,2002,2.0,2.3,20.5,78.0,2.1,1.0,6.1,3.2,0,0
Hedo Türkoğlu,2002,0.1,1.5,12.0,67.0,1.6,0.7,6.7,2.3,0,0
Raja Bell,2002,0.1,1.2,7.9,75.0,0.5,0.6,3.1,1.3,0,0
Ervin Johnson,2002,-0.3,0.9,9.4,69.0,0.6,0.5,2.2,2.6,0,0
Walt Williams,2002,0.6,1.5,11.7,66.0,0.8,0.5,5.5,2.3,0,0
Kenny Anderson,2002,0.3,1.3,13.6,61.0,0.9,1.2,6.1,1.7,0,0
Bob Sura,2002,0.4,0.2,14.2,55.0,2.7,1.5,7.3,2.0,0,0
Joe Smith,2002,-0.1,1.2,14.3,54.0,2.4,0.8,7.5,2.9,0,0
Eduardo Nájera,2002,0.9,1.3,14.8,48.0,1.9,0.5,6.7,2.8,0,0
Chris Whitney,2002,-0.6,0.7,9.2,51.0,1.4,1.4,7.0,1.3,0,0
Marc Jackson,2002,-0.3,1.0,13.4,77.0,1.9,0.8,5.5,1.8,0,0
Michael Doleac,2002,-0.9,0.7,8.9,75.0,0.6,0.7,4.4,2.1,0,0
Steve Smith,2002,0.4,1.1,12.0,53.0,2.2,0.8,6.8,1.5,0,0
Jeryl Sasser,2002,-0.1,0.9,8.3,75.0,1.0,0.5,2.6,1.6,0,0
Eddie House,2002,0.2,1.1,12.1,55.0,0.7,0.8,7.5,1.5,0,0
Ryan Bowen,2002,1.0,1.6,12.7,62.0,0.7,0.7,3.6,1.3,0,0
Rafer Alston,2002,0.3,0.5,14.4,47.0,1.1,1.8,7.8,1.8,0,0
Keyon Dooling,2002,-0.2,0.2,9.6,55.0,1.0,1.1,6.4,1.1,0,0
Rod Strickland,2002,0.6,0.9,15.4,47.0,2.3,1.6,6.8,1.6,0,0
Steve Kerr,2002,0.5,0.9,11.4,75.0,0.5,0.5,4.0,0.6,0,0
Jake Voskuhl,2002,0.0,1.0,11.8,65.0,1.5,0.7,3.8,2.0,0,0
DeSagana Diop,2002,-0.6,1.2,6.7,80.0,0.4,0.7,1.5,1.9,0,0
Vin Baker,2002,-0.6,1.1,10.6,52.0,2.1,1.2,5.2,2.1,0,0
Brevin Knight,2002,-0.2,0.7,11.2,55.0,0.7,1.7,3.9,1.2,0,0
Darvin Ham,2002,-0.9,0.3,5.5,75.0,1.1,0.9,2.4,1.1,0,0
Anthony Carter,2002,-0.4,1.1,9.9,49.0,1.0,1.7,4.1,1.4,0,0
Chris Andersen,2002,0.0,1.7,14.0,59.0,2.4,1.0,5.2,2.8,0,0
Brian Shaw,2002,0.2,0.7,10.2,72.0,0.2,0.8,3.5,1.4,0,0
Jason Caffey,2002,-0.7,0.3,10.5,51.0,2.1,1.1,5.8,2.1,0,0
Scott Williams,2002,-0.5,1.1,9.7,69.0,0.6,0.5,4.0,1.8,0,0
Antonio Daniels,2002,0.7,0.8,13.3,67.0,1.1,0.5,3.7,0.9,0,0
Elden Campbell,2002,0.2,1.4,14.1,56.0,2.4,0.9,6.1,2.4,0,0
Stacey Augmon,2002,-0.1,1.0,9.3,70.0,1.0,0.6,3.0,1.3,0,0
Robert Traylor,2002,0.3,1.7,15.3,69.0,1.3,0.8,3.9,2.2,0,0
Grant Hill,2002,1.1,1.0,20.8,29.0,5.0,2.9,14.5,5.7,0,0
Anthony Johnson,2002,0.1,1.3,11.3,66.0,1.1,0.6,4.1,1.0,0,0
Kevin Willis,2002,-0.4,1.3,12.5,71.0,1.2,0.8,4.2,2.0,0,0
Corie Blount,2002,0.0,0.9,9.6,50.0,0.7,0.9,3.0,2.7,0,0
Jonathan Bender,2002,0.4,1.0,13.3,46.0,1.8,0.9,6.6,2.0,0,0
Todd MacCulloch,2002,0.3,1.0,14.9,42.0,1.9,0.8,7.1,3.1,0,0
Chris Mihm,2002,-0.6,0.7,13.2,52.0,2.0,0.9,5.9,2.7,0,0
Marcus Fizer,2002,0.2,0.6,17.9,38.0,3.5,1.5,11.7,3.6,0,0
Jeff Foster,2002,0.0,1.4,12.0,77.0,0.8,0.4,2.1,2.1,0,0
Tony Massenburg,2002,-0.9,0.8,9.2,58.0,1.4,0.9,4.7,1.7,0,0
Fred Hoiberg,2002,0.3,0.9,10.2,63.0,0.8,0.4,2.3,2.0,0,0
LaPhonso Ellis,2002,-0.1,0.9,11.0,55.0,1.2,0.6,5.0,2.1,0,0
Mark Madsen,2002,-0.4,0.4,9.3,54.0,1.1,0.5,3.2,1.4,0,0
Jerome James,2002,-0.4,1.3,13.1,51.0,1.8,1.5,5.4,2.7,0,0
DeShawn Stevenson,2002,-0.7,0.6,8.2,61.0,1.1,0.8,4.6,1.0,0,0
Brian Scalabrine,2002,0.0,1.2,8.9,59.0,0.6,0.8,3.1,1.7,0,0
Damon Jones,2002,0.3,0.7,11.5,49.0,0.6,0.5,4.6,1.2,0,0
Bimbo Coles,2002,-0.6,0.2,6.7,35.0,1.2,0.8,4.4,1.4,0,0
Lindsey Hunter,2002,-0.2,0.4,10.6,29.0,1.6,2.0,9.7,1.5,0,0
Kedrick Brown,2002,-0.3,1.1,8.8,51.0,0.6,0.5,2.8,1.9,0,0
Cherokee Parks,2002,0.1,0.4,13.3,30.0,1.3,0.6,6.3,2.9,0,0
Jérôme Moïso,2002,0.1,1.2,14.5,51.0,0.8,0.9,4.0,2.3,0,0
Austin Croshere,2002,0.6,0.8,16.1,49.0,1.3,0.6,5.1,2.3,0,0
Terence Morris,2002,0.1,0.6,11.9,49.0,0.3,0.6,3.7,1.8,0,0
Stanislav Medvedenko,2002,-0.8,0.4,10.3,58.0,0.7,0.6,4.4,1.3,0,0
Marcus Camby,2002,0.4,1.2,17.5,29.0,1.7,0.9,7.6,4.6,0,0
Danny Ferry,2002,-0.2,0.6,5.1,64.0,0.2,0.4,1.9,0.9,0,0
Calvin Booth,2002,-0.2,0.7,9.9,47.0,1.0,0.5,2.9,1.6,0,0
Tremaine Fowlkes,2002,0.2,0.4,12.4,37.0,1.6,0.5,4.4,1.7,0,0
Gerald Wallace,2002,0.0,1.0,12.5,47.0,1.6,0.9,4.7,1.9,0,0
Jermaine Jackson,2002,-0.3,0.2,9.0,53.0,1.0,0.6,2.3,0.7,0,0
Joel Przybilla,2002,-0.3,0.5,7.9,32.0,0.8,0.6,1.5,3.0,0,0
Jake Tsakalidis,2002,-0.2,0.5,10.2,33.0,1.8,0.8,4.9,2.3,0,0
Dan Langhi,2002,-0.2,0.6,9.4,60.0,0.3,0.3,3.1,1.1,0,0
Greg Foster,2002,-0.9,0.1,4.7,29.0,1.1,1.0,4.2,2.5,0,0
Charles Oakley,2002,-0.1,0.5,8.3,42.0,0.8,0.5,1.8,1.7,0,0
Dikembe Mutombo,2002,-0.2,1.0,11.2,24.0,2.3,1.4,5.8,4.1,0,0
Etan Thomas,2002,-0.1,0.6,15.8,38.0,2.5,0.9,4.8,2.5,0,0
Kenny Satterfield,2002,-0.4,0.5,4.8,39.0,0.6,1.1,3.4,0.7,0,0
Grant Long,2002,-0.4,0.5,5.3,41.0,0.6,0.5,1.8,1.4,0,0
Željko Rebrača,2002,-0.1,0.7,14.0,30.0,1.6,1.0,6.6,2.2,0,0
John Amaechi,2002,-0.7,0.4,3.1,50.0,1.0,0.7,2.0,1.0,0,0
Speedy Claxton,2002,0.4,0.6,15.9,30.0,1.9,1.2,5.8,1.1,0,0
Ansu Sesay,2002,-0.4,0.4,6.1,45.0,0.5,0.6,2.1,0.9,0,0
Steven Hunter,2002,0.0,0.5,13.4,33.0,1.3,0.5,3.9,1.7,0,0
Tom Gugliotta,2002,0.1,0.6,10.9,27.0,0.3,1.1,4.8,2.8,0,0
Nazr Mohammed,2002,-0.4,0.5,12.4,35.0,1.2,0.7,4.6,2.3,0,0
Robert Pack,2002,0.0,0.6,13.3,28.0,2.0,1.4,5.2,1.4,0,0
Avery Johnson,2002,-0.1,0.3,12.2,48.0,0.8,0.6,3.3,0.4,0,0
Jarron Collins,2002,-0.2,0.2,8.2,22.0,2.8,0.9,5.5,1.3,0,0
Wang Zhizhi,2002,-0.2,0.2,11.6,41.0,1.4,0.8,4.4,1.2,0,0
Lee Nailon,2002,-0.1,0.1,14.3,38.0,1.3,0.8,5.5,1.0,0,0
Vitaly Potapenko,2002,-0.3,0.4,8.2,26.0,1.1,1.0,4.0,2.5,0,0
Bobby Simmons,2002,-0.1,0.3,13.0,36.0,1.0,0.2,3.3,1.2,0,0
Mamadou N'Diaye,2002,-0.2,0.4,13.5,22.0,2.1,1.0,5.5,2.4,0,0
Loren Woods,2002,0.0,0.5,9.9,38.0,0.7,0.6,2.1,1.8,0,0
Emanual Davis,2002,-0.2,0.2,8.0,24.0,0.9,1.0,3.7,1.6,0,0
Hubert Davis,2002,-0.1,0.3,8.8,43.0,0.1,0.3,1.8,0.7,0,0
Scot Pollard,2002,0.0,0.6,14.6,23.0,1.7,0.7,4.5,2.6,0,0
Carlos Arroyo,2002,0.1,0.2,14.1,44.0,0.5,0.7,2.8,0.3,0,0
Travis Knight,2002,-0.1,0.3,8.3,32.0,0.4,0.3,1.9,1.4,0,0
Monty Williams,2002,0.1,0.3,12.5,21.0,1.5,0.8,4.4,1.6,0,0
Randy Brown,2002,-0.1,0.4,7.2,32.0,0.4,0.5,1.3,0.7,0,0
Chris Mills,2002,0.0,0.0,12.7,21.0,0.9,0.5,4.8,1.5,0,0
Michael Stewart,2002,-0.3,0.2,5.9,47.0,0.3,0.2,0.8,0.8,0,0
Jahidi White,2002,-0.1,0.2,14.8,16.0,1.6,0.6,4.2,2.3,0,0
Lawrence Funderburke,2002,-0.1,0.3,11.8,27.0,0.6,0.2,2.7,1.4,0,0
Sean Marks,2002,-0.3,0.3,3.8,23.0,0.7,0.6,2.3,1.2,0,0
Danny Fortson,2002,-0.1,0.2,9.9,17.0,1.7,0.9,3.5,2.6,0,0
Popeye Jones,2002,-0.3,0.2,7.0,26.0,0.4,0.6,2.0,1.2,0,0
Art Long,2002,-0.3,0.3,6.2,26.0,0.4,0.8,2.3,1.5,0,0
Tariq Abdul-Wahad,2002,0.0,0.2,12.4,14.0,0.4,0.5,4.1,1.9,0,0
Rick Brunson,2002,0.1,0.1,13.4,17.0,0.7,1.0,3.5,0.9,0,0
Tracy Murray,2002,-0.2,0.1,5.2,31.0,0.3,0.5,2.0,0.6,0,0
John Crotty,2002,-0.2,0.1,7.6,12.0,1.3,0.8,3.4,1.2,0,0
Tierre Brown,2002,0.1,0.2,17.4,15.0,0.9,1.5,4.3,1.5,0,0
Corey Benjamin,2002,-0.2,0.1,7.3,9.0,1.8,0.7,4.4,2.3,0,0
Olumide Oyedeji,2002,-0.1,0.2,9.4,27.0,0.4,0.2,1.0,1.5,0,0
Reggie Slater,2002,0.1,0.1,19.2,26.0,1.7,0.3,3.1,0.5,0,0
Bruno Šundov,2002,-0.3,0.2,1.2,26.0,0.1,0.3,1.2,0.8,0,0
Evan Eschmeyer,2002,0.0,0.3,7.4,17.0,0.2,0.4,1.0,1.1,0,0
Tim Hardaway,2002,0.1,0.2,14.7,10.0,0.4,1.1,4.9,1.4,0,0
Damone Brown,2002,-0.2,0.0,1.6,5.0,1.6,1.2,5.6,2.4,0,0
Primož Brezec,2002,-0.1,0.1,10.9,22.0,0.9,0.3,1.9,0.5,0,0
Óscar Torres,2002,0.1,0.0,14.7,17.0,1.2,0.5,3.1,0.5,0,0
Chris Childs,2002,0.0,0.2,6.2,12.0,0.3,0.5,1.3,0.2,0,0
Jason Collier,2002,0.0,0.1,15.0,13.0,0.2,0.2,2.8,1.3,0,0
Matt Maloney,2002,0.0,0.0,9.2,14.0,0.4,0.4,1.7,0.4,0,0
Mark Bryant,2002,-0.2,0.1,0.4,16.0,0.3,0.4,0.8,0.8,0,0
Lavor Postell,2002,-0.1,0.0,7.8,12.0,1.3,0.6,3.6,0.3,0,0
Jeff Trepagnier,2002,0.1,0.2,17.5,8.0,0.9,1.0,5.6,1.0,0,0
Dean Oliver,2002,0.0,0.1,11.2,15.0,0.5,0.7,1.5,0.5,0,0
Danny Manning,2002,0.1,0.2,17.9,13.0,0.5,0.5,2.6,0.8,0,0
Michael Dickerson,2002,0.0,0.0,10.0,6.0,0.8,1.0,4.8,0.8,0,0
Joseph Forte,2002,-0.2,0.1,3.4,17.0,0.4,0.6,1.4,0.4,0,0
Horace Grant,2002,0.1,0.0,13.1,5.0,0.0,0.2,5.2,1.2,0,0
Anthony Goldwire,2002,-0.1,0.1,5.4,15.0,0.5,0.4,1.7,0.4,0,0
Jamison Brewer,2002,0.0,0.1,13.4,10.0,0.9,0.6,2.2,0.4,0,0
Bryce Drew,2002,0.0,0.1,9.4,13.0,0.0,0.2,1.5,0.7,0,0
Soumaila Samake,2002,0.0,0.1,12.9,13.0,0.2,0.2,1.7,1.0,0,0
Dalibor Bagarić,2002,-0.1,0.1,7.1,10.0,0.4,0.5,1.9,1.3,0,0
Amal McCaskill,2002,-0.1,0.1,7.3,11.0,0.4,0.2,1.0,1.4,0,0
Brandon Armstrong,2002,-0.1,0.1,3.9,17.0,0.4,0.3,1.4,0.2,0,0
Kirk Haston,2002,-0.2,0.1,-9.1,12.0,0.3,0.6,0.5,0.6,0,0
Mateen Cleaves,2002,-0.2,0.1,-3.7,12.0,0.3,1.2,1.3,0.6,0,0
Mengke Bateer,2002,-0.2,0.1,-8.4,12.0,0.2,0.5,0.8,0.7,0,0
Mikki Moore,2002,0.0,0.0,17.9,8.0,1.3,0.3,2.3,0.3,0,0
Chris Crawford,2002,0.1,0.0,28.8,5.0,1.6,0.4,4.8,0.8,0,0
Pepe Sánchez,2002,0.1,0.1,11.0,9.0,0.0,0.2,0.0,0.2,0,0
Antonio Harvey,2002,0.0,0.0,2.9,4.0,0.0,0.8,1.0,1.3,0,0
Alton Ford,2002,-0.1,0.0,-2.2,11.0,0.3,0.2,0.6,0.5,0,0
Rubén Wolkowyski,2002,0.0,0.0,1.2,7.0,0.6,0.1,0.7,0.1,0,0
Brandon Williams,2002,-0.1,0.0,-10.4,6.0,0.0,0.5,0.3,0.0,0,0
Brian Cardinal,2002,0.0,0.0,13.8,5.0,0.4,0.2,0.8,0.4,0,0
Mark Strickland,2002,0.0,0.0,16.3,4.0,0.0,0.3,1.0,0.5,0,0
Charles Smith,2002,0.0,0.0,5.9,3.0,1.3,0.3,1.7,0.0,0,0
Zendon Hamilton,2002,0.0,0.0,17.7,3.0,0.7,0.3,2.0,1.0,0,0
Randy Livingston,2002,0.0,0.0,19.6,2.0,1.0,0.0,3.0,0.0,0,0
Chris Dudley,2002,0.0,0.0,-1.7,3.0,0.0,0.0,0.0,0.0,0,0
Don Reid,2002,-0.1,0.0,-17.3,1.0,2.0,0.0,1.0,0.0,0,0
A.J. Guyton,2002,0.0,0.0,-9.0,2.0,0.0,0.5,0.0,0.0,0,0
Donny Marshall,2002,0.0,0.0,-20.7,3.0,0.0,0.3,0.0,1.0,0,0
Ruben Boumtje-Boumtje,2002,0.0,0.0,18.4,2.0,0.0,0.0,0.0,0.0,0,0
Joe Johnson,2003,0.6,1.1,13.9,82.0,2.8,2.4,16.7,3.7,0,0
Peja Stojaković,2003,4.9,2.1,21.8,81.0,5.2,1.9,24.2,5.1,1,2
Stephon Marbury,2003,4.3,1.7,20.4,81.0,5.4,3.1,20.2,2.5,0,0
Kevin Garnett,2003,10.0,8.0,29.4,82.0,5.7,2.6,24.2,10.9,1,1
Cuttino Mobley,2003,2.8,4.3,14.1,80.0,2.7,2.3,15.8,4.0,0,0
Shawn Marion,2003,4.6,3.8,19.9,79.0,3.4,2.0,19.0,6.6,0,0
Steve Francis,2003,2.7,4.7,15.8,79.0,5.5,3.7,16.6,4.0,0,0
Richard Jefferson,2003,3.4,4.4,18.1,82.0,5.7,2.4,18.5,4.3,0,0
Jim Jackson,2003,2.1,4.4,12.2,80.0,1.6,2.2,12.9,5.4,0,0
Damon Stoudamire,2003,1.7,1.4,14.8,82.0,1.8,2.2,13.4,3.1,0,0
Latrell Sprewell,2003,1.3,3.2,14.7,82.0,3.6,1.9,16.8,3.1,0,0
Paul Pierce,2003,3.2,3.4,19.4,80.0,7.9,3.8,23.0,5.7,0,0
Zach Randolph,2003,1.2,2.9,19.6,81.0,4.9,3.0,20.1,7.5,0,0
Ben Wallace,2003,4.3,9.1,17.3,81.0,3.6,1.5,9.5,8.4,1,2
Michael Redd,2003,3.5,1.3,19.9,82.0,5.4,1.4,21.7,3.5,1,3
Jason Terry,2003,1.7,1.5,16.2,81.0,3.2,2.8,16.8,3.5,0,0
Lamar Odom,2003,3.8,4.8,18.5,80.0,5.7,3.0,17.1,7.7,0,0
Eddie Jones,2003,3.4,3.0,16.7,81.0,4.1,1.6,17.3,3.3,0,0
Donyell Marshall,2003,3.6,5.5,18.9,82.0,2.2,1.4,14.7,7.3,0,0
Mike Bibby,2003,3.3,1.3,19.3,82.0,4.5,2.1,18.4,2.6,0,0
Eric Snow,2003,0.5,2.3,13.5,82.0,3.9,2.3,10.3,2.7,0,0
Stephen Jackson,2003,1.5,1.8,16.1,80.0,3.7,2.8,18.1,3.4,0,0
Jason Richardson,2003,1.9,2.7,16.8,78.0,4.8,2.5,18.7,5.1,0,0
Rashard Lewis,2003,2.2,1.3,17.5,80.0,3.4,1.7,17.8,4.8,0,0
Dirk Nowitzki,2003,4.3,2.5,22.5,77.0,5.5,1.8,21.8,7.5,1,3
Andrei Kirilenko,2003,7.2,5.0,22.6,78.0,6.4,2.8,16.5,5.2,0,0
Juwan Howard,2003,-0.6,0.0,15.6,81.0,4.9,2.2,17.0,4.9,0,0
Clifford Robinson,2003,0.6,2.1,10.8,82.0,2.1,2.1,11.8,3.3,0,0
Kerry Kittles,2003,2.6,4.5,14.7,82.0,1.7,1.2,13.1,3.3,0,0
Antoine Walker,2003,1.8,1.5,15.8,82.0,2.3,2.5,14.0,5.9,0,0
Andre Miller,2003,3.3,2.6,18.8,82.0,5.0,2.6,14.8,2.9,0,0
Sam Cassell,2003,4.6,3.3,22.8,81.0,4.1,2.7,19.8,2.8,1,2
Gary Payton,2003,2.9,2.7,17.3,82.0,3.1,1.8,14.6,3.3,0,0
Jamal Crawford,2003,2.4,2.1,15.9,80.0,3.0,2.4,17.3,3.0,0,0
Jermaine O'Neal,2003,3.1,6.3,21.1,78.0,5.9,2.3,20.1,7.5,1,2
Vince Carter,2003,3.9,3.4,20.0,73.0,5.7,3.1,22.5,3.5,0,0
Doug Christie,2003,2.0,2.4,14.0,82.0,2.1,1.9,10.1,3.2,0,0
Michael Finley,2003,2.7,0.5,17.8,72.0,2.7,1.2,18.6,3.4,0,0
Jamaal Magloire,2003,0.3,3.7,16.5,82.0,5.7,2.5,13.6,7.1,0,0
Richard Hamilton,2003,2.3,4.4,16.8,78.0,4.4,2.7,17.6,2.6,0,0
Chauncey Billups,2003,3.9,4.2,18.6,78.0,5.9,2.4,16.9,3.1,0,0
P.J. Brown,2003,1.9,3.4,15.7,80.0,2.3,1.3,10.5,5.7,0,0
Metta World Peace,2003,3.8,5.2,18.2,73.0,6.0,2.8,18.3,3.9,1,3
Tayshaun Prince,2003,2.6,4.6,13.3,82.0,1.7,1.5,10.3,3.6,0,0
Kenny Thomas,2003,0.9,3.7,15.9,74.0,4.4,2.3,13.6,6.6,0,0
Yao Ming,2003,3.2,4.8,21.9,82.0,5.4,2.5,17.5,6.6,1,3
Baron Davis,2003,4.8,3.2,20.7,67.0,5.3,3.2,22.9,3.3,1,3
Shareef Abdur-Rahim,2003,2.4,2.0,19.9,85.0,5.0,2.2,16.3,5.3,0,0
Tracy McGrady,2003,5.7,0.4,25.3,67.0,7.5,2.7,28.0,4.6,1,2
Elton Brand,2003,4.0,1.8,23.2,69.0,7.7,2.8,20.0,6.4,0,0
Theo Ratliff,2003,1.5,3.4,14.4,85.0,2.6,1.4,7.9,4.9,0,0
Corey Maggette,2003,2.7,0.5,20.1,73.0,8.5,2.8,20.7,4.6,0,0
Bruce Bowen,2003,1.0,4.6,8.2,82.0,1.4,1.1,6.9,2.5,0,0
Brad Miller,2003,3.4,3.0,19.4,72.0,4.6,2.0,14.1,7.7,0,0
Steve Nash,2003,3.0,-0.1,20.5,78.0,3.2,2.7,14.5,2.2,0,0
Carlos Boozer,2003,2.7,3.4,20.8,75.0,3.8,1.8,15.5,8.4,0,0
Rafer Alston,2003,1.9,2.8,13.7,82.0,1.6,1.6,10.2,2.4,0,0
Tony Parker,2003,1.8,4.0,15.7,75.0,3.6,2.4,14.7,2.6,0,0
Antonio Davis,2003,-0.3,2.8,11.8,80.0,2.9,1.4,8.9,5.8,0,0
Kurt Thomas,2003,0.8,3.3,14.1,80.0,1.6,1.7,11.1,6.5,0,0
Zydrunas Ilgauskas,2003,1.9,2.8,20.2,81.0,5.0,2.0,15.3,4.6,0,0
Desmond Mason,2003,1.0,1.2,15.7,82.0,5.6,1.8,14.4,3.2,0,0
Tim Duncan,2003,6.7,7.2,27.1,69.0,8.5,2.7,22.3,9.2,1,1
Nenê,2003,1.1,3.0,14.8,77.0,4.6,2.4,11.8,4.5,0,0
Jalen Rose,2003,-0.4,2.2,12.4,66.0,3.5,3.2,15.5,3.5,0,0
Ricky Davis,2003,1.3,2.0,16.1,79.0,3.5,2.4,14.4,3.6,0,0
Shaquille O'Neal,2003,4.1,4.0,24.4,67.0,10.1,2.9,21.5,7.8,1,1
Pau Gasol,2003,3.0,2.8,21.7,78.0,6.6,2.4,17.7,5.1,0,0
James Posey,2003,3.5,3.2,18.8,82.0,4.1,1.4,13.7,3.8,0,0
Jason Kidd,2003,4.2,4.4,19.7,67.0,3.7,3.2,15.5,5.1,1,1
Kobe Bryant,2003,4.7,3.0,23.7,65.0,8.2,2.6,24.0,3.9,1,1
DeShawn Stevenson,2003,-0.6,0.7,11.6,80.0,2.6,1.5,11.4,2.7,0,0
Al Harrington,2003,0.8,4.1,14.9,79.0,3.2,2.1,13.3,4.4,0,0
Erick Dampier,2003,1.8,3.4,20.1,74.0,4.5,1.8,12.3,7.3,0,0
Mark Blount,2003,0.9,2.9,16.0,82.0,2.7,1.8,10.3,4.7,0,0
Rasheed Wallace,2003,2.6,3.1,17.8,68.0,3.1,1.8,16.0,5.3,0,0
Antawn Jamison,2003,2.2,1.0,21.2,82.0,3.6,1.0,14.8,3.5,0,0
Jeff McInnis,2003,0.9,0.8,15.1,70.0,2.0,1.7,11.8,2.0,0,0
Rasho Nesterović,2003,1.9,5.6,15.3,82.0,1.4,1.3,8.7,4.6,0,0
Keith Van Horn,2003,1.9,2.2,17.8,72.0,4.0,2.3,16.1,4.9,0,0
Quentin Richardson,2003,0.7,0.4,15.1,65.0,3.1,2.2,17.2,4.1,0,0
Mike Dunleavy,2003,2.0,2.2,15.1,75.0,2.5,1.9,11.7,4.7,0,0
Tyronn Lue,2003,-0.3,-0.6,12.6,76.0,1.7,1.6,10.5,2.1,0,0
Vladimir Radmanović,2003,1.6,1.0,15.1,77.0,1.6,1.4,12.0,3.9,0,0
Vlade Divac,2003,2.4,1.8,16.3,81.0,3.2,2.1,9.9,4.0,0,0
Brian Grant,2003,0.0,2.8,12.1,76.0,1.4,1.1,8.7,4.6,0,0
Trenton Hassell,2003,0.4,2.3,8.2,81.0,0.8,0.6,5.0,2.3,0,0
Manu Ginóbili,2003,3.8,5.1,18.5,77.0,3.9,2.1,12.8,3.4,0,0
Reggie Miller,2003,3.1,2.9,16.1,80.0,2.1,0.9,10.0,2.1,0,0
Joe Smith,2003,0.9,2.3,16.6,76.0,3.2,1.1,10.9,5.4,0,0
Kenyon Martin,2003,2.2,5.1,18.7,65.0,4.5,2.6,16.7,7.4,0,0
Darrell Armstrong,2003,2.5,2.5,15.6,79.0,1.8,2.0,10.6,2.1,0,0
Kwame Brown,2003,0.8,2.0,15.7,74.0,4.5,1.9,10.9,5.0,0,0
Voshon Lenard,2003,0.3,1.2,13.5,73.0,2.5,1.4,14.2,2.1,0,0
Jason Collins,2003,0.3,3.5,10.0,78.0,2.4,1.2,5.9,3.3,0,0
Samuel Dalembert,2003,1.3,4.0,16.1,82.0,2.1,1.0,8.0,5.3,0,0
Mike James,2003,1.2,2.2,14.4,81.0,1.6,1.5,9.3,2.5,0,0
Jiří Welsch,2003,0.6,1.9,12.6,81.0,2.5,1.6,9.2,2.9,0,0
Marcus Camby,2003,2.5,4.3,17.8,72.0,1.9,1.4,8.6,7.2,0,0
Eddy Curry,2003,-0.5,1.8,14.8,73.0,4.8,2.4,14.7,4.2,0,0
Greg Ostertag,2003,1.4,2.7,14.3,78.0,2.5,1.3,6.8,4.6,0,0
Ray Allen,2003,3.2,0.4,21.7,56.0,4.8,2.8,23.0,3.9,0,0
Morris Peterson,2003,1.1,2.8,12.1,82.0,1.1,0.8,8.3,2.8,0,0
Drew Gooden,2003,-0.2,0.9,15.6,79.0,3.3,1.6,11.6,4.5,0,0
Jason Williams,2003,2.3,1.4,16.9,72.0,1.4,1.9,10.9,1.7,0,0
Aaron McKie,2003,1.8,2.3,13.9,75.0,1.5,1.4,9.2,2.8,0,0
Anfernee Hardaway,2003,0.1,1.4,11.8,76.0,1.8,1.4,9.2,2.9,0,0
Tim Thomas,2003,1.1,1.6,15.1,66.0,3.3,1.8,14.7,3.9,0,0
Maurice Taylor,2003,0.1,2.8,13.6,75.0,2.3,2.0,11.5,3.4,0,0
Darius Miles,2003,1.3,1.7,16.1,79.0,2.4,1.6,10.9,3.1,0,0
Hedo Türkoğlu,2003,2.3,4.5,14.1,80.0,2.0,1.2,9.2,3.8,0,0
Calbert Cheaney,2003,-0.1,1.3,10.6,79.0,1.0,1.1,7.6,2.3,0,0
Gilbert Arenas,2003,1.1,1.5,16.0,55.0,5.8,4.1,19.6,3.6,0,0
Larry Hughes,2003,1.5,1.6,17.6,61.0,5.5,2.5,18.8,3.8,0,0
Gordan Giriček,2003,0.2,0.2,13.2,73.0,2.2,1.4,11.3,2.4,0,0
Allen Iverson,2003,2.1,2.3,19.3,48.0,9.5,4.4,26.4,3.0,0,0
Caron Butler,2003,-0.4,2.4,10.7,68.0,2.6,1.3,9.2,3.4,0,0
Amar'e Stoudemire,2003,1.1,2.0,19.8,55.0,7.9,3.2,20.6,6.2,0,0
Ronald Murray,2003,0.4,0.5,15.4,82.0,2.9,1.8,12.4,1.9,0,0
Raja Bell,2003,0.0,1.5,12.7,82.0,3.0,1.4,11.2,2.2,0,0
Damon Jones,2003,1.0,0.3,14.2,82.0,0.9,1.3,7.0,1.9,0,0
Carlos Arroyo,2003,1.5,1.2,16.8,71.0,3.2,2.2,12.6,2.0,0,0
David Wesley,2003,0.2,1.4,12.6,61.0,3.0,1.6,14.0,1.7,0,0
Shandon Anderson,2003,-0.2,1.5,10.1,80.0,2.0,1.5,7.9,2.1,0,0
Jeff Foster,2003,1.6,3.8,16.2,82.0,1.9,0.7,6.1,4.4,0,0
Devean George,2003,0.8,2.5,11.5,82.0,1.2,1.1,7.4,3.0,0,0
Shane Battier,2003,2.3,2.3,15.3,79.0,2.1,0.7,8.5,2.5,0,0
Jared Jeffries,2003,-1.2,1.2,8.7,82.0,2.1,1.3,5.7,3.0,0,0
Etan Thomas,2003,0.4,2.1,16.4,79.0,3.7,1.4,8.9,4.4,0,0
Walter McCarty,2003,0.7,1.6,10.9,77.0,1.1,1.2,7.9,2.7,0,0
Eric Williams,2003,0.0,1.4,12.5,71.0,4.0,1.2,10.0,3.1,0,0
Bonzi Wells,2003,-0.4,1.8,13.0,72.0,2.5,2.2,12.3,2.5,0,0
Earl Boykins,2003,1.2,0.8,16.2,82.0,2.0,1.2,10.2,1.2,0,0
Casey Jacobsen,2003,0.1,0.5,9.6,78.0,1.4,0.9,6.0,2.0,0,0
Derek Anderson,2003,1.0,0.9,15.1,51.0,3.7,1.8,13.6,3.1,0,0
Fred Hoiberg,2003,1.8,2.6,13.6,79.0,1.5,0.6,6.7,3.1,0,0
Brent Barry,2003,2.4,0.7,18.3,59.0,1.9,2.4,10.8,3.1,0,0
Allan Houston,2003,0.7,0.6,14.8,50.0,3.4,2.0,18.5,2.0,0,0
Mike Miller,2003,1.1,1.4,14.9,65.0,2.2,1.6,11.1,2.7,0,0
Derek Fisher,2003,0.5,2.0,11.5,82.0,1.9,1.0,7.1,1.5,0,0
Marko Jarić,2003,0.6,0.6,12.6,58.0,1.7,2.0,8.5,2.3,0,0
Kelvin Cato,2003,1.1,3.5,13.2,69.0,2.1,1.2,6.1,4.6,0,0
Jarron Collins,2003,0.0,1.1,11.1,81.0,3.2,1.0,6.0,2.5,0,0
Alvin Williams,2003,0.0,1.8,11.4,56.0,1.5,1.4,8.8,2.4,0,0
George Lynch,2003,0.2,1.6,9.7,78.0,0.7,0.8,4.8,2.8,0,0
Dale Davis,2003,0.7,1.5,12.9,76.0,1.4,0.5,4.4,3.2,0,0
Lorenzen Wright,2003,0.0,2.1,14.0,65.0,2.0,1.2,9.4,4.6,0,0
Earl Watson,2003,0.4,1.7,12.8,81.0,1.7,1.8,5.7,1.6,0,0
Bob Sura,2003,1.3,2.0,16.2,80.0,2.8,1.3,7.5,2.8,0,0
Ruben Patterson,2003,1.0,1.3,14.6,73.0,2.6,1.4,6.9,1.9,0,0
Dion Glover,2003,0.0,1.0,12.2,69.0,2.3,1.5,9.0,3.0,0,0
Jerome Williams,2003,1.0,2.5,14.7,68.0,2.3,1.1,6.2,4.4,0,0
Brian Cardinal,2003,2.2,1.7,19.4,76.0,3.6,1.1,9.6,2.9,0,0
Nazr Mohammed,2003,0.3,1.9,16.1,80.0,2.1,1.2,7.4,3.7,0,0
Bo Outlaw,2003,1.2,2.2,13.1,82.0,1.4,0.8,4.6,2.6,0,0
Jake Voskuhl,2003,-0.4,1.0,11.2,66.0,2.7,1.2,6.6,3.3,0,0
John Salmons,2003,0.5,1.7,10.6,77.0,1.2,1.0,5.8,2.1,0,0
Anthony Johnson,2003,0.6,2.2,11.6,73.0,1.3,1.0,6.2,1.4,0,0
Speedy Claxton,2003,1.2,1.6,17.3,60.0,3.7,1.7,10.6,2.0,0,0
Mehmet Okur,2003,1.4,3.3,18.3,71.0,2.9,1.4,9.6,3.7,0,0
Brian Skinner,2003,0.1,1.6,14.4,56.0,2.5,1.4,10.5,5.2,0,0
Corliss Williamson,2003,0.2,2.5,14.4,79.0,2.5,1.4,9.5,2.1,0,0
Chucky Atkins,2003,0.3,1.3,12.1,64.0,1.5,1.4,8.4,1.3,0,0
Stromile Swift,2003,1.0,2.4,19.2,77.0,3.4,1.1,9.4,3.1,0,0
Toni Kukoč,2003,1.6,1.3,16.1,73.0,2.7,1.5,8.4,2.9,0,0
Antonio Daniels,2003,1.9,0.0,19.7,71.0,2.6,0.9,8.0,1.7,0,0
Fred Jones,2003,0.8,2.3,11.8,81.0,1.8,0.9,4.9,1.2,0,0
Lucious Harris,2003,-0.1,1.7,11.1,69.0,1.1,0.8,6.9,1.5,0,0
Dikembe Mutombo,2003,0.8,2.1,14.3,65.0,1.8,0.8,5.6,4.5,0,0
Brendan Haywood,2003,0.5,1.4,17.2,77.0,3.0,1.0,7.0,2.6,0,0
Juan Dixon,2003,0.2,1.1,13.5,71.0,2.0,1.5,9.4,1.7,0,0
Tony Battie,2003,-0.1,1.4,11.9,73.0,1.2,0.9,5.6,3.3,0,0
Howard Eisley,2003,0.2,0.8,12.4,67.0,1.3,1.5,6.9,1.6,0,0
Stanislav Medvedenko,2003,-0.4,1.6,13.6,68.0,1.7,0.9,8.3,2.9,0,0
Vitaly Potapenko,2003,-0.8,0.3,11.2,65.0,1.4,1.2,7.1,2.9,0,0
Stacey Augmon,2003,-0.3,1.3,10.0,69.0,2.0,1.1,5.8,1.8,0,0
Kendall Gill,2003,-0.3,1.3,11.1,56.0,2.4,1.5,9.6,2.3,0,0
Rodney Rogers,2003,0.6,2.6,14.2,69.0,1.4,1.4,7.8,3.0,0,0
Kevin Ollie,2003,0.0,1.0,12.2,82.0,2.1,1.0,4.2,1.8,0,0
Anthony Peeler,2003,0.5,0.8,11.8,75.0,0.8,1.0,5.7,1.6,0,0
Jamaal Tinsley,2003,1.9,2.5,16.4,52.0,1.3,2.1,8.3,2.1,0,0
Bobby Simmons,2003,0.1,0.4,12.6,56.0,3.0,1.3,7.8,2.6,0,0
Karl Malone,2003,1.7,2.2,17.8,42.0,5.4,2.5,13.2,7.3,0,0
Chris Wilcox,2003,-0.1,0.3,15.3,65.0,2.3,1.2,8.6,2.8,0,0
Aaron Williams,2003,0.1,2.3,13.2,72.0,2.2,1.2,6.3,2.7,0,0
Glenn Robinson,2003,0.1,1.3,15.0,42.0,3.3,2.5,16.6,3.4,0,0
Chris Mihm,2003,-0.3,1.8,14.6,76.0,2.2,1.2,6.3,3.4,0,0
Vin Baker,2003,0.0,1.1,14.8,54.0,2.9,1.4,9.8,3.1,0,0
Robert Horry,2003,1.5,2.9,14.5,81.0,1.3,0.7,4.8,2.0,0,0
Reggie Evans,2003,-0.6,1.1,9.9,75.0,2.0,0.9,2.9,3.4,0,0
Jacque Vaughn,2003,-1.0,0.4,8.0,71.0,1.0,1.2,3.8,1.5,0,0
Dan Gadzuric,2003,0.8,2.0,17.0,75.0,1.6,0.6,5.7,2.9,0,0
Malik Rose,2003,0.3,2.7,15.0,67.0,3.4,1.7,7.9,3.1,0,0
Nick Van Exel,2003,0.2,0.4,13.1,39.0,2.5,2.0,12.6,2.3,0,0
Charlie Ward,2003,1.4,1.8,14.5,71.0,0.4,1.4,6.0,1.9,0,0
Mark Madsen,2003,-0.3,1.5,9.4,72.0,1.6,0.7,3.6,1.9,0,0
Ira Newble,2003,-0.8,0.5,6.7,64.0,0.7,0.8,4.0,1.4,0,0
Kareem Rush,2003,0.0,1.0,10.4,72.0,0.7,0.7,6.4,1.1,0,0
Michael Curry,2003,-1.3,0.9,3.6,70.0,0.8,0.7,2.9,0.9,0,0
Andrew DeClercq,2003,-0.5,0.6,10.6,71.0,0.8,0.8,3.2,2.6,0,0
Milt Palacio,2003,-0.9,1.3,7.4,59.0,1.2,1.5,4.4,1.5,0,0
Chris Crawford,2003,0.1,0.5,15.8,56.0,2.1,1.0,10.2,2.1,0,0
Calvin Booth,2003,0.0,0.9,13.6,71.0,1.3,0.6,4.9,2.7,0,0
Rod Strickland,2003,0.0,0.3,14.9,61.0,1.6,1.4,6.3,2.0,0,0
Eddie House,2003,0.2,0.5,12.0,60.0,0.8,1.1,6.8,1.8,0,0
Bobby Jackson,2003,1.2,0.8,19.2,50.0,2.2,1.3,13.8,2.4,0,0
Keyon Dooling,2003,-0.6,0.1,10.0,58.0,1.6,1.1,6.2,1.1,0,0
Matt Harpring,2003,0.3,0.9,16.1,31.0,5.1,2.1,16.2,5.0,0,0
Horace Grant,2003,0.2,1.2,10.6,55.0,1.0,0.5,4.1,2.8,0,0
Jon Barry,2003,1.1,1.1,14.6,57.0,1.2,0.9,6.2,1.7,0,0
Austin Croshere,2003,0.8,1.8,14.4,77.0,1.4,0.7,5.0,2.4,0,0
Corie Blount,2003,0.1,1.6,11.9,62.0,0.4,0.7,4.0,2.9,0,0
Wesley Person,2003,0.2,0.4,11.5,58.0,0.7,0.7,5.8,1.7,0,0
Brevin Knight,2003,0.4,1.2,13.6,56.0,1.2,1.3,4.7,1.8,0,0
Doug Overton,2003,-0.8,-0.1,7.5,61.0,0.5,1.0,3.7,1.1,0,0
Chris Andersen,2003,0.6,1.9,14.4,71.0,1.5,0.7,3.4,2.9,0,0
Michael Doleac,2003,0.0,1.2,12.4,72.0,0.7,0.7,4.5,2.5,0,0
Gary Trent,2003,-0.3,1.2,12.9,68.0,1.3,0.8,5.6,2.0,0,0
Eddie Robinson,2003,-0.1,0.6,11.0,51.0,0.8,0.9,6.7,1.5,0,0
Jerome James,2003,-0.7,0.6,11.3,65.0,1.5,1.3,5.0,2.3,0,0
Rodney White,2003,0.4,0.9,16.4,72.0,1.4,1.1,7.5,1.7,0,0
Christian Laettner,2003,0.6,1.1,14.5,48.0,1.0,0.9,5.9,3.8,0,0
Kedrick Brown,2003,0.6,0.6,12.5,55.0,0.5,0.5,5.3,1.9,0,0
Ervin Johnson,2003,0.2,1.7,8.5,66.0,0.4,0.5,1.9,2.6,0,0
Predrag Drobnjak,2003,-0.3,0.4,12.6,61.0,1.4,0.8,6.3,2.3,0,0
Bryon Russell,2003,0.4,1.1,11.6,72.0,0.9,0.5,4.0,1.6,0,0
Robert Traylor,2003,0.1,1.5,16.2,71.0,1.8,0.9,5.1,2.2,0,0
Steve Smith,2003,0.0,0.4,11.8,71.0,1.2,0.6,5.0,0.8,0,0
Brian Scalabrine,2003,-0.1,1.4,9.5,69.0,1.0,0.6,3.5,1.9,0,0
Antonio McDyess,2003,-0.1,1.2,12.6,42.0,1.6,1.4,6.9,4.5,0,0
Michael Olowokandi,2003,-0.4,1.7,11.2,43.0,1.4,1.3,6.5,3.9,0,0
Kenny Anderson,2003,0.1,1.1,11.1,44.0,1.1,1.1,6.0,1.4,0,0
Elden Campbell,2003,0.2,2.0,13.8,65.0,1.9,1.0,5.6,2.4,0,0
Othella Harrington,2003,-0.6,0.7,9.0,56.0,1.4,1.2,4.6,2.1,0,0
Clarence Weatherspoon,2003,0.5,1.3,14.6,52.0,1.4,0.7,5.0,2.5,0,0
Jahidi White,2003,-0.6,1.0,11.8,62.0,2.0,1.1,4.2,2.6,0,0
Moochie Norris,2003,0.2,0.9,10.9,66.0,1.1,1.0,3.5,0.8,0,0
Rick Fox,2003,-0.2,0.8,8.0,38.0,0.8,1.3,4.8,1.9,0,0
Derrick Coleman,2003,0.0,1.2,11.6,34.0,1.9,1.7,8.0,4.3,0,0
Chris Webber,2003,0.3,0.9,17.2,23.0,5.0,2.6,18.7,6.6,0,0
Tom Gugliotta,2003,0.0,0.9,9.1,55.0,0.5,0.7,2.9,2.2,0,0
Steven Hunter,2003,-0.2,0.3,11.2,59.0,1.2,0.5,3.2,2.0,0,0
Tony Massenburg,2003,-0.8,0.6,9.7,59.0,1.1,0.8,4.3,2.2,0,0
Donnell Harvey,2003,-0.4,0.5,10.4,60.0,1.4,0.8,4.0,1.9,0,0
Tyson Chandler,2003,0.0,1.2,14.2,35.0,3.4,1.1,6.1,5.4,0,0
Lee Nailon,2003,-0.5,0.3,13.2,57.0,1.0,0.8,6.0,1.4,0,0
Jerry Stackhouse,2003,-0.3,0.4,13.2,26.0,4.0,3.4,13.9,3.0,0,0
Shawn Bradley,2003,0.4,0.9,15.6,66.0,0.7,0.3,3.3,1.5,0,0
Lonny Baxter,2003,-0.2,1.0,12.6,62.0,1.2,0.6,4.0,2.0,0,0
Shammond Williams,2003,0.1,0.2,13.1,53.0,1.1,0.9,4.8,1.0,0,0
Travis Best,2003,-0.2,0.2,10.1,61.0,0.8,0.5,2.8,0.8,0,0
Marcus Fizer,2003,-0.5,0.8,13.4,46.0,2.6,1.1,7.8,3.1,0,0
Michael Ruffin,2003,-0.3,1.0,7.0,41.0,0.9,1.0,2.2,3.1,0,0
DeSagana Diop,2003,0.0,1.1,10.4,56.0,0.4,0.5,2.3,2.3,0,0
Jamal Mashburn,2003,0.1,0.6,14.7,19.0,4.2,1.9,20.8,5.2,0,0
Eduardo Nájera,2003,0.1,0.5,11.5,58.0,0.8,0.5,3.0,1.5,0,0
Frank Williams,2003,-0.2,0.5,10.7,56.0,0.9,1.1,3.9,0.8,0,0
Daniel Santiago,2003,0.0,0.6,11.2,54.0,1.7,0.6,4.0,1.8,0,0
Dajuan Wagner,2003,-0.5,0.4,8.6,44.0,1.1,0.9,6.5,1.1,0,0
Greg Buckner,2003,-0.3,0.7,7.4,53.0,0.5,0.6,3.1,1.4,0,0
Eric Piatkowski,2003,0.2,0.8,8.7,49.0,0.3,0.6,4.1,1.3,0,0
Scot Pollard,2003,-0.2,1.3,8.3,61.0,0.3,0.4,1.7,1.6,0,0
Rasual Butler,2003,0.4,0.5,14.0,45.0,0.5,0.6,6.8,1.3,0,0
Qyntel Woods,2003,-0.5,0.5,9.4,62.0,1.0,0.8,3.6,1.5,0,0
Lindsey Hunter,2003,0.3,1.3,9.0,33.0,0.2,1.0,3.5,1.6,0,0
Jason Hart,2003,0.4,1.3,12.3,53.0,0.8,0.5,3.3,1.3,0,0
Avery Johnson,2003,-0.1,0.4,11.7,46.0,1.7,1.1,4.6,0.7,0,0
Amal McCaskill,2003,-0.3,0.7,7.3,59.0,0.5,0.4,1.9,1.4,0,0
Devin Brown,2003,0.1,1.2,13.1,58.0,1.3,0.7,4.0,1.6,0,0
Danny Fortson,2003,-0.3,0.4,15.9,56.0,1.6,0.7,3.9,2.4,0,0
Wally Szczerbiak,2003,0.4,0.6,15.3,28.0,2.3,1.0,10.2,2.3,0,0
Malik Allen,2003,-0.3,0.8,10.5,45.0,0.7,0.6,4.2,1.7,0,0
Troy Murphy,2003,0.1,0.7,16.8,28.0,2.9,1.2,10.0,4.5,0,0
Marc Jackson,2003,0.0,0.6,13.2,22.0,3.7,1.1,9.4,3.7,0,0
Sean Rooks,2003,-0.6,0.3,6.8,55.0,0.7,0.4,2.6,1.3,0,0
Ansu Sesay,2003,-0.1,0.2,13.0,57.0,0.8,0.4,3.5,0.9,0,0
Mark Jackson,2003,-0.2,0.7,8.9,42.0,0.9,1.3,2.5,1.4,0,0
Adonal Foyle,2003,0.1,0.8,13.0,44.0,0.8,0.5,3.1,2.6,0,0
Erick Strickland,2003,0.3,0.4,14.0,43.0,1.2,1.3,5.4,1.3,0,0
Mitchell Butler,2003,0.0,0.3,9.3,41.0,0.6,0.6,3.3,1.1,0,0
Scott Padgett,2003,0.5,0.9,15.6,58.0,0.6,0.4,3.4,1.6,0,0
Jason Collier,2003,-0.2,0.3,14.6,20.0,4.3,1.6,11.3,3.8,0,0
Jake Tsakalidis,2003,0.0,0.6,12.5,40.0,1.5,0.6,4.3,2.3,0,0
Scott Williams,2003,-0.1,0.5,14.4,43.0,0.6,0.4,4.6,2.2,0,0
Lamond Murray,2003,-0.2,0.7,8.9,33.0,1.1,1.2,6.0,2.3,0,0
Boštjan Nachbar,2003,0.1,0.8,8.3,45.0,0.6,0.5,3.1,1.4,0,0
Ron Mercer,2003,-0.2,0.8,9.3,39.0,0.4,0.7,5.0,1.0,0,0
Melvin Ely,2003,-0.2,0.1,11.1,42.0,1.0,0.5,3.7,1.3,0,0
Tony Delk,2003,0.2,0.3,13.2,33.0,1.3,0.5,6.0,1.3,0,0
Oliver Miller,2003,0.2,1.0,12.9,48.0,0.5,0.7,2.5,1.8,0,0
Loren Woods,2003,0.0,0.6,12.3,38.0,1.4,0.7,3.2,1.8,0,0
Troy Hudson,2003,0.0,0.3,12.5,29.0,1.1,1.2,7.5,1.1,0,0
Darvin Ham,2003,-0.1,0.8,8.3,54.0,0.6,0.6,1.8,0.9,0,0
Jannero Pargo,2003,-0.2,0.3,11.5,31.0,0.9,1.5,6.7,0.9,0,0
Zendon Hamilton,2003,0.1,0.6,15.9,46.0,2.1,0.6,3.7,2.1,0,0
Vladimir Stepania,2003,-0.1,0.4,12.2,42.0,0.9,0.5,2.6,1.8,0,0
J.R. Bremer,2003,-0.4,0.3,6.2,36.0,0.6,0.7,3.3,0.8,0,0
Brandon Armstrong,2003,-0.6,0.5,5.5,56.0,0.1,0.4,2.7,0.6,0,0
Samaki Walker,2003,-0.2,0.6,10.4,33.0,1.3,0.5,3.2,2.1,0,0
Jérôme Moïso,2003,-0.1,0.8,12.3,35.0,1.1,0.7,2.9,2.1,0,0
Scottie Pippen,2003,0.1,0.5,12.4,23.0,1.2,1.3,5.9,2.1,0,0
Rick Brunson,2003,0.2,0.4,13.1,40.0,0.8,0.8,3.0,0.7,0,0
Mikki Moore,2003,0.1,0.4,13.3,32.0,1.1,0.7,4.1,1.7,0,0
Ryan Bowen,2003,0.2,0.5,9.9,52.0,0.2,0.1,0.9,0.9,0,0
Kevin Willis,2003,0.0,1.0,14.9,48.0,0.8,0.7,3.4,1.3,0,0
Jumaine Jones,2003,-0.1,0.3,7.6,42.0,0.5,0.5,2.2,1.0,0,0
John Wallace,2003,-0.1,0.4,11.6,37.0,1.1,0.6,4.3,1.3,0,0
Mamadou N'Diaye,2003,-0.3,0.4,12.9,28.0,2.1,0.6,3.5,2.5,0,0
Joel Przybilla,2003,-0.4,0.4,6.7,17.0,1.8,1.1,2.9,4.6,0,0
Gerald Wallace,2003,-0.1,0.3,10.6,37.0,0.6,0.2,2.0,1.1,0,0
Raef LaFrentz,2003,0.2,0.3,16.8,17.0,0.8,0.6,7.8,2.9,0,0
Roger Mason,2003,-0.1,0.4,7.7,26.0,0.8,0.8,3.7,1.2,0,0
Nikoloz Tskitishvili,2003,-0.4,0.3,7.1,39.0,0.7,0.4,2.7,1.0,0,0
Dan Dickau,2003,-0.1,0.2,9.0,43.0,0.3,0.6,2.2,0.4,0,0
DerMarr Johnson,2003,0.0,0.3,11.5,21.0,1.5,0.8,5.4,1.6,0,0
Željko Rebrača,2003,-0.1,0.4,10.5,24.0,1.3,0.7,3.8,1.5,0,0
Jonathan Bender,2003,0.0,0.4,15.7,21.0,2.2,1.6,7.0,1.5,0,0
Marcus Haislip,2003,0.1,0.2,14.6,31.0,0.9,0.3,3.0,1.0,0,0
Glen Rice,2003,-0.2,0.0,7.3,18.0,0.9,0.7,3.7,1.8,0,0
Tremaine Fowlkes,2003,0.0,0.5,6.5,36.0,0.5,0.3,1.2,1.0,0,0
Robert Archibald,2003,-0.1,0.4,5.6,32.0,1.0,0.3,1.0,1.0,0,0
Robert Pack,2003,-0.1,0.3,8.0,26.0,0.2,0.6,1.9,0.5,0,0
Alonzo Mourning,2003,0.0,0.3,13.3,12.0,2.8,0.8,8.0,1.6,0,0
Chris Jefferies,2003,-0.1,0.2,8.4,21.0,1.0,0.9,4.0,1.1,0,0
Chris Whitney,2003,0.1,0.1,10.1,16.0,0.3,0.4,2.9,0.8,0,0
Darrick Martin,2003,-0.2,0.1,6.1,16.0,0.6,0.4,3.4,0.3,0,0
Bimbo Coles,2003,-0.3,0.1,1.8,22.0,0.3,0.4,1.3,0.4,0,0
Jabari Smith,2003,-0.2,0.1,9.2,31.0,0.6,0.2,2.1,0.6,0,0
Tamar Slay,2003,-0.1,0.2,7.8,22.0,0.6,0.5,2.4,0.7,0,0
Jamison Brewer,2003,0.0,0.2,6.6,13.0,0.5,0.8,2.5,0.7,0,0
Eddie Gill,2003,0.1,0.1,13.2,22.0,0.9,0.5,2.3,0.6,0,0
Michael Stewart,2003,-0.1,0.2,4.2,25.0,0.2,0.1,0.5,0.8,0,0
Mike Wilks,2003,0.1,0.2,14.4,26.0,0.5,0.3,1.9,0.5,0,0
Rodney Buford,2003,-0.2,0.1,6.2,22.0,0.3,0.2,1.9,0.4,0,0
Adrian Griffin,2003,0.0,0.2,4.5,19.0,0.2,0.2,0.6,0.9,0,0
Jamal Sampson,2003,0.0,0.2,15.0,10.0,1.2,0.6,2.9,2.9,0,0
Wang Zhizhi,2003,-0.1,0.1,11.5,16.0,0.6,0.4,2.9,0.9,0,0
Paul Grant,2003,-0.1,0.1,5.1,10.0,0.8,0.7,2.5,1.0,0,0
Michael Bradley,2003,-0.2,0.1,4.1,16.0,0.1,0.4,0.9,1.1,0,0
Jeff Trepagnier,2003,-0.2,0.1,2.3,11.0,0.5,0.5,2.3,0.8,0,0
Mateen Cleaves,2003,-0.1,0.1,6.8,4.0,0.5,1.3,3.8,1.5,0,0
Anthony Carter,2003,-0.2,0.2,0.3,5.0,0.0,2.4,4.4,1.8,0,0
Derrick Dial,2003,0.0,0.0,11.6,9.0,0.9,0.1,2.9,0.9,0,0
Paul Shirley,2003,-0.2,0.0,4.6,7.0,0.4,1.3,3.0,1.1,0,0
Anthony Goldwire,2003,0.0,0.1,8.8,11.0,0.1,0.3,1.5,0.5,0,0
Bryce Drew,2003,-0.1,0.1,4.5,15.0,0.2,0.5,0.8,0.4,0,0
Hubert Davis,2003,-0.1,0.1,-2.3,17.0,0.1,0.2,0.2,0.4,0,0
Primož Brezec,2003,-0.1,0.1,9.7,18.0,0.3,0.3,1.6,0.6,0,0
Shane Heal,2003,0.0,0.1,5.3,6.0,0.8,0.8,3.7,0.5,0,0
Alan Henderson,2003,0.1,0.0,18.2,6.0,1.0,0.5,4.0,1.7,0,0
Quincy Lewis,2003,-0.1,0.1,4.1,14.0,0.0,0.2,1.1,0.4,0,0
Cherokee Parks,2003,0.0,0.0,7.0,12.0,0.5,0.2,1.0,0.5,0,0
Sean Lampley,2003,0.1,0.0,21.6,10.0,1.2,0.3,3.4,0.9,0,0
Randy Livingston,2003,-0.1,0.0,1.7,4.0,1.5,1.0,2.0,1.3,0,0
Alton Ford,2003,0.0,0.1,12.4,9.0,0.7,0.3,1.7,0.9,0,0
Mengke Bateer,2003,0.0,0.0,7.2,7.0,0.0,0.3,1.1,0.4,0,0
Tyrone Hill,2003,0.0,0.0,8.2,5.0,0.8,0.4,1.8,0.6,0,0
Dan Langhi,2003,-0.1,0.0,1.8,6.0,0.3,0.3,2.2,0.7,0,0
Tracy Murray,2003,-0.1,0.0,2.4,7.0,0.1,0.3,1.1,0.3,0,0
Bruno Šundov,2003,-0.1,0.0,3.5,5.0,1.2,0.6,2.2,1.6,0,0
Keon Clark,2003,0.0,0.0,8.8,2.0,0.0,0.0,2.0,3.0,0,0
Ruben Boumtje-Boumtje,2003,0.0,0.0,3.4,9.0,0.2,0.0,0.4,0.1,0,0
Charles Oakley,2003,0.0,0.0,8.1,7.0,0.9,0.1,1.3,0.7,0,0
Rusty LaRue,2003,0.0,0.0,3.1,4.0,0.5,1.0,1.0,0.8,0,0
Pat Garrity,2003,0.0,0.0,0.5,2.0,0.0,0.0,1.0,0.0,0,0
Mark Pope,2003,-0.1,0.0,-9.0,4.0,0.3,0.8,0.5,0.8,0,0
Damone Brown,2003,-0.1,0.0,-4.3,3.0,0.7,0.3,1.0,0.7,0,0
Tierre Brown,2003,-0.1,0.0,-9.2,3.0,1.3,2.3,2.0,0.3,0,0
Cezary Trybański,2003,-0.1,0.0,-12.1,7.0,0.3,0.3,0.1,0.1,0,0
Jelani McCoy,2003,0.0,0.0,-3.8,2.0,0.0,0.5,0.0,1.5,0,0
Olden Polynice,2003,0.0,0.0,-9.2,2.0,0.0,2.0,0.0,0.5,0,0
Ryan Humphrey,2003,0.0,0.0,-1.0,2.0,0.0,1.0,1.0,0.5,0,0
Dana Barros,2003,0.0,0.0,17.8,1.0,2.0,0.0,6.0,0.0,0,0
Popeye Jones,2003,0.0,0.0,-7.8,5.0,0.0,0.0,0.0,0.0,0,0
Leon Smith,2003,0.0,0.0,21.7,1.0,0.0,0.0,2.0,1.0,0,0
LeBron James,2004,9.1,4.6,25.7,80.0,8.0,3.3,27.2,6.0,1,2
Stephon Marbury,2004,5.1,1.3,21.9,82.0,6.7,2.8,21.7,2.4,0,0
Gilbert Arenas,2004,5.2,2.3,21.3,80.0,8.0,3.0,25.5,3.7,1,3
Joe Johnson,2004,2.4,1.7,15.1,82.0,2.2,1.8,17.1,3.7,0,0
Tracy McGrady,2004,6.9,5.4,22.9,78.0,7.1,2.6,25.7,5.3,1,3
Allen Iverson,2004,5.0,3.7,23.2,75.0,10.5,4.6,30.7,3.3,1,1
Shawn Marion,2004,5.1,5.2,21.7,81.0,3.4,1.5,19.4,8.4,1,3
Kevin Garnett,2004,9.1,6.0,28.2,82.0,6.7,2.7,22.2,10.5,1,2
Mike Bibby,2004,3.6,1.9,19.2,80.0,5.2,2.5,19.6,3.2,0,0
Ray Allen,2004,4.8,1.0,20.9,78.0,5.5,2.2,23.9,3.4,1,2
Tayshaun Prince,2004,3.1,4.0,16.2,82.0,3.3,1.6,14.7,3.7,0,0
Dirk Nowitzki,2004,7.1,5.2,26.1,78.0,9.1,2.3,26.1,8.5,1,1
Chris Bosh,2004,1.4,2.9,17.5,81.0,6.7,2.3,16.8,6.5,0,0
Elton Brand,2004,4.2,3.7,22.4,81.0,6.0,2.3,20.0,5.9,0,0
Steve Francis,2004,2.4,2.3,18.9,78.0,7.8,4.1,21.3,4.2,0,0
Dwyane Wade,2004,4.9,4.3,23.1,77.0,9.9,4.2,24.1,3.7,1,2
Paul Pierce,2004,4.9,3.6,21.8,82.0,8.1,2.8,21.6,5.6,0,0
Antoine Walker,2004,1.2,2.3,15.5,77.0,4.8,3.3,19.1,6.7,0,0
Richard Hamilton,2004,1.7,3.5,16.0,76.0,5.6,2.9,18.7,2.9,0,0
Chucky Atkins,2004,0.6,-0.2,13.4,82.0,2.5,1.8,13.6,2.0,0,0
Desmond Mason,2004,0.3,0.7,14.8,80.0,6.6,2.1,17.2,2.8,0,0
Amar'e Stoudemire,2004,4.7,3.3,26.6,80.0,9.9,2.4,26.0,6.2,1,2
Chauncey Billups,2004,4.5,3.5,19.0,80.0,4.8,2.3,16.5,2.8,0,0
Kurt Thomas,2004,0.9,3.3,14.1,80.0,1.1,1.2,11.5,8.3,0,0
Andre Miller,2004,2.0,2.9,16.5,82.0,3.7,2.7,13.6,2.9,0,0
Michael Redd,2004,2.2,0.7,18.3,75.0,5.8,1.8,23.0,3.2,0,0
Eddie Jones,2004,2.3,3.8,13.6,80.0,2.7,1.2,12.7,4.6,0,0
Quentin Richardson,2004,1.8,2.5,13.6,79.0,2.3,1.3,14.9,4.9,0,0
Vince Carter,2004,5.7,3.5,22.9,77.0,6.0,2.2,24.5,3.8,0,0
P.J. Brown,2004,1.5,2.9,15.5,82.0,3.0,1.2,10.8,5.7,0,0
Kirk Hinrich,2004,3.2,4.7,15.3,77.0,2.8,2.3,15.7,3.5,0,0
Bobby Simmons,2004,1.9,2.6,16.1,75.0,3.6,1.8,16.4,4.2,0,0
David Wesley,2004,1.1,2.8,11.8,80.0,2.4,1.4,11.9,2.4,0,0
Damon Stoudamire,2004,2.1,1.4,16.6,81.0,2.5,2.0,15.8,3.1,0,0
Caron Butler,2004,0.9,1.2,15.8,77.0,4.1,1.6,15.5,3.9,0,0
Tony Parker,2004,2.8,4.5,18.0,80.0,4.0,2.7,16.6,3.1,0,0
Jason Richardson,2004,3.0,2.4,19.0,72.0,4.3,2.3,21.7,4.2,0,0
Rafer Alston,2004,2.0,1.7,16.5,80.0,3.2,2.1,14.2,3.0,0,0
Jalen Rose,2004,1.0,1.0,16.6,81.0,4.8,2.2,18.5,2.9,0,0
Rashard Lewis,2004,3.9,1.5,19.4,71.0,4.0,1.7,20.5,3.9,0,0
Ricky Davis,2004,0.8,1.7,15.0,82.0,4.3,2.5,16.0,2.2,0,0
Kobe Bryant,2004,4.7,1.0,23.3,66.0,10.1,4.1,27.6,4.5,1,3
Jamal Crawford,2004,2.1,1.1,15.2,70.0,3.1,2.1,17.7,2.4,0,0
Rasheed Wallace,2004,2.3,5.1,16.4,79.0,2.5,1.6,14.5,5.9,0,0
Udonis Haslem,2004,1.6,4.0,15.5,80.0,2.8,1.4,10.9,6.1,0,0
Ben Wallace,2004,3.2,6.7,17.4,74.0,4.1,1.1,9.7,8.2,1,3
Kyle Korver,2004,2.3,3.3,12.8,82.0,1.2,1.3,11.5,4.1,0,0
Jeff McInnis,2004,0.2,1.1,12.4,76.0,2.1,1.5,12.8,1.6,0,0
Bruce Bowen,2004,1.2,4.0,9.5,82.0,1.4,0.7,8.2,2.9,0,0
Zydrunas Ilgauskas,2004,1.2,3.3,19.5,78.0,6.4,2.4,16.9,4.8,0,0
Carmelo Anthony,2004,0.5,2.6,16.7,75.0,7.6,3.0,20.8,3.8,0,0
Antawn Jamison,2004,1.0,1.7,16.9,68.0,4.4,1.7,19.6,5.3,0,0
Matt Harpring,2004,1.1,1.2,15.5,78.0,4.0,1.7,14.0,3.6,0,0
Damon Jones,2004,3.2,2.3,15.5,82.0,1.0,1.2,11.6,2.6,0,0
Steve Nash,2004,4.4,1.2,22.0,75.0,3.2,3.3,15.5,2.6,1,1
Luke Ridnour,2004,1.8,1.0,14.6,82.0,2.2,1.8,10.0,1.8,0,0
Mike Dunleavy,2004,1.4,2.2,14.5,79.0,2.2,1.7,13.4,4.3,0,0
Wally Szczerbiak,2004,1.8,1.3,17.1,81.0,3.8,1.6,15.5,2.7,0,0
Al Harrington,2004,-0.1,1.0,14.4,66.0,5.3,3.1,17.5,4.8,0,0
Jason Collins,2004,-0.6,3.7,8.6,80.0,2.6,1.1,6.4,4.2,0,0
Gary Payton,2004,1.5,1.6,15.1,77.0,2.6,1.9,11.3,2.4,0,0
Peja Stojaković,2004,2.1,1.2,17.3,66.0,4.2,1.5,20.1,3.4,0,0
Drew Gooden,2004,2.3,3.8,19.7,82.0,3.8,1.6,14.4,6.7,0,0
Shane Battier,2004,2.8,3.4,14.8,80.0,2.9,0.9,9.9,3.2,0,0
Morris Peterson,2004,1.4,1.6,14.4,82.0,2.8,1.1,12.5,3.3,0,0
Shaquille O'Neal,2004,4.6,4.6,27.0,73.0,10.5,2.8,22.9,6.9,1,1
Latrell Sprewell,2004,-0.3,1.4,12.1,80.0,2.4,1.6,12.8,2.4,0,0
Yao Ming,2004,2.8,4.7,23.2,80.0,6.2,2.5,18.3,5.8,0,0
Josh Howard,2004,2.0,3.4,15.8,76.0,3.1,1.6,12.6,4.1,0,0
Corey Maggette,2004,2.7,2.2,19.9,66.0,10.0,3.0,22.2,4.9,0,0
Jason Kidd,2004,4.1,4.2,19.5,66.0,2.9,2.5,14.4,6.0,0,0
Jason Terry,2004,3.2,2.4,18.4,80.0,2.2,1.8,12.4,1.9,0,0
Cuttino Mobley,2004,1.1,1.2,15.0,66.0,3.1,2.0,17.2,2.8,0,0
Troy Murphy,2004,0.5,2.7,16.8,70.0,4.6,1.5,15.4,7.2,0,0
Chris Webber,2004,1.6,3.2,18.6,67.0,3.4,2.7,19.5,7.2,0,0
Michael Finley,2004,1.3,1.9,14.3,64.0,2.1,0.9,15.7,3.4,0,0
Larry Hughes,2004,3.7,3.1,21.6,61.0,7.4,2.5,22.0,5.0,0,0
Grant Hill,2004,2.7,1.9,20.0,67.0,5.1,2.4,19.7,3.6,0,0
Lamar Odom,2004,2.0,1.8,17.3,64.0,4.7,2.5,15.2,8.1,0,0
Mehmet Okur,2004,2.3,1.8,18.9,82.0,4.7,1.7,12.9,5.1,0,0
Lorenzen Wright,2004,0.5,3.8,13.9,80.0,2.5,1.3,9.6,5.5,0,0
Mike Miller,2004,2.8,2.6,16.7,76.0,2.0,1.7,13.4,3.5,0,0
Primož Brezec,2004,0.6,1.4,16.1,72.0,3.1,1.5,13.0,4.2,0,0
Kenyon Martin,2004,1.8,3.6,17.5,70.0,4.4,2.1,15.5,5.2,0,0
Fred Jones,2004,1.3,2.2,13.3,77.0,2.7,1.5,10.6,2.7,0,0
Joe Smith,2004,0.6,1.4,15.0,74.0,3.1,1.1,11.0,4.9,0,0
Mo Williams,2004,0.2,1.0,14.1,80.0,2.0,2.5,10.2,2.4,0,0
Derek Fisher,2004,0.5,1.4,13.4,74.0,2.7,1.7,11.9,2.4,0,0
Tim Duncan,2004,5.4,5.7,27.0,66.0,6.9,1.9,20.3,8.0,1,1
Raef LaFrentz,2004,2.1,2.6,17.3,80.0,1.9,0.9,11.1,5.0,0,0
Manu Ginóbili,2004,4.9,4.6,22.3,74.0,6.0,2.3,16.0,3.4,0,0
Tyson Chandler,2004,2.1,5.5,16.4,80.0,4.2,1.5,8.0,6.4,0,0
Kenny Thomas,2004,0.3,2.4,15.2,73.0,3.1,1.8,12.4,4.8,0,0
Earl Boykins,2004,1.7,1.7,17.1,82.0,3.7,1.5,12.4,1.3,0,0
Gerald Wallace,2004,1.2,2.7,14.1,70.0,4.1,2.3,11.1,3.8,0,0
Mark Blount,2004,0.0,1.6,12.5,82.0,2.0,1.9,9.4,3.1,0,0
Reggie Miller,2004,2.0,1.5,16.6,66.0,4.1,1.2,14.8,2.1,0,0
Dan Dickau,2004,1.1,1.3,14.9,71.0,3.2,2.0,12.5,2.1,0,0
Brad Miller,2004,3.1,2.3,20.7,56.0,5.1,1.5,15.6,6.8,0,0
Trenton Hassell,2004,-0.4,1.0,9.3,82.0,1.4,0.8,6.6,1.7,0,0
Antonio Daniels,2004,2.2,0.5,18.0,75.0,4.1,1.0,11.2,2.0,0,0
Lee Nailon,2004,0.4,0.9,14.5,68.0,2.4,1.6,14.2,2.5,0,0
Marcus Camby,2004,2.6,4.5,18.0,66.0,2.6,1.6,10.3,8.0,0,0
Jared Jeffries,2004,0.2,1.5,11.2,77.0,2.2,1.5,6.8,2.9,0,0
Tyronn Lue,2004,0.0,0.3,14.1,70.0,2.4,1.5,11.2,1.9,0,0
Jim Jackson,2004,0.8,1.8,10.9,64.0,0.9,1.8,10.5,3.7,0,0
Marc Jackson,2004,0.1,1.7,15.9,81.0,4.3,1.6,12.0,2.7,0,0
Ruben Patterson,2004,0.9,1.6,15.8,70.0,4.0,2.0,11.6,2.1,0,0
Jason Williams,2004,1.7,1.9,15.4,71.0,1.4,1.8,10.1,1.5,0,0
Rick Brunson,2004,0.6,1.6,11.6,80.0,0.9,1.6,5.5,2.1,0,0
Brevin Knight,2004,1.8,1.9,18.0,66.0,3.0,2.2,10.1,2.3,0,0
Tim Thomas,2004,0.0,0.8,12.3,71.0,2.4,1.6,12.0,2.7,0,0
Nazr Mohammed,2004,0.1,2.6,16.4,77.0,2.9,1.4,9.5,4.4,0,0
Bob Sura,2004,1.7,2.9,14.4,61.0,3.1,2.4,10.3,4.2,0,0
Tony Battie,2004,-0.6,1.9,8.6,81.0,1.2,1.0,4.9,4.2,0,0
Jason Hart,2004,1.5,1.7,16.9,74.0,2.7,1.4,9.5,2.5,0,0
Reggie Evans,2004,0.4,2.3,13.0,79.0,3.0,1.3,4.9,6.1,0,0
Chris Mihm,2004,-0.2,1.0,15.7,75.0,3.4,1.5,9.8,4.1,0,0
Shareef Abdur-Rahim,2004,1.4,1.5,18.7,54.0,4.7,2.2,16.8,5.0,0,0
Speedy Claxton,2004,1.0,1.8,15.8,62.0,4.1,1.9,11.5,2.4,0,0
Brendan Haywood,2004,0.9,2.0,16.5,68.0,3.8,1.4,9.4,3.9,0,0
Mike James,2004,1.8,1.5,16.6,74.0,2.0,1.4,11.8,2.3,0,0
Joel Przybilla,2004,0.8,2.7,15.5,76.0,2.3,1.3,6.4,5.4,0,0
Vladimir Radmanović,2004,1.5,1.3,13.7,63.0,1.6,1.3,11.8,3.8,0,0
Eric Snow,2004,-0.3,1.4,9.0,81.0,1.0,1.1,4.0,1.5,0,0
Antonio Davis,2004,0.5,3.0,11.1,72.0,2.1,1.3,7.0,3.8,0,0
Ira Newble,2004,-0.4,1.3,8.6,74.0,0.9,0.8,5.9,1.9,0,0
Jumaine Jones,2004,0.8,0.8,13.1,76.0,1.0,0.6,7.6,3.8,0,0
Austin Croshere,2004,0.6,2.2,13.5,73.0,3.5,1.4,8.9,3.7,0,0
Earl Watson,2004,0.6,2.2,13.1,80.0,1.7,2.1,7.7,1.6,0,0
Eddy Curry,2004,0.7,2.8,16.3,63.0,5.0,2.6,16.1,3.5,0,0
Stephen Jackson,2004,1.1,2.1,15.9,51.0,4.5,2.4,18.7,4.0,0,0
Casey Jacobsen,2004,0.2,0.7,10.3,84.0,2.3,0.8,6.5,1.6,0,0
Antonio McDyess,2004,0.9,3.3,17.2,77.0,2.5,1.2,9.6,4.0,0,0
Keith Bogans,2004,-0.9,1.1,10.4,74.0,2.5,1.6,9.6,2.0,0,0
Raja Bell,2004,-0.1,0.6,12.2,63.0,2.4,1.3,12.3,2.4,0,0
Pau Gasol,2004,2.7,2.8,22.5,56.0,6.6,2.4,17.8,5.0,0,0
Samuel Dalembert,2004,-0.1,3.1,14.4,72.0,2.1,1.6,8.2,4.9,0,0
Rasho Nesterović,2004,0.6,3.8,12.0,70.0,0.4,1.0,5.9,3.9,0,0
Dan Gadzuric,2004,1.0,2.4,18.1,81.0,2.5,1.0,7.3,5.1,0,0
Carlos Boozer,2004,1.5,1.4,19.2,51.0,5.3,2.7,17.8,6.2,0,0
Hedo Türkoğlu,2004,1.2,1.0,16.0,67.0,3.4,1.8,14.0,2.6,0,0
Anthony Johnson,2004,1.2,1.8,14.3,63.0,1.8,1.5,8.4,2.3,0,0
Brent Barry,2004,1.9,2.7,14.0,81.0,1.7,0.8,7.4,2.0,0,0
Theo Ratliff,2004,0.1,1.7,10.1,63.0,1.7,0.9,4.8,3.5,0,0
Troy Hudson,2004,-0.2,0.6,12.1,79.0,1.1,1.4,8.7,1.1,0,0
Adonal Foyle,2004,0.3,2.2,12.7,78.0,0.9,0.7,4.5,3.4,0,0
Darius Miles,2004,0.6,2.0,15.5,63.0,3.4,2.5,12.8,3.6,0,0
Clifford Robinson,2004,0.3,1.8,10.3,71.0,1.4,0.9,7.5,2.2,0,0
Darius Songaila,2004,0.5,1.2,14.9,81.0,1.4,0.9,7.5,2.7,0,0
Gordan Giriček,2004,0.1,0.7,12.9,81.0,1.7,1.1,8.8,1.9,0,0
Marko Jarić,2004,1.3,1.7,13.9,50.0,1.6,2.0,9.9,2.8,0,0
Melvin Ely,2004,-1.0,1.2,10.5,79.0,2.7,1.5,7.3,2.3,0,0
Donyell Marshall,2004,2.9,1.9,19.9,65.0,1.4,0.6,11.5,5.1,0,0
Chris Kaman,2004,-0.2,1.9,13.1,63.0,1.9,1.8,9.1,4.6,0,0
Juwan Howard,2004,0.0,2.2,13.0,61.0,1.9,1.3,9.6,3.6,0,0
Nick Van Exel,2004,0.4,0.7,12.5,53.0,1.4,1.7,11.1,2.7,0,0
Jerry Stackhouse,2004,0.8,1.5,15.9,56.0,5.3,1.9,14.9,2.6,0,0
Erick Dampier,2004,0.5,2.3,15.2,59.0,3.9,1.7,9.2,5.4,0,0
Zach Randolph,2004,0.5,1.5,18.6,46.0,5.5,2.4,18.9,6.5,0,0
Jeff Foster,2004,0.7,2.5,15.4,61.0,2.3,0.9,7.0,5.7,0,0
Baron Davis,2004,2.4,1.5,20.8,46.0,5.3,2.8,19.2,3.1,0,0
Jarvis Hayes,2004,-0.2,1.1,11.1,54.0,2.2,1.1,10.2,3.4,0,0
Milt Palacio,2004,-0.2,0.7,12.5,80.0,1.9,1.3,5.8,1.4,0,0
Jermaine O'Neal,2004,1.5,2.5,22.9,44.0,8.9,3.0,24.3,6.9,0,0
Corliss Williamson,2004,-0.2,1.2,14.7,72.0,3.4,1.2,10.3,2.2,0,0
Kelvin Cato,2004,1.1,2.2,14.9,62.0,2.3,1.0,7.0,5.1,0,0
Doug Christie,2004,0.3,1.3,9.9,52.0,1.5,2.0,6.6,2.7,0,0
Greg Buckner,2004,1.3,1.8,13.7,70.0,1.2,0.7,6.2,2.0,0,0
Sam Cassell,2004,1.2,1.0,18.6,59.0,2.6,1.8,13.5,2.2,0,0
Mike Sweetney,2004,-0.2,1.1,16.4,77.0,3.1,1.4,8.4,3.2,0,0
Jon Barry,2004,1.4,1.8,13.4,69.0,1.0,1.0,6.6,1.9,0,0
Keith Van Horn,2004,0.8,1.2,15.7,62.0,2.5,1.3,11.2,3.3,0,0
Eddie Griffin,2004,0.8,2.4,15.9,70.0,1.1,0.8,7.5,4.6,0,0
Jason Kapono,2004,-0.1,0.7,11.8,81.0,1.0,0.6,8.5,1.6,0,0
Bonzi Wells,2004,1.0,2.5,15.9,69.0,2.7,1.3,10.4,2.6,0,0
Malik Rose,2004,-0.3,2.1,12.2,76.0,2.4,1.3,7.0,2.8,0,0
Travis Best,2004,0.3,1.8,11.9,76.0,1.6,0.9,6.8,1.2,0,0
Carlos Arroyo,2004,-0.3,1.0,11.3,70.0,2.1,1.5,6.6,1.1,0,0
Predrag Drobnjak,2004,-0.4,0.5,12.7,71.0,1.7,1.1,8.4,2.3,0,0
Brian Cardinal,2004,1.0,2.4,14.0,58.0,3.1,1.4,9.0,2.8,0,0
Chris Andersen,2004,1.3,1.8,18.5,67.0,2.8,1.0,7.7,4.1,0,0
Howard Eisley,2004,-0.7,0.4,9.3,74.0,1.1,1.5,5.6,1.0,0,0
Marquis Daniels,2004,0.9,1.9,14.6,60.0,2.2,1.4,9.1,2.2,0,0
Jacque Vaughn,2004,-0.7,1.4,8.9,71.0,1.3,0.9,5.3,1.3,0,0
Zaza Pachulia,2004,0.2,1.3,14.4,74.0,2.5,0.9,6.2,3.3,0,0
Robert Horry,2004,1.8,3.1,14.9,75.0,1.5,0.9,6.0,2.4,0,0
Keith McLeod,2004,-0.2,0.8,10.4,53.0,2.8,1.9,7.8,1.8,0,0
James Posey,2004,0.5,1.9,10.5,50.0,2.2,1.4,8.1,3.5,0,0
Rodney Rogers,2004,-0.7,1.4,8.9,58.0,1.2,1.5,7.7,3.2,0,0
Richard Jefferson,2004,1.2,1.8,16.6,33.0,8.2,4.0,22.2,5.8,0,0
Andrei Kirilenko,2004,3.8,2.0,24.4,41.0,6.3,2.2,15.6,4.0,0,0
Boštjan Nachbar,2004,-0.1,1.1,10.1,71.0,1.6,1.0,7.0,2.2,0,0
Mickaël Piétrus,2004,0.3,1.0,14.2,67.0,3.0,1.4,9.5,1.9,0,0
Tony Delk,2004,0.3,0.3,15.1,56.0,2.4,1.0,11.9,1.8,0,0
Maurice Taylor,2004,-0.8,1.6,9.4,65.0,1.6,1.4,7.3,2.9,0,0
Jerome James,2004,-0.6,1.3,10.0,80.0,0.8,1.1,4.9,2.0,0,0
James Jones,2004,0.6,1.4,10.5,75.0,0.8,0.6,4.9,1.8,0,0
Robert Traylor,2004,-0.3,1.9,12.0,74.0,1.4,1.0,5.5,2.6,0,0
Eric Williams,2004,0.1,1.1,10.7,55.0,2.9,1.1,7.7,2.3,0,0
Nenê,2004,0.6,2.1,15.6,55.0,3.9,1.7,9.6,4.0,0,0
Jiří Welsch,2004,-0.1,1.0,10.9,71.0,2.4,1.0,6.5,2.0,0,0
Rodney Buford,2004,-0.5,1.6,9.5,64.0,0.7,0.5,7.0,2.4,0,0
Dale Davis,2004,0.5,1.8,13.4,61.0,1.6,0.7,4.7,3.7,0,0
Jamaal Tinsley,2004,1.7,2.0,18.6,40.0,4.1,3.4,15.4,3.4,0,0
Stromile Swift,2004,0.2,2.3,16.7,60.0,3.7,1.5,10.1,3.0,0,0
Fred Hoiberg,2004,2.0,1.3,16.7,76.0,1.3,0.3,5.8,2.0,0,0
Othella Harrington,2004,0.2,2.1,14.5,70.0,2.5,1.2,8.0,2.7,0,0
Michael Ruffin,2004,0.0,1.3,8.6,79.0,0.8,0.6,1.4,2.2,0,0
Derek Anderson,2004,0.2,0.6,11.7,47.0,1.9,1.5,9.2,2.2,0,0
Devin Brown,2004,1.0,2.1,14.6,67.0,1.9,0.8,7.4,2.1,0,0
Maurice Evans,2004,-0.1,0.6,12.1,65.0,1.2,0.5,6.4,1.7,0,0
DerMarr Johnson,2004,0.7,1.3,14.0,71.0,1.4,0.9,7.1,1.5,0,0
Michael Olowokandi,2004,-0.9,1.5,10.4,62.0,1.1,1.1,5.9,3.5,0,0
Dikembe Mutombo,2004,0.9,2.7,16.4,80.0,1.8,0.6,4.0,3.5,0,0
Jerome Williams,2004,0.2,1.1,13.2,79.0,2.2,0.8,4.5,2.1,0,0
Alan Henderson,2004,0.2,1.5,12.4,78.0,1.0,0.6,3.5,2.4,0,0
Rasual Butler,2004,0.1,1.4,10.3,65.0,0.7,0.6,6.5,2.1,0,0
Boris Diaw,2004,-0.4,0.4,10.0,66.0,1.2,1.3,4.8,1.8,0,0
Eduardo Nájera,2004,-0.3,1.3,11.2,68.0,1.3,0.9,5.2,2.1,0,0
Keyon Dooling,2004,-0.2,1.3,10.1,74.0,1.5,0.9,5.2,1.1,0,0
Mikki Moore,2004,-0.1,1.0,12.7,74.0,1.8,0.9,5.4,2.0,0,0
Michael Doleac,2004,-0.4,1.6,9.7,80.0,0.5,0.5,4.0,2.3,0,0
Shandon Anderson,2004,0.1,1.6,9.0,66.0,1.0,0.8,3.9,2.3,0,0
Brian Scalabrine,2004,0.1,1.6,11.0,54.0,1.3,1.2,6.3,3.0,0,0
Marcus Banks,2004,0.3,1.2,12.3,81.0,2.0,1.0,4.6,1.2,0,0
Lindsey Hunter,2004,0.2,2.0,9.6,76.0,0.8,0.9,3.8,1.1,0,0
Brian Grant,2004,-0.5,0.4,10.0,69.0,1.1,0.6,3.8,2.3,0,0
Lucious Harris,2004,-0.3,0.7,9.0,73.0,0.9,0.4,4.3,1.1,0,0
Aaron McKie,2004,0.4,1.5,8.4,68.0,0.2,0.5,2.2,2.2,0,0
Toni Kukoč,2004,0.7,0.7,12.8,53.0,1.2,1.2,5.6,2.4,0,0
DeShawn Stevenson,2004,-0.8,0.3,9.3,55.0,1.8,1.0,7.8,1.2,0,0
Brian Cook,2004,0.4,0.5,14.1,72.0,0.5,0.4,6.4,2.1,0,0
Leandro Barbosa,2004,0.1,0.6,12.8,63.0,1.1,1.4,7.0,1.6,0,0
Tierre Brown,2004,-0.7,0.0,9.5,76.0,1.0,1.0,4.4,0.9,0,0
Willie Green,2004,-0.6,1.1,9.6,57.0,2.2,1.3,7.7,1.9,0,0
Juan Dixon,2004,0.3,0.7,15.2,63.0,1.5,1.1,8.0,1.4,0,0
Danny Fortson,2004,-0.4,0.7,17.0,62.0,4.2,1.5,7.5,3.1,0,0
Steven Hunter,2004,0.3,1.0,14.7,76.0,2.1,0.6,4.6,1.7,0,0
Bryon Russell,2004,0.7,1.3,11.8,70.0,1.1,0.5,4.4,1.7,0,0
Eddie Gill,2004,0.1,1.4,9.5,73.0,1.1,0.8,3.7,1.3,0,0
Erick Strickland,2004,-0.6,0.4,8.1,62.0,1.0,1.0,4.9,1.5,0,0
Chris Wilcox,2004,-0.2,1.1,13.6,54.0,2.7,1.4,7.9,3.1,0,0
John Salmons,2004,0.2,1.2,9.7,58.0,0.8,0.9,4.1,1.9,0,0
Darrell Armstrong,2004,0.2,1.0,11.0,66.0,1.0,1.0,4.0,1.2,0,0
Etan Thomas,2004,-0.5,1.0,13.0,47.0,3.1,1.1,7.1,3.4,0,0
Kareem Rush,2004,-0.2,0.3,10.1,48.0,1.0,1.0,8.4,1.4,0,0
Tom Gugliotta,2004,-0.3,0.7,9.9,47.0,0.9,1.2,5.1,2.9,0,0
Jarron Collins,2004,-0.4,0.3,8.0,50.0,2.4,0.7,4.3,2.1,0,0
Pat Garrity,2004,-0.2,0.5,9.1,71.0,0.5,0.4,4.6,1.5,0,0
Calbert Cheaney,2004,-0.5,0.5,7.8,55.0,0.7,0.6,4.5,1.7,0,0
Jason Collier,2004,-1.1,0.1,11.0,70.0,1.0,0.9,5.7,1.4,0,0
Scott Padgett,2004,0.7,1.6,12.3,66.0,0.6,0.5,4.2,2.1,0,0
Brian Skinner,2004,0.2,1.3,13.7,49.0,1.4,0.8,4.8,3.5,0,0
Francisco Elson,2004,-0.1,1.4,10.7,67.0,1.2,0.6,3.7,2.1,0,0
George Lynch,2004,-0.2,0.9,7.9,44.0,0.5,1.3,3.7,2.7,0,0
Željko Rebrača,2004,0.2,0.9,14.0,58.0,1.5,0.8,5.8,2.3,0,0
Lamond Murray,2004,0.5,0.7,13.7,62.0,1.3,0.9,6.0,1.9,0,0
Kwame Brown,2004,-0.5,0.8,10.4,42.0,3.1,1.6,7.0,3.2,0,0
Walter McCarty,2004,-0.1,0.8,8.2,72.0,0.4,0.5,3.6,1.5,0,0
Marcus Fizer,2004,-0.2,0.7,11.6,54.0,1.9,1.2,6.2,2.7,0,0
Anfernee Hardaway,2004,-0.3,0.4,9.0,37.0,1.2,1.4,7.3,1.9,0,0
Eddie House,2004,0.7,0.6,15.8,68.0,0.4,0.5,5.8,1.0,0,0
Shawn Bradley,2004,0.0,1.5,11.0,77.0,0.8,0.4,2.7,1.9,0,0
Ronald Murray,2004,-0.5,0.5,9.9,49.0,1.6,1.2,7.0,1.7,0,0
Scot Pollard,2004,0.0,1.2,11.2,49.0,1.0,0.6,3.9,2.4,0,0
Sasha Pavlović,2004,-0.5,0.6,9.0,65.0,1.0,0.7,4.8,0.9,0,0
Curtis Borchardt,2004,-0.4,0.6,9.4,67.0,1.1,0.8,3.0,2.1,0,0
Eric Piatkowski,2004,0.7,1.2,12.4,68.0,0.8,0.5,4.8,0.9,0,0
Travis Outlaw,2004,0.2,0.8,15.4,59.0,1.3,0.7,5.4,1.4,0,0
Luke Walton,2004,0.1,0.3,11.4,61.0,0.8,1.0,3.2,1.4,0,0
Steve Smith,2004,0.4,0.3,13.6,50.0,1.6,0.5,6.3,1.0,0,0
Kenny Anderson,2004,-0.4,0.3,10.1,43.0,0.9,1.1,4.7,1.5,0,0
Anthony Carter,2004,0.0,0.8,11.3,66.0,0.8,0.9,2.7,0.9,0,0
Christian Laettner,2004,0.7,1.2,16.3,49.0,1.2,0.6,5.3,1.9,0,0
Obinna Ekezie,2004,-0.8,0.4,10.4,42.0,2.2,1.1,5.5,2.6,0,0
Matt Barnes,2004,-0.2,0.6,9.0,43.0,1.3,1.0,3.8,2.0,0,0
Loren Woods,2004,-0.2,0.7,11.3,45.0,1.3,0.8,3.9,3.1,0,0
Jamaal Magloire,2004,-0.4,0.7,12.9,23.0,5.3,2.6,11.7,5.5,0,0
Alonzo Mourning,2004,0.3,1.5,15.4,37.0,3.8,1.5,7.6,3.9,0,0
Tony Massenburg,2004,-0.6,1.4,8.5,61.0,1.0,0.7,3.2,1.8,0,0
Rodney White,2004,0.2,0.8,12.3,58.0,0.8,0.6,5.1,1.1,0,0
Adrian Griffin,2004,0.4,1.4,10.7,69.0,0.6,0.4,2.2,1.4,0,0
Wesley Person,2004,0.4,0.7,14.1,41.0,0.3,0.4,6.4,2.0,0,0
Stacey Augmon,2004,-0.2,0.4,9.8,55.0,1.4,0.6,3.5,1.0,0,0
Dahntay Jones,2004,-0.2,0.6,9.6,52.0,1.2,0.6,4.5,1.1,0,0
Jabari Smith,2004,-0.4,1.0,8.4,45.0,1.2,0.9,3.7,1.8,0,0
Steve Blake,2004,-0.3,0.2,8.4,44.0,0.9,0.9,4.3,1.2,0,0
Ryan Bowen,2004,0.1,0.9,7.7,66.0,0.3,0.1,1.7,0.8,0,0
Mark Madsen,2004,-0.4,0.4,6.9,41.0,1.0,0.6,2.1,1.6,0,0
Greg Ostertag,2004,0.0,0.7,10.0,56.0,0.7,0.4,1.6,2.0,0,0
David West,2004,-0.2,0.6,11.1,30.0,1.7,1.2,6.2,3.0,0,0
Junior Harrington,2004,-0.3,0.5,7.7,29.0,1.2,1.4,5.6,1.7,0,0
Kendrick Perkins,2004,-0.3,0.8,11.2,60.0,1.0,0.7,2.5,2.1,0,0
Anthony Goldwire,2004,0.5,0.2,15.1,33.0,0.9,0.5,5.2,1.5,0,0
Bobby Jackson,2004,0.5,0.3,18.0,25.0,2.3,1.1,12.0,2.5,0,0
Allan Houston,2004,0.0,0.0,12.5,20.0,2.2,1.1,11.9,1.0,0,0
Anthony Peeler,2004,0.0,0.3,10.2,40.0,0.5,0.7,3.8,1.3,0,0
Clarence Weatherspoon,2004,-0.1,0.8,9.0,40.0,0.9,0.4,3.1,2.2,0,0
John Thomas,2004,-0.1,0.5,9.1,44.0,1.0,0.4,2.5,1.3,0,0
Malik Allen,2004,0.0,0.5,14.2,36.0,0.8,0.5,5.4,1.6,0,0
Raül López,2004,0.1,0.3,12.9,31.0,1.1,1.5,5.2,1.0,0,0
Zoran Planinić,2004,0.1,0.7,12.5,43.0,1.5,1.0,5.0,1.2,0,0
Theron Smith,2004,-0.7,0.3,5.2,33.0,0.5,0.8,3.2,2.3,0,0
Richie Frahm,2004,0.2,0.3,12.4,43.0,0.6,0.3,3.8,1.0,0,0
Žarko Čabarkapa,2004,0.2,0.4,16.9,40.0,1.6,0.8,6.0,1.7,0,0
Ronald Dupree,2004,0.0,0.7,11.8,47.0,1.0,0.5,3.2,1.3,0,0
Jannero Pargo,2004,0.0,0.7,11.1,32.0,0.7,1.4,6.4,1.1,0,0
Calvin Booth,2004,0.1,0.7,11.9,51.0,0.6,0.3,2.4,1.5,0,0
Matt Carroll,2004,0.0,0.3,14.7,25.0,3.3,1.0,9.0,1.9,0,0
Laron Profit,2004,0.0,0.4,11.5,42.0,0.6,0.6,3.2,1.2,0,0
Stanislav Medvedenko,2004,-0.3,0.1,11.9,43.0,0.7,0.3,3.8,1.1,0,0
Ervin Johnson,2004,-0.4,0.5,8.3,46.0,0.5,0.4,1.6,1.5,0,0
Ron Mercer,2004,-0.2,0.5,9.4,18.0,0.6,0.8,7.6,1.7,0,0
Elden Campbell,2004,-0.5,0.6,7.2,40.0,1.4,0.7,3.0,1.6,0,0
Maciej Lampe,2004,-0.5,0.3,7.3,37.0,0.6,0.5,3.1,1.8,0,0
Jake Voskuhl,2004,-0.1,0.3,8.7,38.0,1.0,0.5,2.1,1.6,0,0
Charlie Ward,2004,0.1,0.5,8.7,14.0,0.9,1.3,5.4,2.4,0,0
Moochie Norris,2004,-0.4,0.3,6.1,38.0,0.6,0.7,2.4,0.9,0,0
Kevin Willis,2004,-0.4,0.1,8.0,29.0,0.8,0.5,3.0,1.6,0,0
Vitaly Potapenko,2004,0.1,0.2,14.5,33.0,0.9,0.4,3.5,1.5,0,0
Jamal Sampson,2004,-0.2,0.4,11.6,23.0,1.7,0.7,3.4,3.7,0,0
Josh Davis,2004,0.0,0.4,11.4,42.0,0.4,0.4,2.8,1.2,0,0
Ryan Humphrey,2004,-0.3,0.4,10.2,35.0,1.1,0.7,2.9,1.1,0,0
Aaron Williams,2004,-0.4,0.3,5.9,42.0,0.4,0.4,1.7,1.0,0,0
DeSagana Diop,2004,-0.2,0.4,6.3,39.0,0.1,0.3,1.0,1.0,0,0
Devean George,2004,-0.2,0.1,10.7,15.0,1.3,0.8,7.3,2.7,0,0
Ben Handlogten,2004,-0.2,0.2,10.3,21.0,0.8,0.9,4.5,2.0,0,0
Metta World Peace,2004,0.5,0.4,23.5,7.0,7.3,2.4,24.6,5.3,0,0
Kendall Gill,2004,0.1,0.2,12.2,14.0,1.4,0.6,6.1,1.9,0,0
Mike Wilks,2004,0.1,0.5,11.0,48.0,0.3,0.3,1.7,0.4,0,0
Jake Tsakalidis,2004,0.0,0.4,11.8,31.0,0.6,0.4,2.5,1.1,0,0
Darvin Ham,2004,-0.1,0.3,5.6,47.0,0.7,0.2,1.0,0.3,0,0
Darko Miličić,2004,-0.4,0.4,4.7,37.0,0.6,0.4,1.8,1.1,0,0
Michael Curry,2004,0.0,0.2,5.1,18.0,0.4,0.3,1.7,1.1,0,0
Sean Marks,2004,-0.2,0.5,8.7,23.0,1.2,0.6,3.3,1.7,0,0
Kerry Kittles,2004,0.1,0.2,10.0,11.0,0.9,0.6,6.3,2.8,0,0
Jermaine Jackson,2004,-0.1,0.1,8.0,21.0,0.6,0.5,2.0,1.0,0,0
Randy Livingston,2004,0.1,0.1,13.3,17.0,1.0,0.8,3.8,0.5,0,0
Brandon Hunter,2004,-0.2,0.2,12.2,31.0,1.3,0.7,3.1,1.4,0,0
Nikoloz Tskitishvili,2004,-0.3,0.3,2.7,35.0,0.2,0.5,1.4,0.8,0,0
Bo Outlaw,2004,0.0,0.3,8.1,39.0,0.2,0.2,0.7,0.9,0,0
Vin Baker,2004,-0.4,0.1,1.4,27.0,0.6,0.6,1.3,0.8,0,0
Cory Alexander,2004,-0.1,0.2,8.8,16.0,0.8,1.2,3.1,1.3,0,0
Rod Strickland,2004,-0.2,0.2,4.6,16.0,0.6,1.0,1.8,1.5,0,0
Darrick Martin,2004,-0.1,0.1,7.2,11.0,0.7,0.5,3.8,0.6,0,0
Reece Gaines,2004,-0.2,0.1,3.5,21.0,0.2,0.3,2.0,0.6,0,0
Jamison Brewer,2004,-0.1,0.1,4.0,18.0,0.7,0.7,1.7,0.9,0,0
Zendon Hamilton,2004,-0.1,0.1,10.4,16.0,3.0,0.8,3.2,1.5,0,0
Kevin Ollie,2004,-0.1,0.1,6.7,26.0,0.3,0.2,1.1,0.6,0,0
Glenn Robinson,2004,0.1,0.3,17.2,9.0,2.6,0.8,10.0,2.2,0,0
Scott Williams,2004,-0.2,0.2,6.8,19.0,0.6,0.3,1.7,0.8,0,0
Damone Brown,2004,-0.2,0.1,7.4,14.0,0.6,1.1,3.9,1.3,0,0
Alex Garcia,2004,0.0,0.1,8.4,8.0,0.5,1.0,5.5,1.0,0,0
Michael Stewart,2004,-0.1,0.1,10.6,12.0,0.6,0.5,2.1,1.6,0,0
Smush Parker,2004,-0.1,0.1,6.0,16.0,0.8,1.2,3.0,0.5,0,0
Jahidi White,2004,-0.2,0.2,6.8,17.0,2.4,0.6,2.5,1.4,0,0
Samaki Walker,2004,-0.2,0.1,3.1,14.0,0.2,0.6,1.7,0.7,0,0
Vlade Divac,2004,-0.1,0.0,10.5,15.0,0.8,0.9,2.3,0.9,0,0
Ansu Sesay,2004,0.1,0.1,14.8,16.0,1.5,0.5,3.1,1.3,0,0
Aleksandar Radojević,2004,-0.3,0.1,-1.5,12.0,0.8,1.3,1.6,1.6,0,0
Jérôme Moïso,2004,0.0,0.2,12.3,20.0,0.7,0.4,1.4,1.4,0,0
Michael Bradley,2004,0.0,0.1,11.7,18.0,0.4,0.3,1.8,1.1,0,0
Marcus Haislip,2004,-0.2,0.1,4.0,9.0,1.2,0.7,3.6,1.1,0,0
Daniel Santiago,2004,-0.2,0.1,4.3,11.0,1.0,0.4,2.0,1.2,0,0
Dajuan Wagner,2004,-0.2,0.1,5.0,11.0,0.4,0.8,4.0,0.2,0,0
Jonathan Bender,2004,-0.1,0.1,5.8,7.0,0.9,1.4,5.1,1.3,0,0
Wang Zhizhi,2004,0.0,0.1,16.3,20.0,0.6,0.3,2.2,0.6,0,0
Jelani McCoy,2004,-0.1,0.1,6.2,10.0,0.5,0.6,1.5,1.4,0,0
Britton Johnsen,2004,-0.2,0.0,0.4,6.0,0.0,0.5,2.0,0.8,0,0
Tamar Slay,2004,-0.2,0.1,1.5,8.0,0.3,1.0,3.5,1.0,0,0
Omar Cook,2004,0.1,0.1,17.0,5.0,1.2,1.2,4.6,1.0,0,0
Bruno Šundov,2004,-0.2,0.0,1.2,21.0,0.1,0.3,1.2,0.3,0,0
Mamadou N'Diaye,2004,0.0,0.1,10.6,11.0,0.6,0.0,1.8,0.8,0,0
Frank Williams,2004,0.0,0.1,0.3,9.0,0.0,0.3,0.7,0.4,0,0
Dion Glover,2004,0.1,0.1,14.0,7.0,1.4,0.3,3.6,1.1,0,0
Mateen Cleaves,2004,0.0,0.0,9.1,14.0,0.3,0.1,0.9,0.3,0,0
Kaniel Dickens,2004,0.0,0.1,6.7,11.0,0.2,0.2,1.2,0.5,0,0
Tremaine Fowlkes,2004,-0.1,0.1,7.5,8.0,0.3,0.6,2.4,0.6,0,0
Kedrick Brown,2004,0.0,0.1,9.7,8.0,1.3,0.6,1.5,1.3,0,0
Voshon Lenard,2004,0.0,0.0,15.1,3.0,2.7,0.7,9.7,2.0,0,0
Ndudi Ebi,2004,0.0,0.1,17.8,2.0,4.5,1.5,13.5,5.0,0,0
Derrick Coleman,2004,-0.1,0.1,1.2,5.0,0.6,0.4,1.8,2.4,0,0
Andrew DeClercq,2004,-0.1,0.0,5.6,8.0,0.4,0.1,1.1,0.4,0,0
Qyntel Woods,2004,0.0,0.1,7.7,3.0,0.0,0.7,3.3,1.3,0,0
Lonny Baxter,2004,-0.2,0.0,-8.0,4.0,0.5,1.0,1.5,1.0,0,0
Paul Shirley,2004,0.0,0.0,9.9,9.0,0.4,0.1,1.3,0.1,0,0
Mark Pope,2004,0.0,0.0,10.0,9.0,0.0,0.1,0.4,0.3,0,0
Torraye Braggs,2004,0.0,0.0,11.6,7.0,0.0,0.3,0.9,0.7,0,0
Lawrence Funderburke,2004,0.0,0.0,13.1,2.0,2.5,0.0,4.5,1.0,0,0
Donnell Harvey,2004,0.1,0.0,35.2,3.0,1.3,0.3,2.7,1.7,0,0
Linton Johnson,2004,0.0,0.0,-3.4,2.0,0.0,0.5,0.0,1.5,0,0
Kirk Penney,2004,0.0,0.0,-4.3,4.0,0.0,0.5,0.5,0.3,0,0
Anthony Miller,2004,0.0,0.0,16.9,2.0,0.0,0.5,2.0,0.5,0,0
Gilbert Arenas,2005,6.3,2.6,23.8,80.0,10.0,3.7,29.3,2.8,1,3
LeBron James,2005,9.4,4.3,28.1,79.0,10.3,3.3,31.4,6.1,1,1
Joe Johnson,2005,2.5,0.4,17.9,82.0,4.0,3.3,20.2,2.9,0,0
Antawn Jamison,2005,2.7,3.2,17.7,82.0,3.6,1.7,20.5,7.3,0,0
Kobe Bryant,2005,8.0,3.7,28.0,80.0,10.2,3.1,35.4,4.4,1,1
Shawn Marion,2005,5.6,5.9,23.6,81.0,3.7,1.5,21.8,8.8,1,3
Lamar Odom,2005,3.9,3.8,17.0,80.0,3.9,2.7,14.8,7.0,0,0
Ricky Davis,2005,1.3,2.5,15.6,78.0,4.4,2.7,19.4,3.7,0,0
Mike Bibby,2005,2.8,2.4,17.9,82.0,4.9,2.4,21.1,2.6,0,0
Morris Peterson,2005,1.9,0.6,15.3,82.0,3.6,1.5,16.8,3.9,0,0
Pau Gasol,2005,6.0,5.4,22.7,80.0,7.7,2.9,20.4,6.5,0,0
Michael Redd,2005,4.6,2.0,21.2,80.0,7.1,2.1,25.4,3.3,0,0
Allen Iverson,2005,5.3,1.8,25.9,72.0,11.5,3.4,33.0,2.6,1,3
Elton Brand,2005,6.8,5.5,26.5,79.0,7.2,2.2,24.7,7.0,1,2
Dirk Nowitzki,2005,7.9,4.3,28.1,81.0,7.4,1.9,26.6,7.6,1,1
Andre Iguodala,2005,2.0,2.6,14.8,82.0,4.3,1.9,12.3,4.4,0,0
Paul Pierce,2005,5.3,3.2,23.6,79.0,10.3,3.5,26.8,5.7,0,0
Richard Jefferson,2005,3.9,4.1,18.9,78.0,7.4,2.2,19.5,5.6,0,0
Ray Allen,2005,4.9,-0.3,22.2,78.0,4.6,2.4,25.1,3.3,0,0
Dwight Howard,2005,2.3,4.4,19.3,82.0,7.3,2.6,15.8,9.0,0,0
Cuttino Mobley,2005,1.3,3.4,13.1,79.0,3.5,1.8,14.8,3.7,0,0
Jason Kidd,2005,5.5,5.6,19.2,80.0,3.1,2.4,13.3,6.2,0,0
Raja Bell,2005,1.6,2.1,12.9,79.0,1.8,1.1,14.7,2.6,0,0
Kevin Garnett,2005,7.4,5.9,26.8,76.0,6.4,2.4,21.8,9.9,0,0
Kirk Hinrich,2005,2.8,3.5,15.5,81.0,3.9,2.3,15.9,3.2,0,0
Mehmet Okur,2005,2.7,3.0,19.0,82.0,5.5,2.0,18.0,6.5,0,0
Carmelo Anthony,2005,3.5,2.6,22.0,80.0,8.9,2.7,26.5,3.4,1,3
Andre Miller,2005,1.7,2.6,16.4,82.0,5.2,3.1,13.7,3.2,0,0
Chauncey Billups,2005,6.1,2.8,23.4,81.0,6.4,2.1,18.5,2.6,1,2
Mike James,2005,2.9,-0.1,19.8,79.0,4.3,2.6,20.3,2.7,0,0
Brad Miller,2005,3.3,3.6,17.5,79.0,4.3,2.3,15.0,6.2,0,0
Stephen Jackson,2005,1.4,3.9,13.6,81.0,4.2,2.5,16.4,3.3,0,0
Vince Carter,2005,5.2,4.4,21.6,79.0,7.6,2.7,24.2,4.1,0,0
Tayshaun Prince,2005,1.7,3.0,14.8,82.0,2.9,1.1,14.1,3.0,0,0
Chris Webber,2005,1.3,3.3,18.4,75.0,4.6,2.4,20.2,7.4,0,0
Dwyane Wade,2005,7.1,4.2,27.6,75.0,10.7,3.6,27.2,4.3,1,2
Ben Wallace,2005,4.0,6.9,17.5,82.0,3.6,1.1,7.3,7.6,1,2
Jason Richardson,2005,3.7,2.8,19.2,75.0,5.5,2.2,23.2,4.4,0,0
Rashard Lewis,2005,3.4,0.1,20.0,78.0,5.5,1.8,20.1,3.6,0,0
Boris Diaw,2005,3.5,3.0,17.3,81.0,2.9,2.3,13.3,4.9,0,0
Shane Battier,2005,3.3,4.5,14.7,81.0,2.6,1.1,10.1,3.3,0,0
Richard Hamilton,2005,2.0,2.4,18.2,80.0,3.8,2.2,20.1,2.2,0,0
Jason Terry,2005,3.7,2.3,18.4,80.0,2.6,1.7,17.1,1.6,0,0
Steve Nash,2005,4.9,2.1,23.3,79.0,3.5,3.5,18.8,3.6,1,1
Tim Duncan,2005,4.9,6.9,23.1,80.0,6.7,2.5,18.6,8.1,1,2
Al Harrington,2005,0.5,1.2,16.0,76.0,4.6,2.6,18.6,5.1,0,0
Rasheed Wallace,2005,4.0,4.9,17.6,80.0,2.3,1.1,15.1,5.7,0,0
Smush Parker,2005,1.5,3.0,13.4,82.0,2.2,1.8,11.5,2.9,0,0
Bruce Bowen,2005,1.6,4.5,9.1,82.0,1.0,0.8,7.5,3.5,0,0
Chris Bosh,2005,3.4,1.1,23.2,70.0,8.3,2.2,22.5,6.3,0,0
Wally Szczerbiak,2005,2.5,1.7,17.7,72.0,4.3,1.9,19.0,3.3,0,0
Tony Parker,2005,3.3,4.1,20.8,80.0,4.5,3.1,18.9,2.8,0,0
Caron Butler,2005,1.7,2.8,17.0,75.0,4.4,2.3,17.6,4.7,0,0
Sam Cassell,2005,2.4,2.8,18.5,78.0,4.3,2.2,17.2,3.2,0,0
DeShawn Stevenson,2005,-0.3,1.3,10.9,82.0,3.0,1.5,11.0,2.2,0,0
Luke Ridnour,2005,1.2,0.0,16.0,79.0,2.9,2.1,11.5,2.4,0,0
Hedo Türkoğlu,2005,2.5,1.9,16.7,78.0,3.8,1.7,14.9,3.4,0,0
Luol Deng,2005,2.4,3.8,15.8,78.0,3.5,1.3,14.3,5.0,0,0
Andrei Kirilenko,2005,5.6,4.3,20.7,69.0,7.2,2.9,15.3,5.7,0,0
Peja Stojaković,2005,2.3,2.8,16.7,71.0,3.7,1.5,18.2,4.7,0,0
Derek Fisher,2005,1.6,2.4,14.8,82.0,3.6,1.9,13.3,2.1,0,0
Mike Dunleavy,2005,0.9,2.3,12.5,81.0,3.1,1.5,11.5,4.0,0,0
Kyle Korver,2005,0.9,1.3,12.3,82.0,1.5,1.2,11.5,3.0,0,0
Chris Kaman,2005,0.8,4.3,15.0,78.0,3.2,2.3,11.9,7.2,0,0
Josh Smith,2005,1.4,2.1,15.5,80.0,3.7,2.0,11.3,4.4,0,0
T.J. Ford,2005,0.5,2.1,13.1,72.0,3.4,3.0,12.2,3.4,0,0
Jamal Crawford,2005,1.6,0.8,15.5,79.0,4.5,2.2,14.3,2.7,0,0
Zach Randolph,2005,0.0,0.9,16.9,74.0,4.6,2.2,18.0,5.4,0,0
Bobby Simmons,2005,1.5,2.0,13.8,75.0,2.7,1.6,13.4,3.2,0,0
Juwan Howard,2005,-0.4,3.0,12.5,80.0,2.4,1.7,11.8,4.6,0,0
David West,2005,2.2,2.6,19.7,74.0,3.2,1.4,17.1,5.1,0,0
Troy Murphy,2005,1.1,3.0,15.9,74.0,4.3,1.5,14.0,7.4,0,0
Trenton Hassell,2005,-0.7,1.6,9.5,77.0,2.3,1.6,9.2,1.7,0,0
Udonis Haslem,2005,0.9,3.1,13.7,81.0,2.5,1.0,9.3,5.8,0,0
Ben Gordon,2005,1.6,2.6,14.5,80.0,3.4,2.3,16.9,2.2,0,0
Nenad Krstić,2005,-0.1,3.4,14.4,80.0,3.3,1.7,13.5,4.1,0,0
Jamaal Magloire,2005,-1.3,2.9,11.1,82.0,4.1,2.0,9.2,6.8,0,0
Zaza Pachulia,2005,-0.1,1.4,15.0,78.0,5.2,2.3,11.7,4.5,0,0
Eddie Jones,2005,2.6,4.2,14.7,75.0,2.9,1.2,11.8,3.3,0,0
Rafer Alston,2005,1.0,3.1,12.6,63.0,2.3,2.5,12.1,3.5,0,0
Delonte West,2005,2.4,2.1,15.1,71.0,1.4,1.9,11.8,3.3,0,0
Steve Francis,2005,1.2,1.4,15.2,70.0,5.7,3.1,14.4,3.1,0,0
P.J. Brown,2005,0.3,2.3,12.7,75.0,2.2,1.2,9.0,4.9,0,0
David Wesley,2005,0.0,2.2,9.6,71.0,2.6,1.7,9.9,2.2,0,0
Eric Snow,2005,-0.6,2.0,8.1,82.0,1.1,1.4,4.8,2.0,0,0
Brevin Knight,2005,2.0,2.5,17.3,69.0,4.6,2.4,12.6,2.7,0,0
Gary Payton,2005,0.6,2.3,10.7,81.0,1.6,1.3,7.7,2.5,0,0
Kenny Thomas,2005,1.1,3.3,15.0,82.0,2.5,1.6,9.1,5.1,0,0
Antonio Daniels,2005,0.8,0.9,13.7,80.0,4.2,1.1,9.6,1.9,0,0
Zydrunas Ilgauskas,2005,2.1,3.1,21.9,78.0,4.9,2.0,15.6,4.4,0,0
Mike Miller,2005,2.9,3.5,17.2,74.0,2.8,1.9,13.7,4.8,0,0
Josh Childress,2005,1.8,1.1,15.8,74.0,2.7,1.4,10.0,3.4,0,0
Mark Blount,2005,-0.8,2.3,12.1,81.0,2.7,2.4,11.3,3.3,0,0
Andrés Nocioni,2005,2.1,3.4,16.1,82.0,3.0,1.5,13.0,5.0,0,0
Tony Battie,2005,0.1,2.2,12.2,82.0,1.6,1.1,7.9,3.8,0,0
Metta World Peace,2005,1.7,3.2,15.2,56.0,5.4,2.3,17.6,3.8,0,0
Antoine Walker,2005,1.3,2.5,14.4,82.0,1.6,1.8,12.2,3.9,0,0
Stephon Marbury,2005,1.1,0.3,16.4,60.0,5.4,2.6,16.3,2.5,0,0
Drew Gooden,2005,1.0,2.9,17.6,79.0,3.3,1.3,10.7,5.4,0,0
Primož Brezec,2005,-0.2,1.2,15.3,79.0,2.8,1.1,12.4,3.3,0,0
Chris Duhon,2005,1.5,2.5,12.9,74.0,1.9,1.6,8.7,2.6,0,0
Tyson Chandler,2005,0.9,3.9,12.2,79.0,2.4,1.6,5.3,5.7,0,0
Ronald Murray,2005,-0.6,0.5,11.5,76.0,3.2,1.8,11.2,1.6,0,0
Marko Jarić,2005,0.7,2.6,11.7,75.0,1.8,1.7,7.8,2.3,0,0
Desmond Mason,2005,-1.5,1.4,9.2,70.0,4.3,1.6,10.8,3.3,0,0
Damon Jones,2005,0.5,1.1,9.3,82.0,0.6,0.7,6.7,1.5,0,0
Jumaine Jones,2005,0.2,1.8,12.1,76.0,1.6,1.0,10.5,3.6,0,0
Donyell Marshall,2005,1.1,2.8,13.4,81.0,1.5,1.1,9.3,4.8,0,0
John Salmons,2005,-0.3,1.2,10.7,82.0,2.4,1.5,7.5,2.1,0,0
Michael Finley,2005,1.1,2.9,12.7,77.0,1.5,0.8,10.1,2.8,0,0
Raef LaFrentz,2005,1.0,2.0,12.0,82.0,0.9,0.8,7.8,4.0,0,0
Speedy Claxton,2005,1.1,2.0,16.1,71.0,4.5,2.2,12.3,2.2,0,0
Jalen Rose,2005,0.2,0.0,13.9,72.0,4.4,1.6,12.3,2.5,0,0
Anthony Johnson,2005,1.3,2.3,14.2,75.0,1.9,1.5,9.2,1.8,0,0
Kwame Brown,2005,-0.3,1.9,11.7,72.0,3.3,1.4,7.4,4.0,0,0
Vladimir Radmanović,2005,1.2,1.4,13.6,77.0,1.5,1.2,9.8,3.8,0,0
Baron Davis,2005,2.3,2.0,18.3,54.0,5.4,2.9,17.9,3.5,0,0
Shareef Abdur-Rahim,2005,1.4,2.2,17.2,72.0,3.9,1.5,12.3,3.5,0,0
Jared Jeffries,2005,0.6,1.7,11.6,77.0,2.2,1.3,6.4,2.8,0,0
Yao Ming,2005,3.2,3.5,25.6,57.0,6.9,2.6,22.3,7.6,1,3
Matt Harpring,2005,0.7,1.6,16.3,71.0,4.4,1.5,12.5,3.0,0,0
Erick Dampier,2005,0.2,2.9,13.9,82.0,2.6,1.4,5.7,4.5,0,0
Juan Dixon,2005,0.0,0.1,14.6,76.0,2.6,1.5,12.3,1.9,0,0
Josh Howard,2005,2.0,2.3,19.3,59.0,4.5,1.3,15.6,4.2,0,0
James Posey,2005,1.0,2.4,9.8,67.0,0.9,0.9,7.2,4.3,0,0
Kevin Martin,2005,1.2,1.9,14.8,72.0,3.1,1.1,10.8,2.8,0,0
Keith Bogans,2005,0.3,2.0,10.7,72.0,2.6,1.3,8.6,2.8,0,0
Jason Collins,2005,-0.9,2.9,5.5,71.0,1.2,0.9,3.6,3.5,0,0
Gerald Wallace,2005,3.2,3.4,21.3,55.0,5.6,1.8,15.2,5.3,0,0
Brendan Haywood,2005,0.2,1.9,13.8,79.0,2.8,1.2,7.3,3.4,0,0
Rasual Butler,2005,0.0,1.3,10.8,79.0,1.4,0.8,8.7,2.3,0,0
Jason Williams,2005,1.5,1.6,15.0,59.0,1.7,1.7,12.3,2.3,0,0
Eddy Curry,2005,0.0,1.0,17.0,72.0,6.8,2.5,13.6,4.0,0,0
Clifford Robinson,2005,0.1,2.7,9.6,80.0,1.0,0.8,6.9,2.7,0,0
Marcus Camby,2005,2.6,4.5,19.9,56.0,2.8,1.6,12.8,9.6,0,0
Fred Jones,2005,0.4,2.2,11.0,68.0,2.4,1.6,9.6,2.2,0,0
Adonal Foyle,2005,0.1,2.5,10.3,77.0,0.9,1.0,4.5,3.6,0,0
Manu Ginóbili,2005,4.1,3.7,22.4,65.0,5.5,1.9,15.1,2.9,0,0
Shaquille O'Neal,2005,2.1,2.9,24.4,59.0,8.0,2.8,20.0,6.3,1,1
Jermaine O'Neal,2005,2.0,3.5,20.4,51.0,7.2,3.0,20.1,7.3,0,0
Ruben Patterson,2005,0.7,1.0,16.4,71.0,4.8,2.1,12.1,1.8,0,0
Jameer Nelson,2005,1.8,1.4,19.5,62.0,2.9,2.4,14.6,2.3,0,0
Steve Blake,2005,0.4,-0.2,14.5,68.0,1.3,1.2,8.2,1.8,0,0
Bobby Jackson,2005,1.1,2.5,14.6,71.0,2.1,1.4,11.4,2.5,0,0
James Jones,2005,0.9,1.7,13.2,75.0,1.6,0.5,9.3,2.8,0,0
Marquis Daniels,2005,1.1,1.7,14.9,62.0,3.0,1.6,10.2,2.3,0,0
Samuel Dalembert,2005,0.1,2.6,14.2,66.0,2.0,1.6,7.3,5.8,0,0
Greg Buckner,2005,1.1,2.0,11.4,73.0,0.8,0.7,6.7,2.4,0,0
Tracy McGrady,2005,3.3,2.7,21.9,47.0,7.2,2.6,24.4,5.6,0,0
Antonio McDyess,2005,0.3,2.8,15.5,82.0,1.5,0.9,7.8,3.4,0,0
Jarron Collins,2005,-0.1,1.4,11.0,79.0,2.8,0.8,5.3,2.5,0,0
Chucky Atkins,2005,0.4,1.4,12.9,71.0,2.3,1.2,9.5,1.4,0,0
Devin Brown,2005,-0.6,1.1,10.3,81.0,2.6,1.2,7.5,1.7,0,0
Matt Bonner,2005,1.2,0.5,13.7,78.0,1.0,0.4,7.5,2.5,0,0
Lorenzen Wright,2005,0.0,3.0,12.2,78.0,1.5,0.9,5.8,3.2,0,0
Bonzi Wells,2005,1.0,2.7,16.6,52.0,3.7,2.4,13.6,5.0,0,0
Sebastian Telfair,2005,-0.3,0.2,13.0,68.0,2.6,1.7,9.5,1.5,0,0
Leandro Barbosa,2005,0.8,1.2,15.1,57.0,2.6,1.6,13.1,2.1,0,0
Jeff Foster,2005,0.8,2.9,15.1,63.0,2.5,1.0,5.9,5.6,0,0
Francisco Elson,2005,-0.1,2.0,10.1,72.0,1.0,0.9,4.9,3.3,0,0
Earl Watson,2005,0.9,1.0,14.6,70.0,1.6,1.9,8.9,1.9,0,0
Kenyon Martin,2005,0.8,2.0,16.7,56.0,3.0,1.3,12.9,4.6,0,0
Devean George,2005,0.4,2.0,11.3,71.0,1.2,0.8,6.3,2.7,0,0
Earl Boykins,2005,0.7,0.9,15.7,60.0,2.9,1.4,12.6,1.0,0,0
Chris Mihm,2005,0.0,1.7,15.3,59.0,3.4,1.4,10.2,4.0,0,0
Brian Cook,2005,0.7,1.5,15.6,81.0,1.2,0.8,7.9,2.3,0,0
Mo Williams,2005,0.8,1.0,15.0,58.0,1.9,1.8,12.1,1.9,0,0
Chris Wilcox,2005,0.7,1.2,17.3,77.0,2.0,0.9,8.1,3.8,0,0
Damien Wilkins,2005,0.1,0.1,13.1,82.0,2.0,1.0,6.5,1.4,0,0
Shaun Livingston,2005,0.1,1.8,10.2,61.0,1.3,1.8,5.8,2.3,0,0
Jerry Stackhouse,2005,0.2,1.2,14.5,55.0,4.0,2.2,13.0,2.2,0,0
Rasho Nesterović,2005,0.2,2.9,11.0,80.0,0.4,0.7,4.5,2.4,0,0
Quinton Ross,2005,-0.2,1.7,7.4,67.0,1.1,0.7,4.7,2.0,0,0
DeSagana Diop,2005,1.0,2.7,11.5,81.0,0.9,0.4,2.3,2.8,0,0
Marcus Banks,2005,0.1,1.4,13.6,58.0,2.5,2.1,10.0,1.9,0,0
Viktor Khryapa,2005,-0.5,0.7,11.5,69.0,1.6,1.2,5.8,2.8,0,0
Sasha Vujačić,2005,-0.1,1.2,8.4,82.0,0.6,0.6,3.9,1.5,0,0
Eduardo Nájera,2005,0.1,1.8,10.9,64.0,1.8,0.8,5.4,3.1,0,0
Nick Collison,2005,-0.4,0.1,14.0,66.0,1.7,1.2,7.5,3.4,0,0
Quentin Richardson,2005,0.0,0.5,9.6,55.0,1.7,1.0,8.2,3.0,0,0
Eddie House,2005,0.7,1.1,15.2,81.0,0.5,0.9,9.8,1.4,0,0
Kurt Thomas,2005,0.1,2.0,13.1,53.0,1.7,1.1,8.6,5.9,0,0
Joel Przybilla,2005,0.5,1.2,15.3,56.0,2.8,1.4,6.1,4.4,0,0
Reggie Evans,2005,-0.6,1.3,12.5,67.0,3.2,1.3,5.6,4.9,0,0
Nazr Mohammed,2005,0.0,2.8,15.0,80.0,1.8,1.1,6.2,3.2,0,0
Milt Palacio,2005,-0.6,1.1,9.9,71.0,2.1,1.5,6.2,1.6,0,0
Eddie Griffin,2005,0.1,2.6,12.2,70.0,1.1,0.6,4.6,4.0,0,0
Melvin Ely,2005,0.1,1.2,14.3,57.0,3.4,1.8,9.8,3.2,0,0
Stromile Swift,2005,-0.2,2.1,14.6,66.0,3.2,1.4,8.9,2.8,0,0
Luke Walton,2005,0.3,1.3,11.6,69.0,1.1,1.1,5.0,2.3,0,0
Kendrick Perkins,2005,0.2,2.0,13.2,68.0,1.9,1.6,5.2,3.9,0,0
Darius Songaila,2005,0.3,1.8,13.6,62.0,1.9,1.4,9.2,2.7,0,0
Steven Hunter,2005,-0.1,1.0,13.9,69.0,2.0,0.9,6.1,2.3,0,0
Kirk Snyder,2005,0.9,0.9,14.6,68.0,1.7,1.0,8.0,1.6,0,0
Bernard Robinson,2005,0.1,1.6,12.0,66.0,2.0,1.1,6.4,2.4,0,0
Alonzo Mourning,2005,1.2,2.6,19.4,65.0,3.4,1.2,7.8,3.6,0,0
Theo Ratliff,2005,0.1,0.7,12.2,55.0,1.5,0.9,4.9,3.5,0,0
Darius Miles,2005,-0.4,0.6,12.5,40.0,4.1,2.5,14.0,4.0,0,0
Charlie Bell,2005,0.9,1.1,14.7,59.0,1.5,0.7,8.4,1.7,0,0
Larry Hughes,2005,0.2,1.5,14.0,36.0,5.4,2.8,15.5,3.8,0,0
Matt Carroll,2005,0.5,1.0,13.9,78.0,2.2,0.6,7.6,1.6,0,0
Devin Harris,2005,1.1,1.4,17.4,56.0,4.2,1.5,9.9,1.8,0,0
Brent Barry,2005,1.7,2.2,14.8,74.0,0.8,0.7,5.8,1.8,0,0
Adrian Griffin,2005,0.9,1.5,11.6,52.0,1.0,0.8,4.6,2.9,0,0
Jacque Vaughn,2005,-0.7,1.5,7.5,80.0,1.0,0.7,3.4,0.9,0,0
Tyronn Lue,2005,0.4,-0.1,15.5,51.0,2.7,1.5,11.0,1.4,0,0
Keith McLeod,2005,-0.8,0.8,8.6,66.0,2.0,1.2,5.6,1.0,0,0
Mike Sweetney,2005,-0.3,2.1,13.9,66.0,3.1,1.4,8.1,3.5,0,0
Maurice Taylor,2005,-1.1,0.4,8.5,67.0,1.2,1.5,6.3,2.4,0,0
Carlos Arroyo,2005,0.5,1.1,15.6,77.0,1.8,1.1,5.8,1.3,0,0
Robert Horry,2005,1.5,2.5,13.5,63.0,1.1,0.7,5.1,2.7,0,0
Mickaël Piétrus,2005,-0.4,0.9,10.0,52.0,2.8,1.5,9.3,2.0,0,0
Travis Outlaw,2005,-0.1,0.5,12.9,69.0,1.3,0.5,5.8,2.0,0,0
Austin Croshere,2005,1.2,1.7,15.2,50.0,2.0,1.0,8.2,4.1,0,0
Maurice Evans,2005,0.6,1.4,14.0,80.0,0.8,0.5,5.0,1.1,0,0
Keyon Dooling,2005,-0.2,0.8,12.6,50.0,2.4,1.6,9.4,1.3,0,0
Jamaal Tinsley,2005,0.1,1.5,12.1,42.0,2.2,2.6,9.3,2.3,0,0
Etan Thomas,2005,0.1,1.3,13.6,71.0,1.8,0.7,4.7,2.5,0,0
Malik Rose,2005,-0.2,0.8,10.2,72.0,1.9,1.1,4.4,2.4,0,0
Kareem Rush,2005,-0.4,0.7,9.8,47.0,1.6,1.4,10.1,1.8,0,0
Keith Van Horn,2005,0.2,1.2,13.8,53.0,2.1,1.3,8.9,2.6,0,0
Kevin Ollie,2005,-0.5,0.5,7.8,70.0,0.7,0.4,2.7,1.2,0,0
Al Jefferson,2005,0.0,1.5,16.2,59.0,2.3,1.1,7.9,3.4,0,0
Derek Anderson,2005,0.2,1.1,10.8,43.0,2.6,1.3,8.1,2.8,0,0
David Harrison,2005,-0.5,1.9,11.8,67.0,2.6,1.2,5.7,2.5,0,0
Marc Jackson,2005,-0.6,0.9,12.5,64.0,1.3,1.0,6.5,2.0,0,0
Carlos Boozer,2005,1.1,1.3,21.4,33.0,4.2,2.1,16.3,6.4,0,0
Toni Kukoč,2005,0.6,0.9,11.9,65.0,0.9,1.0,4.9,1.9,0,0
Qyntel Woods,2005,0.3,0.6,12.4,49.0,1.6,1.2,6.7,3.0,0,0
Michael Ruffin,2005,-0.2,1.1,8.1,76.0,1.0,0.5,1.4,2.0,0,0
Andris Biedriņš,2005,0.1,1.3,13.6,68.0,1.1,0.5,3.8,2.3,0,0
Trevor Ariza,2005,0.3,1.0,11.8,57.0,2.2,1.1,4.6,2.5,0,0
Justin Reed,2005,-0.9,0.8,7.9,72.0,1.7,0.7,4.5,1.0,0,0
J.R. Smith,2005,0.3,0.8,12.7,55.0,1.8,1.0,7.7,1.7,0,0
Robert Swift,2005,-0.5,0.3,12.7,47.0,1.9,1.0,6.4,3.6,0,0
Nick Van Exel,2005,0.2,1.3,11.0,65.0,0.6,0.9,5.5,1.3,0,0
Royal Ivey,2005,-0.6,0.0,8.4,73.0,0.5,0.3,3.6,0.9,0,0
Tony Allen,2005,0.1,1.0,12.9,51.0,2.6,1.3,7.2,1.5,0,0
Dahntay Jones,2005,-0.6,1.5,8.0,71.0,1.3,0.7,4.0,1.2,0,0
Gordan Giriček,2005,-0.9,0.4,8.7,37.0,1.5,1.7,10.6,1.5,0,0
Dikembe Mutombo,2005,0.3,1.8,12.7,64.0,1.4,0.5,2.6,3.2,0,0
Brian Skinner,2005,-0.2,1.0,10.5,65.0,0.9,0.7,2.9,2.3,0,0
Corey Maggette,2005,0.7,1.1,18.9,32.0,8.0,2.4,17.8,4.4,0,0
Antonio Davis,2005,-0.5,0.4,8.3,44.0,1.8,1.2,4.9,2.7,0,0
Brian Scalabrine,2005,-0.4,0.7,5.9,71.0,0.5,0.7,2.9,1.2,0,0
Pat Garrity,2005,0.0,0.4,9.1,57.0,0.6,0.7,4.9,1.4,0,0
DerMarr Johnson,2005,0.3,0.8,11.7,58.0,0.7,0.8,6.1,1.3,0,0
Michael Olowokandi,2005,-0.7,1.4,8.3,48.0,1.0,1.1,5.0,3.5,0,0
Joe Smith,2005,0.0,0.9,16.1,44.0,2.6,0.9,8.6,3.3,0,0
Dan Gadzuric,2005,0.0,1.1,17.2,74.0,1.2,0.5,5.2,1.9,0,0
Emeka Okafor,2005,0.0,1.1,14.9,26.0,4.8,2.0,13.2,6.4,0,0
Jiří Welsch,2005,0.0,0.7,9.8,58.0,1.5,0.7,4.3,1.5,0,0
Damon Stoudamire,2005,0.4,1.0,13.7,27.0,2.3,2.0,11.7,2.7,0,0
Othella Harrington,2005,-0.4,0.9,11.1,72.0,1.7,0.8,4.8,1.4,0,0
Jason Hart,2005,-0.6,0.8,7.1,66.0,0.8,0.7,3.3,0.9,0,0
Jake Voskuhl,2005,-0.5,0.9,11.0,51.0,1.2,0.6,5.3,2.4,0,0
Sasha Pavlović,2005,-0.3,0.6,6.9,53.0,0.9,0.8,4.5,1.2,0,0
Greg Ostertag,2005,0.1,1.1,11.6,60.0,0.8,0.8,2.4,2.4,0,0
Troy Hudson,2005,0.0,0.4,12.2,36.0,1.4,1.1,9.5,1.0,0,0
Aaron Williams,2005,-0.3,0.8,11.6,48.0,1.2,0.6,4.6,2.4,0,0
Scot Pollard,2005,0.3,1.6,12.3,45.0,0.8,0.6,3.8,3.2,0,0
Darko Miličić,2005,0.4,1.1,15.2,55.0,0.9,0.9,4.8,1.9,0,0
Anderson Varejão,2005,0.2,1.3,14.8,48.0,2.5,0.6,4.6,3.3,0,0
Jackie Butler,2005,-0.2,0.6,14.8,55.0,1.4,1.1,5.3,2.1,0,0
Jake Tsakalidis,2005,0.3,1.4,17.3,51.0,1.7,0.8,5.0,2.6,0,0
Carlos Delfino,2005,-0.2,1.0,10.6,68.0,1.0,0.5,3.6,1.3,0,0
Scott Padgett,2005,0.3,1.3,12.5,62.0,0.5,0.3,3.4,1.8,0,0
Malik Allen,2005,-0.1,1.0,11.5,54.0,0.7,0.6,4.9,1.8,0,0
Mark Madsen,2005,-0.5,0.9,5.3,62.0,0.8,0.4,1.2,1.5,0,0
Tim Thomas,2005,-0.2,0.7,12.2,29.0,1.4,1.1,10.3,3.8,0,0
Jason Kapono,2005,-0.1,0.5,9.0,51.0,0.6,0.4,4.1,1.2,0,0
Ryan Bowen,2005,-0.5,0.8,4.0,68.0,0.2,0.2,1.3,0.8,0,0
Jannero Pargo,2005,-0.1,0.8,9.9,57.0,0.4,1.1,4.8,0.9,0,0
Shandon Anderson,2005,-0.3,0.7,6.2,48.0,0.4,0.5,2.6,1.3,0,0
Matt Barnes,2005,-0.2,0.4,10.7,56.0,0.8,0.5,3.1,1.3,0,0
Darrell Armstrong,2005,-0.3,0.7,7.3,62.0,0.7,0.9,2.1,1.0,0,0
Kris Humphries,2005,-0.4,0.8,10.3,62.0,1.0,0.5,3.0,1.6,0,0
Grant Hill,2005,0.5,0.6,19.0,21.0,4.9,1.7,15.1,3.1,0,0
Rafael Araújo,2005,-0.9,0.4,4.5,52.0,0.5,0.8,2.3,1.9,0,0
Zoran Planinić,2005,-0.6,0.8,6.9,56.0,1.2,0.8,3.4,1.1,0,0
Pape Sow,2005,-0.6,0.4,9.5,42.0,1.4,0.7,3.5,2.2,0,0
Anthony Carter,2005,0.0,0.7,10.6,45.0,1.2,0.9,3.3,1.2,0,0
Beno Udrih,2005,0.1,0.8,15.3,54.0,0.9,1.0,5.1,0.6,0,0
Mikki Moore,2005,-0.5,0.0,8.6,47.0,1.3,0.9,3.3,1.8,0,0
Lamond Murray,2005,-0.1,1.0,10.8,57.0,0.7,0.4,3.4,1.8,0,0
Antonio Burks,2005,-0.7,0.7,5.1,57.0,0.4,0.6,2.0,0.6,0,0
Chris Andersen,2005,0.1,0.7,14.1,32.0,3.2,0.8,5.0,2.9,0,0
Alan Henderson,2005,0.0,0.6,12.2,51.0,1.0,0.4,2.5,1.5,0,0
Linton Johnson,2005,-0.3,0.6,10.1,36.0,0.8,0.8,4.3,2.3,0,0
Jarvis Hayes,2005,0.1,0.4,12.2,21.0,1.4,1.0,9.3,2.7,0,0
Jim Jackson,2005,-0.6,0.5,3.0,40.0,0.3,0.9,3.0,1.6,0,0
Žarko Čabarkapa,2005,-0.4,0.5,9.9,61.0,1.4,0.6,3.3,1.2,0,0
Boštjan Nachbar,2005,-0.3,0.5,7.2,36.0,1.2,0.7,4.4,1.4,0,0
Jeff McInnis,2005,-0.2,0.6,9.2,28.0,1.0,1.0,5.3,1.4,0,0
Voshon Lenard,2005,0.0,0.3,10.9,26.0,1.2,1.2,7.3,1.6,0,0
Calbert Cheaney,2005,-0.3,0.3,6.0,42.0,0.2,0.4,2.2,1.0,0,0
Moochie Norris,2005,-0.1,0.5,10.1,45.0,0.9,0.7,2.8,0.9,0,0
Željko Rebrača,2005,-0.1,0.5,10.7,29.0,1.4,0.8,4.7,1.8,0,0
Jerome James,2005,-0.8,0.2,6.3,45.0,0.9,1.1,3.0,1.2,0,0
Jackson Vroman,2005,-0.4,0.4,5.9,41.0,1.1,0.5,1.8,1.3,0,0
Brian Cardinal,2005,-0.1,0.7,10.0,36.0,0.8,0.8,3.4,1.2,0,0
Lonny Baxter,2005,-0.2,0.6,11.9,41.0,0.9,0.5,2.9,1.8,0,0
Howard Eisley,2005,-0.1,0.3,9.2,32.0,0.8,0.7,3.2,0.9,0,0
Stacey Augmon,2005,0.0,0.3,7.6,36.0,0.8,0.3,2.0,1.0,0,0
Tony Delk,2005,0.2,0.5,16.1,24.0,1.1,0.8,7.6,1.6,0,0
Michael Doleac,2005,-0.2,0.5,9.9,31.0,1.0,0.5,3.2,2.0,0,0
Michael Bradley,2005,-0.2,0.3,8.4,46.0,0.1,0.4,1.5,1.5,0,0
Corliss Williamson,2005,-0.4,0.4,8.1,37.0,1.3,0.8,3.4,1.2,0,0
Bo Outlaw,2005,0.2,0.4,11.8,32.0,0.3,0.5,2.3,1.4,0,0
Walter McCarty,2005,-0.2,0.5,5.9,36.0,0.6,0.5,2.4,1.5,0,0
Ira Newble,2005,-0.3,0.3,4.0,36.0,0.4,0.3,1.3,1.0,0,0
Lindsey Hunter,2005,0.0,0.5,10.5,30.0,0.1,0.7,2.9,1.0,0,0
Vitaly Potapenko,2005,-0.4,-0.1,7.4,33.0,0.5,0.5,2.5,1.1,0,0
Eric Williams,2005,-0.3,0.0,6.8,28.0,1.4,0.5,3.3,1.4,0,0
Mike Wilks,2005,-0.3,0.2,5.8,47.0,0.9,0.5,1.8,0.6,0,0
Pat Burke,2005,-0.4,0.4,9.9,42.0,0.5,0.8,3.4,1.2,0,0
Jon Barry,2005,0.0,0.4,8.5,20.0,1.5,1.1,4.3,1.5,0,0
Richie Frahm,2005,0.0,0.3,9.4,33.0,0.3,0.2,3.3,0.9,0,0
Darrick Martin,2005,0.0,0.1,11.5,40.0,0.6,0.4,2.6,0.5,0,0
Kelvin Cato,2005,-0.3,0.4,9.3,27.0,1.3,0.7,3.6,1.9,0,0
Loren Woods,2005,0.0,0.3,12.3,27.0,0.5,0.6,2.3,2.4,0,0
Luke Jackson,2005,-0.2,0.3,7.9,36.0,0.9,0.9,2.7,0.7,0,0
John Edwards,2005,-0.3,0.1,6.4,40.0,0.3,0.3,1.8,0.8,0,0
Andre Barrett,2005,-0.1,0.0,11.3,19.0,0.6,0.8,4.6,0.8,0,0
Laron Profit,2005,0.0,0.3,11.8,25.0,1.0,1.0,4.2,1.4,0,0
Danny Fortson,2005,-0.5,0.0,8.5,23.0,1.9,1.1,3.8,2.0,0,0
Ronald Dupree,2005,-0.1,0.3,10.4,36.0,1.1,0.4,2.2,0.8,0,0
Calvin Booth,2005,0.0,0.3,8.9,33.0,0.3,0.2,1.4,1.0,0,0
Brian Grant,2005,-0.3,0.3,6.6,21.0,0.4,0.3,2.9,2.2,0,0
Rick Brunson,2005,-0.2,0.2,6.3,27.0,0.4,0.8,2.0,0.8,0,0
D.J. Mbenga,2005,0.0,0.4,13.4,43.0,0.5,0.4,1.7,0.9,0,0
Lee Nailon,2005,0.0,0.2,14.5,22.0,0.7,0.5,4.2,0.9,0,0
Dan Dickau,2005,0.0,0.2,10.4,19.0,0.9,0.9,3.3,0.6,0,0
Mateen Cleaves,2005,-0.2,-0.1,9.1,27.0,0.9,0.5,2.7,0.4,0,0
Eric Piatkowski,2005,-0.1,0.2,6.2,29.0,0.2,0.4,2.0,0.7,0,0
Mario Kasun,2005,-0.4,0.2,8.9,28.0,0.8,0.5,2.9,1.3,0,0
Ha Seung-Jin,2005,-0.3,0.1,6.9,27.0,0.6,0.5,1.6,1.3,0,0
Charles Smith,2005,0.0,0.0,12.0,22.0,0.4,0.2,3.6,0.6,0,0
Jermaine Jackson,2005,0.0,0.1,8.2,30.0,0.5,0.4,1.2,0.6,0,0
Terence Morris,2005,-0.1,0.2,5.1,22.0,0.1,0.3,1.6,1.5,0,0
Doug Christie,2005,0.0,0.2,6.8,7.0,1.7,0.9,3.7,1.6,0,0
Sean Marks,2005,0.1,0.4,17.9,25.0,0.5,0.3,3.2,1.2,0,0
Dale Davis,2005,-0.1,0.3,9.9,28.0,0.5,0.1,0.9,1.1,0,0
Willie Green,2005,-0.2,0.0,8.6,10.0,0.5,1.2,7.0,1.4,0,0
James Thomas,2005,-0.2,0.1,5.4,22.0,0.6,0.3,1.3,1.2,0,0
Dorell Wright,2005,0.0,0.2,13.2,20.0,0.9,0.7,2.9,1.5,0,0
Billy Thomas,2005,0.1,0.2,9.8,17.0,0.1,0.4,2.2,0.5,0,0
Donta Smith,2005,0.0,0.1,12.7,23.0,0.5,0.2,1.7,0.5,0,0
John Thomas,2005,-0.2,0.1,3.4,16.0,0.3,0.5,0.9,0.6,0,0
Eddie Gill,2005,0.0,0.3,9.9,41.0,0.6,0.2,1.1,0.4,0,0
Aaron McKie,2005,0.0,0.1,6.1,14.0,0.1,0.1,0.5,1.2,0,0
Awvee Storey,2005,-0.1,0.1,9.2,25.0,0.6,0.2,1.7,0.6,0,0
Ime Udoka,2005,-0.1,0.0,6.1,8.0,0.8,0.3,2.8,1.8,0,0
Nikoloz Tskitishvili,2005,-0.1,0.1,8.3,17.0,0.8,0.4,2.1,0.8,0,0
Vin Baker,2005,0.0,0.2,11.2,8.0,2.3,1.1,3.4,2.1,0,0
Ervin Johnson,2005,-0.2,0.1,3.1,18.0,0.1,0.3,0.8,1.1,0,0
Anfernee Hardaway,2005,-0.1,0.0,2.0,4.0,0.5,1.5,2.5,2.5,0,0
Reece Gaines,2005,0.0,0.0,6.7,12.0,0.3,0.1,1.1,0.0,0,0
Amar'e Stoudemire,2005,0.0,0.1,17.8,3.0,3.0,0.3,8.7,3.3,0,0
Zendon Hamilton,2005,0.0,0.1,17.6,12.0,1.5,0.5,2.2,0.7,0,0
Jamal Sampson,2005,0.1,0.1,24.4,12.0,0.2,0.0,0.8,1.1,0,0
Marcus Fizer,2005,0.0,0.0,14.1,3.0,0.7,0.7,6.7,2.0,0,0
Maciej Lampe,2005,-0.1,0.0,-4.4,6.0,0.3,0.5,0.7,0.8,0,0
Samaki Walker,2005,-0.1,0.0,-6.2,7.0,0.3,0.3,0.3,0.4,0,0
Randy Livingston,2005,0.0,0.0,-3.0,5.0,0.0,0.2,0.0,0.6,0,0
Anthony Goldwire,2005,-0.1,0.0,-5.5,3.0,0.0,0.3,0.7,0.3,0,0
Jonathan Bender,2005,0.1,0.0,26.4,2.0,1.0,0.0,5.0,2.0,0,0
Pavel Podkolzin,2005,0.0,0.0,2.3,1.0,6.0,2.0,3.0,7.0,0,0
Josh Davis,2005,0.0,0.0,13.6,6.0,0.5,0.2,1.0,0.2,0,0
Alvin Williams,2005,0.0,0.0,-4.7,1.0,2.0,0.0,1.0,3.0,0,0
Stanislav Medvedenko,2005,0.0,0.0,11.0,2.0,0.0,0.0,1.0,0.0,0,0
Nenê,2005,0.0,0.0,-54.4,1.0,0.0,2.0,0.0,0.0,0,0
Bryon Russell,2005,0.0,0.0,16.4,1.0,0.0,0.0,0.0,1.0,0,0
LeBron James,2006,8.1,5.7,24.5,78.0,9.0,3.2,27.3,5.7,1,2
Kobe Bryant,2006,6.1,2.2,26.1,77.0,10.0,3.3,31.6,4.7,1,1
Vince Carter,2006,4.6,3.1,21.8,82.0,7.0,2.6,25.2,4.6,0,0
Elton Brand,2006,4.8,4.3,23.1,80.0,5.8,2.5,20.5,6.0,0,0
Luol Deng,2006,3.9,5.6,18.7,82.0,4.4,1.9,18.8,5.3,0,0
Andre Iguodala,2006,3.4,3.6,18.1,76.0,7.3,3.4,18.2,4.7,0,0
Rafer Alston,2006,2.0,4.9,12.9,82.0,2.2,2.1,13.3,3.1,0,0
Dwight Howard,2006,3.7,5.8,21.1,82.0,8.1,3.9,17.6,8.8,1,3
Ricky Davis,2006,1.8,1.9,15.9,81.0,3.5,2.6,17.0,3.2,0,0
Shawn Marion,2006,4.8,5.3,20.8,80.0,3.1,1.4,17.5,7.7,0,0
Tayshaun Prince,2006,2.9,2.9,16.0,82.0,2.7,1.2,14.3,3.5,0,0
Kevin Garnett,2006,5.5,4.9,24.1,76.0,6.6,2.7,22.4,10.4,1,3
Shane Battier,2006,3.2,4.6,12.0,82.0,1.4,0.9,10.1,3.3,0,0
Andre Miller,2006,1.7,2.4,16.1,80.0,3.5,2.8,13.4,3.2,0,0
Deron Williams,2006,2.4,1.9,17.1,80.0,3.7,3.1,16.2,2.8,0,0
Gilbert Arenas,2006,5.0,1.5,24.0,74.0,9.7,3.2,28.4,3.7,1,2
Jason Kidd,2006,4.9,4.1,19.4,80.0,2.9,2.7,13.0,6.5,0,0
Raja Bell,2006,1.4,1.6,12.0,78.0,1.9,1.1,14.7,2.6,0,0
Eddy Curry,2006,0.1,1.6,17.0,81.0,8.1,3.6,19.5,4.6,0,0
Charlie Bell,2006,0.5,0.4,13.1,82.0,2.0,1.3,13.5,2.2,0,0
Jason Terry,2006,4.3,3.1,18.9,81.0,2.5,1.9,16.7,2.3,0,0
Cuttino Mobley,2006,0.8,2.4,12.5,78.0,3.1,1.9,13.8,2.8,0,0
Kirk Hinrich,2006,3.5,4.6,17.0,80.0,3.6,2.4,16.6,3.0,0,0
Raymond Felton,2006,0.9,2.1,13.5,78.0,3.3,2.9,14.0,2.8,0,0
Dirk Nowitzki,2006,7.4,4.5,27.6,78.0,7.1,2.1,24.6,7.3,1,1
Kevin Martin,2006,3.4,1.9,20.1,80.0,7.1,1.7,20.2,3.4,0,0
Danny Granger,2006,1.5,2.6,13.9,82.0,3.6,1.6,13.9,3.3,0,0
Mike Bibby,2006,1.7,1.5,16.0,82.0,4.2,2.4,17.1,2.7,0,0
Richard Hamilton,2006,2.2,2.4,18.1,75.0,5.4,2.1,19.8,2.8,0,0
Allen Iverson,2006,2.6,2.2,19.6,65.0,9.4,4.1,26.3,2.6,0,0
Stephon Marbury,2006,1.5,1.1,15.3,74.0,5.2,2.4,16.4,2.4,0,0
Mike Miller,2006,2.3,0.3,16.4,70.0,2.9,2.6,18.5,4.7,0,0
Tim Duncan,2006,6.2,6.8,26.1,80.0,7.1,2.8,20.0,7.9,1,1
Ben Gordon,2006,3.0,3.9,18.2,82.0,5.4,3.0,21.4,2.7,0,0
Ben Wallace,2006,3.7,6.6,14.6,77.0,3.5,1.3,6.4,6.7,0,0
Amar'e Stoudemire,2006,2.6,4.0,23.1,82.0,7.1,2.8,20.4,6.9,1,1
Steve Nash,2006,5.3,1.7,23.8,76.0,3.3,3.8,18.6,3.1,1,1
Mehmet Okur,2006,2.8,2.3,18.1,80.0,4.8,1.6,17.6,5.2,0,0
Antawn Jamison,2006,2.2,1.6,18.4,70.0,4.4,1.5,19.8,6.1,0,0
Chris Bosh,2006,3.1,3.5,22.6,69.0,8.6,2.6,22.6,8.0,1,2
Jarrett Jack,2006,0.9,1.0,14.5,79.0,3.5,2.4,12.0,2.4,0,0
Josh Smith,2006,2.7,4.0,18.3,72.0,5.4,3.2,16.4,6.3,0,0
Metta World Peace,2006,3.2,3.1,18.5,70.0,5.9,2.1,18.8,5.0,0,0
Gerald Wallace,2006,3.7,3.5,19.8,72.0,6.2,2.2,18.1,5.2,0,0
Monta Ellis,2006,0.6,1.9,15.0,77.0,4.6,2.9,16.5,2.4,0,0
Leandro Barbosa,2006,3.1,2.1,18.4,80.0,2.9,1.8,18.1,2.4,0,0
Larry Hughes,2006,0.8,3.8,12.1,70.0,4.4,2.2,14.9,3.2,0,0
Chris Wilcox,2006,0.6,1.9,16.6,82.0,4.3,1.5,13.5,5.5,0,0
Mike Dunleavy,2006,1.3,2.5,14.1,82.0,3.3,1.8,12.8,4.2,0,0
Desmond Mason,2006,-1.3,1.8,10.8,75.0,4.3,2.6,13.7,2.9,0,0
Al Harrington,2006,0.7,2.2,14.8,78.0,3.1,2.2,16.5,4.4,0,0
Carlos Boozer,2006,4.3,3.4,24.1,74.0,5.0,2.6,20.9,8.5,0,0
Mark Blount,2006,-0.7,2.2,12.7,82.0,2.4,1.9,12.3,4.5,0,0
Tracy McGrady,2006,5.2,4.5,23.2,71.0,6.9,3.0,24.6,4.5,1,2
Samuel Dalembert,2006,0.9,3.6,16.1,82.0,2.7,2.0,10.7,6.0,0,0
Chauncey Billups,2006,4.3,2.7,21.3,70.0,6.2,2.0,17.0,3.1,1,3
Tyson Chandler,2006,1.6,3.8,17.0,73.0,2.8,1.7,9.5,8.0,0,0
Ruben Patterson,2006,1.9,1.3,18.5,81.0,4.6,2.5,14.7,3.1,0,0
Tony Parker,2006,3.2,3.9,21.4,77.0,4.5,2.5,18.6,2.8,0,0
Carmelo Anthony,2006,2.5,2.1,22.1,65.0,8.7,3.6,28.9,3.8,1,3
Udonis Haslem,2006,-0.2,3.1,13.7,79.0,2.6,1.4,10.7,5.9,0,0
Stephen Jackson,2006,0.9,1.7,14.4,75.0,4.0,2.4,15.5,2.1,0,0
Caron Butler,2006,1.8,1.9,18.3,63.0,5.2,2.9,19.1,5.1,0,0
Mo Williams,2006,0.9,0.9,16.3,68.0,2.7,3.0,17.3,4.0,0,0
Bruce Bowen,2006,0.6,3.6,7.1,82.0,0.9,0.8,6.2,2.4,0,0
Jermaine O'Neal,2006,1.7,4.1,18.8,69.0,6.5,2.9,19.4,7.4,0,0
Smush Parker,2006,0.0,1.6,11.6,82.0,2.1,1.9,11.1,2.0,0,0
Josh Howard,2006,3.2,3.8,20.0,70.0,4.2,1.8,18.9,4.9,0,0
Anthony Parker,2006,2.1,2.1,14.5,73.0,2.2,1.0,12.4,3.1,0,0
Zach Randolph,2006,2.2,1.9,22.8,68.0,7.1,3.2,23.6,7.2,0,0
DeShawn Stevenson,2006,0.4,0.3,12.9,82.0,2.6,1.5,11.2,2.0,0,0
Rasheed Wallace,2006,2.5,4.4,15.7,75.0,1.8,1.3,12.3,6.0,0,0
Andris Biedriņš,2006,1.0,3.3,16.2,82.0,2.0,1.5,9.5,6.2,0,0
Nick Collison,2006,-0.3,1.8,14.2,82.0,2.4,1.5,9.6,5.3,0,0
Marcus Camby,2006,4.0,5.1,19.1,70.0,3.2,1.7,11.2,9.3,0,0
Joe Johnson,2006,2.7,1.0,19.5,57.0,5.5,3.1,25.0,3.3,0,0
Chris Paul,2006,4.2,2.6,22.0,64.0,5.6,2.5,17.3,3.5,0,0
Rashard Lewis,2006,3.6,1.3,20.7,60.0,5.3,2.0,22.4,5.1,0,0
Jameer Nelson,2006,0.8,2.4,13.9,77.0,2.9,2.4,13.0,2.4,0,0
Emeka Okafor,2006,2.4,3.6,20.1,67.0,4.4,1.7,14.4,7.4,0,0
Al Jefferson,2006,1.6,3.3,19.8,69.0,4.3,2.0,16.0,7.5,0,0
Corey Maggette,2006,1.5,2.5,18.6,75.0,8.4,2.7,16.9,4.7,0,0
Kyle Korver,2006,1.1,1.7,14.2,74.0,2.8,1.6,14.4,3.1,0,0
Derek Fisher,2006,0.2,1.5,11.4,82.0,3.7,1.5,10.1,1.5,0,0
Ryan Gomes,2006,0.3,1.7,13.7,73.0,3.2,1.4,12.1,3.9,0,0
Boris Diaw,2006,1.4,1.5,13.0,73.0,1.6,2.1,9.7,3.1,0,0
Hedo Türkoğlu,2006,1.3,2.6,14.2,73.0,3.0,2.0,13.3,3.2,0,0
Andrew Bogut,2006,1.2,1.4,15.5,66.0,2.9,2.3,12.3,6.3,0,0
T.J. Ford,2006,1.6,2.3,18.2,75.0,3.9,3.1,14.0,2.4,0,0
Jamaal Tinsley,2006,1.6,2.6,15.2,72.0,3.3,2.8,12.8,2.5,0,0
Drew Gooden,2006,1.0,4.1,16.5,80.0,2.5,1.4,11.1,5.2,0,0
Steve Blake,2006,0.0,1.1,9.9,82.0,0.8,1.6,6.4,1.8,0,0
Rasual Butler,2006,0.6,1.8,10.8,81.0,1.1,0.8,10.1,2.6,0,0
Trenton Hassell,2006,0.0,0.8,9.7,76.0,1.2,1.1,6.7,2.1,0,0
Baron Davis,2006,3.2,2.3,21.0,63.0,5.9,3.1,20.1,3.6,0,0
Delonte West,2006,1.3,1.8,14.0,69.0,2.9,2.0,12.2,2.6,0,0
Ray Allen,2006,3.2,0.9,21.6,55.0,5.6,2.8,26.4,3.5,0,0
Luther Head,2006,2.0,3.4,13.7,80.0,1.3,1.7,10.9,2.8,0,0
Lamar Odom,2006,1.7,2.1,16.1,56.0,5.1,2.9,15.9,7.9,0,0
Jamal Crawford,2006,0.8,0.9,14.5,59.0,4.6,2.7,17.6,2.5,0,0
Marvin Williams,2006,-0.6,1.4,12.2,64.0,4.1,2.0,13.1,4.0,0,0
Chris Kaman,2006,-0.5,3.2,12.9,75.0,3.0,2.0,10.1,5.7,0,0
Hakim Warrick,2006,0.0,0.5,15.9,82.0,4.7,2.0,12.7,3.5,0,0
Earl Watson,2006,0.7,1.1,13.5,77.0,1.9,2.2,9.4,2.0,0,0
Ime Udoka,2006,1.2,1.0,12.1,75.0,1.2,1.0,8.4,2.5,0,0
John Salmons,2006,0.8,1.6,12.7,79.0,2.6,1.5,8.5,2.7,0,0
Pau Gasol,2006,3.0,1.5,24.1,59.0,6.8,2.7,20.8,7.3,0,0
Zydrunas Ilgauskas,2006,1.3,4.0,18.0,78.0,2.5,1.8,11.9,4.6,0,0
Juwan Howard,2006,0.0,3.2,12.8,80.0,2.4,1.4,9.7,4.2,0,0
Luke Ridnour,2006,0.2,0.8,13.7,71.0,2.2,2.2,11.0,1.9,0,0
Mikki Moore,2006,0.4,2.3,14.8,79.0,3.0,1.4,9.8,3.3,0,0
Devin Harris,2006,1.7,2.9,16.0,80.0,3.3,1.8,10.2,1.9,0,0
Mike James,2006,0.2,1.1,13.3,82.0,2.2,1.6,10.1,1.7,0,0
Chucky Atkins,2006,1.2,-0.2,17.4,75.0,4.1,1.7,13.2,1.6,0,0
Manu Ginóbili,2006,5.1,4.3,24.1,75.0,5.0,2.1,16.5,3.6,0,0
Tim Thomas,2006,1.4,2.3,13.6,76.0,1.9,1.4,11.0,4.1,0,0
Andrei Kirilenko,2006,3.0,2.9,14.3,70.0,3.4,1.9,8.3,3.4,0,0
Damien Wilkins,2006,0.6,1.0,13.1,82.0,2.1,1.4,8.8,1.7,0,0
Michael Redd,2006,2.5,0.3,22.3,53.0,7.8,2.3,26.7,2.9,0,0
Earl Boykins,2006,1.3,0.4,16.2,66.0,3.7,1.8,14.6,1.4,0,0
Zaza Pachulia,2006,0.6,2.1,16.8,72.0,5.2,2.3,12.2,4.2,0,0
Josh Childress,2006,1.9,1.4,16.2,55.0,3.8,1.5,13.0,3.9,0,0
Shareef Abdur-Rahim,2006,-0.2,1.7,13.1,80.0,2.9,1.5,9.9,3.5,0,0
Grant Hill,2006,1.6,2.3,16.3,65.0,5.0,2.2,14.4,2.8,0,0
Luke Walton,2006,1.2,1.2,14.7,60.0,2.4,2.0,11.4,3.6,0,0
Matt Harpring,2006,0.5,1.6,14.7,77.0,4.0,1.5,11.6,3.1,0,0
Richard Jefferson,2006,0.3,1.4,13.8,55.0,5.9,2.2,16.3,3.5,0,0
Mickaël Piétrus,2006,0.4,1.5,13.0,72.0,2.9,1.5,11.1,3.4,0,0
Anderson Varejão,2006,1.0,4.0,14.4,81.0,3.3,0.8,6.8,4.4,0,0
Dwyane Wade,2006,4.9,2.9,28.9,51.0,10.5,4.2,27.4,3.7,1,3
Eric Snow,2006,-0.3,2.6,8.6,82.0,1.4,1.4,4.2,1.9,0,0
Juan Dixon,2006,0.0,1.2,11.8,81.0,1.4,1.2,9.6,1.6,0,0
James Posey,2006,1.4,2.6,12.7,71.0,1.4,0.8,7.7,4.1,0,0
Erick Dampier,2006,1.1,3.1,14.9,76.0,2.5,1.4,7.1,4.6,0,0
Darko Miličić,2006,0.7,3.3,13.8,80.0,2.9,1.6,8.0,3.7,0,0
Chris Duhon,2006,1.2,3.0,11.9,78.0,1.3,1.3,7.2,1.9,0,0
David West,2006,1.4,2.0,18.9,52.0,4.4,1.9,18.3,5.7,0,0
Channing Frye,2006,-0.9,1.6,10.5,72.0,1.5,1.4,9.5,4.2,0,0
Matt Carroll,2006,1.1,1.2,14.6,72.0,2.9,1.0,12.1,2.4,0,0
Jason Williams,2006,1.1,1.5,15.0,61.0,1.7,1.6,10.9,2.0,0,0
Troy Murphy,2006,1.1,2.1,14.5,68.0,2.1,1.1,10.3,4.6,0,0
Jason Collins,2006,-1.8,1.9,3.0,80.0,1.6,0.9,2.1,2.8,0,0
Willie Green,2006,-1.2,1.1,10.3,74.0,1.5,1.4,11.3,1.6,0,0
Michael Finley,2006,1.2,2.6,13.7,82.0,1.2,0.6,9.0,2.3,0,0
Chris Webber,2006,1.4,2.7,16.0,61.0,2.6,1.8,11.2,5.1,0,0
Antoine Walker,2006,-0.7,2.0,9.6,78.0,1.3,1.8,8.5,3.2,0,0
Matt Barnes,2006,1.3,1.8,14.7,76.0,1.6,1.4,9.8,3.4,0,0
Andrew Bynum,2006,0.5,1.9,15.4,82.0,2.6,1.4,7.8,4.2,0,0
Brad Miller,2006,0.9,1.7,13.5,63.0,2.4,1.7,9.0,5.1,0,0
Gerald Green,2006,-0.2,1.2,12.0,81.0,2.0,1.5,10.4,1.7,0,0
Jason Kapono,2006,0.7,1.3,13.8,67.0,1.1,1.0,10.9,2.3,0,0
Antonio Daniels,2006,0.8,0.2,15.0,80.0,3.1,0.9,7.1,1.7,0,0
Martell Webster,2006,0.0,0.7,9.9,82.0,1.6,0.9,7.0,2.4,0,0
Brendan Haywood,2006,0.1,1.3,14.2,77.0,2.7,1.2,6.6,3.7,0,0
Jeff Foster,2006,0.5,2.7,13.0,75.0,1.6,0.9,4.3,4.7,0,0
Paul Pierce,2006,2.7,1.6,21.7,47.0,8.6,3.2,25.0,5.1,0,0
Maurice Evans,2006,-0.1,0.6,12.1,76.0,2.0,0.8,8.4,1.7,0,0
David Lee,2006,2.2,2.1,20.2,58.0,3.0,1.6,10.7,7.0,0,0
Antonio McDyess,2006,1.1,3.2,18.1,82.0,1.7,0.9,8.1,4.0,0,0
Nenê,2006,1.0,2.4,17.8,64.0,4.4,2.0,12.2,4.7,0,0
Chuck Hayes,2006,0.6,3.6,13.9,78.0,1.1,0.8,5.6,4.1,0,0
Jannero Pargo,2006,0.5,1.4,13.4,82.0,1.5,1.5,9.2,2.0,0,0
Jamaal Magloire,2006,-1.0,1.5,11.5,81.0,3.0,1.6,6.5,4.2,0,0
Quinton Ross,2006,0.4,1.8,10.5,81.0,1.1,0.4,5.2,1.6,0,0
Rasho Nesterović,2006,0.7,2.2,13.9,80.0,0.6,0.7,6.2,3.1,0,0
Jason Richardson,2006,1.2,1.3,15.5,51.0,2.7,1.6,16.0,3.7,0,0
Dahntay Jones,2006,-1.1,0.0,9.6,78.0,2.2,1.2,7.5,1.4,0,0
Devin Brown,2006,0.9,1.5,14.3,58.0,2.7,1.6,11.6,3.4,0,0
Eduardo Nájera,2006,0.9,1.8,13.5,75.0,1.6,0.7,6.6,2.4,0,0
Brent Barry,2006,2.6,2.6,16.6,75.0,1.6,0.8,8.5,1.9,0,0
Jarvis Hayes,2006,-0.3,0.5,10.7,81.0,1.0,0.7,7.2,2.1,0,0
Yao Ming,2006,2.8,3.4,26.5,48.0,8.6,3.5,25.0,7.3,1,2
Quentin Richardson,2006,1.1,1.3,14.3,49.0,2.4,1.4,13.0,5.9,0,0
Jerry Stackhouse,2006,1.3,1.8,16.8,67.0,3.2,1.7,12.0,1.6,0,0
José Calderón,2006,1.6,1.5,19.1,77.0,1.9,1.4,8.7,1.5,0,0
Shaun Livingston,2006,0.8,1.6,13.7,54.0,2.1,2.0,9.3,2.4,0,0
Steven Hunter,2006,0.1,1.5,12.3,70.0,2.2,0.9,6.4,3.2,0,0
Eddie Jones,2006,1.0,1.4,12.3,64.0,1.2,0.7,7.7,2.5,0,0
Sebastian Telfair,2006,-0.9,1.0,8.6,78.0,1.4,1.3,6.1,1.2,0,0
Kendrick Perkins,2006,-0.3,1.9,9.5,72.0,1.4,1.6,4.5,3.6,0,0
Tony Battie,2006,0.0,2.1,9.8,66.0,1.2,0.9,6.1,3.8,0,0
Alonzo Mourning,2006,0.0,2.5,16.7,77.0,4.0,1.7,8.6,2.9,0,0
Marko Jarić,2006,0.1,1.5,9.6,70.0,1.3,1.3,5.3,1.9,0,0
Sasha Pavlović,2006,0.5,2.3,12.1,67.0,1.9,1.5,9.0,2.0,0,0
Boštjan Nachbar,2006,0.9,1.6,14.5,76.0,2.2,0.9,9.2,3.0,0,0
Travis Outlaw,2006,0.6,1.4,15.3,67.0,2.7,1.0,9.6,2.3,0,0
Brian Skinner,2006,-0.6,1.0,8.9,67.0,1.2,1.1,4.4,4.2,0,0
Morris Peterson,2006,0.8,1.6,13.2,71.0,1.7,0.7,8.9,2.9,0,0
Johan Petro,2006,-0.6,1.2,11.6,81.0,1.0,1.0,6.2,3.0,0,0
Gary Payton,2006,-0.5,1.2,9.0,68.0,0.8,1.0,5.3,1.7,0,0
Joe Smith,2006,-0.1,1.8,13.9,65.0,2.3,1.2,8.5,4.3,0,0
Damon Stoudamire,2006,0.1,0.1,12.6,62.0,1.3,1.6,7.5,1.7,0,0
Linas Kleiza,2006,-0.2,1.2,11.1,79.0,1.7,1.0,7.6,2.4,0,0
Tyronn Lue,2006,0.0,0.3,14.1,56.0,2.9,1.5,11.4,1.5,0,0
DeSagana Diop,2006,0.7,3.1,10.6,81.0,1.1,0.8,2.3,3.4,0,0
Ronald Murray,2006,-0.1,1.4,10.8,69.0,1.7,1.3,6.7,1.3,0,0
J.R. Smith,2006,1.2,1.1,15.6,63.0,2.0,1.3,13.0,1.8,0,0
P.J. Brown,2006,-0.5,2.7,9.7,72.0,1.7,1.2,6.1,3.0,0,0
Keyon Dooling,2006,0.3,1.4,11.1,66.0,2.1,1.1,7.9,1.0,0,0
Kenny Thomas,2006,-0.3,1.4,10.2,62.0,1.2,1.5,5.3,3.9,0,0
Francisco García,2006,0.3,1.2,11.7,79.0,1.4,0.9,6.0,1.9,0,0
Sam Cassell,2006,0.8,1.0,17.1,58.0,3.1,1.7,12.3,2.4,0,0
Andrés Nocioni,2006,1.0,2.6,15.6,53.0,2.7,2.0,14.1,4.9,0,0
James Jones,2006,0.5,1.2,10.8,76.0,1.1,0.4,6.4,1.9,0,0
Carlos Delfino,2006,0.7,1.9,12.8,82.0,1.1,0.7,5.2,2.4,0,0
Greg Buckner,2006,0.1,1.7,7.8,76.0,0.4,0.5,4.0,1.6,0,0
Fabricio Oberto,2006,0.2,2.5,11.9,79.0,0.6,0.9,4.4,3.0,0,0
Donyell Marshall,2006,1.3,2.6,15.3,81.0,1.0,0.8,7.0,2.9,0,0
Nate Robinson,2006,1.0,0.8,15.2,64.0,2.2,1.1,10.1,1.5,0,0
Corliss Williamson,2006,-0.7,0.9,12.7,68.0,3.0,1.4,9.1,2.3,0,0
Francisco Elson,2006,0.1,2.9,11.2,70.0,1.1,1.2,5.0,3.6,0,0
Bobby Jackson,2006,0.8,1.3,15.1,56.0,3.0,1.4,10.6,2.4,0,0
Joey Graham,2006,0.0,1.3,12.9,79.0,1.7,0.6,6.4,2.4,0,0
Fred Jones,2006,0.1,1.0,10.0,63.0,1.8,1.1,6.5,1.5,0,0
Jared Jeffries,2006,0.2,1.0,8.6,55.0,1.2,1.1,4.1,2.3,0,0
Carlos Arroyo,2006,0.4,1.3,14.4,72.0,2.3,1.3,7.7,1.4,0,0
Anthony Johnson,2006,-0.5,0.8,9.9,67.0,0.9,1.1,5.3,1.2,0,0
Dorell Wright,2006,0.5,2.0,12.7,66.0,1.3,1.0,6.0,3.5,0,0
Dikembe Mutombo,2006,0.8,3.0,14.4,75.0,1.2,0.5,3.1,4.3,0,0
Devean George,2006,0.2,1.9,9.7,60.0,0.8,0.9,6.4,2.6,0,0
Trevor Ariza,2006,1.2,1.9,16.2,57.0,3.0,1.5,8.9,2.6,0,0
Darrell Armstrong,2006,1.2,1.5,15.1,81.0,1.1,0.9,5.6,1.2,0,0
Brevin Knight,2006,0.3,1.1,14.3,45.0,2.8,2.1,9.1,2.2,0,0
Etan Thomas,2006,0.3,1.2,15.6,65.0,2.1,1.1,6.1,3.7,0,0
Steve Francis,2006,0.9,0.9,15.1,44.0,4.8,2.3,11.3,2.8,0,0
Kurt Thomas,2006,0.1,1.7,11.4,67.0,1.1,0.5,4.6,4.4,0,0
Derek Anderson,2006,0.7,0.9,13.7,50.0,2.1,1.1,8.0,1.7,0,0
Gordan Giriček,2006,0.2,0.8,11.3,61.0,1.4,1.0,7.8,1.7,0,0
Damon Jones,2006,0.5,1.1,10.2,60.0,0.7,0.6,6.6,1.0,0,0
Antoine Wright,2006,-0.4,1.1,8.1,63.0,1.2,0.7,4.5,2.2,0,0
Shaquille O'Neal,2006,1.1,1.5,21.7,40.0,7.4,2.4,17.3,5.0,0,0
Kwame Brown,2006,0.5,1.2,13.7,41.0,3.3,1.9,8.4,4.0,0,0
Reggie Evans,2006,-0.1,1.9,13.5,66.0,2.8,1.4,4.9,4.6,0,0
Robert Horry,2006,1.2,2.4,11.9,68.0,0.9,0.6,3.9,2.3,0,0
Ronny Turiaf,2006,0.4,1.1,15.5,72.0,1.9,0.7,5.3,2.4,0,0
Speedy Claxton,2006,-0.7,1.0,7.3,42.0,1.4,1.8,5.3,1.6,0,0
Jake Voskuhl,2006,-0.5,1.1,10.9,73.0,1.5,0.8,4.4,2.4,0,0
Lorenzen Wright,2006,-0.8,0.9,6.6,67.0,0.5,0.6,2.6,2.0,0,0
Salim Stoudamire,2006,-0.3,0.3,11.4,61.0,1.1,0.9,7.7,1.1,0,0
Stromile Swift,2006,-0.5,0.8,14.2,54.0,2.5,1.3,7.8,3.1,0,0
Brian Scalabrine,2006,-0.2,0.7,6.6,54.0,0.4,0.8,4.0,1.5,0,0
Marc Jackson,2006,-0.4,0.9,11.9,56.0,1.8,1.2,7.3,2.3,0,0
Brian Cook,2006,0.2,0.8,14.8,65.0,0.7,0.8,6.9,2.4,0,0
Keith Bogans,2006,0.1,1.0,9.2,59.0,1.1,0.8,5.1,1.3,0,0
Vladimir Radmanović,2006,-0.2,0.7,11.0,55.0,1.3,1.3,6.6,2.3,0,0
Charlie Villanueva,2006,0.2,0.6,15.8,39.0,2.3,1.4,11.8,4.3,0,0
Šarūnas Jasikevičius,2006,-0.1,0.5,12.4,63.0,1.5,1.4,6.1,0.9,0,0
Lawrence Roberts,2006,0.1,0.6,13.4,54.0,2.4,0.7,5.2,3.0,0,0
Clifford Robinson,2006,-0.5,0.8,5.9,50.0,0.7,0.6,4.1,1.8,0,0
Beno Udrih,2006,-0.2,1.4,10.3,73.0,0.8,0.8,4.7,1.0,0,0
Eddie House,2006,0.5,0.8,15.0,56.0,0.6,0.5,8.4,1.4,0,0
Jason Maxiell,2006,0.0,1.5,14.4,67.0,2.0,0.8,5.0,1.5,0,0
Sasha Vujačić,2006,0.2,0.6,11.7,73.0,0.7,0.4,4.3,1.1,0,0
Kevin Ollie,2006,-0.5,0.5,8.4,53.0,0.8,0.9,3.8,1.2,0,0
Jarron Collins,2006,-0.2,0.6,8.0,82.0,1.0,0.5,2.5,1.2,0,0
Wally Szczerbiak,2006,0.1,0.5,14.8,32.0,3.9,1.7,15.0,2.6,0,0
Nenad Krstić,2006,0.4,0.9,16.9,26.0,4.7,2.0,16.4,4.8,0,0
Jason Hart,2006,0.2,1.0,12.3,36.0,1.3,1.1,6.9,2.3,0,0
Dan Gadzuric,2006,-0.7,0.7,11.9,54.0,1.7,0.9,4.8,2.8,0,0
Primož Brezec,2006,-1.0,0.6,9.7,58.0,1.2,0.7,5.0,1.8,0,0
Sean May,2006,0.7,1.0,19.1,35.0,3.2,1.6,11.9,4.6,0,0
Malik Rose,2006,-0.4,0.8,7.7,65.0,0.8,1.0,3.0,2.0,0,0
Tony Allen,2006,0.6,1.1,17.0,33.0,4.1,2.3,11.5,2.7,0,0
Marquis Daniels,2006,-0.1,0.7,11.6,45.0,1.8,1.2,7.1,1.2,0,0
Nazr Mohammed,2006,0.0,1.5,16.5,51.0,1.6,0.8,5.6,2.7,0,0
Jacque Vaughn,2006,0.0,1.2,10.9,64.0,1.0,0.6,3.0,0.9,0,0
Ike Diogu,2006,-0.3,0.8,14.9,59.0,2.4,1.1,6.2,2.2,0,0
Lindsey Hunter,2006,0.3,0.8,12.7,52.0,0.6,0.7,4.9,0.7,0,0
Austin Croshere,2006,0.1,1.1,10.9,61.0,0.9,0.5,3.7,2.5,0,0
Linton Johnson,2006,0.4,1.0,14.0,54.0,0.7,0.5,4.2,2.1,0,0
Keith McLeod,2006,-0.2,0.4,10.2,48.0,1.6,1.0,4.8,0.8,0,0
Daniel Ewing,2006,-0.1,0.7,9.3,61.0,0.7,0.8,2.9,1.0,0,0
Jeff McInnis,2006,-0.6,0.3,7.7,38.0,0.8,1.1,4.3,1.3,0,0
Joel Przybilla,2006,-0.3,0.8,7.4,43.0,0.6,0.9,2.0,2.5,0,0
Darius Songaila,2006,-0.2,0.3,13.6,37.0,1.5,1.2,7.6,2.4,0,0
Michael Doleac,2006,-0.3,0.9,11.0,56.0,0.7,0.5,3.6,2.0,0,0
Lou Williams,2006,0.3,0.5,14.6,61.0,1.5,0.8,4.3,0.9,0,0
Andray Blatche,2006,-0.3,0.5,12.1,56.0,0.9,0.9,3.7,2.0,0,0
Kris Humphries,2006,-0.2,0.8,13.5,60.0,1.3,0.5,3.8,1.8,0,0
Matt Bonner,2006,0.4,1.2,16.4,56.0,0.7,0.4,4.9,1.6,0,0
Malik Allen,2006,-0.2,1.1,10.4,60.0,0.6,0.4,4.0,1.3,0,0
Bonzi Wells,2006,-0.4,1.2,8.9,28.0,2.9,2.0,7.8,3.4,0,0
Adrian Griffin,2006,0.3,1.2,10.7,54.0,0.4,0.7,2.5,1.3,0,0
Ronnie Price,2006,0.0,0.5,10.5,58.0,0.9,0.6,3.3,1.0,0,0
Kirk Snyder,2006,0.3,0.9,12.2,39.0,1.9,0.7,4.9,1.7,0,0
Rashad McCants,2006,-0.4,0.5,7.2,37.0,1.6,1.1,5.0,0.9,0,0
Troy Hudson,2006,0.0,0.3,10.8,34.0,0.9,1.2,5.9,1.2,0,0
Junior Harrington,2006,-0.4,0.2,8.9,29.0,1.6,1.8,5.2,1.9,0,0
Royal Ivey,2006,-0.2,0.4,9.6,53.0,0.7,0.6,3.0,0.7,0,0
Mike Wilks,2006,0.1,0.1,12.7,47.0,0.9,0.7,3.6,0.8,0,0
Marcus Banks,2006,-0.2,0.4,11.3,45.0,1.3,0.9,4.9,0.6,0,0
Roger Mason,2006,-0.3,0.1,7.2,62.0,0.3,0.3,2.7,0.6,0,0
Adonal Foyle,2006,0.2,0.6,13.7,48.0,0.5,0.5,2.2,1.6,0,0
Mark Madsen,2006,-0.4,0.4,4.5,56.0,0.5,0.4,1.1,0.9,0,0
Dale Davis,2006,0.1,0.8,13.2,46.0,0.6,0.3,1.8,1.7,0,0
Bo Outlaw,2006,0.3,0.6,11.4,41.0,0.5,0.5,2.0,1.4,0,0
Dan Dickau,2006,0.0,0.2,12.2,50.0,1.1,0.5,3.3,0.7,0,0
Peja Stojaković,2006,0.5,0.3,15.8,13.0,2.9,1.5,17.8,3.3,0,0
DerMarr Johnson,2006,-0.2,0.5,6.1,39.0,0.5,0.7,3.5,1.2,0,0
Alan Henderson,2006,0.1,0.4,15.7,38.0,1.2,0.3,3.1,1.6,0,0
Maceo Baston,2006,0.1,0.5,13.7,47.0,1.0,0.7,2.9,1.1,0,0
Jake Tsakalidis,2006,-0.3,0.4,8.4,36.0,1.1,0.7,2.3,1.7,0,0
Mike Sweetney,2006,-0.3,0.8,10.9,48.0,1.4,0.9,3.2,1.6,0,0
John Lucas III,2006,0.1,0.6,11.8,47.0,0.4,0.3,3.3,0.6,0,0
Calvin Booth,2006,-0.1,0.3,9.6,44.0,0.2,0.2,1.6,1.2,0,0
James Singleton,2006,0.1,0.6,11.9,53.0,0.5,0.3,1.6,1.3,0,0
Aaron Williams,2006,-0.1,0.4,9.4,38.0,0.6,0.5,2.0,1.5,0,0
C.J. Miles,2006,-0.5,0.3,2.8,37.0,0.6,0.8,2.7,0.6,0,0
Donell Taylor,2006,-0.1,0.2,10.3,47.0,0.4,0.5,2.7,0.8,0,0
Rawle Marshall,2006,-0.2,0.3,6.7,40.0,1.1,0.5,2.5,0.5,0,0
Josh Powell,2006,-0.4,0.3,9.6,37.0,1.1,0.8,3.1,1.7,0,0
David Wesley,2006,-0.1,0.5,6.6,35.0,0.8,0.5,2.1,0.9,0,0
Raef LaFrentz,2006,-0.3,0.2,8.7,27.0,1.0,0.5,3.7,1.7,0,0
Shammond Williams,2006,0.1,0.2,10.8,30.0,0.2,0.4,3.1,1.0,0,0
Justin Reed,2006,-0.5,0.2,6.3,41.0,0.7,0.5,2.6,0.8,0,0
Brian Cardinal,2006,0.5,0.3,17.7,28.0,1.0,0.8,4.5,1.6,0,0
Melvin Ely,2006,-0.4,0.3,5.2,30.0,1.6,0.9,3.0,1.3,0,0
Travis Diener,2006,0.2,0.2,11.6,26.0,0.6,0.5,3.8,0.6,0,0
Bernard Robinson,2006,0.0,0.4,7.6,31.0,0.9,0.5,2.0,1.2,0,0
Pat Garrity,2006,-0.2,0.3,6.4,33.0,0.5,0.4,2.2,0.9,0,0
Jerome James,2006,-0.5,0.3,5.1,41.0,0.4,0.6,1.9,1.1,0,0
Michael Ruffin,2006,-0.3,0.1,4.4,30.0,0.6,0.4,0.6,0.9,0,0
Alan Anderson,2006,-0.2,0.1,10.1,17.0,1.4,1.3,5.8,1.2,0,0
Orien Greene,2006,-0.2,0.4,6.5,41.0,0.6,0.7,1.5,0.8,0,0
Rafael Araújo,2006,-0.2,0.3,8.3,28.0,1.0,0.6,2.6,1.6,0,0
Jalen Rose,2006,0.2,0.2,13.4,29.0,0.4,0.3,3.7,0.7,0,0
Jared Reiner,2006,-0.4,0.2,4.8,27.0,0.4,0.5,1.2,1.9,0,0
Michael Olowokandi,2006,-0.2,0.3,4.5,24.0,0.1,0.7,1.7,1.4,0,0
Viktor Khryapa,2006,-0.1,0.5,9.5,33.0,0.8,0.5,2.2,1.1,0,0
Scott Padgett,2006,-0.1,0.4,4.9,31.0,0.4,0.3,1.5,1.2,0,0
Anthony Roberson,2006,0.0,0.2,11.4,20.0,0.2,0.7,5.6,1.0,0,0
Darrick Martin,2006,-0.1,0.1,11.6,31.0,0.7,0.4,3.0,0.3,0,0
Othella Harrington,2006,-0.3,0.1,5.0,26.0,0.8,0.6,2.6,1.0,0,0
Earl Barron,2006,-0.4,0.2,6.6,28.0,0.6,0.4,2.3,0.8,0,0
David Harrison,2006,-0.3,0.3,7.0,24.0,0.9,1.1,3.0,1.4,0,0
Bracey Wright,2006,0.1,0.2,13.8,19.0,0.9,0.3,3.5,0.7,0,0
Shavlik Randolph,2006,0.1,0.3,15.3,13.0,1.7,0.7,4.5,2.7,0,0
Stephen Graham,2006,-0.2,0.1,5.4,14.0,0.6,0.9,3.2,1.1,0,0
Pat Burke,2006,-0.2,0.2,9.3,23.0,0.6,0.3,2.6,1.5,0,0
Brandon Bass,2006,-0.1,0.2,7.2,21.0,0.8,0.5,2.0,1.4,0,0
Danny Fortson,2006,-0.3,0.1,4.3,14.0,0.9,1.1,2.9,2.1,0,0
Matt Freije,2006,-0.1,0.1,6.1,19.0,0.3,0.2,2.1,0.8,0,0
Jumaine Jones,2006,-0.2,0.1,3.2,18.0,0.1,0.4,2.2,0.9,0,0
Luke Jackson,2006,-0.1,0.1,10.3,13.0,0.7,0.5,3.7,0.6,0,0
Aaron McKie,2006,-0.1,0.1,7.5,10.0,0.0,0.8,2.2,1.7,0,0
Ira Newble,2006,0.1,0.2,14.9,15.0,0.7,0.2,3.1,1.1,0,0
Jamal Sampson,2006,0.0,0.2,11.3,22.0,0.6,0.5,1.1,1.5,0,0
Amir Johnson,2006,0.1,0.3,20.6,8.0,1.8,1.1,5.9,2.8,0,0
Eric Williams,2006,0.0,0.2,11.4,21.0,0.7,0.3,2.6,0.7,0,0
Luke Schenscher,2006,-0.2,0.1,3.9,11.0,0.6,0.4,1.7,1.4,0,0
Scot Pollard,2006,-0.1,0.2,8.5,24.0,0.2,0.2,1.0,0.7,0,0
Maurice Taylor,2006,-0.1,0.1,6.3,12.0,1.1,0.5,2.0,1.5,0,0
Jackie Butler,2006,-0.2,0.2,9.6,11.0,0.9,0.9,3.7,1.5,0,0
Kelvin Cato,2006,0.0,0.2,12.3,18.0,0.7,0.3,1.2,1.1,0,0
Ronald Dupree,2006,-0.1,0.2,7.4,19.0,0.5,0.2,1.3,0.6,0,0
Wayne Simien,2006,-0.1,0.1,6.3,8.0,0.9,0.4,2.9,0.8,0,0
Eddie Griffin,2006,-0.1,0.1,5.2,13.0,0.4,0.5,1.4,1.4,0,0
Doug Christie,2006,-0.1,0.1,4.1,7.0,0.4,0.7,1.9,1.1,0,0
Stanislav Medvedenko,2006,-0.1,0.0,13.7,14.0,1.4,0.4,3.0,0.7,0,0
Esteban Batista,2006,0.0,0.1,12.5,13.0,0.5,0.3,1.5,1.8,0,0
D.J. Mbenga,2006,0.0,0.1,7.2,21.0,0.4,0.2,0.8,0.4,0,0
Eric Piatkowski,2006,0.0,0.0,7.7,11.0,0.2,0.5,2.5,0.6,0,0
Julius Hodge,2006,0.0,0.1,14.0,9.0,0.4,0.3,1.7,0.7,0,0
Kenyon Martin,2006,-0.1,0.1,5.4,2.0,6.0,2.5,9.5,7.0,0,0
Dijon Thompson,2006,0.0,0.0,11.6,6.0,1.0,0.2,2.8,0.8,0,0
Theo Ratliff,2006,0.0,0.1,6.7,2.0,2.0,0.5,2.5,2.5,0,0
Kevin Willis,2006,-0.1,0.1,6.3,5.0,0.4,0.4,2.4,1.2,0,0
Yaroslav Korolev,2006,0.0,0.0,8.0,10.0,0.6,0.1,1.2,0.2,0,0
Anthony Carter,2006,-0.1,0.0,3.3,2.0,0.0,3.0,3.0,1.5,0,0
Pape Sow,2006,0.0,0.0,16.4,7.0,0.9,0.1,1.4,0.7,0,0
Andre Barrett,2006,0.0,0.0,8.2,6.0,0.0,0.7,1.3,0.7,0,0
Randy Livingston,2006,-0.1,0.0,-1.2,4.0,0.0,0.3,0.0,0.0,0,0
Dwayne Jones,2006,0.0,0.0,-0.5,4.0,1.5,0.5,0.8,1.3,0,0
Sean Marks,2006,0.0,0.0,6.7,3.0,0.7,0.0,2.0,1.0,0,0
Vitaly Potapenko,2006,-0.1,0.0,-22.1,3.0,0.0,0.7,0.0,0.7,0,0
Alvin Williams,2006,0.0,0.0,6.6,2.0,2.0,1.5,1.0,0.0,0,0
Dajuan Wagner,2006,0.0,0.0,17.2,1.0,2.0,1.0,4.0,0.0,0,0
Von Wafer,2006,0.0,0.0,-40.7,1.0,0.0,0.0,0.0,0.0,0,0
Allen Iverson,2007,4.0,2.8,20.9,82.0,9.7,3.0,26.4,2.4,0,0
Joe Johnson,2007,2.7,1.7,17.3,82.0,4.6,2.7,21.7,3.5,0,0
Andre Iguodala,2007,4.9,4.4,19.0,82.0,6.2,2.6,19.9,4.4,0,0
Richard Jefferson,2007,1.8,1.5,17.4,82.0,8.3,2.4,22.6,3.0,0,0
Baron Davis,2007,4.5,2.8,19.8,82.0,5.2,2.8,21.8,3.5,0,0
Kobe Bryant,2007,6.3,4.3,24.2,82.0,9.0,3.1,28.3,5.2,1,1
Jamal Crawford,2007,1.9,0.4,16.0,80.0,4.8,2.4,20.6,2.1,0,0
Jason Richardson,2007,4.0,2.6,18.4,82.0,4.0,2.0,21.8,4.4,0,0
Dwight Howard,2007,3.7,6.4,22.9,82.0,10.9,3.2,20.7,10.8,1,1
Rashard Lewis,2007,4.0,3.7,16.7,81.0,3.2,1.7,18.2,4.2,0,0
Monta Ellis,2007,2.8,1.8,19.0,81.0,5.1,2.1,20.2,3.3,0,0
Antawn Jamison,2007,2.9,3.2,20.3,79.0,5.5,1.4,21.4,7.5,0,0
Deron Williams,2007,4.5,2.3,20.8,82.0,5.0,3.4,18.8,2.5,1,2
LeBron James,2007,9.8,4.6,29.1,75.0,10.3,3.4,30.0,6.1,1,1
Hedo Türkoğlu,2007,3.6,3.5,17.8,82.0,4.8,3.0,19.5,4.7,0,0
Andre Miller,2007,2.9,2.6,18.4,82.0,4.1,2.5,17.0,2.8,0,0
Chris Paul,2007,9.3,4.6,28.3,80.0,4.9,2.5,21.1,3.2,1,1
Rudy Gay,2007,2.1,2.1,17.4,81.0,3.9,2.3,20.1,4.4,0,0
Raymond Felton,2007,-0.1,1.4,13.8,79.0,4.1,2.7,14.4,2.5,0,0
Ricky Davis,2007,0.0,1.6,12.0,82.0,2.4,2.3,13.8,3.6,0,0
Vince Carter,2007,3.3,2.2,18.8,76.0,5.6,2.4,21.3,4.5,0,0
Mike Dunleavy,2007,2.8,2.6,17.3,82.0,4.9,2.3,19.1,4.5,0,0
Lamar Odom,2007,3.2,4.3,16.9,77.0,4.3,2.0,14.2,8.1,0,0
Al Jefferson,2007,2.6,2.9,22.7,82.0,4.8,2.0,21.0,7.4,0,0
Shane Battier,2007,2.9,4.6,11.7,80.0,1.3,1.0,9.3,3.5,0,0
Jason Kidd,2007,3.6,3.8,16.7,80.0,2.1,3.3,10.8,6.3,0,0
Danny Granger,2007,2.5,3.2,16.7,80.0,4.7,2.1,19.6,4.9,0,0
Paul Pierce,2007,5.0,5.7,19.6,80.0,6.1,2.8,19.6,4.5,1,3
Josh Smith,2007,3.7,4.6,19.0,81.0,5.8,3.0,17.2,6.2,0,0
David West,2007,2.6,4.0,19.9,76.0,4.6,2.2,20.6,6.5,0,0
Stephen Jackson,2007,1.3,1.4,14.9,73.0,5.1,2.7,20.1,3.4,0,0
Carlos Boozer,2007,3.5,4.3,21.9,81.0,4.9,2.6,21.1,8.0,1,3
Carmelo Anthony,2007,2.5,3.0,21.1,77.0,7.7,3.3,25.7,5.1,0,0
Brandon Roy,2007,3.6,2.1,19.4,74.0,5.0,1.8,19.1,3.6,0,0
Tyson Chandler,2007,1.7,4.1,17.5,79.0,3.7,1.7,11.8,7.7,0,0
Steve Nash,2007,4.2,1.4,21.1,81.0,3.0,3.6,16.9,3.1,1,2
Dirk Nowitzki,2007,6.0,4.0,24.6,77.0,7.1,2.1,23.6,7.3,1,2
Marvin Williams,2007,0.4,2.1,14.5,80.0,5.1,1.6,14.8,4.2,0,0
Marcus Camby,2007,3.8,5.9,17.2,79.0,2.6,1.5,9.1,10.2,0,0
Josh Howard,2007,2.2,3.2,18.3,76.0,5.1,1.5,19.9,5.4,0,0
Samuel Dalembert,2007,0.7,4.3,15.6,82.0,3.2,1.9,10.5,6.6,0,0
Andrew Bogut,2007,1.4,2.3,17.5,78.0,4.1,2.2,14.3,6.6,0,0
Emeka Okafor,2007,0.6,3.6,17.4,82.0,4.6,2.0,13.8,7.6,0,0
Peja Stojaković,2007,2.5,2.4,15.7,77.0,1.8,0.8,16.4,3.5,0,0
Cuttino Mobley,2007,-0.2,1.7,11.5,77.0,2.6,1.6,12.8,2.9,0,0
Michael Redd,2007,2.4,0.2,18.8,72.0,6.8,2.5,22.7,3.1,0,0
Tayshaun Prince,2007,2.5,3.2,15.6,82.0,2.9,1.1,13.2,3.5,0,0
Amar'e Stoudemire,2007,4.6,3.8,27.6,79.0,8.7,2.2,25.2,6.8,1,2
Tim Duncan,2007,4.8,6.2,24.4,78.0,5.9,2.3,19.3,8.3,1,2
LaMarcus Aldridge,2007,1.5,2.8,18.5,76.0,3.9,1.7,17.8,4.7,0,0
Raja Bell,2007,0.8,1.5,10.5,75.0,1.2,0.9,11.9,3.0,0,0
Anthony Parker,2007,1.9,2.5,14.4,82.0,1.5,1.1,12.5,3.5,0,0
Ray Allen,2007,3.3,4.1,16.4,73.0,3.2,1.7,17.4,2.6,0,0
Jason Terry,2007,3.3,2.5,17.8,82.0,2.7,1.1,15.5,2.2,0,0
DeShawn Stevenson,2007,1.2,0.9,12.6,82.0,2.4,1.2,11.2,2.4,0,0
Rafer Alston,2007,1.6,4.0,13.2,74.0,1.9,2.2,13.1,3.1,0,0
Chauncey Billups,2007,6.2,3.4,23.6,78.0,5.6,2.1,17.0,2.2,0,0
John Salmons,2007,0.9,1.7,13.9,81.0,3.2,2.1,12.5,3.4,0,0
Brad Miller,2007,2.3,2.7,16.8,72.0,4.3,2.3,13.4,7.1,0,0
Corey Maggette,2007,2.4,1.8,19.3,70.0,9.7,2.8,22.1,4.5,0,0
José Calderón,2007,4.1,2.2,20.5,82.0,1.5,1.5,11.2,2.5,0,0
Mike Miller,2007,2.0,1.1,16.1,70.0,3.0,2.6,16.4,5.9,0,0
Bruce Bowen,2007,0.4,3.4,7.0,81.0,0.9,0.6,6.0,2.5,0,0
Tracy McGrady,2007,3.1,3.8,18.4,66.0,5.4,2.4,21.6,4.5,1,3
Ryan Gomes,2007,1.1,1.2,15.7,82.0,2.8,1.2,12.6,4.2,0,0
Chris Bosh,2007,3.9,3.1,23.8,67.0,8.3,2.3,22.3,6.1,0,0
Steve Blake,2007,0.9,1.3,12.0,81.0,0.8,1.4,8.5,2.0,0,0
Richard Hamilton,2007,2.6,2.9,18.2,72.0,3.1,1.8,17.3,2.2,0,0
Leandro Barbosa,2007,1.4,1.6,15.8,82.0,2.6,1.4,15.6,2.3,0,0
Mo Williams,2007,1.4,0.5,17.0,66.0,2.9,2.8,17.2,2.9,0,0
Mehmet Okur,2007,1.7,2.7,15.2,72.0,3.2,1.4,14.5,5.9,0,0
Mikki Moore,2007,-0.3,1.4,11.5,82.0,2.2,1.3,8.5,4.1,0,0
Kirk Hinrich,2007,0.7,2.1,13.1,75.0,1.9,2.1,11.5,2.9,0,0
Gerald Wallace,2007,2.5,2.8,17.5,62.0,6.9,2.9,19.4,5.1,0,0
David Lee,2007,1.4,1.8,18.0,81.0,2.9,1.2,10.8,6.0,0,0
Pau Gasol,2007,3.2,2.1,21.6,66.0,5.5,1.9,18.9,6.0,0,0
Rasheed Wallace,2007,3.6,5.1,17.2,77.0,1.9,1.1,12.7,5.5,0,0
Kevin Garnett,2007,6.0,6.2,25.3,71.0,4.7,1.9,18.8,7.3,1,1
Shawn Marion,2007,3.1,3.9,19.2,63.0,2.4,1.4,15.4,8.0,0,0
Caron Butler,2007,3.5,2.4,20.7,58.0,4.5,2.6,20.3,5.1,0,0
Tony Parker,2007,2.6,3.2,20.0,69.0,5.0,2.4,18.8,2.8,0,0
Boris Diaw,2007,0.7,1.9,12.0,82.0,1.6,1.9,8.8,3.4,0,0
Rajon Rondo,2007,2.4,4.9,15.6,77.0,2.3,1.9,10.6,3.2,0,0
Manu Ginóbili,2007,6.0,4.5,24.3,74.0,6.0,2.7,19.5,3.9,1,3
Ben Gordon,2007,1.7,1.4,16.4,72.0,4.1,2.1,18.6,2.5,0,0
Antonio McDyess,2007,0.9,4.3,14.1,78.0,2.0,1.0,8.8,5.9,0,0
Josh Childress,2007,2.3,1.5,17.8,76.0,3.6,1.3,11.8,2.6,0,0
Earl Watson,2007,0.6,1.1,14.6,78.0,1.9,2.2,10.7,2.3,0,0
Derek Fisher,2007,0.9,2.0,13.8,82.0,2.3,1.1,11.7,1.8,0,0
Zach Randolph,2007,0.8,2.0,18.0,69.0,4.2,2.7,17.6,7.6,0,0
Jarrett Jack,2007,0.5,1.5,13.0,82.0,3.0,2.2,9.9,2.5,0,0
Brendan Haywood,2007,1.0,1.9,18.3,80.0,3.7,1.4,10.6,3.8,0,0
Nick Collison,2007,0.3,2.3,15.0,78.0,2.1,1.5,9.8,6.1,0,0
Zydrunas Ilgauskas,2007,0.9,3.2,18.7,73.0,3.3,1.8,14.1,5.7,0,0
Grant Hill,2007,1.9,2.1,15.7,70.0,2.8,1.4,13.1,4.0,0,0
Andrei Kirilenko,2007,4.0,2.8,17.2,72.0,3.6,1.9,11.0,3.0,0,0
Kevin Martin,2007,2.4,1.1,21.0,61.0,9.5,2.1,23.7,3.7,0,0
Ben Wallace,2007,1.2,3.5,12.0,72.0,2.3,0.9,4.8,5.1,0,0
Michael Finley,2007,0.8,2.9,11.4,82.0,1.0,0.7,10.1,2.8,0,0
Keith Bogans,2007,1.4,2.3,10.9,82.0,1.3,0.6,8.7,2.7,0,0
Al Harrington,2007,1.2,1.7,15.6,81.0,2.3,1.1,13.6,4.1,0,0
Marko Jarić,2007,0.6,1.3,12.1,75.0,2.2,1.7,8.3,2.5,0,0
Travis Outlaw,2007,1.0,2.3,15.7,82.0,3.6,1.3,13.3,3.4,0,0
Metta World Peace,2007,2.6,2.2,18.8,57.0,5.2,2.6,20.5,4.0,0,0
Antonio Daniels,2007,0.7,1.0,13.7,71.0,3.1,1.3,8.4,2.5,0,0
Kenyon Martin,2007,0.6,3.0,14.7,71.0,3.0,1.3,12.4,5.0,0,0
Martell Webster,2007,1.0,1.7,12.0,75.0,2.2,1.1,10.7,3.2,0,0
Luol Deng,2007,1.1,1.9,17.0,63.0,4.2,1.9,17.0,4.1,0,0
Drew Gooden,2007,-0.4,2.8,13.8,69.0,3.1,1.8,12.0,6.0,0,0
Troy Murphy,2007,1.7,2.5,16.0,75.0,3.2,1.3,12.2,5.8,0,0
Francisco García,2007,1.5,1.8,15.1,79.0,2.6,1.6,12.3,2.7,0,0
Kyle Lowry,2007,0.6,1.3,14.3,82.0,4.2,1.5,9.6,2.5,0,0
Ronnie Brewer,2007,3.1,2.4,18.4,76.0,3.4,0.9,12.0,1.6,0,0
Chris Kaman,2007,1.2,3.2,17.5,56.0,4.7,2.9,15.7,9.6,0,0
Beno Udrih,2007,0.3,0.9,13.3,65.0,2.3,2.3,12.8,2.8,0,0
Andris Biedriņš,2007,1.6,2.6,19.2,76.0,2.5,1.1,10.5,6.4,0,0
Yao Ming,2007,2.8,4.1,22.5,55.0,7.4,3.3,22.0,7.7,1,3
Devin Harris,2007,1.5,1.9,17.5,64.0,4.7,2.5,14.8,2.3,0,0
Andrés Nocioni,2007,0.6,1.8,13.6,82.0,3.0,1.6,13.2,3.6,0,0
Rashad McCants,2007,0.6,0.8,14.6,75.0,2.1,2.3,14.9,2.1,0,0
Larry Hughes,2007,-0.1,2.3,11.9,68.0,2.8,1.7,12.2,2.8,0,0
Matt Carroll,2007,0.0,1.0,10.7,80.0,1.7,0.7,9.0,2.4,0,0
Willie Green,2007,0.2,1.6,12.8,74.0,2.0,1.5,12.4,2.0,0,0
Jameer Nelson,2007,1.6,2.2,15.5,69.0,2.2,2.0,10.9,3.1,0,0
Anthony Carter,2007,1.0,2.2,12.8,70.0,1.2,1.8,7.8,2.5,0,0
Dwyane Wade,2007,2.3,1.5,21.5,51.0,9.2,4.4,24.6,3.3,0,0
Tim Thomas,2007,0.3,1.4,12.2,63.0,2.4,1.6,12.4,4.1,0,0
Sebastian Telfair,2007,-0.6,0.5,10.4,60.0,1.8,1.9,9.3,2.0,0,0
Carlos Delfino,2007,1.2,2.3,13.6,82.0,1.9,0.9,9.0,3.6,0,0
Kendrick Perkins,2007,1.2,4.3,13.3,78.0,2.3,1.6,6.9,4.2,0,0
Linas Kleiza,2007,0.5,1.6,14.4,79.0,2.7,1.1,11.1,3.1,0,0
Jason Williams,2007,0.6,1.1,12.7,67.0,1.2,1.4,8.8,1.8,0,0
Jeff Foster,2007,1.2,2.4,15.7,77.0,1.9,0.8,6.4,5.2,0,0
Nate Robinson,2007,1.0,0.7,15.3,72.0,2.7,1.4,12.7,2.4,0,0
Reggie Evans,2007,-0.5,3.0,11.0,81.0,3.2,1.3,5.2,4.8,0,0
Lou Williams,2007,1.6,1.8,16.7,80.0,3.6,1.6,11.5,1.6,0,0
Andrea Bargnani,2007,-0.8,1.6,10.6,78.0,2.2,1.1,10.2,3.1,0,0
Damien Wilkins,2007,-0.2,1.2,11.3,76.0,1.9,1.2,9.2,2.3,0,0
Quentin Richardson,2007,-0.4,0.9,8.5,65.0,1.4,1.1,8.1,4.0,0,0
Charlie Villanueva,2007,-0.3,0.9,14.9,76.0,2.1,1.4,11.7,4.2,0,0
James Posey,2007,2.1,4.0,12.0,74.0,1.6,0.9,7.4,3.9,0,0
Joel Przybilla,2007,0.1,2.7,12.3,77.0,1.6,1.2,4.8,5.9,0,0
Udonis Haslem,2007,-0.3,1.5,12.7,49.0,2.9,1.4,12.0,6.9,0,0
Morris Peterson,2007,0.8,1.7,11.2,76.0,1.1,0.5,8.0,2.2,0,0
Josh Boone,2007,0.1,1.8,14.8,70.0,3.1,1.0,8.2,4.5,0,0
Jason Maxiell,2007,0.8,2.9,16.7,82.0,3.3,0.9,7.9,3.1,0,0
Daniel Gibson,2007,0.7,1.4,11.7,58.0,1.8,1.3,10.4,1.8,0,0
Devin Brown,2007,-0.1,1.7,11.3,78.0,1.8,1.3,7.5,2.5,0,0
Fred Jones,2007,0.3,0.6,10.9,70.0,1.8,1.1,7.6,2.0,0,0
Erick Dampier,2007,1.4,2.8,15.3,72.0,2.0,1.1,6.1,4.6,0,0
Hakim Warrick,2007,0.0,0.8,16.2,75.0,3.5,1.1,11.4,3.1,0,0
Shaquille O'Neal,2007,0.4,2.3,17.1,61.0,5.5,3.0,13.6,6.4,0,0
Chris Wilcox,2007,0.4,1.6,16.3,62.0,4.0,1.7,13.4,5.0,0,0
Wally Szczerbiak,2007,0.7,0.9,13.9,75.0,2.3,1.0,11.5,2.4,0,0
Kelenna Azubuike,2007,0.5,1.1,13.5,81.0,1.7,0.7,8.5,2.7,0,0
Kyle Korver,2007,1.0,1.5,12.8,75.0,1.7,1.0,9.9,2.0,0,0
Luke Walton,2007,0.7,2.0,12.3,74.0,1.5,1.4,7.2,2.8,0,0
Joe Smith,2007,0.4,1.8,16.1,77.0,2.6,0.9,10.1,3.1,0,0
Maurice Evans,2007,1.3,1.6,13.9,75.0,1.1,0.5,8.9,1.7,0,0
Roger Mason,2007,0.9,0.6,13.8,80.0,0.9,0.9,9.1,1.4,0,0
Paul Millsap,2007,0.8,2.7,16.1,82.0,2.8,1.1,8.1,3.6,0,0
Desmond Mason,2007,0.0,0.5,12.3,59.0,2.9,1.4,9.7,3.1,0,0
Jordan Farmar,2007,1.4,1.8,15.4,82.0,1.0,1.3,9.1,1.8,0,0
Andray Blatche,2007,0.1,2.1,15.5,82.0,1.9,1.4,7.5,3.2,0,0
Brevin Knight,2007,0.1,1.6,11.4,74.0,1.0,1.0,4.6,1.7,0,0
Eduardo Nájera,2007,0.9,2.0,12.1,78.0,1.1,0.8,5.9,2.9,0,0
Darko Miličić,2007,-0.8,1.6,11.0,70.0,1.7,1.4,7.2,4.2,0,0
Boštjan Nachbar,2007,0.1,1.2,12.4,75.0,2.6,1.1,9.8,2.7,0,0
Nazr Mohammed,2007,-0.1,2.0,15.8,82.0,2.0,1.2,7.8,3.7,0,0
Fabricio Oberto,2007,1.0,2.9,13.8,82.0,0.7,0.6,4.8,3.4,0,0
Charlie Bell,2007,-0.2,0.3,10.9,68.0,1.3,1.1,7.6,2.0,0,0
Kurt Thomas,2007,0.9,2.7,14.2,70.0,1.1,0.7,6.3,5.4,0,0
Chuck Hayes,2007,1.1,3.7,11.2,79.0,0.3,0.8,3.0,3.7,0,0
Mike Bibby,2007,0.3,0.9,14.5,48.0,2.1,2.5,13.9,3.0,0,0
Bonzi Wells,2007,0.7,3.0,14.4,73.0,3.1,1.4,9.1,3.4,0,0
Brandon Bass,2007,0.6,1.9,15.9,79.0,2.5,1.0,8.3,2.9,0,0
Darius Songaila,2007,-0.2,1.2,11.8,80.0,0.9,1.1,6.2,2.4,0,0
Craig Smith,2007,0.3,0.9,16.7,77.0,2.6,1.2,9.4,3.0,0,0
Marquis Daniels,2007,-0.1,1.6,11.6,74.0,1.9,1.5,8.2,2.0,0,0
Mark Blount,2007,-0.8,1.0,11.4,69.0,2.0,1.0,8.4,2.8,0,0
Delonte West,2007,0.5,1.5,12.1,61.0,1.5,1.9,8.3,2.7,0,0
Anthony Johnson,2007,0.1,0.9,11.2,69.0,0.6,1.2,5.6,1.7,0,0
Jason Kapono,2007,-0.3,0.9,10.8,81.0,0.5,0.7,7.2,1.1,0,0
Eddy Curry,2007,-0.3,0.4,15.0,59.0,5.1,2.1,13.2,2.8,0,0
Bobby Simmons,2007,-0.4,0.5,10.3,70.0,1.0,1.1,7.6,2.3,0,0
Quinton Ross,2007,-0.4,1.0,7.6,76.0,0.8,0.4,4.1,1.6,0,0
Kareem Rush,2007,-0.1,1.2,10.0,71.0,0.6,0.9,8.3,2.1,0,0
Jannero Pargo,2007,-0.3,1.4,11.9,80.0,1.0,1.2,8.1,1.3,0,0
Chris Duhon,2007,0.1,1.0,11.1,66.0,1.2,1.1,5.8,1.5,0,0
Rasho Nesterović,2007,0.7,1.6,16.1,71.0,0.7,0.8,7.8,3.0,0,0
Vladimir Radmanović,2007,0.8,1.5,12.6,65.0,1.0,1.1,8.4,2.4,0,0
Eddie House,2007,1.4,2.8,13.0,78.0,0.5,1.0,7.5,1.9,0,0
Ronny Turiaf,2007,1.0,2.1,15.0,78.0,2.4,0.9,6.6,2.7,0,0
Royal Ivey,2007,-0.9,0.2,8.8,75.0,1.6,1.0,5.6,1.1,0,0
Thabo Sefolosha,2007,0.4,1.8,11.4,69.0,1.5,1.3,6.7,3.0,0,0
J.R. Smith,2007,1.6,1.3,18.1,74.0,2.4,1.5,12.3,1.5,0,0
Matt Barnes,2007,0.6,1.3,12.9,73.0,1.1,1.2,6.7,3.2,0,0
Jerry Stackhouse,2007,0.4,1.1,13.3,58.0,2.6,1.5,10.7,1.7,0,0
Jeff McInnis,2007,-1.2,0.3,6.5,54.0,0.6,1.4,4.5,1.5,0,0
Bobby Jackson,2007,0.9,1.7,13.5,72.0,1.1,0.8,7.7,2.1,0,0
Luther Head,2007,1.0,2.0,13.6,73.0,1.1,1.0,7.6,1.6,0,0
Matt Harpring,2007,0.0,1.4,14.1,76.0,2.7,1.3,8.2,1.9,0,0
Tony Allen,2007,0.1,2.8,10.7,75.0,2.4,1.5,6.6,1.8,0,0
Travis Diener,2007,0.2,0.8,12.2,66.0,1.1,0.8,6.9,1.3,0,0
Channing Frye,2007,0.1,1.6,14.8,78.0,1.4,0.7,6.8,3.2,0,0
Chris Quinn,2007,0.5,0.7,13.8,60.0,1.6,0.9,7.8,1.8,0,0
Damon Jones,2007,0.5,0.7,11.3,67.0,0.4,0.5,6.5,1.0,0,0
Keyon Dooling,2007,0.5,1.2,14.1,72.0,2.7,0.8,8.1,1.3,0,0
Tyrus Thomas,2007,0.5,2.1,14.6,74.0,2.4,1.0,6.8,3.2,0,0
Jared Jeffries,2007,-0.7,0.6,7.9,73.0,1.3,0.9,3.7,1.7,0,0
Anderson Varejão,2007,-0.2,1.9,12.0,48.0,1.7,1.2,6.7,5.5,0,0
Ime Udoka,2007,0.7,2.6,11.5,73.0,0.8,0.8,5.8,2.6,0,0
Mickaël Piétrus,2007,0.6,1.4,12.7,66.0,1.5,0.7,7.2,2.7,0,0
Johan Petro,2007,-1.0,1.5,10.0,72.0,1.2,1.0,6.0,3.8,0,0
DeSagana Diop,2007,0.5,2.0,12.5,79.0,0.9,0.7,2.9,2.9,0,0
Jamaal Tinsley,2007,0.1,1.3,12.8,39.0,2.6,3.3,11.9,3.0,0,0
Jarvis Hayes,2007,0.5,1.9,13.0,82.0,0.7,0.6,6.7,1.7,0,0
Sasha Vujačić,2007,1.0,1.2,15.1,72.0,1.3,0.7,8.8,1.9,0,0
James Jones,2007,1.1,0.8,13.6,58.0,1.7,0.5,8.0,2.0,0,0
Sam Cassell,2007,0.3,1.1,15.4,55.0,2.6,1.8,11.2,2.2,0,0
Carlos Arroyo,2007,0.3,1.1,12.8,62.0,1.6,1.2,6.9,1.7,0,0
Randy Foye,2007,-0.1,0.4,12.7,39.0,1.7,2.0,13.1,2.9,0,0
Antoine Wright,2007,-0.3,0.8,8.4,56.0,1.2,0.9,6.3,1.9,0,0
Josh Powell,2007,-0.9,1.0,10.7,64.0,1.4,1.0,5.5,3.4,0,0
Luke Ridnour,2007,-0.4,0.6,11.3,61.0,1.5,1.3,6.4,1.3,0,0
Jermaine O'Neal,2007,0.1,1.6,14.4,42.0,3.9,2.5,13.6,4.8,0,0
T.J. Ford,2007,1.4,1.1,20.3,51.0,2.5,2.0,12.1,1.5,0,0
Sasha Pavlović,2007,-0.9,0.9,7.2,51.0,1.5,1.1,7.4,1.8,0,0
Jason Collins,2007,-1.4,0.6,3.4,74.0,1.0,0.6,1.9,1.5,0,0
Jacque Vaughn,2007,-0.4,1.4,9.2,74.0,1.1,0.7,4.1,0.8,0,0
Dorell Wright,2007,0.6,1.1,14.4,44.0,1.6,0.7,7.9,3.9,0,0
Malik Allen,2007,-0.4,0.9,9.8,73.0,0.3,0.6,4.6,1.8,0,0
Dan Dickau,2007,0.1,0.6,12.5,67.0,1.2,0.8,5.3,1.3,0,0
Rodney Carney,2007,0.1,1.2,12.1,70.0,1.2,0.5,5.8,1.4,0,0
Damon Stoudamire,2007,-0.4,0.8,8.9,60.0,0.6,1.3,5.3,1.6,0,0
Andrew Bynum,2007,1.6,1.8,22.6,35.0,3.4,1.5,13.1,7.2,0,0
Shawne Williams,2007,0.0,1.0,12.8,65.0,1.6,0.9,6.7,1.9,0,0
Renaldo Balkman,2007,0.0,0.9,11.5,65.0,1.5,0.6,3.4,2.0,0,0
Zaza Pachulia,2007,-0.7,0.9,11.0,62.0,2.5,1.1,5.2,2.6,0,0
Kris Humphries,2007,-0.1,1.3,15.7,70.0,1.8,0.7,5.7,2.4,0,0
Eddie Jones,2007,0.2,1.0,7.6,47.0,0.3,0.6,3.7,2.4,0,0
Antoine Walker,2007,-0.1,0.5,11.4,46.0,1.4,1.0,8.0,2.4,0,0
Earl Barron,2007,-1.2,0.6,9.4,46.0,1.9,1.0,7.1,2.8,0,0
Quincy Douby,2007,-0.3,0.5,9.7,74.0,0.7,0.8,4.8,0.9,0,0
Rasual Butler,2007,0.0,0.8,8.8,51.0,0.6,0.2,4.9,1.6,0,0
Ronald Murray,2007,-0.1,0.9,13.2,42.0,2.3,2.0,9.4,1.4,0,0
Matt Bonner,2007,0.1,1.5,12.4,68.0,0.6,0.6,4.8,2.0,0,0
Brian Skinner,2007,-0.2,1.4,11.4,66.0,1.0,0.6,3.3,2.7,0,0
Stromile Swift,2007,-0.2,0.8,14.8,56.0,1.9,0.9,6.1,2.4,0,0
Gordan Giriček,2007,-0.3,0.6,9.8,56.0,0.5,0.9,5.8,1.4,0,0
Devean George,2007,-0.2,1.0,7.0,53.0,0.6,0.5,3.7,2.1,0,0
Francisco Elson,2007,-0.9,1.2,6.9,63.0,0.6,0.7,3.3,2.4,0,0
Nenad Krstić,2007,-1.0,0.7,8.5,45.0,1.5,0.9,6.6,3.7,0,0
Leon Powe,2007,0.5,1.6,20.9,56.0,3.4,0.8,7.9,2.4,0,0
Stephon Marbury,2007,0.3,0.1,13.8,24.0,4.8,2.0,13.9,1.8,0,0
Shelden Williams,2007,-0.3,0.8,11.9,64.0,1.6,0.5,4.0,2.1,0,0
Adonal Foyle,2007,0.0,1.3,9.9,82.0,0.4,0.4,1.9,1.7,0,0
Trenton Hassell,2007,-0.6,0.5,4.2,63.0,0.2,0.3,2.0,1.0,0,0
Amir Johnson,2007,0.6,1.9,17.5,62.0,0.9,0.6,3.6,2.4,0,0
Kirk Snyder,2007,0.0,0.5,13.3,36.0,2.4,1.4,7.3,2.7,0,0
Tyronn Lue,2007,0.1,0.3,11.9,50.0,0.6,0.5,5.8,0.9,0,0
Hilton Armstrong,2007,-0.7,1.0,7.7,65.0,1.1,0.9,2.7,1.5,0,0
Mike James,2007,-0.3,0.9,8.6,54.0,0.9,0.7,5.0,1.0,0,0
Kwame Brown,2007,0.0,1.0,10.1,38.0,2.6,1.3,4.8,3.6,0,0
Jarron Collins,2007,-0.3,0.5,6.1,70.0,1.1,0.3,1.7,1.1,0,0
David Harrison,2007,-0.7,0.9,8.6,55.0,1.7,1.1,4.2,1.4,0,0
Ira Newble,2007,-0.2,0.8,9.7,49.0,0.5,0.7,3.8,1.6,0,0
C.J. Miles,2007,0.5,0.8,14.2,60.0,0.9,0.5,5.0,1.0,0,0
Juan Dixon,2007,-0.1,0.7,11.3,53.0,0.5,1.0,5.0,1.1,0,0
Ryan Bowen,2007,0.2,0.8,9.9,53.0,0.5,0.3,2.2,0.8,0,0
Mardy Collins,2007,-0.7,0.3,5.9,46.0,0.8,1.2,3.2,1.2,0,0
Michael Ruffin,2007,0.0,0.6,12.1,46.0,1.4,0.4,2.0,2.1,0,0
Brian Cook,2007,-0.3,0.7,8.6,51.0,0.4,0.8,4.7,1.6,0,0
Sergio Rodríguez,2007,-0.3,0.5,9.0,72.0,0.5,0.7,2.5,0.6,0,0
Melvin Ely,2007,-0.5,0.8,9.0,52.0,1.1,0.8,3.9,2.3,0,0
Dikembe Mutombo,2007,0.5,1.4,14.5,39.0,1.2,0.4,3.0,3.4,0,0
Jason Hart,2007,-0.2,0.7,8.0,57.0,0.8,0.5,2.9,0.9,0,0
Smush Parker,2007,-0.5,0.4,7.0,28.0,1.0,1.6,5.9,1.7,0,0
Ronnie Price,2007,0.2,0.6,12.3,61.0,0.6,0.5,3.7,0.6,0,0
Robert Horry,2007,0.4,1.1,9.6,45.0,0.6,0.5,2.5,1.6,0,0
Earl Boykins,2007,-0.4,0.1,10.0,36.0,1.6,1.1,5.1,0.7,0,0
Marcus Banks,2007,0.1,0.3,12.6,36.0,1.0,1.0,6.6,1.1,0,0
Brent Barry,2007,0.8,0.8,16.7,31.0,0.6,0.6,7.1,1.4,0,0
Darrell Armstrong,2007,-0.1,0.5,8.7,50.0,0.6,0.8,2.5,1.0,0,0
Alexander Johnson,2007,-0.6,0.4,8.9,43.0,1.9,1.0,4.2,1.4,0,0
Casey Jacobsen,2007,-0.5,0.0,4.5,53.0,0.3,0.3,2.0,1.0,0,0
Trevor Ariza,2007,0.7,0.9,16.1,35.0,2.1,0.7,5.5,2.2,0,0
Yakhouba Diawara,2007,-0.2,0.3,8.1,54.0,0.6,0.3,2.8,0.7,0,0
Dan Gadzuric,2007,-0.6,0.4,10.7,51.0,1.2,0.7,3.2,1.5,0,0
Ryan Hollins,2007,-0.2,0.4,11.4,60.0,1.4,0.4,2.5,0.9,0,0
Bobby Jones,2007,-0.2,0.4,9.9,47.0,1.1,0.6,3.8,1.3,0,0
Greg Buckner,2007,-0.3,0.3,7.2,31.0,0.7,0.9,4.0,1.8,0,0
Brian Scalabrine,2007,-0.1,0.9,5.1,48.0,0.4,0.5,1.8,1.2,0,0
Malik Rose,2007,-0.7,0.4,7.3,49.0,1.0,0.8,3.5,1.5,0,0
Primož Brezec,2007,-0.6,0.3,5.4,50.0,0.8,0.5,2.2,1.0,0,0
Dwayne Jones,2007,-0.2,0.7,11.1,56.0,1.0,0.3,1.4,1.3,0,0
Mickaël Gelabale,2007,-0.1,0.2,10.5,39.0,0.5,0.7,4.3,1.1,0,0
J.J. Barea,2007,0.0,0.5,11.7,44.0,0.8,0.8,4.3,1.0,0,0
Austin Croshere,2007,0.1,0.3,13.2,44.0,0.7,0.5,3.9,1.6,0,0
Brian Cardinal,2007,-0.4,0.2,7.3,37.0,0.5,0.6,3.4,1.9,0,0
Theo Ratliff,2007,0.1,0.6,11.9,26.0,1.7,0.8,4.3,2.2,0,0
Gilbert Arenas,2007,0.5,0.4,18.2,13.0,7.4,3.8,19.4,3.5,0,0
Salim Stoudamire,2007,-0.1,0.1,11.1,35.0,1.4,0.6,5.7,0.6,0,0
Derek Anderson,2007,-0.1,0.3,10.0,28.0,1.4,0.9,5.0,1.5,0,0
Andre Owens,2007,0.1,0.3,10.0,31.0,1.1,0.8,4.0,1.1,0,0
Alonzo Mourning,2007,0.1,0.5,16.2,25.0,3.0,1.0,6.0,2.4,0,0
Jake Voskuhl,2007,-0.4,0.3,8.7,44.0,0.7,0.7,2.2,1.5,0,0
Walter Herrmann,2007,0.2,0.4,13.2,45.0,0.6,0.3,3.4,1.1,0,0
Gerald Green,2007,-0.2,0.2,8.7,30.0,1.4,1.1,5.1,1.7,0,0
Juwan Howard,2007,-0.4,0.4,4.1,50.0,0.3,0.3,1.1,1.2,0,0
Chucky Atkins,2007,-0.1,0.2,8.9,24.0,0.4,0.4,4.7,1.2,0,0
Donyell Marshall,2007,-0.1,0.4,9.8,26.0,0.8,0.6,3.8,2.0,0,0
Joey Graham,2007,-0.4,0.3,10.3,38.0,1.2,0.6,3.6,1.3,0,0
Ruben Patterson,2007,0.0,0.4,10.9,20.0,2.2,1.4,5.1,2.0,0,0
D.J. Mbenga,2007,-0.3,0.4,9.4,42.0,0.3,0.3,2.0,1.0,0,0
Anfernee Hardaway,2007,0.1,0.3,9.0,16.0,0.6,0.8,3.8,2.0,0,0
Adrian Griffin,2007,-0.1,0.3,8.7,35.0,0.3,0.6,1.9,0.9,0,0
Ike Diogu,2007,-0.1,0.3,17.2,30.0,1.6,0.7,5.6,1.6,0,0
Eric Snow,2007,-0.3,0.3,3.1,22.0,1.0,0.5,1.0,0.7,0,0
Kevin Ollie,2007,-0.1,0.2,9.7,40.0,0.4,0.1,1.8,0.4,0,0
Aaron Williams,2007,0.0,0.4,10.3,30.0,0.6,0.4,2.3,1.5,0,0
Raef LaFrentz,2007,-0.1,0.4,10.4,39.0,0.5,0.3,1.7,1.0,0,0
Andre Brown,2007,-0.2,0.2,13.5,33.0,1.5,0.4,3.0,1.7,0,0
Jamaal Magloire,2007,-0.6,0.3,1.4,31.0,1.4,1.0,1.8,2.3,0,0
Pat Garrity,2007,-0.3,0.3,3.2,31.0,0.2,0.5,2.1,1.1,0,0
Kenny Thomas,2007,-0.3,0.2,2.6,23.0,0.2,0.9,1.4,1.9,0,0
Chris Mihm,2007,-0.4,0.4,7.7,23.0,1.2,0.7,3.6,2.1,0,0
JJ Redick,2007,0.0,0.2,12.7,34.0,1.0,0.4,4.1,0.6,0,0
Elton Brand,2007,0.1,0.3,18.0,8.0,5.9,2.1,17.6,5.4,0,0
Nenê,2007,-0.1,0.4,11.1,16.0,3.1,1.3,5.3,3.6,0,0
Steve Novak,2007,0.4,0.3,17.3,35.0,0.1,0.1,3.9,0.9,0,0
Awvee Storey,2007,-0.2,0.0,11.5,26.0,1.1,0.4,3.5,0.9,0,0
Michael Doleac,2007,-0.2,0.2,7.5,24.0,0.1,0.5,2.4,1.4,0,0
Shannon Brown,2007,-0.4,0.3,6.3,21.0,1.4,1.1,5.4,0.7,0,0
Luke Jackson,2007,-0.1,0.2,9.1,14.0,1.6,0.6,5.6,1.9,0,0
Lindsey Hunter,2007,0.0,0.3,8.8,24.0,0.4,0.5,2.4,0.4,0,0
P.J. Brown,2007,0.0,0.5,10.2,18.0,0.9,0.6,2.2,2.2,0,0
Dahntay Jones,2007,0.1,0.2,13.5,25.0,2.0,0.4,3.2,1.1,0,0
Calvin Booth,2007,0.0,0.4,7.1,31.0,0.3,0.1,0.8,1.0,0,0
Steve Francis,2007,0.0,0.3,9.1,10.0,2.3,1.4,5.5,1.5,0,0
Paul Davis,2007,-0.2,0.2,9.0,22.0,0.5,0.4,2.5,1.0,0,0
Mike Wilks,2007,0.0,0.2,8.6,15.0,0.3,0.6,2.7,0.9,0,0
Randolph Morris,2007,-0.4,0.1,4.3,18.0,1.6,0.5,3.1,1.4,0,0
Scot Pollard,2007,0.0,0.3,8.7,22.0,1.0,0.2,1.8,1.0,0,0
Othella Harrington,2007,-0.3,0.1,5.8,22.0,0.7,0.5,2.1,1.4,0,0
Maurice Ager,2007,-0.4,0.0,1.8,26.0,0.5,0.2,2.0,0.3,0,0
Richie Frahm,2007,-0.1,0.0,5.5,10.0,0.2,0.6,4.7,1.0,0,0
Lorenzen Wright,2007,-0.2,0.2,2.5,18.0,0.3,0.2,0.8,1.7,0,0
Eddie Gill,2007,0.1,0.2,10.9,14.0,0.6,0.6,2.7,1.5,0,0
Von Wafer,2007,-0.3,0.1,1.0,29.0,0.4,0.4,1.6,0.6,0,0
Mark Madsen,2007,-0.3,0.1,0.2,20.0,0.6,0.5,0.5,1.0,0,0
James Augustine,2007,0.0,0.2,10.8,25.0,0.3,0.2,1.6,0.6,0,0
Solomon Jones,2007,-0.2,0.1,6.8,35.0,0.6,0.3,1.0,0.7,0,0
Darrick Martin,2007,-0.1,0.1,5.8,17.0,0.4,0.1,1.6,0.2,0,0
Jeremy Richardson,2007,-0.2,0.1,4.2,27.0,0.1,0.2,1.5,0.3,0,0
Sean Marks,2007,0.0,0.2,16.1,19.0,1.0,0.4,3.1,1.4,0,0
Stephen Graham,2007,0.2,0.1,21.9,22.0,0.7,0.5,4.0,0.8,0,0
Chris Webber,2007,0.0,0.2,10.7,9.0,1.3,1.2,3.9,3.3,0,0
Justin Williams,2007,0.0,0.2,13.2,23.0,1.1,0.2,1.5,1.3,0,0
Steven Hunter,2007,-0.2,0.1,8.6,19.0,1.1,0.4,2.1,1.0,0,0
Eric Piatkowski,2007,0.0,0.0,8.3,16.0,0.3,0.4,2.4,0.7,0,0
Viktor Khryapa,2007,0.0,0.1,9.7,9.0,1.6,0.7,3.6,1.6,0,0
Maceo Baston,2007,0.0,0.1,17.6,15.0,0.7,0.3,2.7,1.1,0,0
Patrick O'Bryant,2007,0.0,0.2,14.0,24.0,0.2,0.3,1.5,0.8,0,0
Robert Swift,2007,-0.1,0.1,2.9,8.0,0.3,1.3,1.8,1.5,0,0
Tarence Kinsey,2007,0.0,0.0,10.3,11.0,0.5,0.3,3.6,0.8,0,0
Troy Hudson,2007,-0.1,0.0,5.2,9.0,0.7,0.8,3.1,0.8,0,0
Cedric Simmons,2007,-0.2,0.1,0.0,14.0,0.7,0.4,0.6,0.9,0,0
Jorge Garbajosa,2007,0.0,0.1,10.4,7.0,0.0,0.1,3.1,1.9,0,0
Marcus Vinicius,2007,0.0,0.1,11.6,13.0,0.8,0.2,2.2,0.5,0,0
Lou Amundson,2007,-0.1,0.0,7.4,16.0,0.4,0.1,1.1,0.3,0,0
Linton Johnson,2007,-0.1,0.0,8.2,8.0,0.3,0.6,2.6,1.1,0,0
Mouhamed Sene,2007,0.0,0.1,18.2,13.0,1.3,0.0,2.3,0.7,0,0
Orien Greene,2007,-0.1,0.1,-3.3,7.0,0.0,1.0,0.9,0.9,0,0
Shareef Abdur-Rahim,2007,-0.1,0.0,5.5,6.0,0.7,0.2,1.7,0.7,0,0
Billy Thomas,2007,-0.1,0.0,-1.9,11.0,0.2,0.4,1.3,0.2,0,0
Chris Andersen,2007,0.0,0.1,6.1,5.0,0.8,0.2,1.2,1.4,0,0
Jelani McCoy,2007,0.0,0.1,2.6,6.0,0.3,0.7,0.5,1.0,0,0
DerMarr Johnson,2007,0.0,0.0,17.3,5.0,0.4,0.0,3.4,0.2,0,0
Shavlik Randolph,2007,0.0,0.0,15.6,9.0,0.0,0.2,0.9,0.2,0,0
Andre Barrett,2007,0.0,0.0,12.5,4.0,0.5,0.3,1.5,0.3,0,0
Ronald Dupree,2007,0.0,0.0,15.0,5.0,0.4,0.0,0.8,1.4,0,0
Loren Woods,2007,0.0,0.0,13.4,7.0,0.0,0.0,0.9,0.1,0,0
Kaniel Dickens,2007,0.0,0.0,6.6,5.0,0.0,0.0,0.4,0.2,0,0
Bo Outlaw,2007,0.0,0.0,8.6,2.0,0.0,0.5,2.0,0.0,0,0
Jerome James,2007,0.0,0.0,45.3,2.0,1.0,0.0,2.0,1.5,0,0
Andre Iguodala,2008,4.3,3.5,18.4,82.0,6.4,2.7,18.8,4.6,0,0
Joe Johnson,2008,3.1,2.5,18.2,79.0,4.6,2.5,21.4,3.6,0,0
Antawn Jamison,2008,2.8,1.6,20.6,81.0,5.6,1.5,22.2,6.5,0,0
Raymond Felton,2008,1.4,3.7,13.7,82.0,3.3,2.8,14.2,3.1,0,0
Tayshaun Prince,2008,2.5,2.5,15.0,82.0,3.0,1.2,14.2,4.2,0,0
LeBron James,2008,11.8,6.5,31.7,81.0,9.4,3.0,28.4,6.3,1,1
Dirk Nowitzki,2008,4.2,3.4,23.1,81.0,6.7,1.9,25.9,7.3,1,1
Dwyane Wade,2008,9.6,4.4,30.4,79.0,9.8,3.4,30.2,3.9,1,1
Paul Pierce,2008,3.9,4.8,17.7,81.0,6.8,2.8,20.5,5.0,1,2
LaMarcus Aldridge,2008,2.5,3.3,19.1,81.0,4.1,1.5,18.1,4.6,0,0
Chris Paul,2008,9.9,5.0,30.0,78.0,6.7,3.0,22.8,4.7,1,2
Ben Gordon,2008,2.3,1.7,17.0,82.0,4.7,2.4,20.7,2.8,0,0
Pau Gasol,2008,5.0,4.2,22.2,81.0,5.4,1.9,18.9,6.4,1,3
David West,2008,2.0,3.5,18.9,76.0,5.5,2.1,21.0,6.4,0,0
Andre Miller,2008,3.3,2.5,18.6,82.0,5.0,2.4,16.3,3.0,0,0
Kobe Bryant,2008,5.9,4.0,24.4,82.0,6.9,2.6,26.8,4.1,1,1
John Salmons,2008,1.7,0.8,16.0,79.0,4.4,2.1,18.3,3.5,0,0
Vince Carter,2008,3.3,1.8,19.3,80.0,5.1,2.1,20.8,4.2,0,0
Rudy Gay,2008,0.7,2.6,15.3,79.0,4.4,2.6,18.9,4.2,0,0
Richard Jefferson,2008,1.6,2.4,15.4,82.0,6.3,2.0,19.6,3.9,0,0
Chris Bosh,2008,3.5,3.1,22.1,77.0,8.0,2.3,22.7,7.2,0,0
Chris Duhon,2008,0.3,1.0,12.2,79.0,2.6,2.8,11.1,2.5,0,0
Brandon Roy,2008,6.0,2.6,24.0,78.0,6.5,1.9,22.6,3.4,1,2
Jason Kidd,2008,4.0,3.9,16.9,81.0,1.3,2.3,9.0,5.1,0,0
Kevin Durant,2008,3.8,2.7,20.8,74.0,7.1,3.0,25.3,5.5,0,0
Ray Allen,2008,4.3,3.7,17.3,79.0,3.2,1.7,18.2,2.7,0,0
Jeff Green,2008,0.6,2.4,13.9,78.0,3.9,2.2,16.5,5.1,0,0
Rashard Lewis,2008,4.1,4.8,16.8,79.0,3.4,2.0,17.7,4.6,0,0
Mo Williams,2008,3.1,3.7,17.2,81.0,2.8,2.2,17.8,2.9,0,0
David Lee,2008,2.0,3.1,19.0,81.0,4.1,1.9,16.0,8.6,0,0
Dwight Howard,2008,4.7,7.6,25.4,79.0,10.7,3.0,20.6,9.6,1,1
Hedo Türkoğlu,2008,2.4,4.4,14.8,77.0,5.1,2.6,16.8,4.7,0,0
Chauncey Billups,2008,3.8,2.2,18.8,79.0,5.8,2.2,17.7,2.6,1,3
Boris Diaw,2008,2.2,2.8,14.4,81.0,1.8,2.7,13.2,3.9,0,0
Mike Bibby,2008,2.8,2.5,16.3,79.0,2.2,1.6,14.9,3.0,0,0
Wilson Chandler,2008,0.7,2.1,12.9,82.0,2.6,1.7,14.4,4.3,0,0
Jarrett Jack,2008,0.4,1.8,13.1,82.0,3.2,2.2,13.1,2.8,0,0
Emeka Okafor,2008,1.5,4.6,18.0,82.0,4.5,1.8,13.2,6.7,0,0
Gerald Wallace,2008,3.7,4.6,18.6,71.0,6.4,2.1,16.6,6.2,0,0
Al Thornton,2008,-1.4,1.0,12.6,71.0,4.4,1.8,16.8,3.5,0,0
Rajon Rondo,2008,4.0,5.1,18.8,80.0,3.4,2.6,11.9,4.0,0,0
Anthony Parker,2008,0.8,2.0,12.1,80.0,1.8,1.4,10.7,3.4,0,0
Rasual Butler,2008,1.0,2.4,11.8,82.0,1.3,0.7,11.2,2.7,0,0
Ryan Gomes,2008,0.2,1.3,12.5,82.0,2.2,1.6,13.3,3.5,0,0
Ronnie Brewer,2008,2.3,2.9,16.1,81.0,4.3,1.4,13.7,2.5,0,0
Yao Ming,2008,3.3,5.0,22.7,77.0,5.7,3.0,19.7,7.2,1,2
Caron Butler,2008,1.9,1.1,18.8,67.0,6.0,3.1,20.8,4.4,0,0
Thaddeus Young,2008,1.2,2.5,15.3,75.0,2.5,1.6,15.3,3.2,0,0
Udonis Haslem,2008,-0.2,2.6,13.1,75.0,2.3,1.1,10.6,6.0,0,0
Al Harrington,2008,1.2,2.0,15.9,73.0,4.0,2.2,20.1,4.9,0,0
Tim Duncan,2008,4.7,5.0,24.4,75.0,6.4,2.2,19.3,8.0,1,2
Rodney Stuckey,2008,0.9,2.2,14.8,79.0,3.7,2.2,13.4,2.6,0,0
Nenê,2008,2.6,3.7,18.8,77.0,4.8,1.9,14.6,5.4,0,0
Mike Conley,2008,1.1,1.9,14.3,82.0,2.4,1.7,10.9,3.1,0,0
Deron Williams,2008,3.8,1.9,21.1,68.0,5.6,3.4,19.4,2.5,0,0
Roger Mason,2008,0.7,2.9,11.9,82.0,1.4,1.2,11.8,2.9,0,0
Randy Foye,2008,0.8,1.1,13.7,70.0,3.9,2.1,16.3,2.6,0,0
Devin Harris,2008,3.0,1.7,21.6,69.0,8.8,3.1,21.3,2.9,0,0
Jason Terry,2008,3.1,1.9,19.3,74.0,3.0,1.6,19.6,1.9,0,0
Luis Scola,2008,1.6,4.3,17.0,82.0,3.1,1.5,12.7,6.3,0,0
Steve Nash,2008,2.8,0.5,19.5,74.0,2.8,3.4,15.7,2.8,0,0
Troy Murphy,2008,3.3,3.4,17.8,73.0,2.5,1.6,14.3,9.8,0,0
Jamal Crawford,2008,0.5,0.0,15.1,65.0,5.3,2.3,19.7,2.6,0,0
Shawn Marion,2008,1.4,3.1,16.0,69.0,2.1,1.5,12.9,5.9,0,0
Tony Parker,2008,3.5,3.0,23.4,72.0,5.0,2.6,22.0,2.7,1,3
Andrea Bargnani,2008,0.7,2.0,14.6,78.0,3.4,1.7,15.4,4.4,0,0
Metta World Peace,2008,2.4,4.0,15.6,69.0,3.8,2.0,17.1,4.3,0,0
Rafer Alston,2008,1.8,3.7,13.8,77.0,2.7,1.8,11.7,2.5,0,0
Grant Hill,2008,1.7,1.9,15.2,82.0,2.7,1.5,12.0,4.2,0,0
Derek Fisher,2008,1.3,2.7,12.1,82.0,1.6,0.9,9.9,2.0,0,0
Danny Granger,2008,4.2,2.4,21.8,67.0,6.9,2.5,25.8,4.4,0,0
Josh Smith,2008,2.3,3.6,17.2,69.0,5.2,2.3,15.6,5.3,0,0
Jason Richardson,2008,2.0,1.5,16.7,72.0,2.8,1.3,16.8,3.4,0,0
Mehmet Okur,2008,2.0,2.9,17.5,72.0,4.6,1.8,17.0,6.0,0,0
Kelenna Azubuike,2008,0.9,0.5,14.7,74.0,3.1,1.3,14.4,3.5,0,0
Mike Miller,2008,1.8,1.4,13.8,73.0,2.0,2.0,9.9,5.6,0,0
Stephen Jackson,2008,1.0,0.7,16.1,59.0,6.0,3.9,20.7,3.9,0,0
Michael Finley,2008,1.0,2.8,11.4,81.0,0.8,0.8,9.7,3.0,0,0
José Calderón,2008,2.8,1.3,18.8,68.0,2.3,2.1,12.8,2.6,0,0
Lamar Odom,2008,2.4,4.2,16.6,78.0,3.3,1.8,11.3,5.9,0,0
Raja Bell,2008,0.4,1.6,10.7,67.0,1.5,1.3,11.9,3.0,0,0
Anderson Varejão,2008,1.5,4.7,14.6,81.0,3.1,1.0,8.6,5.1,0,0
Paul Millsap,2008,1.8,3.3,18.6,76.0,4.3,1.7,13.5,5.3,0,0
Richard Hamilton,2008,1.2,1.4,16.9,67.0,3.9,2.0,18.3,2.4,0,0
Carmelo Anthony,2008,1.5,2.6,19.0,66.0,7.1,3.0,22.8,5.2,1,3
Beno Udrih,2008,-0.6,0.2,12.3,73.0,2.1,2.2,11.0,2.4,0,0
Spencer Hawes,2008,-0.6,1.2,13.0,77.0,1.8,2.1,11.4,5.2,0,0
T.J. Ford,2008,1.3,1.7,16.6,74.0,3.8,2.4,14.9,2.7,0,0
Kendrick Perkins,2008,1.2,4.5,13.2,76.0,2.1,2.2,8.5,5.5,0,0
Shaquille O'Neal,2008,2.1,2.2,22.3,75.0,6.9,2.2,17.8,5.9,1,3
Baron Davis,2008,0.7,1.5,14.5,65.0,3.2,3.0,14.9,3.0,0,0
Travis Outlaw,2008,1.2,2.3,15.1,81.0,3.0,1.2,12.8,3.2,0,0
J.R. Smith,2008,2.4,2.2,16.8,81.0,3.4,1.9,15.2,3.1,0,0
Al Horford,2008,2.1,3.5,17.0,67.0,3.1,1.5,11.5,7.1,0,0
Nate Robinson,2008,2.4,1.5,18.9,74.0,4.0,1.9,17.2,2.6,0,0
Steve Blake,2008,1.9,1.7,14.4,69.0,1.1,1.6,11.0,2.1,0,0
Tyrus Thomas,2008,1.1,3.4,15.9,79.0,3.8,1.6,10.8,4.6,0,0
Ramon Sessions,2008,1.9,2.1,17.6,79.0,4.5,1.9,12.4,2.6,0,0
Delonte West,2008,2.0,3.4,14.1,64.0,1.7,1.4,11.7,2.7,0,0
James Posey,2008,0.6,2.6,10.8,75.0,1.9,1.1,8.9,4.3,0,0
Rasheed Wallace,2008,2.1,3.4,14.9,66.0,1.5,0.9,12.0,6.6,0,0
Kenyon Martin,2008,1.2,3.1,13.6,66.0,3.0,1.6,11.7,4.8,0,0
Brad Miller,2008,1.6,1.5,16.7,70.0,3.9,1.9,11.9,5.6,0,0
Charlie Villanueva,2008,1.6,2.7,18.6,78.0,3.1,1.8,16.2,4.7,0,0
Sebastian Telfair,2008,-0.7,0.8,10.8,75.0,2.1,1.9,9.8,1.3,0,0
Marvin Williams,2008,1.5,2.2,16.0,61.0,4.5,1.1,13.9,4.5,0,0
Allen Iverson,2008,1.1,1.9,15.8,57.0,6.1,2.6,17.5,2.5,0,0
Peja Stojaković,2008,0.7,1.9,12.5,61.0,1.7,0.8,13.3,3.6,0,0
Matt Barnes,2008,0.8,1.4,12.6,77.0,1.8,1.7,10.2,4.4,0,0
Keyon Dooling,2008,0.7,0.9,13.6,77.0,2.0,1.4,9.7,1.7,0,0
Dominic McGuire,2008,0.5,1.3,10.8,79.0,1.3,1.2,4.5,4.0,0,0
Jamario Moon,2008,1.9,2.5,13.3,80.0,1.0,0.5,7.2,3.8,0,0
Samuel Dalembert,2008,0.0,3.5,13.2,82.0,1.5,1.4,6.4,5.9,0,0
Luke Ridnour,2008,1.0,2.2,12.9,72.0,2.1,1.8,9.6,2.6,0,0
Shane Battier,2008,2.0,2.9,10.7,60.0,1.1,0.8,7.3,3.9,0,0
Hakim Warrick,2008,0.7,1.7,16.9,82.0,4.6,1.2,11.6,3.4,0,0
Jermaine O'Neal,2008,0.3,2.3,15.4,68.0,3.3,2.1,13.3,4.5,0,0
Trevor Ariza,2008,2.3,3.5,15.5,82.0,2.1,1.1,8.9,2.9,0,0
Aaron Brooks,2008,0.6,2.2,12.9,80.0,2.2,1.6,11.2,1.6,0,0
Andrés Nocioni,2008,0.0,1.4,12.2,76.0,2.4,1.5,11.4,4.0,0,0
Ronald Murray,2008,0.8,2.0,14.7,80.0,2.9,1.6,12.2,1.8,0,0
Francisco García,2008,0.8,0.7,14.1,65.0,2.7,1.7,12.7,2.5,0,0
Joel Przybilla,2008,1.4,3.4,15.4,82.0,2.1,1.0,5.5,6.3,0,0
Amar'e Stoudemire,2008,1.8,1.4,20.3,53.0,7.3,2.8,21.4,5.9,0,0
Kevin Martin,2008,1.3,0.1,19.2,51.0,10.3,2.9,24.6,3.0,0,0
Joakim Noah,2008,1.5,2.7,16.5,80.0,2.3,1.0,6.7,4.5,0,0
Matt Bonner,2008,2.0,3.0,15.0,81.0,0.3,0.5,8.2,3.6,0,0
Marcus Camby,2008,2.0,2.9,18.7,62.0,2.9,1.5,10.3,8.5,0,0
Lou Williams,2008,1.3,1.7,16.3,81.0,4.8,1.9,12.8,1.6,0,0
Quentin Richardson,2008,0.4,1.1,11.6,72.0,1.6,1.0,10.2,3.4,0,0
C.J. Watson,2008,0.7,0.6,14.2,77.0,2.5,1.2,9.5,2.0,0,0
Kyle Korver,2008,1.0,1.8,12.1,78.0,1.6,1.2,9.0,2.9,0,0
Antonio McDyess,2008,1.2,2.8,16.6,62.0,1.4,0.8,9.6,6.8,0,0
Andris Biedriņš,2008,1.5,2.1,19.1,62.0,3.5,1.8,11.9,7.6,0,0
Maurice Evans,2008,0.6,1.5,11.1,80.0,0.9,0.5,7.2,1.9,0,0
Nick Young,2008,-0.6,-0.1,13.1,82.0,2.4,1.1,10.9,1.5,0,0
Erick Dampier,2008,1.2,2.3,15.7,80.0,1.8,0.9,5.7,4.4,0,0
Al Jefferson,2008,2.1,2.0,23.1,50.0,5.0,1.8,23.1,7.5,0,0
Daequan Cook,2008,0.0,1.3,10.3,75.0,0.7,0.6,9.1,2.3,0,0
Jarvis Hayes,2008,-0.1,1.2,10.8,74.0,0.7,0.7,8.7,3.2,0,0
Jason Kapono,2008,-0.6,0.5,8.9,80.0,0.5,0.9,8.2,1.7,0,0
Nick Collison,2008,0.4,2.0,14.8,71.0,1.9,1.0,8.2,4.3,0,0
Andrei Kirilenko,2008,2.2,2.6,16.8,67.0,4.6,1.8,11.6,3.5,0,0
Willie Green,2008,0.0,1.2,11.1,81.0,1.0,0.8,8.5,1.2,0,0
Jeff Foster,2008,0.7,1.9,13.0,74.0,2.0,1.2,6.1,4.0,0,0
Linas Kleiza,2008,0.2,1.5,13.2,82.0,2.5,1.0,9.9,2.9,0,0
Daniel Gibson,2008,0.4,2.3,10.1,75.0,1.1,0.8,7.8,1.7,0,0
Anthony Carter,2008,0.3,2.1,10.8,78.0,1.0,2.0,5.3,2.1,0,0
Charlie Bell,2008,0.2,1.2,9.8,70.0,1.1,1.1,8.4,1.5,0,0
Earl Watson,2008,-1.2,1.1,9.5,68.0,1.6,2.3,6.6,2.2,0,0
Kevin Garnett,2008,3.5,4.1,21.2,57.0,2.3,1.6,15.8,7.1,0,0
Zydrunas Ilgauskas,2008,0.8,3.5,18.0,65.0,2.7,1.4,12.9,5.1,0,0
Zach Randolph,2008,0.9,1.4,19.7,50.0,4.9,2.3,20.8,6.9,0,0
Bobby Simmons,2008,0.8,1.0,12.0,71.0,0.8,0.9,7.8,2.9,0,0
Leandro Barbosa,2008,1.7,1.0,19.4,70.0,2.8,1.3,14.2,2.1,0,0
Andray Blatche,2008,0.0,1.2,15.0,71.0,2.3,1.6,10.0,3.5,0,0
Marquis Daniels,2008,0.0,1.4,12.8,54.0,2.4,1.7,13.6,3.1,0,0
Ronny Turiaf,2008,1.4,1.4,14.5,79.0,1.6,0.9,5.9,3.4,0,0
Kyle Lowry,2008,0.9,1.8,14.4,77.0,2.9,1.5,7.6,2.1,0,0
Luol Deng,2008,0.7,1.6,14.7,49.0,3.9,1.5,14.1,4.4,0,0
Josh Howard,2008,0.8,1.7,17.0,52.0,4.2,1.7,18.0,3.9,0,0
Mike James,2008,-0.8,0.0,9.7,61.0,1.3,1.5,8.7,1.8,0,0
Glen Davis,2008,0.0,2.7,10.7,76.0,2.3,0.9,7.0,2.4,0,0
C.J. Miles,2008,0.2,1.3,11.8,72.0,1.2,0.9,9.1,1.7,0,0
J.J. Barea,2008,0.2,1.0,13.4,79.0,1.2,1.3,7.8,1.8,0,0
Corey Maggette,2008,0.0,0.6,16.9,51.0,8.1,2.4,18.6,4.6,0,0
Brandon Bass,2008,0.2,1.6,16.4,81.0,2.6,1.1,8.5,2.9,0,0
Antoine Wright,2008,-0.6,1.2,8.6,65.0,1.5,0.8,7.3,1.6,0,0
Joey Graham,2008,-0.6,1.1,11.9,78.0,2.1,0.9,7.7,2.5,0,0
Wally Szczerbiak,2008,0.8,2.2,12.1,74.0,1.4,0.7,7.0,2.6,0,0
Darius Songaila,2008,0.0,0.7,13.9,77.0,1.2,1.0,7.4,2.0,0,0
Bruce Bowen,2008,-0.1,1.9,5.4,80.0,0.3,0.3,2.7,1.6,0,0
Fred Jones,2008,-0.3,0.5,10.4,52.0,1.6,1.3,7.3,2.0,0,0
Bobby Jackson,2008,0.1,0.4,12.4,71.0,1.4,0.9,7.5,2.2,0,0
Anthony Johnson,2008,0.4,2.1,10.3,80.0,1.0,1.0,5.3,1.5,0,0
Eddie House,2008,2.0,2.4,15.4,81.0,0.7,0.7,8.5,1.8,0,0
Larry Hughes,2008,0.6,1.3,13.4,55.0,2.6,1.3,11.6,2.6,0,0
Zaza Pachulia,2008,-0.2,1.9,14.1,77.0,3.0,1.2,6.2,3.4,0,0
Carl Landry,2008,1.0,2.2,17.7,69.0,2.8,1.0,9.2,3.2,0,0
Craig Smith,2008,0.5,0.8,16.9,74.0,3.4,1.4,10.1,2.5,0,0
Chris Andersen,2008,1.5,2.8,18.1,71.0,2.5,1.0,6.4,3.9,0,0
Thabo Sefolosha,2008,1.0,1.8,12.1,66.0,1.1,1.0,5.9,2.8,0,0
Andrew Bynum,2008,1.1,2.3,20.0,50.0,4.3,1.7,14.3,5.2,0,0
Tyson Chandler,2008,-0.2,1.7,13.4,45.0,3.0,1.6,8.8,5.1,0,0
Vladimir Radmanović,2008,0.5,1.8,11.0,78.0,0.7,1.3,6.9,2.3,0,0
Dahntay Jones,2008,-0.3,1.3,9.0,79.0,1.9,0.9,5.4,1.4,0,0
Yi Jianlian,2008,-0.7,1.3,10.9,61.0,2.0,1.1,8.6,4.2,0,0
Jason Maxiell,2008,0.5,1.5,15.8,78.0,2.0,0.6,5.8,2.0,0,0
Kurt Thomas,2008,0.6,2.7,14.0,79.0,0.6,0.5,4.3,3.4,0,0
Kirk Hinrich,2008,1.0,1.3,13.9,51.0,1.7,1.7,9.9,2.1,0,0
Mickaël Piétrus,2008,0.8,2.0,11.6,54.0,2.0,1.0,9.4,2.4,0,0
Ben Wallace,2008,1.2,2.9,12.2,56.0,1.1,0.6,2.9,4.0,0,0
Jared Jeffries,2008,-0.2,0.9,9.4,56.0,1.6,1.2,5.3,1.8,0,0
Jameer Nelson,2008,2.3,2.1,20.6,42.0,2.3,2.0,16.7,3.0,0,0
Sasha Vujačić,2008,0.9,1.9,12.6,80.0,1.0,0.4,5.8,1.5,0,0
Keith Bogans,2008,0.5,1.9,9.7,65.0,0.9,0.6,5.6,2.6,0,0
Drew Gooden,2008,0.1,1.6,16.3,51.0,3.1,1.5,11.9,4.9,0,0
Tim Thomas,2008,0.2,0.8,12.2,64.0,1.9,1.1,8.5,2.5,0,0
Arron Afflalo,2008,-0.2,1.0,8.9,74.0,1.0,0.6,4.9,1.4,0,0
Leon Powe,2008,0.5,2.2,17.2,70.0,3.8,1.1,7.7,2.9,0,0
Sergio Rodríguez,2008,0.2,1.2,12.5,80.0,1.0,1.5,4.5,1.1,0,0
Von Wafer,2008,0.7,1.6,14.7,63.0,1.9,0.9,9.7,1.5,0,0
Rasho Nesterović,2008,0.3,1.1,14.1,70.0,0.5,0.9,6.8,2.1,0,0
Michael Redd,2008,1.3,0.9,17.9,33.0,4.9,1.6,21.2,2.5,0,0
Tony Battie,2008,0.1,2.1,11.9,77.0,1.1,0.6,4.8,2.4,0,0
Mikki Moore,2008,-0.5,0.9,8.9,70.0,0.9,0.7,3.9,2.6,0,0
Rodney Carney,2008,0.3,0.8,12.1,67.0,1.0,0.6,7.2,1.3,0,0
Carlos Boozer,2008,0.4,1.7,17.2,37.0,3.8,2.1,16.2,7.4,0,0
Jordan Farmar,2008,-0.2,1.5,9.9,65.0,1.2,1.3,6.4,1.5,0,0
Manu Ginóbili,2008,2.4,2.3,22.9,44.0,4.3,2.0,15.5,4.0,0,0
Tracy McGrady,2008,1.3,1.8,16.3,35.0,4.5,2.0,15.6,3.8,0,0
Javaris Crittenton,2008,-0.7,0.3,10.4,63.0,1.5,1.3,5.0,1.7,0,0
Luke Walton,2008,0.3,1.3,11.3,65.0,0.9,1.1,5.0,1.9,0,0
Quinton Ross,2008,-0.5,0.7,6.9,68.0,0.6,0.5,3.9,1.4,0,0
Steve Novak,2008,0.5,0.2,13.5,71.0,0.3,0.3,6.9,1.5,0,0
Jared Dudley,2008,0.7,1.1,13.5,68.0,1.5,0.6,5.5,1.8,0,0
Nenad Krstić,2008,-0.2,1.1,13.6,46.0,1.7,1.0,9.7,3.7,0,0
Reggie Evans,2008,-0.6,1.6,10.4,79.0,2.2,0.9,3.3,2.9,0,0
Andrew Bogut,2008,1.0,1.6,16.2,36.0,2.7,2.4,11.7,7.0,0,0
JJ Redick,2008,0.3,1.5,9.9,64.0,1.5,0.8,6.0,1.6,0,0
Joe Smith,2008,0.2,1.4,13.8,57.0,1.4,0.4,6.6,3.1,0,0
Rashad McCants,2008,0.1,0.5,13.0,58.0,2.4,1.1,9.6,1.5,0,0
Trenton Hassell,2008,-0.4,0.4,7.2,53.0,0.5,0.6,3.7,1.8,0,0
Hilton Armstrong,2008,-0.5,1.3,10.7,70.0,1.4,1.1,4.8,1.6,0,0
Desmond Mason,2008,-0.8,0.7,7.1,39.0,2.2,1.4,7.5,3.0,0,0
Sasha Pavlović,2008,0.0,1.5,8.6,66.0,0.8,0.7,4.6,1.5,0,0
Chris Wilcox,2008,-0.5,1.0,13.3,62.0,2.3,1.2,7.2,2.9,0,0
Joel Anthony,2008,-0.2,1.4,9.3,65.0,0.7,0.6,2.2,1.7,0,0
Lou Amundson,2008,-0.1,1.0,13.3,76.0,1.6,0.7,4.2,1.9,0,0
DeSagana Diop,2008,-0.2,1.6,9.7,75.0,0.9,0.5,2.3,2.1,0,0
Ime Udoka,2008,0.1,1.7,9.5,67.0,0.7,0.6,4.3,2.4,0,0
Darko Miličić,2008,0.0,1.2,13.8,61.0,1.7,0.8,5.5,3.0,0,0
Antonio Daniels,2008,-0.2,0.6,12.1,74.0,1.4,0.8,4.1,1.0,0,0
Kwame Brown,2008,-0.1,1.4,11.5,58.0,2.1,0.9,4.2,3.4,0,0
Josh Boone,2008,0.1,0.9,13.3,62.0,1.4,0.5,4.2,2.5,0,0
Francisco Elson,2008,-0.1,1.3,10.3,59.0,0.7,0.8,3.4,2.2,0,0
Chris Quinn,2008,0.2,0.6,12.9,66.0,0.9,0.5,5.1,1.0,0,0
Dan Gadzuric,2008,-0.1,1.4,12.2,67.0,1.0,0.6,4.0,2.4,0,0
Brevin Knight,2008,0.0,1.3,9.5,74.0,0.9,0.9,2.4,1.0,0,0
Chris Kaman,2008,-0.3,0.8,14.4,31.0,2.4,2.7,12.0,5.5,0,0
Elton Brand,2008,0.0,1.3,14.6,29.0,3.7,2.3,13.8,6.1,0,0
Amir Johnson,2008,0.1,1.3,13.5,62.0,0.6,0.5,3.5,2.1,0,0
Brian Cardinal,2008,-0.1,0.7,8.1,64.0,0.5,0.8,3.0,1.6,0,0
Monta Ellis,2008,-0.3,0.3,14.5,25.0,3.8,2.7,19.0,3.8,0,0
Mardy Collins,2008,-0.3,0.4,9.5,48.0,1.0,1.2,5.2,1.6,0,0
Tony Allen,2008,0.5,1.8,12.9,46.0,2.4,1.7,7.8,1.8,0,0
DeShawn Stevenson,2008,-0.6,0.0,6.9,32.0,1.9,1.0,6.6,2.0,0,0
James Singleton,2008,0.3,1.1,16.4,62.0,1.3,0.6,5.1,2.6,0,0
Marco Belinelli,2008,-0.1,0.1,11.8,42.0,1.2,1.4,8.9,1.5,0,0
Greg Buckner,2008,-0.4,0.7,6.3,63.0,0.4,0.6,2.5,1.6,0,0
Devin Brown,2008,-0.5,1.0,9.7,63.0,1.6,0.9,5.2,1.4,0,0
Royal Ivey,2008,0.0,0.8,7.6,71.0,0.6,0.3,3.0,0.8,0,0
Chuck Hayes,2008,0.1,1.7,7.8,71.0,0.3,0.4,1.3,2.5,0,0
Brent Barry,2008,0.5,1.1,9.2,56.0,0.4,0.9,3.7,1.4,0,0
Yakhouba Diawara,2008,-0.5,0.4,6.4,63.0,0.3,0.3,3.4,0.9,0,0
Kevin Ollie,2008,-0.3,0.3,9.9,50.0,1.9,0.7,4.0,1.2,0,0
Brian Skinner,2008,-0.5,0.7,10.6,51.0,0.9,0.8,4.2,2.6,0,0
Sean Marks,2008,-0.6,1.0,8.8,60.0,0.7,0.6,3.2,2.1,0,0
Juan Dixon,2008,-0.5,0.2,9.3,50.0,0.8,1.4,5.2,1.2,0,0
Will Bynum,2008,0.4,0.8,17.4,57.0,2.1,1.3,7.2,1.0,0,0
Marcin Gortat,2008,0.6,1.9,17.0,63.0,0.7,0.4,3.8,3.0,0,0
Ricky Davis,2008,-0.9,0.2,7.1,36.0,1.0,1.1,6.4,1.4,0,0
Renaldo Balkman,2008,0.7,1.3,16.8,53.0,1.2,0.7,5.0,2.2,0,0
Julian Wright,2008,0.2,1.2,12.6,54.0,0.6,0.8,4.4,2.0,0,0
Channing Frye,2008,-0.4,0.8,10.0,63.0,0.6,0.5,4.2,1.6,0,0
Ronnie Price,2008,-0.3,0.8,8.5,52.0,0.9,1.2,4.0,1.1,0,0
Travis Diener,2008,0.5,0.6,13.7,55.0,0.3,0.4,3.7,1.5,0,0
Aaron Gray,2008,-0.2,0.8,11.5,56.0,1.1,0.7,3.5,2.4,0,0
Will Solomon,2008,0.0,0.4,12.5,53.0,0.6,1.0,5.0,1.0,0,0
Adam Morrison,2008,-0.5,0.6,5.7,52.0,0.4,0.6,4.0,1.2,0,0
Jamaal Magloire,2008,-0.4,0.9,10.6,55.0,1.1,0.6,2.9,2.5,0,0
Devean George,2008,-0.1,0.6,7.0,43.0,0.5,0.4,3.4,1.2,0,0
Josh Powell,2008,-0.8,0.9,9.9,60.0,0.8,0.9,4.2,1.8,0,0
Matt Harpring,2008,-0.2,0.8,12.3,63.0,1.1,0.5,4.4,1.2,0,0
Brandan Wright,2008,0.4,0.4,18.7,39.0,2.2,0.6,8.3,2.4,0,0
Stephen Graham,2008,-0.7,0.4,8.5,52.0,1.2,0.9,5.4,1.4,0,0
Fabricio Oberto,2008,0.0,0.8,10.6,54.0,0.6,0.7,2.6,1.4,0,0
Solomon Jones,2008,-0.1,0.7,12.0,63.0,1.2,0.4,3.0,1.4,0,0
Damien Wilkins,2008,-0.4,0.4,8.3,41.0,1.1,0.9,5.3,1.2,0,0
Walter Herrmann,2008,0.1,0.5,11.4,59.0,0.4,0.3,3.8,1.3,0,0
James Jones,2008,-0.1,0.5,8.4,40.0,0.8,0.3,4.2,1.3,0,0
Matt Carroll,2008,-0.4,0.7,5.5,55.0,0.5,0.6,3.0,1.1,0,0
Marko Jarić,2008,-0.4,0.5,7.3,53.0,0.8,0.9,2.6,0.8,0,0
Malik Allen,2008,-0.4,0.5,7.3,49.0,0.4,0.4,3.2,1.4,0,0
Theo Ratliff,2008,0.2,0.9,11.2,46.0,0.8,0.3,1.9,1.8,0,0
Acie Law,2008,-0.1,0.4,10.6,55.0,1.1,0.5,2.9,0.9,0,0
Johan Petro,2008,-0.5,0.8,8.1,49.0,0.6,0.6,3.3,2.4,0,0
Tyronn Lue,2008,0.1,0.4,10.3,44.0,0.4,0.5,4.2,0.9,0,0
Morris Peterson,2008,0.0,0.6,10.7,43.0,0.4,0.3,4.4,1.7,0,0
Shelden Williams,2008,-0.2,0.5,13.7,45.0,1.4,0.8,4.1,2.3,0,0
Brian Scalabrine,2008,0.1,0.7,7.4,39.0,0.5,0.3,3.5,1.1,0,0
Luther Head,2008,0.0,0.6,9.9,32.0,0.8,0.8,4.7,1.4,0,0
Mike Dunleavy,2008,0.1,0.4,14.4,18.0,3.6,2.1,15.1,3.0,0,0
Shannon Brown,2008,0.2,0.6,12.9,48.0,0.8,0.8,4.2,0.7,0,0
Juwan Howard,2008,-0.2,0.4,10.9,42.0,0.8,0.6,4.1,1.1,0,0
Malik Rose,2008,-0.6,0.4,5.3,38.0,1.3,0.9,3.4,2.1,0,0
Ryan Hollins,2008,-0.1,0.6,12.9,45.0,1.6,0.5,3.2,1.1,0,0
Jason Collins,2008,-0.6,0.3,3.3,31.0,0.9,0.4,1.8,1.4,0,0
Stephon Marbury,2008,-0.4,0.5,4.4,23.0,0.6,1.6,3.8,1.1,0,0
Chucky Atkins,2008,-0.3,0.2,6.2,33.0,0.5,0.7,3.0,0.6,0,0
Gerald Green,2008,-0.3,0.3,11.4,38.0,0.8,0.9,5.2,1.1,0,0
Melvin Ely,2008,-0.5,0.3,6.0,31.0,1.2,0.7,3.1,1.1,0,0
Gabe Pruitt,2008,0.0,0.6,7.6,47.0,0.4,0.4,2.0,0.7,0,0
Sean Williams,2008,-0.3,0.4,8.8,33.0,1.0,0.6,2.4,1.4,0,0
Cuttino Mobley,2008,-0.2,0.1,10.3,11.0,1.6,1.6,13.7,1.8,0,0
Jason Hart,2008,-0.3,0.2,6.5,39.0,0.6,0.6,2.0,0.8,0,0
Robert Swift,2008,0.0,0.4,11.5,26.0,0.6,0.3,3.3,2.6,0,0
Nazr Mohammed,2008,-0.4,0.5,7.7,39.0,1.0,0.6,2.7,1.1,0,0
Paul Davis,2008,-0.2,0.2,10.7,27.0,1.3,0.5,4.0,1.4,0,0
Eduardo Nájera,2008,-0.2,0.3,7.7,27.0,0.8,0.7,2.9,1.9,0,0
Corey Brewer,2008,0.0,0.3,11.2,15.0,1.3,0.9,6.2,2.1,0,0
Etan Thomas,2008,-0.2,0.1,10.1,26.0,0.9,0.7,3.1,1.6,0,0
Sean May,2008,-0.4,0.4,6.2,24.0,0.8,1.1,3.9,2.0,0,0
Quincy Douby,2008,-0.1,0.0,10.2,27.0,0.7,0.5,4.3,1.0,0,0
Darius Miles,2008,0.2,0.4,16.1,34.0,0.9,0.6,3.5,1.1,0,0
Jacque Vaughn,2008,-0.3,0.3,7.6,30.0,0.6,0.5,2.2,0.6,0,0
Pops Mensah-Bonsu,2008,-0.3,0.4,14.5,22.0,2.2,0.9,5.0,2.6,0,0
Alando Tucker,2008,-0.2,0.0,13.0,30.0,1.1,0.5,4.6,0.4,0,0
Josh McRoberts,2008,0.0,0.4,12.5,33.0,0.4,0.4,2.4,1.5,0,0
Tarence Kinsey,2008,-0.1,0.5,11.0,50.0,0.8,0.4,2.0,0.6,0,0
Oleksiy Pecherov,2008,-0.2,0.1,14.5,32.0,0.9,0.3,3.6,1.3,0,0
Anthony Roberson,2008,0.0,0.1,11.4,29.0,0.2,0.3,4.1,0.6,0,0
Mario West,2008,0.1,0.4,10.0,53.0,0.6,0.2,0.8,0.6,0,0
Lindsey Hunter,2008,0.0,0.3,7.9,28.0,0.2,0.7,2.6,0.4,0,0
Kris Humphries,2008,0.0,0.3,16.3,29.0,1.7,0.3,3.9,1.6,0,0
Dee Brown,2008,-0.2,0.1,6.6,19.0,0.3,0.9,2.4,1.2,0,0
Morris Almond,2008,-0.3,0.2,7.3,25.0,1.0,0.6,3.7,1.1,0,0
Patrick O'Bryant,2008,-0.2,0.5,11.8,39.0,0.5,0.6,2.6,1.4,0,0
Jake Voskuhl,2008,-0.5,0.2,0.4,38.0,0.4,0.4,0.9,1.0,0,0
Shaun Livingston,2008,0.0,0.2,12.1,12.0,0.8,0.8,5.9,2.1,0,0
Ryan Bowen,2008,0.1,0.3,10.8,21.0,0.2,0.2,2.2,0.7,0,0
Maceo Baston,2008,-0.1,0.2,12.3,27.0,1.0,0.4,2.5,1.1,0,0
Ike Diogu,2008,0.1,0.1,20.3,29.0,1.8,0.4,4.1,1.0,0,0
Mark Blount,2008,-0.2,0.2,8.7,20.0,0.7,0.7,4.0,1.6,0,0
Marcus Banks,2008,-0.1,0.2,7.8,22.0,0.8,0.6,2.5,0.8,0,0
Jarron Collins,2008,-0.2,0.1,5.8,26.0,0.4,0.3,1.5,0.7,0,0
Kareem Rush,2008,-0.1,0.1,6.3,25.0,0.2,0.4,2.2,0.6,0,0
Alex Acker,2008,-0.1,0.1,10.4,25.0,0.4,0.3,2.9,0.6,0,0
Donyell Marshall,2008,0.4,0.2,18.9,25.0,0.2,0.2,3.8,1.4,0,0
Stromile Swift,2008,-0.4,0.2,6.8,19.0,1.4,0.8,3.3,1.6,0,0
D.J. Mbenga,2008,0.1,0.4,13.9,23.0,0.3,0.6,2.7,1.0,0,0
Brendan Haywood,2008,0.0,0.2,14.9,6.0,3.5,1.5,9.7,5.2,0,0
Brian Cook,2008,-0.2,0.3,7.6,30.0,0.2,0.4,2.5,0.8,0,0
Shawne Williams,2008,-0.2,0.2,7.5,15.0,0.7,0.3,2.8,1.8,0,0
Jerry Stackhouse,2008,-0.2,0.1,3.4,10.0,0.7,0.9,4.2,1.2,0,0
Kyrylo Fesenko,2008,-0.1,0.3,13.0,21.0,1.0,0.4,2.3,1.1,0,0
Lorenzen Wright,2008,-0.1,0.2,4.0,17.0,0.5,0.5,1.4,1.1,0,0
Mark Madsen,2008,-0.2,0.0,-0.1,19.0,0.2,0.2,0.3,0.4,0,0
Jermareo Davidson,2008,-0.1,0.1,12.3,14.0,1.2,0.4,3.0,1.7,0,0
Damon Jones,2008,-0.1,0.1,6.2,18.0,0.0,0.3,1.8,0.3,0,0
Chris Mihm,2008,-0.1,0.2,10.0,18.0,0.4,0.6,2.0,1.1,0,0
Austin Croshere,2008,0.0,0.1,14.2,14.0,0.9,0.4,2.9,1.6,0,0
Thomas Gardner,2008,-0.2,0.1,1.5,16.0,0.3,0.2,1.5,0.4,0,0
Maurice Ager,2008,-0.2,0.0,2.2,20.0,0.4,0.2,1.7,0.4,0,0
Dikembe Mutombo,2008,0.0,0.2,10.8,9.0,1.0,0.7,1.8,2.3,0,0
Jeremy Richardson,2008,-0.2,0.1,2.8,12.0,0.5,0.3,3.1,1.1,0,0
Randolph Morris,2008,-0.2,0.1,1.8,23.0,0.2,0.3,0.8,0.7,0,0
Cedric Simmons,2008,0.0,0.1,10.8,18.0,0.9,0.1,1.6,0.6,0,0
Cheikh Samb,2008,-0.2,0.1,5.3,18.0,0.4,0.2,0.8,0.8,0,0
Dorell Wright,2008,-0.1,0.1,3.7,6.0,1.0,1.0,3.0,3.0,0,0
Gilbert Arenas,2008,0.0,0.0,18.9,2.0,8.0,0.5,13.0,4.0,0,0
Kenny Thomas,2008,0.0,0.1,8.8,8.0,0.0,0.1,0.8,1.4,0,0
Adonal Foyle,2008,0.1,0.2,19.7,10.0,0.6,0.3,1.7,1.7,0,0
Calvin Booth,2008,0.0,0.0,11.4,8.0,1.0,0.1,2.0,0.8,0,0
Linton Johnson,2008,-0.1,0.0,3.4,10.0,0.0,0.2,0.9,0.5,0,0
Marcus Williams,2008,-0.1,0.0,3.7,9.0,0.0,0.0,2.0,0.0,0,0
Desmon Farmer,2008,-0.1,0.1,0.4,3.0,0.7,1.3,4.3,2.0,0,0
Hassan Adams,2008,-0.1,0.0,0.4,12.0,0.5,0.3,0.9,0.5,0,0
Dwayne Jones,2008,0.0,0.0,8.0,6.0,1.0,0.7,2.0,1.0,0,0
Eddie Gill,2008,0.0,0.1,15.5,6.0,0.0,0.8,2.3,0.7,0,0
Andre Brown,2008,-0.1,0.0,-1.5,4.0,0.5,1.3,1.0,1.3,0,0
Shavlik Randolph,2008,0.0,0.0,19.4,10.0,0.4,0.6,1.8,0.8,0,0
Michael Ruffin,2008,0.0,0.1,10.3,11.0,0.2,0.2,0.5,0.5,0,0
Mouhamed Sene,2008,0.1,0.1,32.9,6.0,1.7,0.7,3.3,1.5,0,0
Blake Ahearn,2008,0.0,0.0,12.9,3.0,0.7,0.3,2.7,0.3,0,0
Speedy Claxton,2008,0.0,0.0,5.7,2.0,1.0,0.0,2.5,0.0,0,0
Demetris Nichols,2008,0.0,0.0,8.8,4.0,0.5,0.0,1.8,0.5,0,0
Courtney Sims,2008,0.0,0.0,12.8,2.0,0.0,0.5,3.0,1.0,0,0
Eddy Curry,2008,0.0,0.0,2.8,3.0,1.0,0.7,1.7,1.3,0,0
James White,2008,0.0,0.0,14.6,4.0,0.0,0.8,1.8,0.0,0,0
Jerome James,2008,0.0,0.0,12.5,2.0,0.0,0.5,3.0,1.0,0,0
Martell Webster,2008,0.0,0.0,-8.4,1.0,0.0,0.0,0.0,0.0,0,0
Kevin Durant,2009,7.5,5.0,26.2,82.0,10.2,3.3,30.1,6.3,1,1
Andre Iguodala,2009,3.5,2.8,17.8,82.0,5.2,2.7,17.1,5.5,0,0
Rudy Gay,2009,2.0,2.4,16.2,80.0,5.0,2.1,19.6,4.5,0,0
Stephen Jackson,2009,1.9,4.6,15.6,81.0,5.4,3.2,20.6,4.0,0,0
Gerald Wallace,2009,3.7,6.2,18.3,76.0,7.2,2.3,18.2,8.1,0,0
O.J. Mayo,2009,1.6,1.4,14.6,82.0,3.2,2.1,17.5,3.0,0,0
Zach Randolph,2009,2.5,2.7,21.2,81.0,5.7,2.1,20.8,7.7,0,0
Jeff Green,2009,1.7,4.2,13.8,82.0,2.7,1.6,15.1,4.6,0,0
Dirk Nowitzki,2009,4.7,3.9,22.9,81.0,7.2,1.8,25.0,6.7,1,2
Brook Lopez,2009,2.5,2.4,20.1,82.0,6.2,2.5,18.8,5.4,0,0
David Lee,2009,3.5,2.9,22.2,81.0,4.1,2.3,20.2,8.9,0,0
LeBron James,2009,10.3,5.2,31.1,76.0,10.2,3.4,29.7,6.4,1,1
Rajon Rondo,2009,4.2,4.7,19.1,81.0,3.5,3.0,13.7,3.2,0,0
David West,2009,2.1,2.3,18.9,81.0,4.2,2.1,19.0,5.4,0,0
LaMarcus Aldridge,2009,2.3,3.3,18.2,78.0,3.9,1.3,17.9,5.6,0,0
Aaron Brooks,2009,1.9,1.6,16.0,82.0,3.6,2.8,19.6,2.0,0,0
Boris Diaw,2009,2.0,3.8,12.8,82.0,1.8,2.2,11.3,3.6,0,0
Joe Johnson,2009,3.4,2.4,19.3,76.0,3.5,1.9,21.3,3.7,1,3
Jason Kidd,2009,4.5,4.0,17.2,80.0,1.2,2.4,10.3,5.0,0,0
Josh Smith,2009,5.1,5.1,21.0,81.0,5.2,2.4,15.7,6.0,0,0
Derrick Rose,2009,2.7,2.5,18.6,78.0,4.3,2.8,20.8,2.9,0,0
Al Horford,2009,3.1,3.9,19.4,81.0,3.3,1.5,14.2,7.0,0,0
Dwight Howard,2009,4.6,7.1,24.0,82.0,10.0,3.3,18.3,9.7,1,1
Amar'e Stoudemire,2009,2.2,2.5,22.6,82.0,7.7,2.6,23.1,6.1,1,2
Kobe Bryant,2009,4.4,4.0,21.9,73.0,7.4,3.2,27.0,4.3,1,1
John Salmons,2009,2.5,3.4,14.7,81.0,3.8,1.5,15.4,2.9,0,0
Ray Allen,2009,2.3,2.9,15.2,80.0,3.2,1.6,16.3,2.6,0,0
Russell Westbrook,2009,2.3,3.4,17.8,82.0,5.1,3.3,16.1,3.1,0,0
Deron Williams,2009,4.1,3.0,20.6,76.0,5.5,3.3,18.7,3.3,1,2
Andrea Bargnani,2009,0.9,0.9,15.5,80.0,2.9,1.5,17.2,4.9,0,0
Dwyane Wade,2009,7.9,4.6,28.0,77.0,9.1,3.3,26.6,3.5,1,1
Caron Butler,2009,0.5,2.9,13.7,74.0,4.3,2.2,16.3,4.8,0,0
Nenê,2009,3.6,3.7,18.9,82.0,5.1,1.5,13.8,5.6,0,0
Danilo Gallinari,2009,1.7,1.5,14.8,81.0,3.8,1.4,15.1,4.1,0,0
Rasual Butler,2009,0.1,0.9,10.7,82.0,1.8,1.0,11.9,2.5,0,0
Carlos Boozer,2009,3.7,4.6,21.3,78.0,4.9,2.7,19.5,8.9,0,0
Luis Scola,2009,1.1,3.0,17.2,82.0,3.3,2.0,16.2,6.5,0,0
Steve Nash,2009,4.2,0.8,21.6,81.0,2.8,3.6,16.5,2.9,1,2
Luol Deng,2009,2.0,3.4,16.1,70.0,4.7,1.9,17.6,5.4,0,0
Monta Ellis,2009,0.4,1.3,16.7,64.0,6.1,3.8,25.5,3.3,0,0
Raymond Felton,2009,2.3,4.0,15.2,80.0,2.2,2.1,12.1,2.9,0,0
Carmelo Anthony,2009,2.9,2.4,22.2,69.0,8.9,3.0,28.2,4.4,1,2
Trevor Ariza,2009,1.7,3.1,13.3,72.0,3.2,2.2,14.9,4.5,0,0
Chris Kaman,2009,-0.3,2.4,16.5,76.0,4.0,2.9,18.5,6.8,0,0
Metta World Peace,2009,1.6,3.5,12.1,77.0,2.4,1.6,11.0,3.0,0,0
Lamar Odom,2009,2.9,4.9,15.9,82.0,2.5,1.8,10.8,7.5,0,0
Mike Conley,2009,0.9,1.3,13.9,80.0,2.3,2.1,12.0,2.0,0,0
Jason Terry,2009,2.2,2.1,16.5,77.0,3.5,1.4,16.6,1.6,0,0
Chris Bosh,2009,3.6,1.7,25.0,70.0,8.4,2.4,24.0,7.9,0,0
Baron Davis,2009,2.2,2.1,17.4,75.0,3.9,2.8,15.3,2.9,0,0
Richard Jefferson,2009,1.2,3.0,13.1,81.0,3.5,1.3,12.3,3.7,0,0
Andre Miller,2009,2.4,2.4,18.1,82.0,4.8,2.1,14.0,2.3,0,0
Rodney Stuckey,2009,1.0,1.3,15.6,73.0,4.9,2.2,16.6,2.9,0,0
Brandon Rush,2009,0.4,2.5,9.6,82.0,1.1,1.1,9.4,3.7,0,0
Chauncey Billups,2009,3.6,1.7,20.2,73.0,7.0,2.4,19.5,2.8,0,0
Jason Richardson,2009,2.3,1.7,16.6,79.0,2.3,1.2,15.7,4.1,0,0
Corey Brewer,2009,-0.1,1.4,12.1,82.0,3.1,2.0,13.0,2.5,0,0
Kirk Hinrich,2009,0.9,2.8,11.6,74.0,1.5,1.5,10.9,3.2,0,0
Beno Udrih,2009,1.5,1.3,15.7,79.0,1.8,1.7,12.9,2.3,0,0
Marc Gasol,2009,3.0,2.5,19.3,69.0,5.4,2.0,14.6,6.3,0,0
Carl Landry,2009,1.7,1.9,19.0,80.0,5.3,1.7,16.8,3.5,0,0
Marvin Williams,2009,1.0,2.6,13.0,81.0,2.7,0.9,10.1,3.8,0,0
Al Jefferson,2009,1.5,2.3,19.0,76.0,3.5,1.8,17.1,6.9,0,0
Jamal Crawford,2009,2.7,1.7,18.4,79.0,4.0,1.7,18.0,2.1,0,0
Tim Duncan,2009,5.0,4.5,24.7,78.0,4.8,1.8,17.9,7.3,1,3
Grant Hill,2009,1.6,1.8,14.0,81.0,3.1,1.3,11.3,4.6,0,0
Brandon Roy,2009,4.1,2.1,21.3,65.0,6.8,2.0,21.5,3.3,1,3
Paul Pierce,2009,3.0,3.3,18.2,71.0,6.1,2.3,18.3,3.8,0,0
Antawn Jamison,2009,1.3,2.8,17.3,66.0,4.5,1.4,18.7,6.3,0,0
Pau Gasol,2009,4.2,4.2,22.9,65.0,5.6,2.2,18.3,7.6,1,3
Shawn Marion,2009,0.9,2.8,14.7,75.0,1.9,1.3,12.0,4.3,0,0
Courtney Lee,2009,0.4,1.3,12.8,71.0,2.2,1.1,12.5,2.7,0,0
Emeka Okafor,2009,0.4,2.8,16.5,82.0,3.3,1.4,10.4,6.0,0,0
Rashard Lewis,2009,2.3,3.4,14.0,72.0,2.5,1.5,14.1,3.6,0,0
Mo Williams,2009,2.3,2.7,16.1,69.0,2.9,2.5,15.8,2.6,0,0
Jason Thompson,2009,-0.2,2.0,14.5,75.0,3.7,1.9,12.5,5.5,0,0
Brendan Haywood,2009,1.1,3.0,16.1,77.0,3.2,1.3,9.1,5.7,0,0
Thabo Sefolosha,2009,1.3,3.4,9.8,82.0,1.1,1.1,6.0,3.8,0,0
Troy Murphy,2009,2.9,3.7,18.0,72.0,2.7,1.4,14.6,8.4,0,0
Michael Beasley,2009,0.7,3.8,16.1,78.0,3.1,1.7,14.8,4.8,0,0
Earl Watson,2009,-0.2,2.3,10.9,79.0,2.1,2.2,7.8,2.4,0,0
Wilson Chandler,2009,0.0,0.9,13.7,65.0,2.5,1.7,15.3,3.9,0,0
Marcus Camby,2009,3.1,4.3,17.9,74.0,1.6,1.2,7.5,8.4,0,0
Vince Carter,2009,2.3,3.0,17.1,75.0,4.1,1.4,16.6,3.5,0,0
Elton Brand,2009,0.1,1.9,15.7,76.0,3.1,1.7,13.1,3.7,0,0
Anthony Parker,2009,1.0,2.6,9.9,81.0,1.2,0.9,7.3,2.5,0,0
Carlos Delfino,2009,2.0,3.7,12.9,75.0,1.6,1.6,11.0,4.6,0,0
Danny Granger,2009,2.9,2.7,19.8,62.0,6.9,2.5,24.1,4.4,0,0
Paul Millsap,2009,1.4,3.5,16.7,82.0,3.2,1.4,11.6,4.5,0,0
George Hill,2009,1.7,2.6,14.7,78.0,3.0,1.3,12.4,2.1,0,0
Hedo Türkoğlu,2009,1.4,0.8,13.3,74.0,3.1,1.7,11.3,4.1,0,0
Andray Blatche,2009,1.5,2.6,17.6,81.0,2.9,2.2,14.1,4.3,0,0
Jarrett Jack,2009,1.4,0.2,16.3,82.0,2.9,2.0,11.4,2.3,0,0
Andrew Bogut,2009,2.8,4.8,20.7,69.0,3.4,1.9,15.9,7.1,1,3
Eric Gordon,2009,0.6,0.9,14.1,62.0,4.8,2.3,16.9,2.2,0,0
Derek Fisher,2009,0.2,2.7,9.3,82.0,1.6,1.0,7.5,1.8,0,0
Arron Afflalo,2009,0.9,1.4,10.9,82.0,1.2,0.9,8.8,2.4,0,0
Devin Harris,2009,0.7,1.2,16.2,64.0,6.0,2.8,16.9,2.8,0,0
Ryan Gomes,2009,0.1,0.9,12.1,76.0,1.7,1.3,10.9,3.6,0,0
Mike Bibby,2009,1.0,1.7,12.7,80.0,1.0,1.1,9.1,2.1,0,0
Al Harrington,2009,0.6,1.3,16.8,72.0,4.4,1.8,17.7,4.4,0,0
Channing Frye,2009,2.6,2.2,15.0,81.0,1.5,0.9,11.2,4.5,0,0
Udonis Haslem,2009,0.2,3.2,14.6,78.0,2.5,1.0,9.9,5.9,0,0
Shane Battier,2009,1.9,2.1,11.1,67.0,1.6,1.0,8.0,3.6,0,0
Anderson Varejão,2009,1.8,3.8,15.8,76.0,2.3,0.9,8.6,5.1,0,0
Steve Blake,2009,0.8,1.4,11.6,80.0,0.6,1.6,7.3,2.1,0,0
Kendrick Perkins,2009,0.7,3.8,15.0,78.0,3.6,2.1,10.1,5.6,0,0
Manu Ginóbili,2009,4.7,3.2,22.5,75.0,4.7,2.1,16.5,2.9,0,0
Mehmet Okur,2009,1.4,3.0,15.6,73.0,3.3,1.7,13.5,5.2,0,0
Thaddeus Young,2009,0.1,1.2,14.0,67.0,2.5,1.9,13.8,3.3,0,0
Samuel Dalembert,2009,0.6,3.0,16.8,82.0,1.6,1.5,8.1,6.6,0,0
Matt Barnes,2009,1.7,3.4,13.6,81.0,1.8,1.4,8.8,4.2,0,0
Quentin Richardson,2009,1.7,3.1,12.9,76.0,0.9,0.8,8.9,4.1,0,0
J.R. Smith,2009,1.1,2.1,15.0,75.0,2.7,1.9,15.4,2.7,0,0
Corey Maggette,2009,1.2,0.7,20.3,70.0,7.9,2.4,19.8,4.0,0,0
Al Thornton,2009,-0.6,1.0,11.8,75.0,2.8,1.4,10.7,2.4,0,0
Chris Duhon,2009,-0.3,0.5,10.7,67.0,1.4,1.6,7.4,2.2,0,0
Kevin Garnett,2009,2.9,3.8,19.4,69.0,3.2,1.5,14.3,6.2,0,0
Roy Hibbert,2009,0.6,2.5,16.2,81.0,2.8,1.8,11.7,3.5,0,0
Anthony Morrow,2009,0.8,0.6,14.0,69.0,1.7,1.2,13.0,2.9,0,0
Martell Webster,2009,1.0,2.0,12.5,82.0,1.9,0.7,9.4,2.7,0,0
Jared Dudley,2009,2.1,1.3,13.6,82.0,1.7,0.8,8.2,2.2,0,0
Jermaine O'Neal,2009,1.0,3.2,17.9,70.0,3.2,1.8,13.6,5.2,0,0
Kenyon Martin,2009,0.6,2.8,13.4,58.0,2.9,1.6,11.5,7.0,0,0
Andrew Bynum,2009,1.8,3.4,20.2,65.0,4.0,1.8,15.0,5.6,0,0
Ben Wallace,2009,1.9,2.3,15.8,69.0,2.3,0.9,5.5,5.1,0,0
Brad Miller,2009,0.6,2.5,12.9,82.0,2.7,1.3,8.8,3.9,0,0
Peja Stojaković,2009,0.5,0.9,12.4,62.0,1.7,0.9,12.6,3.0,0,0
Joakim Noah,2009,1.7,3.5,17.9,64.0,3.4,1.8,10.7,7.6,0,0
Lou Williams,2009,1.7,1.1,18.2,64.0,3.6,1.7,14.0,2.5,0,0
Spencer Hawes,2009,0.4,1.6,13.8,72.0,1.5,1.8,10.0,4.0,0,0
Ersan İlyasova,2009,1.1,3.3,15.7,81.0,2.0,0.9,10.4,4.4,0,0
Dahntay Jones,2009,-0.8,1.6,10.8,76.0,3.4,1.7,10.2,2.4,0,0
Luc Mbah a Moute,2009,0.8,3.0,11.8,73.0,1.8,1.0,6.2,3.1,0,0
Jameer Nelson,2009,1.3,2.2,15.5,65.0,1.8,2.1,12.6,2.6,0,0
Charlie Villanueva,2009,0.9,1.4,16.0,78.0,1.7,0.9,11.9,3.6,0,0
José Calderón,2009,1.2,0.0,16.5,68.0,1.5,1.5,10.3,1.8,0,0
JJ Redick,2009,1.8,1.8,15.0,82.0,2.7,0.8,9.6,1.7,0,0
Mario Chalmers,2009,0.3,2.4,10.7,73.0,1.5,1.7,7.1,1.5,0,0
Mike Miller,2009,1.5,1.4,13.9,54.0,1.6,2.1,10.9,5.2,0,0
Jared Jeffries,2009,0.0,1.3,9.8,70.0,1.7,1.1,5.3,2.3,0,0
C.J. Watson,2009,0.7,0.9,13.8,65.0,2.6,1.1,10.3,2.2,0,0
Rasheed Wallace,2009,0.9,3.4,13.1,79.0,1.6,0.8,9.0,3.6,0,0
Chuck Hayes,2009,0.8,2.4,11.7,82.0,0.8,0.9,4.4,3.8,0,0
Luke Ridnour,2009,1.8,2.2,17.7,82.0,1.7,1.3,10.4,1.5,0,0
Drew Gooden,2009,-0.1,2.2,16.9,70.0,3.1,1.5,10.9,4.8,0,0
Ronnie Brewer,2009,1.4,2.2,12.5,58.0,2.3,0.9,8.8,2.4,0,0
Nenad Krstić,2009,0.1,2.2,13.7,76.0,1.4,0.8,8.4,3.3,0,0
Ramon Sessions,2009,-0.4,0.6,12.9,82.0,2.8,1.7,8.2,1.9,0,0
James Posey,2009,0.1,1.4,8.7,77.0,1.0,0.7,5.2,3.9,0,0
Chris Douglas-Roberts,2009,-0.5,0.9,11.5,67.0,2.3,1.4,9.8,2.3,0,0
Ben Gordon,2009,0.2,0.4,14.0,62.0,3.7,1.9,13.8,1.5,0,0
Tony Parker,2009,0.6,1.6,16.4,56.0,4.4,2.7,16.0,2.3,0,0
Kevin Love,2009,1.5,1.5,20.7,60.0,4.6,2.0,14.0,7.2,0,0
Chris Paul,2009,3.5,1.5,23.7,45.0,4.2,2.5,18.7,3.8,0,0
Jason Williams,2009,1.3,2.0,12.9,82.0,0.5,1.1,6.0,1.5,0,0
Shannon Brown,2009,0.7,2.3,12.4,82.0,1.5,0.8,8.1,1.9,0,0
Chris Andersen,2009,1.6,2.7,15.8,76.0,3.1,0.8,5.9,4.4,0,0
J.J. Hickson,2009,0.3,2.5,15.2,81.0,2.0,1.1,8.5,3.6,0,0
Mickaël Piétrus,2009,1.2,2.5,11.9,75.0,1.5,0.9,8.7,2.3,0,0
Andrei Kirilenko,2009,3.0,2.7,18.2,58.0,4.0,1.4,11.9,3.2,0,0
Ronald Murray,2009,-0.1,2.0,11.7,75.0,2.6,1.2,9.9,2.1,0,0
Randy Foye,2009,0.3,0.7,13.2,70.0,2.1,1.3,10.1,1.6,0,0
Will Bynum,2009,-0.1,0.6,13.8,63.0,2.8,1.8,10.0,1.9,0,0
Tayshaun Prince,2009,1.2,0.6,16.0,49.0,2.0,1.2,13.5,3.6,0,0
Yi Jianlian,2009,-0.9,1.3,12.3,52.0,3.7,1.5,12.0,4.9,0,0
Kyle Lowry,2009,1.2,1.4,15.5,68.0,3.8,1.7,9.1,2.3,0,0
Kevin Martin,2009,0.6,1.0,17.0,46.0,7.4,2.0,20.6,2.9,0,0
Juwan Howard,2009,-0.6,1.6,10.0,73.0,1.0,1.0,6.0,3.1,0,0
Donté Greene,2009,0.1,1.2,11.6,76.0,1.8,1.2,8.5,2.4,0,0
Antonio McDyess,2009,0.4,2.6,12.2,77.0,0.7,1.0,5.8,4.0,0,0
Charlie Bell,2009,-0.2,1.9,7.9,71.0,0.9,0.8,6.5,1.4,0,0
Damien Wilkins,2009,0.3,1.0,11.5,80.0,1.6,1.0,5.6,2.2,0,0
Carlos Arroyo,2009,0.2,1.5,12.3,72.0,1.3,0.8,6.1,1.4,0,0
Keith Bogans,2009,0.3,1.9,7.7,79.0,0.6,0.7,4.4,1.9,0,0
Nick Collison,2009,0.3,2.2,13.1,75.0,1.4,0.8,5.9,3.1,0,0
Hakim Warrick,2009,0.3,1.8,15.6,76.0,3.6,1.1,9.6,2.5,0,0
Willie Green,2009,-0.1,0.3,12.8,73.0,1.6,0.9,8.7,1.5,0,0
Richard Hamilton,2009,0.0,0.1,14.9,46.0,5.2,2.5,18.1,2.0,0,0
Jason Maxiell,2009,-0.3,1.1,14.0,76.0,2.0,0.9,6.8,3.2,0,0
J.J. Barea,2009,0.3,1.2,12.8,78.0,1.2,1.3,7.6,1.7,0,0
Roger Mason,2009,0.3,1.7,9.7,79.0,0.4,0.7,6.3,1.9,0,0
Delonte West,2009,1.0,2.0,13.8,60.0,2.4,1.5,8.8,2.3,0,0
C.J. Miles,2009,0.0,1.7,10.8,63.0,1.5,1.3,9.9,2.0,0,0
Dorell Wright,2009,1.5,2.2,14.5,72.0,1.0,0.7,7.1,2.6,0,0
Mike Dunleavy,2009,0.4,1.5,13.1,67.0,2.4,1.1,9.9,3.1,0,0
Andrés Nocioni,2009,-0.1,1.0,11.1,75.0,1.3,0.9,8.5,2.5,0,0
Jordan Farmar,2009,0.6,1.8,12.3,82.0,1.0,0.9,7.2,1.4,0,0
D.J. Augustin,2009,0.3,1.7,11.2,80.0,1.6,0.9,6.4,1.1,0,0
Amir Johnson,2009,0.5,1.1,16.7,82.0,1.8,0.8,6.2,2.9,0,0
Goran Dragić,2009,0.8,0.8,14.8,80.0,2.0,1.6,7.9,1.7,0,0
Rudy Fernández,2009,1.3,1.6,13.1,62.0,1.6,1.2,8.1,2.1,0,0
Anthony Tolliver,2009,0.1,0.8,13.6,46.0,2.9,1.0,11.7,5.1,0,0
Nick Young,2009,-0.6,0.5,10.7,74.0,1.8,0.8,8.6,1.1,0,0
Rafer Alston,2009,-0.6,1.2,8.2,52.0,1.6,1.8,8.2,2.2,0,0
Darius Songaila,2009,-0.6,1.2,11.6,75.0,1.0,1.1,7.2,2.3,0,0
Antoine Wright,2009,-0.4,0.2,8.6,67.0,1.1,0.9,6.5,2.3,0,0
Sonny Weems,2009,0.0,0.5,12.9,69.0,0.9,0.9,7.5,2.2,0,0
Zydrunas Ilgauskas,2009,-0.6,2.0,11.9,64.0,1.6,1.0,7.4,3.6,0,0
Joel Anthony,2009,0.1,2.0,10.2,80.0,1.2,0.6,2.7,1.6,0,0
Maurice Evans,2009,0.4,1.1,12.2,79.0,0.8,0.3,5.7,1.2,0,0
Jerryd Bayless,2009,0.1,1.0,14.3,74.0,3.3,1.3,8.5,1.4,0,0
Erick Dampier,2009,0.5,2.0,14.0,55.0,1.8,1.1,6.0,4.9,0,0
Shaquille O'Neal,2009,0.6,2.1,17.9,53.0,4.3,2.0,12.0,4.9,0,0
Craig Smith,2009,0.4,1.0,16.9,75.0,2.8,1.2,7.8,2.5,0,0
Ryan Hollins,2009,-0.8,0.5,11.0,73.0,2.2,1.3,6.1,1.8,0,0
Kris Humphries,2009,-0.5,1.6,15.1,69.0,2.8,1.0,7.1,3.7,0,0
Tyrus Thomas,2009,0.9,2.9,16.8,54.0,3.2,1.7,9.4,4.7,0,0
Eddie House,2009,0.0,1.1,10.5,68.0,0.8,0.7,7.0,1.4,0,0
T.J. Ford,2009,0.2,1.1,13.4,47.0,2.9,1.9,10.3,2.3,0,0
Gilbert Arenas,2009,1.1,0.9,18.7,32.0,6.5,3.7,22.6,3.6,0,0
Lou Amundson,2009,0.3,1.3,14.4,79.0,1.6,0.7,4.7,2.8,0,0
Tyson Chandler,2009,0.0,2.0,12.5,51.0,3.1,1.8,6.5,4.0,0,0
Matt Bonner,2009,1.3,1.6,14.9,65.0,0.7,0.6,7.0,2.5,0,0
DeAndre Jordan,2009,-0.5,1.2,12.7,70.0,1.8,1.1,4.8,3.3,0,0
Marco Belinelli,2009,0.2,0.2,12.6,66.0,1.8,0.9,7.1,1.2,0,0
Earl Boykins,2009,-0.1,0.3,12.9,67.0,1.3,1.0,6.6,0.9,0,0
Larry Hughes,2009,0.0,1.0,12.0,45.0,2.5,1.7,9.1,2.6,0,0
Nate Robinson,2009,0.7,0.8,16.3,56.0,1.2,1.3,10.1,1.5,0,0
Trenton Hassell,2009,-0.9,0.3,6.5,52.0,1.3,0.9,4.5,1.8,0,0
Zaza Pachulia,2009,-0.1,1.5,13.1,78.0,1.8,0.7,4.3,2.3,0,0
Marcin Gortat,2009,0.6,2.2,13.9,81.0,0.9,0.6,3.6,2.9,0,0
Daniel Gibson,2009,0.5,1.0,11.3,56.0,0.9,0.6,6.3,1.1,0,0
Devin Brown,2009,-0.2,0.6,10.0,50.0,1.7,1.2,8.0,1.9,0,0
Jamario Moon,2009,0.9,1.7,12.6,61.0,0.7,0.4,4.9,2.7,0,0
Kurt Thomas,2009,-0.1,2.0,9.9,70.0,0.2,0.7,3.0,3.0,0,0
Sergio Rodríguez,2009,0.2,0.6,14.8,66.0,1.4,1.7,6.6,1.0,0,0
Josh Boone,2009,0.0,1.1,13.7,63.0,0.9,0.6,4.0,3.0,0,0
Jarvis Hayes,2009,-0.2,0.5,9.7,45.0,0.4,0.6,7.8,2.2,0,0
Marreese Speights,2009,-0.2,0.9,17.6,62.0,2.3,0.8,8.6,2.7,0,0
Robin Lopez,2009,0.4,0.8,17.6,51.0,2.5,0.8,8.4,2.8,0,0
Nazr Mohammed,2009,0.6,1.8,19.6,58.0,2.2,0.9,7.9,3.3,0,0
James Singleton,2009,-0.3,1.2,11.4,57.0,1.1,0.9,4.5,2.9,0,0
Jason Kapono,2009,-0.5,0.1,8.4,57.0,0.3,0.6,5.7,0.9,0,0
Morris Peterson,2009,-0.3,0.5,9.3,46.0,1.2,0.6,7.1,2.4,0,0
Keyon Dooling,2009,-0.2,0.3,11.6,53.0,1.2,1.1,6.9,0.9,0,0
JaVale McGee,2009,0.3,1.3,17.0,60.0,1.9,0.9,6.4,2.6,0,0
Kyle Korver,2009,0.8,1.0,13.9,52.0,0.9,0.8,7.2,1.9,0,0
Ime Udoka,2009,0.0,0.8,9.6,69.0,0.8,0.6,3.6,2.0,0,0
Marquis Daniels,2009,-0.2,1.0,9.6,51.0,1.1,0.8,5.6,1.3,0,0
Glen Davis,2009,-0.6,1.2,11.5,54.0,2.6,1.0,6.3,1.9,0,0
Nicolas Batum,2009,1.4,1.1,17.3,37.0,1.4,0.7,10.1,2.9,0,0
Josh Howard,2009,-0.3,0.9,12.7,35.0,4.0,1.3,12.7,2.7,0,0
Ryan Anderson,2009,1.0,1.4,18.1,63.0,1.3,0.9,7.7,2.1,0,0
Vladimir Radmanović,2009,-0.4,0.6,7.9,41.0,0.7,1.1,6.2,3.1,0,0
Tony Allen,2009,0.5,1.6,14.2,54.0,2.2,1.2,6.1,1.7,0,0
DeShawn Stevenson,2009,-0.8,0.5,3.3,64.0,0.5,0.5,2.1,1.3,0,0
Sasha Pavlović,2009,-0.9,0.3,5.4,71.0,0.4,0.7,3.7,1.5,0,0
Marcus Williams,2009,-0.2,0.5,10.6,62.0,0.9,1.2,4.3,1.3,0,0
Ronny Turiaf,2009,0.5,0.7,12.6,42.0,1.9,1.2,4.9,3.3,0,0
Julian Wright,2009,0.0,0.6,11.8,68.0,0.6,0.6,3.8,1.3,0,0
Allen Iverson,2009,-0.2,0.2,13.4,28.0,4.7,2.3,13.8,2.3,0,0
Anthony Carter,2009,0.3,0.8,10.3,54.0,0.2,1.1,3.3,1.3,0,0
Rodney Carney,2009,0.2,0.6,12.7,68.0,0.9,0.3,4.7,1.6,0,0
Jerry Stackhouse,2009,0.1,1.1,11.1,42.0,1.6,1.6,8.5,1.9,0,0
Jannero Pargo,2009,-0.6,0.9,8.9,63.0,0.7,0.8,5.5,1.1,0,0
Luther Head,2009,-0.1,0.6,11.5,47.0,1.2,1.1,7.6,1.6,0,0
Theo Ratliff,2009,0.0,1.4,10.3,49.0,1.0,0.8,3.6,2.0,0,0
Ronnie Price,2009,0.1,1.0,10.3,60.0,1.0,0.9,4.3,0.8,0,0
Stephen Graham,2009,0.1,1.2,11.2,70.0,0.9,0.5,4.2,1.6,0,0
Shaun Livingston,2009,0.1,0.5,12.8,36.0,1.3,1.6,6.9,1.7,0,0
Leandro Barbosa,2009,0.0,0.4,14.0,44.0,1.7,1.0,9.5,1.3,0,0
Henry Walker,2009,0.3,0.3,14.6,35.0,1.4,0.8,9.4,2.1,0,0
Andris Biedriņš,2009,0.4,0.9,13.0,33.0,0.8,1.0,5.0,5.9,0,0
Devean George,2009,0.2,0.5,11.6,45.0,0.5,0.3,5.4,2.1,0,0
Joey Graham,2009,-0.2,0.6,10.6,63.0,1.2,0.7,4.2,1.3,0,0
Anthony Randolph,2009,0.3,0.8,18.7,33.0,4.1,1.5,11.6,4.3,0,0
Jawad Williams,2009,-0.4,0.7,8.2,54.0,0.8,0.3,4.1,1.2,0,0
Travis Outlaw,2009,0.2,0.6,13.3,34.0,1.7,0.9,9.1,2.6,0,0
Michael Finley,2009,0.1,0.7,9.0,46.0,0.3,0.5,4.4,1.4,0,0
Daequan Cook,2009,-0.2,0.8,7.5,45.0,0.6,0.5,5.0,1.6,0,0
Darko Miličić,2009,0.1,0.6,12.8,32.0,0.9,1.1,6.7,3.3,0,0
Eduardo Nájera,2009,-0.2,0.8,8.4,46.0,0.5,0.5,3.4,1.8,0,0
Joel Przybilla,2009,0.1,1.2,11.2,30.0,1.7,1.3,4.1,5.5,0,0
Solomon Jones,2009,-0.4,0.8,9.9,52.0,1.4,0.8,4.0,1.8,0,0
Tracy McGrady,2009,0.0,0.3,12.2,30.0,2.1,1.5,8.2,2.4,0,0
Kwame Brown,2009,-0.6,0.5,7.9,48.0,2.0,0.9,3.3,2.6,0,0
Sebastian Telfair,2009,-0.4,0.4,10.3,43.0,0.9,1.2,4.8,0.9,0,0
Jason Smith,2009,-0.4,0.6,10.6,56.0,0.8,0.6,3.4,1.4,0,0
Fabricio Oberto,2009,-0.4,0.4,5.7,57.0,0.3,0.6,1.5,1.2,0,0
Brandon Bass,2009,0.2,1.0,16.5,50.0,1.3,0.6,5.8,1.5,0,0
Chucky Atkins,2009,-0.4,0.1,8.3,40.0,0.7,0.8,4.0,0.6,0,0
Shelden Williams,2009,0.1,0.9,14.1,54.0,1.8,0.6,3.7,1.8,0,0
Joe Smith,2009,-0.5,0.6,11.2,64.0,0.8,0.3,3.0,1.4,0,0
Jamaal Tinsley,2009,-0.3,0.5,7.8,38.0,0.7,1.7,3.5,1.4,0,0
Josh Powell,2009,-0.6,0.7,6.7,63.0,0.5,0.5,2.7,1.1,0,0
Sasha Vujačić,2009,0.2,0.7,11.4,67.0,0.5,0.3,2.8,0.8,0,0
Francisco García,2009,0.3,0.3,12.4,25.0,0.7,0.8,8.1,2.2,0,0
Quinton Ross,2009,-0.6,0.3,3.0,52.0,0.3,0.2,1.8,0.6,0,0
Josh McRoberts,2009,0.2,0.7,14.8,42.0,0.9,0.5,4.3,2.1,0,0
Bobby Brown,2009,-0.4,0.2,9.3,45.0,0.3,1.0,4.8,0.6,0,0
James Jones,2009,0.1,0.5,8.8,36.0,0.8,0.3,4.1,1.1,0,0
Greg Oden,2009,0.7,1.0,23.1,21.0,3.0,1.9,11.1,5.4,0,0
Ricky Davis,2009,-0.2,0.2,8.5,36.0,0.9,0.8,4.4,1.3,0,0
Michael Redd,2009,0.2,0.7,12.1,18.0,3.7,0.8,11.9,2.4,0,0
Brian Scalabrine,2009,-0.3,0.5,3.6,52.0,0.1,0.3,1.5,0.8,0,0
Mardy Collins,2009,-0.4,0.3,5.7,43.0,0.5,0.7,2.6,0.9,0,0
Darrell Arthur,2009,-0.2,0.4,10.5,32.0,0.9,0.7,4.5,2.3,0,0
Malik Allen,2009,-0.4,0.3,5.9,51.0,0.3,0.4,2.1,0.9,0,0
Oleksiy Pecherov,2009,-0.3,0.4,12.0,44.0,0.7,0.7,4.5,2.1,0,0
Chris Wilcox,2009,-0.2,0.4,12.0,34.0,1.5,1.1,4.5,2.1,0,0
Johan Petro,2009,-0.2,0.6,10.7,36.0,0.6,0.6,3.4,2.7,0,0
Rasho Nesterović,2009,0.1,0.2,16.0,42.0,0.1,0.4,3.9,1.2,0,0
Nathan Jawai,2009,-0.2,0.2,11.0,39.0,1.0,0.7,3.2,1.4,0,0
Kyrylo Fesenko,2009,-0.3,0.5,9.7,49.0,1.2,0.5,2.6,1.2,0,0
Anthony Johnson,2009,0.2,0.5,12.4,31.0,0.6,0.8,4.2,1.3,0,0
Mikki Moore,2009,0.0,0.1,11.2,23.0,0.5,0.9,5.0,1.9,0,0
Bobby Simmons,2009,-0.2,0.3,8.0,23.0,0.9,0.8,5.3,2.3,0,0
Cartier Martin,2009,-0.2,0.2,9.0,18.0,1.7,1.1,7.8,2.4,0,0
Steve Novak,2009,-0.2,0.1,8.3,54.0,0.2,0.0,2.1,0.6,0,0
Jamaal Magloire,2009,-0.3,0.7,9.4,36.0,1.6,0.5,2.1,2.2,0,0
D.J. Mbenga,2009,-0.2,0.6,11.6,49.0,0.4,0.3,2.1,1.1,0,0
Hilton Armstrong,2009,-0.4,0.4,6.9,33.0,1.0,0.7,2.2,1.6,0,0
Sean May,2009,-0.1,0.3,11.7,37.0,0.9,0.5,3.3,1.4,0,0
Royal Ivey,2009,0.1,0.3,11.0,44.0,0.3,0.3,2.1,0.6,0,0
Etan Thomas,2009,-0.2,0.4,6.9,23.0,1.0,0.8,3.3,2.0,0,0
Malik Hairston,2009,0.0,0.4,11.6,47.0,0.6,0.2,2.1,0.8,0,0
Dan Gadzuric,2009,-0.2,0.6,10.5,32.0,0.8,0.5,2.8,1.7,0,0
Kenny Thomas,2009,-0.1,0.3,9.0,26.0,0.5,0.7,1.6,2.0,0,0
Reggie Evans,2009,-0.2,0.3,11.4,28.0,2.1,0.8,3.4,2.7,0,0
Aaron Gray,2009,0.1,0.4,16.6,32.0,0.9,0.6,3.3,1.9,0,0
Dominic McGuire,2009,-0.3,0.3,3.8,51.0,0.1,0.3,0.7,1.1,0,0
Jonathan Bender,2009,-0.2,0.2,10.8,25.0,1.0,1.1,4.7,1.5,0,0
Tim Thomas,2009,0.1,0.3,15.1,18.0,1.3,0.8,7.5,1.6,0,0
Luke Walton,2009,0.0,0.4,9.7,29.0,0.1,0.4,2.4,0.9,0,0
Brian Cardinal,2009,-0.2,0.1,6.9,29.0,0.6,0.2,1.7,0.8,0,0
Kevin Ollie,2009,0.0,0.3,7.0,25.0,0.3,0.2,1.8,0.9,0,0
DeSagana Diop,2009,0.0,0.5,7.8,27.0,0.3,0.4,1.2,1.5,0,0
Jarron Collins,2009,-0.3,0.1,3.7,34.0,0.7,0.3,1.0,1.2,0,0
Jeff Foster,2009,-0.1,0.3,9.6,16.0,0.6,0.9,3.1,2.9,0,0
Marcus Banks,2009,0.1,0.1,15.3,22.0,1.3,0.9,5.0,0.9,0,0
Adam Morrison,2009,-0.2,0.2,7.4,31.0,0.3,0.3,2.4,0.7,0,0
Hamed Haddadi,2009,-0.3,0.2,7.2,36.0,0.5,0.6,1.7,1.4,0,0
J.R. Giddens,2009,-0.2,0.3,9.2,32.0,0.7,0.5,2.2,1.1,0,0
Leon Powe,2009,-0.2,0.3,10.2,20.0,3.2,0.6,4.0,2.1,0,0
Acie Law,2009,0.1,0.2,16.0,26.0,1.9,0.7,4.3,0.5,0,0
Earl Barron,2009,-0.1,0.2,14.7,7.0,4.1,1.6,11.7,6.6,0,0
Kelenna Azubuike,2009,0.2,0.1,19.8,9.0,3.1,0.8,13.9,3.2,0,0
Sean Williams,2009,-0.3,0.3,7.0,20.0,1.0,1.0,2.6,1.3,0,0
Chris Richard,2009,-0.2,0.4,6.5,18.0,0.6,0.8,2.1,2.2,0,0
Chris Quinn,2009,0.0,0.1,9.3,25.0,0.2,0.4,2.2,0.6,0,0
Raja Bell,2009,0.2,0.2,13.8,6.0,0.5,0.8,11.8,3.0,0,0
Kosta Koufos,2009,-0.2,0.2,7.7,36.0,0.4,0.4,1.5,0.8,0,0
Ian Mahinmi,2009,0.1,0.3,21.6,26.0,1.8,0.6,3.9,1.5,0,0
Steven Hunter,2009,-0.1,0.1,11.6,21.0,1.7,0.4,2.5,1.1,0,0
Kyle Weaver,2009,0.1,0.2,10.7,12.0,0.5,0.3,3.0,1.4,0,0
Mario West,2009,0.0,0.2,9.9,39.0,0.3,0.2,0.8,0.5,0,0
Tony Battie,2009,-0.2,0.1,6.1,15.0,0.7,0.2,2.4,1.3,0,0
Randolph Morris,2009,-0.1,0.2,14.6,28.0,1.0,0.4,2.2,1.0,0,0
Brian Skinner,2009,-0.2,0.1,5.5,16.0,0.5,0.4,1.6,1.1,0,0
Darnell Jackson,2009,-0.3,0.2,-0.1,28.0,0.2,0.5,0.8,0.5,0,0
Lindsey Hunter,2009,-0.3,0.1,-2.2,13.0,0.2,0.3,1.0,1.0,0,0
Matt Carroll,2009,-0.2,0.1,7.1,25.0,0.2,0.3,1.8,0.3,0,0
Pops Mensah-Bonsu,2009,-0.1,0.1,11.4,20.0,1.2,0.5,2.0,1.0,0,0
Jason Collins,2009,-0.2,0.1,0.9,24.0,0.1,0.2,0.7,0.4,0,0
Coby Karl,2009,-0.1,0.0,5.1,7.0,0.9,1.4,4.0,2.0,0,0
Joey Dorsey,2009,-0.1,0.1,9.8,15.0,0.8,0.4,1.5,1.8,0,0
D.J. White,2009,0.2,0.2,25.9,12.0,0.8,0.3,4.9,1.1,0,0
Roko Ukić,2009,0.0,0.1,12.2,13.0,0.8,0.5,3.1,0.2,0,0
Mike Harris,2009,-0.1,0.1,7.2,13.0,0.8,0.7,2.2,1.1,0,0
Alando Tucker,2009,0.0,0.0,13.4,15.0,1.4,0.3,3.4,0.3,0,0
Primož Brezec,2009,-0.2,0.1,4.9,21.0,0.3,0.1,0.9,0.6,0,0
Renaldo Balkman,2009,0.0,0.2,6.6,13.0,0.5,0.5,1.1,1.5,0,0
Sean Marks,2009,-0.1,0.0,9.0,14.0,0.4,0.1,0.7,0.6,0,0
Desmond Mason,2009,-0.1,0.0,6.2,5.0,0.8,0.8,2.6,1.8,0,0
Francisco Elson,2009,-0.1,0.1,5.5,12.0,0.4,0.1,1.0,0.7,0,0
Eddy Curry,2009,-0.3,0.0,-1.9,7.0,2.4,1.9,3.7,1.3,0,0
Mike Wilks,2009,-0.1,0.0,5.9,4.0,1.0,1.0,4.0,0.8,0,0
Kareem Rush,2009,0.0,0.1,4.8,7.0,0.0,0.4,1.3,0.7,0,0
Shavlik Randolph,2009,-0.1,0.1,6.2,6.0,0.3,0.5,2.3,1.2,0,0
Patrick O'Bryant,2009,-0.1,0.1,9.9,11.0,0.5,0.5,1.7,0.8,0,0
Travis Diener,2009,0.0,0.1,7.6,9.0,0.4,0.0,0.7,0.3,0,0
Mike James,2009,0.0,0.0,5.5,4.0,2.0,1.3,4.5,0.5,0,0
Brian Cook,2009,-0.1,0.0,2.4,15.0,0.5,0.4,1.4,0.5,0,0
Marcus Haislip,2009,0.0,0.1,15.4,10.0,0.5,0.3,2.5,0.6,0,0
Yakhouba Diawara,2009,-0.1,0.0,-3.7,6.0,0.0,0.5,0.8,0.5,0,0
Will Conroy,2009,-0.1,0.0,-2.4,5.0,0.4,0.8,1.2,0.6,0,0
Othello Hunter,2009,-0.1,0.0,7.9,7.0,0.6,0.4,1.6,0.9,0,0
Alexis Ajinça,2009,0.0,0.0,6.3,6.0,0.2,0.3,1.7,0.5,0,0
Joe Alexander,2009,0.0,0.0,2.8,8.0,0.4,0.0,0.5,0.4,0,0
Jason Hart,2009,0.0,0.0,8.7,5.0,0.0,0.6,0.4,0.4,0,0
Paul Davis,2009,0.0,0.0,33.3,2.0,1.0,0.0,2.5,0.0,0,0
Ryan Bowen,2009,0.0,0.0,31.3,1.0,2.0,0.0,4.0,1.0,0,0
Dwayne Jones,2009,0.0,0.0,1.4,2.0,0.0,0.0,0.0,1.0,0,0
Monta Ellis,2010,2.3,1.7,18.6,80.0,5.4,3.2,24.1,3.0,0,0
LaMarcus Aldridge,2010,3.4,3.5,21.5,81.0,5.5,1.9,21.8,5.3,1,3
Luol Deng,2010,3.0,5.2,15.5,82.0,4.1,1.9,17.4,4.4,0,0
Dorell Wright,2010,2.2,1.8,15.0,82.0,2.8,1.6,16.4,4.2,0,0
LeBron James,2010,7.8,5.3,27.3,79.0,8.4,3.6,26.7,6.5,1,1
Kevin Durant,2010,5.3,3.3,23.6,78.0,8.7,2.8,27.7,6.1,1,1
Pau Gasol,2010,5.2,4.7,23.3,82.0,5.2,1.7,18.8,6.9,1,2
Derrick Rose,2010,6.7,4.8,23.5,81.0,6.9,3.4,25.0,3.1,1,1
Al Jefferson,2010,1.9,2.7,20.1,82.0,3.5,1.3,18.6,6.8,0,0
Dwight Howard,2010,5.4,7.7,26.1,78.0,11.7,3.6,22.9,10.1,1,1
Jrue Holiday,2010,2.0,3.5,15.4,82.0,2.5,2.7,14.0,3.2,0,0
Ray Allen,2010,3.6,4.2,16.4,80.0,2.7,1.5,16.5,2.8,0,0
Brook Lopez,2010,1.9,1.9,19.3,82.0,6.0,2.1,20.4,3.5,0,0
Chris Paul,2010,6.7,4.4,23.7,80.0,4.8,2.2,15.9,3.6,1,3
Mike Conley,2010,2.3,3.2,15.9,81.0,3.0,2.2,13.7,2.7,0,0
Amar'e Stoudemire,2010,2.4,2.6,22.7,78.0,7.7,3.2,25.3,5.6,1,2
DeMar DeRozan,2010,-0.3,0.5,14.5,82.0,4.9,1.8,17.2,2.9,0,0
Russell Westbrook,2010,4.4,3.1,23.6,82.0,7.7,3.9,21.9,3.1,1,2
Dwyane Wade,2010,6.1,4.7,25.6,76.0,8.6,3.1,25.5,4.8,1,2
Elton Brand,2010,2.4,4.4,18.5,81.0,3.4,1.2,15.0,5.4,0,0
Chris Bosh,2010,2.3,4.3,19.4,77.0,6.1,1.8,18.7,6.5,0,0
Kobe Bryant,2010,5.0,3.5,23.9,82.0,7.1,3.0,25.3,4.1,1,1
Boris Diaw,2010,1.8,2.3,13.9,82.0,1.5,2.0,11.3,3.8,0,0
Paul Pierce,2010,4.6,5.1,19.7,80.0,5.6,2.1,18.9,5.0,0,0
Danny Granger,2010,2.9,3.2,17.8,79.0,5.9,2.6,20.5,4.3,0,0
Wesley Matthews,2010,2.0,2.3,15.5,82.0,3.8,1.7,15.9,2.6,0,0
D.J. Augustin,2010,1.5,1.3,15.9,82.0,3.6,1.9,14.4,2.3,0,0
Carmelo Anthony,2010,2.7,2.5,21.7,77.0,7.9,2.7,25.6,5.8,0,0
Raymond Felton,2010,1.8,1.8,16.6,75.0,3.2,2.9,15.5,2.9,0,0
Beno Udrih,2010,1.7,1.6,15.7,79.0,2.9,1.8,13.7,2.8,0,0
Zach Randolph,2010,3.2,3.7,22.6,75.0,5.3,2.0,20.1,7.8,1,3
Jason Richardson,2010,2.5,3.3,15.0,80.0,2.0,1.2,15.6,3.3,0,0
Al Horford,2010,3.9,3.7,20.7,77.0,2.4,1.5,15.3,7.0,1,3
Gerald Wallace,2010,2.4,3.6,16.2,71.0,5.3,2.1,15.7,6.5,0,0
Jason Kidd,2010,3.3,3.9,14.4,80.0,1.0,2.2,7.9,4.0,0,0
Andre Miller,2010,2.4,2.4,17.8,81.0,3.6,2.4,12.7,2.5,0,0
Josh Smith,2010,3.2,4.5,19.2,77.0,4.1,2.6,16.5,6.8,0,0
Lamar Odom,2010,3.7,4.0,19.4,82.0,3.0,1.7,14.4,6.5,0,0
David Lee,2010,1.1,2.0,17.8,73.0,3.7,2.3,16.5,6.8,0,0
Kevin Love,2010,4.2,2.5,24.3,73.0,6.8,2.1,20.2,10.7,0,0
Paul Millsap,2010,2.5,2.5,19.8,76.0,4.4,1.9,17.3,5.5,0,0
Kevin Martin,2010,3.5,1.5,21.4,80.0,8.4,2.3,23.5,2.9,0,0
Trevor Ariza,2010,1.0,3.8,11.3,75.0,2.6,1.6,11.0,4.6,0,0
Marc Gasol,2010,2.8,3.9,16.8,81.0,3.6,1.8,11.7,5.1,0,0
Jason Terry,2010,1.9,2.5,15.9,82.0,2.6,2.0,15.8,1.6,0,0
Kyle Lowry,2010,2.6,1.8,16.5,75.0,3.3,2.1,13.5,2.9,0,0
Tayshaun Prince,2010,0.7,0.4,15.1,78.0,2.2,1.1,14.1,3.2,0,0
John Salmons,2010,1.1,3.4,12.8,73.0,3.3,1.9,14.0,3.3,0,0
Joe Johnson,2010,1.1,1.8,16.4,72.0,3.4,2.0,18.2,3.2,0,0
Channing Frye,2010,1.1,2.1,12.8,77.0,1.4,0.9,12.7,5.8,0,0
Hedo Türkoğlu,2010,2.3,3.4,13.4,81.0,1.9,1.6,10.8,3.8,0,0
Tony Parker,2010,2.4,2.4,20.4,78.0,3.9,2.6,17.5,2.7,0,0
Rajon Rondo,2010,3.2,4.8,17.1,68.0,1.9,3.4,10.6,3.1,0,0
Nicolas Batum,2010,2.0,2.3,14.8,80.0,2.1,1.0,12.4,3.2,0,0
Dirk Nowitzki,2010,4.5,3.3,23.4,73.0,6.1,1.9,23.0,6.3,1,2
Steve Nash,2010,3.3,0.7,20.8,75.0,3.3,3.5,14.7,2.9,0,0
Stephen Curry,2010,2.7,1.3,19.4,74.0,3.1,3.1,18.6,3.2,0,0
Andre Iguodala,2010,3.2,3.5,17.2,67.0,4.5,2.1,14.1,4.9,0,0
Deron Williams,2010,3.1,1.1,21.1,65.0,6.3,3.5,20.1,3.4,0,0
Richard Jefferson,2010,1.4,2.1,12.4,81.0,2.4,1.1,11.0,3.2,0,0
David West,2010,3.0,3.4,20.4,70.0,4.7,2.0,18.9,5.3,0,0
Jeff Green,2010,0.5,2.4,12.9,75.0,3.3,1.3,13.3,3.8,0,0
Manu Ginóbili,2010,4.5,3.2,21.7,80.0,5.1,2.2,17.4,3.2,1,3
Luis Scola,2010,1.0,2.2,18.4,74.0,3.9,2.0,18.3,6.2,0,0
Metta World Peace,2010,1.3,3.2,11.2,82.0,1.7,1.1,8.5,2.0,0,0
Grant Hill,2010,0.9,1.3,14.7,80.0,3.2,1.7,13.2,3.3,0,0
Stephen Jackson,2010,0.9,2.1,14.6,67.0,4.6,3.1,18.5,3.7,0,0
Wilson Chandler,2010,1.1,1.9,14.6,72.0,2.2,1.4,15.3,4.6,0,0
Shane Battier,2010,2.0,2.2,12.3,82.0,1.1,1.0,7.6,3.5,0,0
Michael Beasley,2010,0.1,1.0,15.5,73.0,4.0,2.7,19.2,4.0,0,0
Darren Collison,2010,1.0,2.2,15.6,79.0,2.9,2.5,13.2,2.3,0,0
Travis Outlaw,2010,-0.9,1.2,8.8,82.0,2.1,0.9,9.2,3.3,0,0
Andrea Bargnani,2010,0.4,0.3,16.4,66.0,5.3,2.3,21.4,4.1,0,0
Arron Afflalo,2010,2.0,1.4,13.6,69.0,2.4,1.0,12.6,3.0,0,0
Jameer Nelson,2010,1.8,3.2,15.4,76.0,2.1,2.6,13.1,2.5,0,0
Chauncey Billups,2010,2.7,1.4,18.7,72.0,5.8,2.5,16.8,2.3,0,0
Glen Davis,2010,0.0,4.3,12.8,78.0,3.4,1.1,11.7,4.2,0,0
Derek Fisher,2010,0.0,2.5,8.9,82.0,1.3,0.9,6.8,1.7,0,0
Jamal Crawford,2010,0.6,1.4,14.2,76.0,3.4,1.9,14.2,1.4,0,0
Andrew Bogut,2010,1.9,5.1,16.7,65.0,3.3,1.9,12.8,8.0,0,0
Nenê,2010,3.2,3.1,20.4,75.0,5.4,1.8,14.5,5.7,0,0
Emeka Okafor,2010,0.9,3.8,16.0,72.0,3.6,1.7,10.3,6.3,0,0
Mike Bibby,2010,0.6,1.8,10.9,80.0,0.8,1.3,8.6,2.2,0,0
J.J. Hickson,2010,-1.1,1.7,15.6,80.0,4.6,2.2,13.8,6.0,0,0
Devin Harris,2010,1.5,1.0,17.2,71.0,5.7,2.9,15.2,2.1,0,0
Shawn Marion,2010,1.3,3.4,17.0,80.0,2.1,1.6,12.5,4.8,0,0
Roy Hibbert,2010,0.5,3.3,15.9,81.0,3.4,2.3,12.7,5.3,0,0
Kevin Garnett,2010,3.8,5.6,20.6,71.0,3.1,1.6,14.9,7.7,0,0
Serge Ibaka,2010,1.4,3.2,17.7,82.0,2.2,0.9,9.9,5.0,0,0
JaVale McGee,2010,0.9,2.5,17.4,79.0,2.9,1.3,10.1,5.2,0,0
James Harden,2010,2.2,2.1,16.4,82.0,4.2,1.3,12.2,2.6,0,0
Rodney Stuckey,2010,1.2,0.6,18.4,70.0,5.4,2.2,15.5,2.1,0,0
Andray Blatche,2010,0.6,2.1,16.9,64.0,4.4,2.7,16.8,5.4,0,0
Brandon Jennings,2010,2.0,3.3,15.6,63.0,3.9,2.3,16.2,3.0,0,0
Luke Ridnour,2010,1.1,0.8,15.0,71.0,1.9,2.2,11.8,2.3,0,0
Kirk Hinrich,2010,0.4,1.2,12.3,72.0,1.8,1.7,10.2,2.2,0,0
Tim Duncan,2010,3.5,4.0,21.9,76.0,3.4,1.6,13.4,6.7,0,0
Rudy Gay,2010,2.6,2.9,17.8,54.0,4.5,2.5,19.8,4.7,0,0
George Hill,2010,1.5,2.1,14.6,76.0,3.6,1.3,11.6,2.3,0,0
Jared Dudley,2010,2.0,1.4,15.6,82.0,2.7,0.9,10.6,2.5,0,0
Thaddeus Young,2010,1.6,3.0,18.4,82.0,2.1,1.2,12.7,3.4,0,0
Ramon Sessions,2010,1.3,0.6,19.0,81.0,5.2,2.2,13.3,2.6,0,0
Ben Gordon,2010,-0.3,0.3,12.4,82.0,2.0,1.7,11.2,1.9,0,0
Eric Gordon,2010,2.2,1.1,18.5,56.0,6.2,2.7,22.3,2.1,0,0
Tyreke Evans,2010,1.1,1.7,14.4,57.0,4.7,3.2,17.8,4.0,0,0
Danilo Gallinari,2010,1.4,1.2,15.7,62.0,6.3,1.3,15.6,4.0,0,0
Ty Lawson,2010,2.2,1.6,17.9,80.0,2.8,1.7,11.7,1.8,0,0
José Calderón,2010,1.5,0.4,16.3,68.0,1.5,2.2,9.8,2.5,0,0
Raja Bell,2010,-0.6,0.5,8.2,68.0,1.5,0.9,8.0,2.1,0,0
Ryan Gomes,2010,-0.1,1.2,9.0,76.0,1.1,0.7,7.2,2.5,0,0
Luc Mbah a Moute,2010,0.4,3.3,11.5,79.0,2.4,1.0,6.7,3.2,0,0
Anthony Parker,2010,0.0,0.6,10.5,72.0,1.3,1.1,8.3,2.6,0,0
Chuck Hayes,2010,2.1,2.4,16.2,74.0,1.9,1.2,7.9,5.1,0,0
Jodie Meeks,2010,1.1,1.9,12.5,74.0,2.3,0.8,10.5,2.0,0,0
Kris Humphries,2010,1.3,2.7,17.8,74.0,2.6,1.4,10.0,7.4,0,0
Tyson Chandler,2010,1.8,3.5,18.4,74.0,4.0,1.2,10.1,6.6,0,0
Vince Carter,2010,1.2,1.9,14.8,73.0,2.4,1.2,14.0,3.0,0,0
Thabo Sefolosha,2010,1.3,2.5,10.4,79.0,1.0,0.7,5.1,3.6,0,0
DeAndre Jordan,2010,0.7,2.6,14.8,80.0,2.7,1.3,7.1,4.6,0,0
Nick Young,2010,0.4,0.4,14.5,64.0,3.6,1.4,17.4,2.3,0,0
Marcin Gortat,2010,1.5,2.7,17.8,80.0,2.4,1.0,10.2,6.0,0,0
Carl Landry,2010,0.1,1.3,14.8,76.0,3.8,1.4,11.9,2.4,0,0
Andrei Kirilenko,2010,2.1,1.7,16.6,64.0,4.2,1.8,11.7,3.5,0,0
Brandon Bass,2010,1.1,3.1,15.9,76.0,3.1,1.3,11.2,3.8,0,0
Toney Douglas,2010,1.2,1.2,15.2,81.0,1.3,1.1,10.6,2.2,0,0
C.J. Miles,2010,0.5,1.3,14.4,78.0,2.5,1.2,12.8,2.6,0,0
J.R. Smith,2010,1.9,2.3,16.4,79.0,2.8,1.3,12.3,3.5,0,0
Marco Belinelli,2010,0.7,1.5,12.1,80.0,1.6,1.0,10.5,1.7,0,0
Samuel Dalembert,2010,-0.1,2.5,14.1,80.0,1.9,1.7,8.1,5.6,0,0
Carlos Boozer,2010,1.4,3.9,18.8,59.0,4.1,2.5,17.5,7.4,0,0
O.J. Mayo,2010,0.7,1.9,12.6,71.0,1.8,1.4,11.3,1.9,0,0
Daniel Gibson,2010,0.8,0.4,13.2,67.0,2.4,1.2,11.6,2.3,0,0
Marvin Williams,2010,0.6,1.7,13.5,65.0,2.7,1.0,10.4,3.8,0,0
Anthony Morrow,2010,0.5,0.4,12.1,58.0,1.8,0.9,13.2,2.3,0,0
Amir Johnson,2010,1.1,1.2,17.6,72.0,2.2,1.0,9.6,3.8,0,0
Antawn Jamison,2010,0.9,1.1,16.8,56.0,4.2,1.4,18.0,5.2,0,0
Rashard Lewis,2010,0.7,1.9,12.0,57.0,1.7,1.5,11.7,3.8,0,0
Rudy Fernández,2010,1.3,1.8,13.4,78.0,1.9,1.1,8.6,1.7,0,0
Jordan Farmar,2010,0.7,1.0,14.1,73.0,1.4,1.9,9.6,2.0,0,0
Gilbert Arenas,2010,-0.2,2.2,10.8,70.0,2.2,2.5,10.8,2.4,0,0
Mo Williams,2010,-0.2,0.6,13.9,58.0,3.1,2.9,14.0,2.3,0,0
Ronnie Brewer,2010,2.0,3.8,13.8,81.0,1.6,0.7,6.2,2.6,0,0
Marcus Thornton,2010,1.3,1.6,16.5,73.0,2.5,1.3,12.8,2.7,0,0
Keyon Dooling,2010,0.4,2.1,11.3,80.0,1.2,1.1,7.1,1.3,0,0
Brandon Rush,2010,0.5,1.7,10.6,67.0,1.6,1.0,9.1,2.7,0,0
Jason Thompson,2010,-0.1,1.5,13.6,75.0,2.7,1.3,8.8,4.1,0,0
Lou Williams,2010,1.9,1.6,18.9,75.0,4.7,1.4,13.7,1.6,0,0
Taj Gibson,2010,0.5,3.8,14.3,80.0,1.9,0.9,7.1,3.7,0,0
Chase Budinger,2010,0.8,1.2,14.2,78.0,1.8,0.9,9.8,2.9,0,0
DeJuan Blair,2010,0.7,3.2,17.1,81.0,1.7,1.4,8.3,4.3,0,0
Courtney Lee,2010,0.4,1.1,12.6,81.0,1.5,0.8,8.3,2.0,0,0
Jarrett Jack,2010,0.5,1.4,14.2,83.0,2.6,1.3,8.9,1.8,0,0
Spencer Hawes,2010,0.0,2.6,12.8,81.0,1.1,1.2,7.2,4.1,0,0
Kwame Brown,2010,-0.3,1.7,12.8,66.0,3.5,1.0,7.9,4.6,0,0
Omri Casspi,2010,0.6,1.3,11.7,71.0,1.4,1.0,8.6,3.3,0,0
Tracy McGrady,2010,1.1,1.1,14.9,72.0,1.8,1.4,8.0,2.8,0,0
Darko Miličić,2010,-0.3,1.7,12.2,69.0,1.7,2.2,8.8,3.3,0,0
Mike Dunleavy,2010,1.5,1.9,14.6,61.0,2.0,1.1,11.2,4.1,0,0
Willie Green,2010,-0.3,1.5,10.8,77.0,1.3,0.9,8.7,1.8,0,0
J.J. Barea,2010,0.6,1.4,14.8,81.0,1.9,1.7,9.5,1.6,0,0
Charlie Villanueva,2010,0.7,1.0,15.9,76.0,1.5,0.9,11.1,3.2,0,0
Al Harrington,2010,0.1,1.5,12.3,73.0,1.6,1.5,10.5,3.5,0,0
Gerald Henderson,2010,0.1,1.4,13.2,68.0,2.4,0.9,9.6,2.3,0,0
Kyle Korver,2010,1.3,2.4,13.0,82.0,1.1,0.7,8.3,1.7,0,0
Baron Davis,2010,1.6,1.3,17.0,58.0,2.3,2.5,13.1,2.1,0,0
Sasha Vujačić,2010,0.2,1.0,12.3,67.0,1.4,1.0,9.8,2.3,0,0
Dante Cunningham,2010,-0.5,1.7,10.7,78.0,0.8,0.7,6.2,2.3,0,0
Reggie Williams,2010,0.7,0.3,14.9,80.0,1.7,0.7,9.2,2.1,0,0
Darrell Arthur,2010,0.2,2.2,15.7,80.0,1.7,1.1,9.1,2.8,0,0
Josh McRoberts,2010,1.7,2.2,16.0,72.0,1.7,1.3,7.4,3.8,0,0
Carlos Delfino,2010,1.4,2.6,13.1,49.0,1.5,1.2,11.5,3.6,0,0
Steve Blake,2010,-0.1,1.5,7.5,79.0,0.4,0.9,4.0,1.7,0,0
Mario Chalmers,2010,0.5,2.3,10.3,70.0,0.9,1.3,6.4,1.9,0,0
Sam Young,2010,0.5,1.8,12.5,78.0,1.5,0.8,7.3,1.9,0,0
Joakim Noah,2010,1.9,3.6,18.8,48.0,3.9,1.9,11.7,6.6,0,0
Nenad Krstić,2010,-0.2,1.7,13.1,71.0,2.1,0.8,8.1,3.0,0,0
Shannon Brown,2010,0.5,1.9,13.6,82.0,1.2,0.9,8.7,1.5,0,0
Earl Watson,2010,-0.1,0.8,10.2,80.0,1.0,1.5,4.3,1.6,0,0
Randy Foye,2010,0.1,0.8,11.4,63.0,2.4,1.5,9.8,1.4,0,0
James Jones,2010,1.2,1.7,11.1,81.0,0.9,0.3,5.9,1.7,0,0
Maurice Evans,2010,-0.5,0.7,9.1,73.0,0.8,0.5,6.3,1.4,0,0
Marcus Camby,2010,1.4,3.0,14.8,59.0,1.2,1.1,4.7,7.2,0,0
Tyler Hansbrough,2010,0.0,1.6,16.4,70.0,3.6,1.1,11.0,3.2,0,0
Nick Collison,2010,0.3,1.5,10.8,71.0,1.0,0.8,4.6,2.8,0,0
JJ Redick,2010,1.2,1.8,12.8,59.0,2.2,0.9,10.1,1.8,0,0
Corey Brewer,2010,-0.1,1.3,11.0,69.0,2.8,1.3,8.0,1.7,0,0
Ersan İlyasova,2010,0.5,2.7,14.3,60.0,1.7,1.1,9.5,4.3,0,0
Andrew Bynum,2010,2.0,2.8,21.1,54.0,3.9,1.4,11.3,6.3,0,0
Richard Hamilton,2010,0.1,0.2,15.8,55.0,3.1,1.6,14.1,1.9,0,0
Jerryd Bayless,2010,0.1,0.3,14.1,71.0,2.9,1.8,9.2,2.0,0,0
Tony Allen,2010,2.1,2.7,18.4,72.0,2.5,1.2,8.9,1.7,0,0
Joel Anthony,2010,0.2,2.1,7.3,75.0,1.0,0.5,2.0,2.2,0,0
Keith Bogans,2010,0.7,2.2,9.0,82.0,0.4,0.5,4.4,1.6,0,0
Austin Daye,2010,0.3,0.9,13.0,72.0,1.5,0.8,7.5,2.9,0,0
Matt Bonner,2010,1.4,1.4,13.5,66.0,0.7,0.4,7.3,2.7,0,0
Ryan Anderson,2010,2.4,2.5,19.0,64.0,1.8,0.8,10.6,3.5,0,0
Hakim Warrick,2010,0.3,0.8,16.5,80.0,3.7,1.0,8.4,2.6,0,0
Sonny Weems,2010,-0.9,0.0,10.2,59.0,1.6,1.5,9.2,1.9,0,0
Corey Maggette,2010,0.5,1.9,15.8,67.0,4.9,1.9,12.0,2.9,0,0
Andris Biedriņš,2010,-0.1,1.5,12.1,59.0,0.5,1.0,5.0,4.8,0,0
Leandro Barbosa,2010,0.2,0.1,15.3,58.0,2.4,1.4,13.3,1.5,0,0
Antonio McDyess,2010,0.4,2.1,12.8,73.0,1.1,1.0,5.3,3.7,0,0
Francisco García,2010,1.0,1.1,13.5,58.0,1.3,0.8,9.7,1.9,0,0
Al Thornton,2010,-0.4,0.6,11.7,71.0,2.0,0.9,7.4,2.2,0,0
Anthony Tolliver,2010,0.7,0.7,13.3,65.0,2.0,0.8,6.7,3.1,0,0
Brendan Haywood,2010,0.0,2.1,11.7,72.0,2.5,0.7,4.4,3.4,0,0
Shawne Williams,2010,0.4,1.1,12.2,64.0,0.8,0.7,7.1,2.8,0,0
Brandon Roy,2010,0.6,0.9,13.9,47.0,2.9,1.2,12.2,2.0,0,0
Aaron Brooks,2010,-0.3,0.4,13.1,59.0,2.4,1.7,10.7,1.0,0,0
Nazr Mohammed,2010,-0.3,1.6,15.9,75.0,1.5,0.9,7.1,3.0,0,0
Shaun Livingston,2010,0.7,1.2,14.3,73.0,1.7,1.2,6.6,1.6,0,0
Zaza Pachulia,2010,-0.2,1.6,12.4,79.0,2.3,0.9,4.4,2.7,0,0
Ben Wallace,2010,0.6,1.4,12.3,54.0,1.1,0.8,2.9,4.1,0,0
Goran Dragić,2010,0.2,0.8,13.2,70.0,1.9,1.7,7.5,1.5,0,0
Kenyon Martin,2010,0.9,1.6,14.1,48.0,1.5,1.2,8.6,4.8,0,0
Eric Maynor,2010,0.1,0.8,11.7,82.0,0.7,0.9,4.2,1.2,0,0
Carlos Arroyo,2010,-0.1,1.1,9.0,64.0,0.7,0.9,4.8,1.3,0,0
Ryan Hollins,2010,-0.7,0.5,10.7,70.0,2.3,1.0,5.3,1.7,0,0
Wayne Ellington,2010,-0.5,0.1,8.6,62.0,0.9,0.9,6.6,1.3,0,0
Kurt Thomas,2010,0.4,2.6,10.0,52.0,0.6,0.8,4.1,4.3,0,0
Vladimir Radmanović,2010,0.6,0.9,12.6,74.0,0.5,0.8,5.1,2.0,0,0
DeShawn Stevenson,2010,0.5,1.0,9.8,72.0,0.6,0.6,5.3,1.2,0,0
Zydrunas Ilgauskas,2010,-0.2,1.9,12.8,72.0,0.6,0.7,5.0,2.5,0,0
Ronny Turiaf,2010,1.0,1.1,13.6,64.0,1.5,0.6,4.2,2.2,0,0
Donté Greene,2010,-0.1,0.8,9.7,69.0,0.9,0.9,5.8,1.4,0,0
Jordan Hill,2010,-0.7,1.0,13.1,72.0,1.2,0.9,5.6,2.5,0,0
Will Bynum,2010,0.0,0.4,15.2,61.0,2.0,1.4,7.9,1.0,0,0
Alonzo Gee,2010,-0.1,0.6,10.8,56.0,1.6,1.0,5.9,2.1,0,0
Yi Jianlian,2010,-0.9,0.8,10.1,63.0,1.4,0.8,5.6,2.7,0,0
Mickaël Piétrus,2010,0.3,1.0,9.8,57.0,1.0,0.7,7.2,1.9,0,0
Jason Smith,2010,-0.4,1.4,10.8,77.0,0.9,0.7,4.3,2.0,0,0
Martell Webster,2010,0.2,0.3,12.4,46.0,2.7,1.3,9.8,2.4,0,0
C.J. Watson,2010,0.5,2.0,12.8,82.0,1.1,0.9,4.9,1.0,0,0
Jamario Moon,2010,0.2,0.7,10.1,59.0,0.3,0.4,4.3,2.4,0,0
Linas Kleiza,2010,-0.7,0.2,10.1,39.0,1.7,1.7,11.2,3.6,0,0
Matt Barnes,2010,0.7,1.6,14.6,53.0,1.5,1.1,6.7,2.9,0,0
Brad Miller,2010,1.2,1.0,16.3,60.0,1.6,0.9,6.4,3.0,0,0
Nate Robinson,2010,-0.2,1.5,10.0,59.0,0.7,1.2,6.8,1.3,0,0
Chris Wilcox,2010,0.2,0.8,18.0,57.0,1.6,0.8,7.4,3.1,0,0
Anderson Varejão,2010,0.3,0.9,15.2,31.0,2.6,1.3,9.1,6.5,0,0
Robin Lopez,2010,-0.5,0.8,13.9,67.0,1.5,0.7,6.4,2.0,0,0
Jonny Flynn,2010,-1.1,0.2,7.1,53.0,0.8,2.1,5.3,1.2,0,0
Eddie House,2010,0.4,1.2,11.9,56.0,0.7,0.5,6.5,1.5,0,0
Jeff Teague,2010,0.6,1.2,14.6,70.0,1.4,0.9,5.2,1.3,0,0
Stephen Graham,2010,-1.2,0.4,4.4,59.0,0.6,0.6,3.4,1.8,0,0
Quentin Richardson,2010,0.1,1.5,8.1,57.0,0.8,0.6,4.4,2.4,0,0
Jeff Foster,2010,0.4,1.4,14.3,56.0,0.9,0.5,3.3,3.4,0,0
Marquis Daniels,2010,0.6,1.7,11.7,49.0,1.2,0.8,5.5,1.8,0,0
Andrés Nocioni,2010,-0.1,1.1,10.1,54.0,1.1,0.9,6.1,2.8,0,0
Jason Maxiell,2010,-0.6,0.4,9.4,57.0,1.7,0.8,4.2,1.9,0,0
Shelden Williams,2010,-0.2,1.1,12.3,59.0,1.3,0.7,4.5,3.1,0,0
Josh Childress,2010,0.3,0.6,13.0,54.0,1.1,0.8,5.0,1.6,0,0
Johan Petro,2010,-0.6,1.1,9.9,77.0,0.4,0.6,3.5,1.9,0,0
Chris Douglas-Roberts,2010,0.1,1.3,11.5,44.0,2.0,0.8,7.3,1.8,0,0
Caron Butler,2010,0.2,1.0,14.2,29.0,3.0,1.7,15.0,3.3,0,0
Earl Boykins,2010,1.0,1.1,17.6,57.0,1.4,0.9,7.2,0.7,0,0
Tyrus Thomas,2010,0.3,1.5,18.2,41.0,3.3,1.6,10.2,3.9,0,0
Drew Gooden,2010,0.2,1.5,15.9,35.0,2.9,1.3,11.3,4.7,0,0
James Posey,2010,0.0,1.0,7.5,49.0,0.3,0.5,4.9,2.8,0,0
Mike Miller,2010,0.1,1.2,9.7,41.0,0.8,1.0,5.6,3.6,0,0
Chris Kaman,2010,0.1,1.1,15.7,32.0,1.8,1.8,12.4,5.4,0,0
James Johnson,2010,0.3,0.8,12.6,38.0,1.9,1.7,7.1,2.8,0,0
Erick Dampier,2010,0.4,1.4,9.7,51.0,0.9,0.6,2.5,2.4,0,0
Reggie Evans,2010,0.1,0.8,12.4,30.0,2.9,1.3,4.4,7.5,0,0
A.J. Price,2010,-0.2,0.7,10.7,50.0,1.6,1.1,6.5,1.1,0,0
Henry Walker,2010,0.0,0.4,11.3,61.0,0.7,0.6,4.9,1.7,0,0
Patty Mills,2010,0.1,0.5,13.0,64.0,0.7,1.0,5.5,0.5,0,0
Chris Duhon,2010,-0.3,0.9,5.6,51.0,0.5,1.2,2.5,0.8,0,0
T.J. Ford,2010,-0.2,0.8,9.9,41.0,1.2,1.5,5.4,1.6,0,0
Rasual Butler,2010,-0.4,0.3,6.2,47.0,0.6,0.5,4.7,1.4,0,0
Julian Wright,2010,0.4,0.4,12.1,52.0,0.8,0.8,3.6,1.4,0,0
Dominic McGuire,2010,-0.2,0.9,10.4,52.0,0.8,0.5,3.3,2.6,0,0
Shaquille O'Neal,2010,0.4,1.6,17.4,37.0,3.5,1.5,9.2,3.5,0,0
Kendrick Perkins,2010,-0.2,1.2,9.6,29.0,2.5,1.9,6.0,5.9,0,0
Marreese Speights,2010,-0.2,1.0,15.3,64.0,1.1,0.6,5.4,2.3,0,0
Chris Andersen,2010,0.9,1.2,19.0,45.0,3.0,0.6,5.6,3.2,0,0
Acie Law,2010,-0.4,0.3,9.9,51.0,1.3,0.8,4.2,1.0,0,0
Ronnie Price,2010,-0.8,0.5,5.5,59.0,0.7,0.9,3.3,0.7,0,0
Sebastian Telfair,2010,-0.3,0.2,10.5,37.0,1.6,1.7,7.2,1.0,0,0
Lou Amundson,2010,-0.4,0.5,11.5,46.0,1.9,0.5,4.3,2.3,0,0
D.J. White,2010,0.2,0.7,15.3,47.0,1.4,0.3,5.7,2.4,0,0
Jon Brockman,2010,-0.3,1.0,9.6,63.0,0.9,0.4,2.2,1.7,0,0
Damien Wilkins,2010,0.2,0.8,11.4,52.0,1.1,0.4,3.5,1.3,0,0
Josh Powell,2010,-0.9,0.5,8.0,54.0,0.8,1.0,4.1,1.6,0,0
Brian Cardinal,2010,0.5,0.7,9.7,56.0,0.3,0.3,2.6,0.9,0,0
Peja Stojaković,2010,0.6,0.6,15.2,33.0,0.8,0.5,8.5,1.8,0,0
Francisco Elson,2010,-0.2,0.5,8.9,62.0,0.5,0.5,2.2,1.3,0,0
Jared Jeffries,2010,0.0,0.5,8.0,42.0,0.7,0.5,1.8,1.3,0,0
Daequan Cook,2010,0.5,0.4,12.8,43.0,0.5,0.4,5.6,1.5,0,0
Jason Collins,2010,-0.4,0.5,5.4,49.0,0.8,0.5,2.0,1.5,0,0
Juwan Howard,2010,-0.2,0.8,8.4,57.0,0.6,0.4,2.4,1.5,0,0
Anthony Randolph,2010,0.0,0.6,16.2,40.0,2.2,1.3,7.6,2.9,0,0
Dahntay Jones,2010,0.1,0.6,13.7,45.0,2.0,0.7,6.3,1.4,0,0
Craig Smith,2010,0.1,0.4,15.4,48.0,1.4,0.7,5.4,1.5,0,0
Joey Graham,2010,-0.6,0.1,7.7,39.0,0.9,0.7,5.2,1.9,0,0
Luther Head,2010,0.2,0.2,11.7,36.0,1.4,0.9,5.6,1.2,0,0
Matt Carroll,2010,-0.1,0.5,12.2,54.0,1.0,0.4,4.4,1.0,0,0
Derrick Brown,2010,0.1,0.5,12.9,49.0,1.2,0.7,3.8,1.2,0,0
Von Wafer,2010,0.1,0.9,10.6,58.0,0.7,0.3,3.2,0.7,0,0
Cartier Martin,2010,0.2,0.3,11.7,52.0,0.8,0.3,4.0,1.0,0,0
Aaron Gray,2010,-0.3,0.8,11.0,41.0,0.8,0.8,3.1,2.7,0,0
Solomon Jones,2010,-0.3,0.6,8.5,39.0,1.6,0.9,3.6,1.7,0,0
Joey Dorsey,2010,0.1,0.5,14.2,43.0,1.5,0.9,3.1,2.6,0,0
Joel Przybilla,2010,-0.4,0.6,6.2,36.0,0.8,0.8,1.8,3.0,0,0
Rodrigue Beaubois,2010,-0.1,0.7,11.4,28.0,1.1,1.7,8.4,1.6,0,0
Ian Mahinmi,2010,0.0,0.8,13.7,56.0,1.5,0.4,3.1,1.4,0,0
Hilton Armstrong,2010,-0.2,0.6,8.8,53.0,0.6,0.5,1.7,1.7,0,0
Darnell Jackson,2010,-0.2,0.3,12.3,59.0,0.8,0.4,3.2,0.8,0,0
Luke Walton,2010,-0.4,0.5,5.1,54.0,0.2,0.6,1.7,1.1,0,0
Jermaine Taylor,2010,-0.2,0.3,12.2,34.0,0.8,1.4,6.6,1.1,0,0
Ike Diogu,2010,-0.3,0.3,13.7,36.0,1.7,0.6,5.8,2.1,0,0
Troy Murphy,2010,-0.1,0.7,8.0,35.0,0.9,0.6,3.1,2.6,0,0
Earl Clark,2010,-0.2,0.7,10.1,42.0,1.1,0.7,3.9,1.5,0,0
Anthony Carter,2010,-0.1,0.4,9.2,33.0,0.2,1.2,3.3,1.3,0,0
Dan Gadzuric,2010,-0.6,0.4,9.9,42.0,0.6,0.7,2.8,1.5,0,0
Kyrylo Fesenko,2010,-0.6,0.3,5.8,53.0,0.9,0.5,2.0,1.4,0,0
Delonte West,2010,0.4,0.8,12.3,24.0,0.6,1.3,5.6,1.3,0,0
Brian Cook,2010,0.0,0.5,11.6,40.0,0.6,0.6,4.8,1.9,0,0
Kosta Koufos,2010,-0.4,0.4,12.6,50.0,0.9,0.6,3.2,1.5,0,0
Jermaine O'Neal,2010,-0.2,0.8,9.2,24.0,1.8,1.1,5.4,2.6,0,0
Josh Howard,2010,-0.2,0.3,9.2,18.0,2.6,1.1,8.4,3.1,0,0
Jawad Williams,2010,-0.5,0.1,4.8,26.0,0.5,0.6,4.0,1.6,0,0
Brandan Wright,2010,0.1,0.4,15.9,37.0,0.8,0.4,3.8,1.6,0,0
Tony Battie,2010,-0.1,0.6,9.5,38.0,0.4,0.3,2.6,2.2,0,0
Hasheem Thabeet,2010,-0.3,0.5,4.7,47.0,0.7,0.4,1.1,1.1,0,0
David Andersen,2010,-0.1,0.3,10.9,40.0,0.6,0.6,3.4,1.6,0,0
Eduardo Nájera,2010,-0.2,0.3,5.5,31.0,0.4,0.4,2.2,1.0,0,0
Melvin Ely,2010,-0.1,0.3,8.3,30.0,0.7,0.5,2.3,1.6,0,0
Sasha Pavlović,2010,-0.1,0.5,6.0,31.0,0.3,0.4,2.5,1.0,0,0
Quinton Ross,2010,-0.4,0.1,3.7,36.0,0.4,0.2,1.6,0.6,0,0
Udonis Haslem,2010,0.0,0.6,12.7,13.0,1.5,1.1,8.0,5.9,0,0
Alexis Ajinça,2010,-0.2,0.4,12.2,34.0,0.5,0.5,4.2,1.8,0,0
Rodney Carney,2010,-0.1,0.2,10.8,27.0,1.0,0.6,4.7,1.3,0,0
D.J. Mbenga,2010,-0.1,0.6,9.7,41.0,0.4,0.5,1.4,1.2,0,0
Leon Powe,2010,-0.1,0.2,15.0,30.0,2.4,0.4,5.3,1.3,0,0
Othyus Jeffers,2010,0.0,0.3,13.3,17.0,2.7,0.8,5.5,2.5,0,0
Roger Mason,2010,-0.1,0.1,7.1,26.0,0.4,0.2,2.9,1.5,0,0
Earl Barron,2010,-0.5,0.3,6.2,21.0,1.1,0.8,3.8,2.1,0,0
Sundiata Gaines,2010,-0.1,0.2,11.3,24.0,1.5,1.1,4.6,1.0,0,0
Jason Williams,2010,0.0,0.4,8.4,27.0,0.0,0.7,2.0,1.0,0,0
Chris Quinn,2010,-0.2,0.2,7.5,41.0,0.2,0.3,2.0,0.5,0,0
Terrence Williams,2010,-0.3,0.2,6.9,21.0,1.0,1.6,5.0,2.2,0,0
Garrett Temple,2010,-0.3,0.3,4.7,24.0,0.7,1.0,2.4,0.9,0,0
Steve Novak,2010,0.4,0.2,17.8,30.0,0.3,0.1,3.5,0.8,0,0
Sean Marks,2010,-0.3,0.2,4.9,29.0,0.3,0.4,1.6,0.8,0,0
DaJuan Summers,2010,-0.4,0.0,4.4,22.0,0.9,0.6,3.4,0.5,0,0
DeSagana Diop,2010,-0.1,0.3,5.4,16.0,0.7,0.7,1.3,1.8,0,0
Jarron Collins,2010,-0.3,0.1,1.6,28.0,0.4,0.3,0.7,0.4,0,0
Malik Allen,2010,-0.2,0.2,3.3,18.0,0.1,0.2,1.3,1.1,0,0
Charlie Bell,2010,-0.1,0.0,4.7,19.0,0.2,0.3,1.7,0.6,0,0
Hamed Haddadi,2010,0.0,0.3,19.7,31.0,0.7,0.4,2.4,1.4,0,0
Mehmet Okur,2010,0.0,0.1,12.6,13.0,1.5,0.5,4.9,1.6,0,0
Jamaal Magloire,2010,0.1,0.3,12.7,18.0,1.0,0.3,1.9,2.4,0,0
Royal Ivey,2010,0.0,0.1,8.2,25.0,0.1,0.2,1.6,0.6,0,0
Michael Redd,2010,-0.1,0.1,9.7,10.0,0.4,0.4,4.4,0.8,0,0
Ime Udoka,2010,0.0,0.2,5.3,20.0,0.4,0.3,0.7,0.7,0,0
Mario West,2010,-0.1,0.1,9.1,6.0,0.8,0.3,3.7,1.5,0,0
Jason Kapono,2010,-0.2,0.1,1.6,24.0,0.1,0.1,0.7,0.3,0,0
Trey Johnson,2010,-0.1,0.0,8.3,8.0,1.3,0.6,4.3,0.6,0,0
Danny Green,2010,0.0,0.1,13.2,8.0,0.0,0.6,5.1,1.5,0,0
Yao Ming,2010,0.1,0.1,19.8,5.0,3.2,1.4,10.2,4.0,0,0
Brian Scalabrine,2010,0.0,0.2,6.5,18.0,0.0,0.3,1.1,0.4,0,0
Byron Mullens,2010,-0.2,0.1,3.5,13.0,1.1,0.6,1.9,1.4,0,0
Etan Thomas,2010,0.0,0.1,15.1,13.0,1.2,0.4,2.5,1.3,0,0
Lester Hudson,2010,0.0,0.0,6.0,11.0,0.4,0.6,1.6,0.4,0,0
Theo Ratliff,2010,0.0,0.1,4.4,10.0,0.2,0.3,0.2,0.7,0,0
Darius Songaila,2010,-0.1,0.1,1.2,10.0,0.4,0.4,1.6,0.8,0,0
Kyle Weaver,2010,0.0,0.0,11.3,5.0,1.6,1.4,5.6,1.6,0,0
Joe Smith,2010,-0.1,0.1,-0.1,16.0,0.1,0.3,0.5,1.1,0,0
Renaldo Balkman,2010,0.0,0.1,9.3,8.0,0.5,0.1,2.0,0.6,0,0
Jerry Stackhouse,2010,-0.1,0.1,6.0,7.0,1.0,0.3,1.7,0.9,0,0
DeMarre Carroll,2010,0.0,0.0,8.7,12.0,0.2,0.0,0.8,0.5,0,0
Fabricio Oberto,2010,-0.1,0.0,0.8,5.0,0.4,0.6,1.4,0.8,0,0
Pops Mensah-Bonsu,2010,-0.1,0.0,-0.1,7.0,0.0,0.3,0.3,1.1,0,0
Antonio Daniels,2010,0.0,0.0,6.7,4.0,0.5,0.3,1.5,1.3,0,0
Antoine Wright,2010,-0.1,0.0,-4.8,7.0,0.0,0.1,0.3,0.1,0,0
Maurice Ager,2010,0.0,0.0,10.1,4.0,0.0,1.0,3.8,0.5,0,0
Morris Peterson,2010,0.0,0.0,1.7,4.0,0.0,0.0,1.0,0.8,0,0
Marcus Banks,2010,0.0,0.0,6.8,3.0,2.7,0.7,2.0,0.3,0,0
Mike Harris,2010,0.0,0.0,17.9,4.0,1.0,0.3,2.0,0.8,0,0
Bobby Simmons,2010,0.0,0.0,-5.5,2.0,0.0,0.0,0.0,0.0,0,0
Ronald Dupree,2010,0.0,0.0,0.5,3.0,0.0,0.0,0.7,1.0,0,0
John Lucas III,2010,0.0,0.0,-0.1,2.0,1.0,0.0,1.0,0.0,0,0
Brian Skinner,2010,0.0,0.0,0.0,2.0,0.0,0.0,0.0,0.0,0,0
Orien Greene,2010,0.0,0.0,33.0,3.0,0.7,0.0,1.0,0.0,0,0
Kevin Durant,2011,5.8,3.7,26.2,66.0,7.6,3.8,28.0,7.4,1,1
Pau Gasol,2011,3.3,3.1,20.4,65.0,4.0,2.2,17.4,7.6,0,0
Rudy Gay,2011,2.4,3.3,17.8,65.0,4.0,2.5,19.0,4.4,0,0
Blake Griffin,2011,3.4,2.6,23.4,66.0,7.1,2.3,20.7,7.6,1,2
John Wall,2011,1.6,1.9,17.7,66.0,6.1,3.9,16.3,3.8,0,0
Marc Gasol,2011,3.1,4.0,18.4,65.0,4.9,1.9,14.6,7.1,0,0
Brandon Jennings,2011,2.8,1.8,18.4,66.0,3.6,2.2,19.1,2.7,0,0
Russell Westbrook,2011,3.0,2.4,22.9,66.0,6.3,3.6,23.6,3.1,1,2
Josh Smith,2011,3.3,4.9,21.1,66.0,4.9,2.5,18.8,7.5,0,0
LeBron James,2011,7.6,4.5,30.7,62.0,8.1,3.4,27.1,6.4,1,1
Kobe Bryant,2011,2.9,2.0,21.9,58.0,7.8,3.5,27.9,4.3,1,1
Wesley Matthews,2011,1.3,1.4,14.1,66.0,2.6,1.1,13.7,2.5,0,0
Andre Iguodala,2011,3.3,4.2,17.6,62.0,3.2,1.9,12.4,5.2,0,0
DeMar DeRozan,2011,-0.4,1.4,12.8,63.0,5.3,2.0,16.7,2.7,0,0
Jrue Holiday,2011,1.3,3.3,14.7,65.0,1.8,2.1,13.5,2.4,0,0
Jeff Teague,2011,1.8,3.0,15.8,66.0,2.8,2.0,12.6,2.1,0,0
Chris Paul,2011,6.1,2.3,27.0,60.0,5.0,2.1,19.8,2.9,1,1
Mike Conley,2011,2.4,2.8,16.8,62.0,2.5,2.0,12.7,2.2,0,0
Tyreke Evans,2011,0.8,0.6,16.4,63.0,4.1,2.7,16.5,3.6,0,0
Kris Humphries,2011,0.6,1.7,17.9,62.0,4.5,1.9,13.8,7.2,0,0
Antawn Jamison,2011,0.9,1.0,16.1,65.0,4.2,1.4,17.2,4.4,0,0
Kevin Love,2011,3.9,2.3,25.4,55.0,8.4,2.3,26.0,9.2,1,2
Luol Deng,2011,2.0,3.6,14.1,54.0,3.1,1.8,15.3,5.1,0,0
Joe Johnson,2011,2.2,2.1,18.4,60.0,3.1,1.9,18.8,2.8,0,0
Ty Lawson,2011,2.8,1.2,19.4,61.0,3.5,2.4,16.4,2.8,0,0
David Lee,2011,0.9,1.2,19.7,57.0,4.9,2.6,20.1,6.6,0,0
Monta Ellis,2011,0.9,0.9,17.5,58.0,4.7,3.1,20.4,3.1,0,0
Marcin Gortat,2011,2.3,2.7,21.2,66.0,3.8,1.4,15.4,7.2,0,0
Andrew Bynum,2011,2.6,3.3,22.9,60.0,5.6,2.5,18.7,8.6,1,2
Paul Millsap,2011,3.1,2.9,21.8,64.0,4.0,1.8,16.6,6.0,0,0
Tayshaun Prince,2011,0.3,0.9,12.8,63.0,1.8,1.2,12.7,3.3,0,0
Arron Afflalo,2011,1.1,0.6,14.7,62.0,4.0,1.4,15.2,2.5,0,0
Greg Monroe,2011,2.6,2.7,22.0,66.0,4.1,2.4,15.4,6.0,0,0
Dirk Nowitzki,2011,3.0,2.6,21.7,62.0,5.7,1.9,21.6,6.0,1,3
Gerald Wallace,2011,1.6,1.8,15.9,58.0,3.9,1.9,13.8,5.2,0,0
Al Jefferson,2011,3.0,2.5,22.8,61.0,2.9,1.0,19.2,7.4,0,0
Paul Pierce,2011,3.2,3.7,19.6,61.0,5.6,2.8,19.4,4.6,0,0
Dwight Howard,2011,3.3,4.4,24.2,54.0,10.6,3.2,20.6,10.8,1,1
Luis Scola,2011,0.0,1.6,15.4,66.0,3.0,2.3,15.5,4.6,0,0
Danny Granger,2011,2.5,2.2,18.6,62.0,4.7,1.8,18.7,3.7,0,0
Tyson Chandler,2011,2.2,3.6,18.7,62.0,5.1,1.6,11.3,6.5,1,3
Jared Dudley,2011,1.7,1.1,15.4,65.0,2.5,1.1,12.7,3.2,0,0
Gordon Hayward,2011,1.8,1.0,15.5,66.0,3.5,1.7,11.8,2.6,0,0
Chris Bosh,2011,1.4,3.3,18.9,57.0,4.9,2.1,18.0,6.3,0,0
Jason Terry,2011,1.7,1.8,15.7,63.0,1.8,2.0,15.1,2.1,0,0
Deron Williams,2011,2.2,0.4,20.3,55.0,5.5,4.0,21.0,2.9,0,0
LaMarcus Aldridge,2011,2.5,1.6,22.7,55.0,5.0,2.0,21.7,5.3,0,0
Marco Belinelli,2011,0.4,1.0,11.9,66.0,2.0,1.0,11.8,2.3,0,0
Ryan Anderson,2011,3.0,1.9,21.2,61.0,2.8,0.9,16.1,4.0,0,0
Steve Nash,2011,2.7,0.6,20.3,62.0,2.3,3.7,12.5,2.6,0,0
Paul George,2011,2.7,3.2,16.5,66.0,2.8,1.8,12.1,4.8,0,0
Rajon Rondo,2011,2.1,3.4,17.5,53.0,3.4,3.6,11.9,3.7,1,3
DeMarcus Cousins,2011,0.6,2.2,21.7,64.0,5.8,2.7,18.1,6.8,0,0
Carlos Boozer,2011,2.3,4.3,19.7,66.0,2.1,1.7,15.0,6.8,0,0
James Harden,2011,3.1,1.8,21.1,62.0,6.0,2.2,16.8,3.6,0,0
Joakim Noah,2011,2.8,4.2,19.6,64.0,3.2,1.4,10.2,6.0,0,0
Roy Hibbert,2011,1.7,3.0,19.3,65.0,3.7,2.0,12.8,5.5,0,0
David West,2011,1.8,2.5,17.8,66.0,2.7,1.4,12.8,4.8,0,0
Tony Parker,2011,2.3,1.6,22.0,60.0,4.7,2.6,18.3,2.5,1,2
Shawn Marion,2011,1.2,2.7,15.0,63.0,1.5,1.6,10.6,5.1,0,0
Raymond Felton,2011,0.2,1.0,13.4,60.0,2.1,2.8,11.4,2.0,0,0
Landry Fields,2011,1.0,2.6,12.0,66.0,2.1,1.5,8.8,3.3,0,0
Darren Collison,2011,0.9,1.5,13.6,60.0,2.6,1.9,10.4,2.6,0,0
Carmelo Anthony,2011,2.7,2.6,21.1,55.0,6.7,2.6,22.6,4.7,1,3
Caron Butler,2011,0.0,1.1,11.7,63.0,1.7,1.2,12.0,3.0,0,0
Brandon Bass,2011,0.5,3.2,14.1,59.0,2.8,1.1,12.5,4.6,0,0
Kevin Garnett,2011,2.9,4.3,20.4,60.0,3.2,1.8,15.8,7.1,0,0
Gerald Henderson,2011,-0.3,0.2,14.0,55.0,3.7,1.8,15.1,2.9,0,0
Alonzo Gee,2011,0.3,1.2,13.2,63.0,3.4,1.8,10.6,3.5,0,0
Mario Chalmers,2011,1.1,2.8,12.9,64.0,1.6,2.2,9.8,2.4,0,0
Andre Miller,2011,0.7,1.0,14.8,66.0,2.6,2.7,9.7,2.5,0,0
José Calderón,2011,1.7,1.2,16.7,53.0,1.3,2.0,10.5,2.7,0,0
DeAndre Jordan,2011,0.9,2.4,16.4,66.0,2.1,1.1,7.4,5.2,0,0
Serge Ibaka,2011,1.9,3.2,19.0,66.0,1.8,1.2,9.1,4.6,0,0
Nicolas Batum,2011,2.0,1.4,17.3,59.0,2.7,1.5,13.9,3.2,0,0
Marcus Thornton,2011,1.4,0.1,17.4,51.0,3.2,1.6,18.7,2.0,0,0
O.J. Mayo,2011,1.3,2.2,14.7,66.0,2.6,1.9,12.6,2.7,0,0
JJ Redick,2011,1.3,1.0,15.1,65.0,2.4,1.0,11.6,2.0,0,0
Al Harrington,2011,0.7,1.6,15.3,64.0,2.8,1.8,14.2,5.0,0,0
Courtney Lee,2011,0.9,1.4,12.6,58.0,1.5,1.1,11.4,2.3,0,0
Thaddeus Young,2011,1.8,2.9,18.9,63.0,2.3,0.9,12.8,3.0,0,0
Jordan Crawford,2011,0.1,0.7,14.5,64.0,3.2,2.2,14.7,1.9,0,0
Goran Dragić,2011,1.7,1.5,18.0,66.0,2.9,2.4,11.7,1.7,0,0
Luke Ridnour,2011,0.7,0.9,13.6,53.0,2.2,1.8,12.1,2.3,0,0
Richard Jefferson,2011,0.6,1.2,11.1,63.0,1.3,0.8,9.2,3.1,0,0
Kendrick Perkins,2011,0.0,2.1,8.7,65.0,1.7,1.8,5.1,4.7,0,0
Devin Harris,2011,1.2,0.8,16.0,63.0,3.3,1.9,11.3,1.6,0,0
Elton Brand,2011,1.6,3.6,18.0,60.0,1.9,1.1,11.0,4.7,0,0
Nick Young,2011,-0.2,0.6,12.9,62.0,2.7,1.3,14.2,1.6,0,0
Metta World Peace,2011,0.6,1.7,11.0,64.0,1.8,1.1,7.7,2.3,0,0
Brandon Rush,2011,1.6,0.6,15.2,65.0,1.3,1.0,9.8,3.4,0,0
Evan Turner,2011,0.3,3.0,12.6,65.0,1.7,1.6,9.4,5.4,0,0
Ramon Sessions,2011,0.7,0.8,16.7,64.0,3.9,2.2,11.3,2.8,0,0
Greivis Vásquez,2011,0.4,1.3,14.2,66.0,1.8,2.2,8.9,2.3,0,0
Jameer Nelson,2011,0.8,1.2,14.6,57.0,1.5,2.4,11.9,2.7,0,0
Randy Foye,2011,0.9,0.8,13.5,65.0,1.3,1.1,11.0,1.7,0,0
Lou Williams,2011,2.5,2.2,20.2,64.0,4.6,1.1,14.9,2.0,0,0
Channing Frye,2011,1.2,1.9,14.9,64.0,1.3,1.0,10.5,4.8,0,0
Jason Thompson,2011,0.5,0.8,16.4,64.0,2.8,1.1,9.1,4.3,0,0
Ersan İlyasova,2011,1.6,2.0,20.5,60.0,3.1,1.3,13.0,5.6,0,0
Hedo Türkoğlu,2011,0.5,1.5,11.7,53.0,1.8,2.7,10.9,3.3,0,0
Dorell Wright,2011,1.2,0.8,15.0,61.0,1.6,0.8,10.3,3.6,0,0
Jodie Meeks,2011,0.5,2.0,11.5,66.0,1.3,0.4,8.4,2.2,0,0
Rodney Stuckey,2011,1.1,0.7,17.6,55.0,5.8,1.9,14.8,1.9,0,0
Zaza Pachulia,2011,0.5,2.8,14.0,58.0,2.7,1.4,7.8,5.2,0,0
Anthony Morrow,2011,0.0,0.0,13.1,62.0,1.7,1.1,12.0,1.5,0,0
Ronnie Brewer,2011,1.1,2.9,12.3,66.0,1.5,0.9,6.9,2.4,0,0
Tim Duncan,2011,2.2,2.9,22.5,58.0,4.3,1.7,15.4,7.1,0,0
Dwyane Wade,2011,4.0,2.9,26.3,49.0,6.1,2.6,22.1,3.3,1,3
Jamal Crawford,2011,0.7,0.7,15.7,60.0,3.4,1.9,14.0,1.7,0,0
Jason Richardson,2011,1.1,1.6,13.3,54.0,1.3,1.1,11.6,2.9,0,0
Udonis Haslem,2011,-0.2,2.8,10.9,64.0,1.6,0.9,6.0,5.5,0,0
Ray Allen,2011,1.6,2.2,14.8,46.0,2.3,1.5,14.2,2.8,0,0
James Johnson,2011,1.3,2.5,14.5,62.0,1.9,1.6,9.1,3.5,0,0
Amir Johnson,2011,0.6,2.0,14.4,64.0,1.3,1.5,7.1,4.0,0,0
Amar'e Stoudemire,2011,0.7,2.3,17.7,47.0,5.2,2.4,17.5,5.6,0,0
Vince Carter,2011,0.8,1.8,13.6,61.0,1.9,1.4,10.1,2.8,0,0
Carlos Delfino,2011,0.8,1.6,11.7,54.0,0.9,1.2,9.0,3.5,0,0
JaVale McGee,2011,0.8,2.2,19.9,61.0,2.7,1.4,11.3,5.1,0,0
Ed Davis,2011,0.7,2.3,14.2,66.0,1.6,1.0,6.3,4.6,0,0
Jarrett Jack,2011,1.4,0.9,17.9,45.0,3.3,2.4,15.6,3.4,0,0
Tony Allen,2011,1.4,2.5,15.7,58.0,3.0,1.6,9.8,2.3,0,0
Danny Green,2011,1.9,2.0,15.5,66.0,1.5,1.0,9.1,2.6,0,0
Kyle Lowry,2011,2.3,1.6,18.8,47.0,4.2,2.8,14.3,3.7,0,0
Derek Fisher,2011,-0.5,1.1,8.0,63.0,1.1,1.2,5.6,1.7,0,0
Marvin Williams,2011,1.2,2.1,15.8,57.0,2.6,0.7,10.2,3.8,0,0
Shane Battier,2011,1.1,2.1,9.7,65.0,0.6,0.6,4.8,1.5,0,0
Patrick Patterson,2011,-0.3,1.1,11.5,64.0,0.9,0.8,7.7,2.7,0,0
Al-Farouq Aminu,2011,-0.1,1.8,10.6,66.0,1.7,1.4,6.0,3.2,0,0
Mo Williams,2011,0.8,0.7,15.0,52.0,1.5,1.7,13.2,1.5,0,0
Wesley Johnson,2011,0.0,1.0,8.0,65.0,0.5,0.9,6.0,2.4,0,0
Kyle Korver,2011,1.6,2.1,13.6,65.0,1.0,0.8,8.1,2.0,0,0
Drew Gooden,2011,1.1,1.5,18.8,56.0,3.7,1.9,13.7,4.2,0,0
Jonas Jerebko,2011,0.2,1.3,14.2,64.0,1.9,1.0,8.7,3.3,0,0
Jason Maxiell,2011,-0.5,1.3,11.7,65.0,1.6,1.1,6.5,3.2,0,0
Byron Mullens,2011,-1.0,0.6,13.0,65.0,1.7,1.1,9.3,3.6,0,0
Samuel Dalembert,2011,0.7,2.3,16.9,65.0,1.7,1.3,7.5,4.6,0,0
Mike Dunleavy,2011,1.3,0.9,16.6,55.0,2.6,1.1,12.3,3.2,0,0
Derrick Brown,2011,0.2,0.3,14.7,65.0,2.2,0.8,8.1,2.2,0,0
Tyler Hansbrough,2011,0.1,1.7,14.7,66.0,4.2,1.0,9.3,2.7,0,0
Matt Barnes,2011,1.3,1.8,15.5,63.0,2.0,1.2,7.8,3.9,0,0
Glen Davis,2011,-0.4,1.7,13.2,61.0,2.7,1.2,9.3,3.7,0,0
Boris Diaw,2011,0.1,0.8,11.2,57.0,0.6,2.0,6.4,3.7,0,0
D.J. Augustin,2011,-0.2,-0.2,14.1,48.0,2.5,2.3,11.1,1.8,0,0
Shannon Brown,2011,0.3,0.8,13.6,59.0,1.7,1.1,11.0,2.0,0,0
Ben Gordon,2011,0.1,0.7,13.5,52.0,2.6,2.2,12.5,2.1,0,0
Leandro Barbosa,2011,0.3,1.2,14.0,64.0,1.9,1.5,11.1,1.5,0,0
Jason Kidd,2011,1.2,2.1,13.1,48.0,0.6,1.9,6.2,3.8,0,0
Grant Hill,2011,0.4,0.9,12.3,49.0,2.2,1.3,10.2,2.9,0,0
Derrick Favors,2011,0.3,1.6,17.1,65.0,3.0,1.6,8.8,4.1,0,0
Derrick Rose,2011,2.9,2.0,23.0,39.0,6.1,3.1,21.8,2.7,0,0
Chris Kaman,2011,0.2,1.9,15.3,47.0,2.3,2.7,13.1,5.9,0,0
Avery Bradley,2011,0.1,1.9,11.3,64.0,1.2,1.2,7.6,1.3,0,0
DeJuan Blair,2011,0.6,1.8,17.6,64.0,1.9,1.4,9.5,3.1,0,0
Marcus Camby,2011,1.4,2.5,16.2,59.0,1.1,1.0,4.9,6.3,0,0
Danilo Gallinari,2011,1.3,1.0,16.5,43.0,4.9,1.6,14.6,4.0,0,0
Trevor Ariza,2011,1.1,1.7,14.2,41.0,2.5,1.9,10.8,4.2,0,0
Joel Anthony,2011,0.5,2.2,10.3,64.0,1.1,0.7,3.4,2.3,0,0
Marreese Speights,2011,-0.4,1.7,14.1,60.0,1.8,1.2,8.8,4.0,0,0
Omri Casspi,2011,-0.1,0.6,11.2,65.0,1.7,1.0,7.1,2.5,0,0
Matt Bonner,2011,1.5,1.2,13.2,65.0,0.3,0.2,6.6,2.8,0,0
Nick Collison,2011,0.7,1.2,12.1,63.0,1.0,1.0,4.5,2.5,0,0
Chase Budinger,2011,1.0,1.0,14.9,58.0,1.2,0.9,9.6,3.1,0,0
Ekpe Udoh,2011,0.2,1.2,12.5,61.0,1.9,0.9,5.6,2.5,0,0
Corey Brewer,2011,0.6,1.1,13.7,59.0,2.2,0.9,8.9,1.8,0,0
Taj Gibson,2011,0.9,2.6,16.9,63.0,2.1,1.0,7.7,3.1,0,0
Anthony Parker,2011,0.1,0.4,10.9,51.0,1.1,1.0,7.2,2.5,0,0
Shelden Williams,2011,-0.4,1.0,11.9,58.0,1.8,1.1,4.6,3.6,0,0
George Hill,2011,1.4,1.3,15.7,50.0,2.3,1.0,9.6,2.4,0,0
Nikola Peković,2011,1.0,0.9,21.4,47.0,4.0,1.9,13.9,3.5,0,0
Kevin Martin,2011,1.0,0.6,16.5,40.0,4.5,1.8,17.1,2.3,0,0
Trevor Booker,2011,0.4,1.4,15.4,50.0,1.9,1.2,8.4,4.1,0,0
John Salmons,2011,-0.5,0.1,9.0,46.0,1.0,1.0,7.5,2.5,0,0
J.J. Hickson,2011,-0.1,0.8,14.9,54.0,2.5,1.3,8.4,3.7,0,0
Steve Blake,2011,-0.2,0.8,8.5,53.0,0.5,1.4,5.2,1.4,0,0
Kirk Hinrich,2011,-0.1,1.4,9.2,48.0,0.7,1.2,6.6,1.9,0,0
Chris Duhon,2011,0.1,0.9,8.4,63.0,0.3,1.3,3.8,1.4,0,0
Stephen Jackson,2011,-0.1,1.3,10.7,47.0,2.4,2.2,9.8,3.0,0,0
Gary Neal,2011,0.6,0.9,14.2,56.0,1.1,1.1,9.9,1.9,0,0
Nate Robinson,2011,0.7,0.4,18.0,51.0,2.2,1.5,11.2,1.7,0,0
Kevin Séraphin,2011,0.1,1.1,15.8,57.0,1.2,1.2,7.9,3.1,0,0
C.J. Watson,2011,0.5,1.8,13.3,49.0,2.1,2.0,9.7,1.7,0,0
Rodrigue Beaubois,2011,1.0,1.7,15.3,53.0,1.3,1.3,8.9,2.5,0,0
Brendan Haywood,2011,0.0,1.6,12.9,54.0,1.8,0.9,5.2,3.4,0,0
C.J. Miles,2011,0.0,0.8,12.4,56.0,2.4,0.9,9.1,1.6,0,0
Martell Webster,2011,0.1,0.7,10.0,47.0,1.5,1.0,6.9,2.7,0,0
Ian Mahinmi,2011,-0.1,1.7,13.5,61.0,2.4,0.8,5.8,3.0,0,0
Dominic McGuire,2011,0.3,0.9,11.8,64.0,0.8,0.9,3.5,2.7,0,0
Dante Cunningham,2011,0.8,1.7,14.9,64.0,1.1,0.5,5.2,2.4,0,0
Tiago Splitter,2011,1.1,1.6,20.5,59.0,3.1,1.5,9.3,3.6,0,0
Nenê,2011,0.9,1.4,18.6,39.0,4.3,2.5,13.7,5.8,0,0
D.J. White,2011,-0.5,0.3,12.4,58.0,1.1,0.7,6.8,2.7,0,0
Shaun Livingston,2011,0.2,0.6,11.0,58.0,1.4,1.1,5.5,1.4,0,0
Michael Beasley,2011,0.0,0.8,13.0,47.0,2.0,1.7,11.5,3.6,0,0
Beno Udrih,2011,0.0,0.6,13.1,59.0,0.9,1.3,5.9,1.3,0,0
Delonte West,2011,0.8,1.4,15.3,44.0,1.6,1.7,9.6,2.0,0,0
Linas Kleiza,2011,0.0,1.0,12.4,49.0,2.0,1.3,9.7,3.2,0,0
Dahntay Jones,2011,0.0,0.8,10.3,65.0,1.5,0.7,5.3,1.4,0,0
Chuck Hayes,2011,-0.3,0.5,8.9,54.0,0.7,0.9,3.2,3.0,0,0
Earl Watson,2011,0.2,0.9,9.5,50.0,0.9,1.7,3.0,1.8,0,0
J.J. Barea,2011,0.3,0.4,14.9,41.0,2.4,2.5,11.3,2.4,0,0
Andrea Bargnani,2011,0.8,0.9,17.9,31.0,5.6,2.2,19.5,4.8,0,0
Lamar Odom,2011,-0.3,1.2,9.2,50.0,2.0,1.0,6.6,3.4,0,0
Steve Novak,2011,1.6,0.9,15.9,54.0,0.5,0.4,8.8,1.8,0,0
Tyrus Thomas,2011,-1.0,0.8,9.0,54.0,1.5,1.0,5.6,2.8,0,0
Luc Mbah a Moute,2011,0.2,1.1,13.9,43.0,2.4,0.9,7.7,3.5,0,0
Quincy Pondexter,2011,0.0,0.9,9.4,64.0,0.8,0.5,4.2,1.1,0,0
Carl Landry,2011,0.4,0.7,18.2,41.0,4.5,1.6,12.5,3.3,0,0
Josh Howard,2011,-0.4,0.7,10.5,43.0,2.3,1.2,8.7,2.8,0,0
Daequan Cook,2011,0.2,0.8,9.2,57.0,0.4,0.3,5.5,1.9,0,0
Ben Wallace,2011,0.7,1.6,10.7,62.0,0.8,0.5,1.4,3.0,0,0
Wayne Ellington,2011,-0.2,0.5,9.4,51.0,0.8,0.5,6.1,1.7,0,0
Ömer Aşık,2011,0.3,2.5,13.4,66.0,1.6,1.0,3.1,3.4,0,0
J.R. Smith,2011,1.0,1.5,15.2,35.0,1.6,1.3,12.5,3.1,0,0
DeShawn Stevenson,2011,-0.6,0.1,4.3,51.0,0.3,0.4,2.9,1.8,0,0
Troy Murphy,2011,0.2,0.9,9.0,59.0,0.2,0.4,3.2,2.6,0,0
Jason Smith,2011,0.4,1.0,16.6,40.0,1.2,1.0,9.9,3.1,0,0
Kenyon Martin,2011,0.0,1.2,9.9,42.0,1.3,0.8,5.2,3.1,0,0
Jeremy Lin,2011,1.4,1.4,19.9,35.0,5.2,3.6,14.6,2.5,0,0
Damien Wilkins,2011,-0.5,0.6,6.9,60.0,0.9,0.5,3.2,1.3,0,0
Willie Green,2011,0.3,0.9,13.9,53.0,1.1,0.6,7.6,1.2,0,0
Mickaël Piétrus,2011,0.0,1.4,8.5,42.0,0.7,0.8,6.9,2.7,0,0
Johan Petro,2011,-0.6,0.6,10.3,59.0,0.6,0.6,4.2,2.6,0,0
Spencer Hawes,2011,0.8,1.9,18.1,37.0,1.5,1.5,9.6,5.2,0,0
Daniel Gibson,2011,-0.1,0.3,9.2,35.0,1.2,1.3,7.5,2.6,0,0
Thabo Sefolosha,2011,0.6,1.0,9.8,42.0,1.0,1.0,4.8,2.5,0,0
Robin Lopez,2011,0.0,0.9,15.2,64.0,2.2,0.7,5.4,1.9,0,0
Sebastian Telfair,2011,0.1,0.7,13.2,60.0,1.1,1.1,6.1,1.2,0,0
Anthony Tolliver,2011,-0.2,0.6,8.3,51.0,1.1,0.7,4.1,2.0,0,0
Corey Maggette,2011,-0.4,0.1,14.1,32.0,6.5,1.8,15.0,3.3,0,0
Quentin Richardson,2011,0.1,0.9,8.7,48.0,0.6,0.6,4.5,2.3,0,0
Tracy McGrady,2011,0.5,1.1,13.6,52.0,1.6,1.0,5.3,2.5,0,0
Jordan Farmar,2011,0.5,0.0,17.4,39.0,1.6,1.7,10.4,1.4,0,0
Samardo Samuels,2011,-0.7,0.5,11.1,54.0,2.2,1.0,5.4,2.2,0,0
Aaron Gray,2011,-0.3,1.3,11.1,49.0,1.0,1.0,3.9,4.0,0,0
Kurt Thomas,2011,0.0,0.9,9.5,53.0,0.4,0.6,3.0,2.8,0,0
Francisco García,2011,0.3,0.5,10.7,49.0,0.6,0.4,4.8,1.8,0,0
Raja Bell,2011,-0.1,0.1,8.3,34.0,0.7,0.6,6.4,1.3,0,0
Sundiata Gaines,2011,0.5,0.6,15.0,57.0,1.7,0.9,5.1,1.4,0,0
Kosta Koufos,2011,0.6,1.0,17.3,48.0,1.1,0.7,5.5,3.4,0,0
Manu Ginóbili,2011,1.8,0.9,24.1,34.0,3.0,1.9,12.9,2.9,0,0
Brandan Wright,2011,1.1,1.3,21.6,49.0,1.7,0.4,6.9,2.3,0,0
Anderson Varejão,2011,0.6,0.9,18.9,25.0,2.6,1.8,10.8,7.1,0,0
Gerald Green,2011,0.4,0.4,15.8,31.0,2.1,1.8,12.9,3.0,0,0
Emeka Okafor,2011,0.3,0.9,15.1,27.0,2.7,1.4,9.9,5.3,0,0
Donté Greene,2011,-0.1,0.3,11.8,53.0,1.0,0.6,5.4,2.2,0,0
Reggie Evans,2011,-0.3,1.0,9.2,56.0,1.3,0.8,1.9,3.1,0,0
Michael Redd,2011,-0.1,0.2,13.9,51.0,2.2,0.7,8.2,1.2,0,0
Xavier Henry,2011,-0.4,0.7,9.2,45.0,1.9,0.8,5.3,1.8,0,0
Vladimir Radmanović,2011,0.4,1.1,11.7,49.0,0.6,0.7,4.5,2.2,0,0
Lou Amundson,2011,-0.4,1.3,11.5,60.0,1.4,0.8,3.6,2.1,0,0
Mike Miller,2011,0.4,1.0,11.4,39.0,0.1,0.8,6.1,2.7,0,0
Reggie Williams,2011,-0.1,0.0,12.4,33.0,1.2,1.0,8.3,2.0,0,0
Andris Biedriņš,2011,0.0,0.7,8.8,47.0,0.2,0.3,1.7,2.8,0,0
Zach Randolph,2011,0.4,1.1,17.9,28.0,3.1,1.4,11.6,5.3,0,0
Stephen Curry,2011,1.2,0.4,21.2,26.0,1.8,2.5,14.7,2.8,0,0
Jared Jeffries,2011,0.2,1.1,10.9,39.0,1.8,0.7,4.4,2.1,0,0
Rashard Lewis,2011,-0.3,0.4,9.3,28.0,1.3,1.1,7.8,2.7,0,0
John Lucas III,2011,0.9,1.0,16.3,49.0,0.7,0.9,7.5,1.1,0,0
Josh McRoberts,2011,0.1,0.8,10.9,50.0,0.7,0.6,2.8,2.2,0,0
Gary Forbes,2011,0.2,0.7,13.3,48.0,1.9,1.1,6.6,1.6,0,0
Rudy Fernández,2011,0.5,0.4,13.3,31.0,1.4,1.3,8.6,1.8,0,0
Jerryd Bayless,2011,0.6,0.6,17.7,31.0,2.8,1.7,11.4,1.9,0,0
Roger Mason,2011,0.2,0.2,12.1,52.0,0.5,0.6,5.5,1.2,0,0
Richard Hamilton,2011,0.1,0.8,13.2,28.0,1.3,1.8,11.6,1.6,0,0
Nazr Mohammed,2011,-0.1,1.0,11.0,63.0,0.4,0.4,2.7,1.8,0,0
Timofey Mozgov,2011,-0.1,0.8,13.2,44.0,1.3,1.2,5.4,2.9,0,0
Jannero Pargo,2011,0.2,0.8,13.6,50.0,0.4,1.0,5.6,1.3,0,0
James Jones,2011,0.3,0.7,9.7,51.0,0.6,0.2,3.6,0.8,0,0
Keyon Dooling,2011,-0.4,0.8,6.9,46.0,0.7,0.7,4.0,0.8,0,0
Toney Douglas,2011,-0.6,0.8,7.1,38.0,0.7,1.5,6.2,1.5,0,0
Larry Sanders,2011,0.0,1.2,13.3,52.0,0.7,0.8,3.6,1.9,0,0
Andray Blatche,2011,-0.4,0.6,10.6,26.0,1.9,1.4,8.5,4.2,0,0
Henry Walker,2011,0.0,0.8,8.2,32.0,0.6,1.1,5.9,2.2,0,0
Chauncey Billups,2011,0.4,0.2,16.1,20.0,4.8,1.9,15.0,2.3,0,0
James Anderson,2011,-0.3,0.4,8.8,51.0,1.0,0.6,3.7,1.2,0,0
Austin Daye,2011,-0.5,0.6,7.1,41.0,1.0,1.0,4.7,1.9,0,0
Matt Carroll,2011,-0.8,0.1,5.6,53.0,0.7,0.5,2.7,0.9,0,0
Baron Davis,2011,0.0,0.8,10.0,29.0,0.8,2.6,6.1,1.5,0,0
Jermaine O'Neal,2011,-0.1,1.2,9.4,25.0,1.2,0.8,5.0,3.9,0,0
A.J. Price,2011,0.1,0.5,11.5,44.0,0.8,0.7,3.9,1.1,0,0
Earl Clark,2011,-0.4,0.8,8.1,45.0,0.6,0.6,2.7,2.0,0,0
Mike Bibby,2011,0.0,0.7,7.8,39.0,0.2,0.5,2.6,1.4,0,0
Jordan Hill,2011,0.1,0.8,15.8,39.0,1.2,0.8,5.0,3.2,0,0
Terrence Williams,2011,0.1,0.4,13.1,30.0,1.5,1.4,7.1,3.0,0,0
Luke Babbitt,2011,0.0,0.3,11.3,40.0,0.5,0.7,5.1,2.0,0,0
Sasha Pavlović,2011,0.0,1.0,6.7,45.0,0.2,0.4,2.7,1.5,0,0
Ryan Hollins,2011,-0.6,0.3,6.9,39.0,1.9,0.9,3.4,1.2,0,0
Ronnie Price,2011,-0.2,0.5,8.4,36.0,0.7,1.3,3.6,1.1,0,0
Anthony Randolph,2011,0.2,0.6,17.6,34.0,2.5,1.2,7.4,2.4,0,0
Will Bynum,2011,-0.4,0.4,10.0,36.0,1.8,1.5,5.7,1.3,0,0
Shawne Williams,2011,-0.6,0.1,4.9,25.0,0.4,0.5,4.5,1.9,0,0
Jamaal Tinsley,2011,-0.2,0.3,10.9,37.0,0.5,1.4,3.7,1.1,0,0
Hakim Warrick,2011,-0.1,0.2,13.1,35.0,2.8,1.0,6.4,1.7,0,0
Travis Outlaw,2011,-0.2,0.2,9.6,39.0,1.2,0.5,4.3,1.1,0,0
Josh Childress,2011,0.2,0.4,11.1,34.0,0.1,0.3,2.9,1.9,0,0
Chris Andersen,2011,0.5,0.8,18.9,32.0,2.6,0.5,5.3,3.1,0,0
Marquis Daniels,2011,-0.1,0.9,8.1,38.0,0.6,0.7,3.2,1.3,0,0
Chris Wilcox,2011,0.0,0.9,12.4,28.0,1.4,1.1,5.4,3.0,0,0
Darko Miličić,2011,-0.2,0.4,9.0,29.0,1.3,1.1,4.6,2.1,0,0
Von Wafer,2011,-0.1,0.3,11.4,33.0,1.6,1.1,5.9,1.2,0,0
Craig Smith,2011,0.1,0.4,13.6,47.0,1.1,0.5,3.3,1.6,0,0
Eric Bledsoe,2011,0.0,0.6,11.2,40.0,1.1,1.2,3.3,1.1,0,0
Alan Anderson,2011,-0.1,0.2,8.7,17.0,2.0,1.5,9.6,1.5,0,0
Manny Harris,2011,0.0,0.2,11.7,26.0,2.3,1.0,6.7,2.3,0,0
Mehmet Okur,2011,-0.3,0.1,8.4,17.0,0.3,1.5,7.6,3.5,0,0
Rasual Butler,2011,-0.3,0.4,4.8,34.0,0.4,0.4,3.2,1.8,0,0
Joel Przybilla,2011,-0.4,0.5,6.0,27.0,0.7,0.8,2.0,4.0,0,0
Lance Stephenson,2011,-0.2,0.5,7.0,42.0,0.4,0.9,2.5,1.0,0,0
Ryan Gomes,2011,-0.4,0.3,4.4,32.0,0.3,0.5,2.3,1.5,0,0
Bobby Simmons,2011,-0.2,0.3,6.0,28.0,0.3,0.4,2.9,1.4,0,0
Jonny Flynn,2011,-0.3,0.1,11.2,29.0,1.3,1.2,4.5,1.1,0,0
Devin Ebanks,2011,-0.2,0.3,8.3,24.0,1.5,0.8,4.0,1.2,0,0
Cartier Martin,2011,0.1,0.2,12.8,17.0,1.1,0.8,9.3,2.7,0,0
Sam Young,2011,0.0,0.6,9.7,35.0,0.7,0.5,3.3,1.2,0,0
Jamaal Magloire,2011,-0.5,0.5,2.7,34.0,0.8,0.6,1.2,2.6,0,0
Ben Uzoh,2011,0.1,0.4,10.9,18.0,1.1,1.1,4.5,2.7,0,0
Andrew Bogut,2011,0.2,0.6,14.9,12.0,1.9,2.0,11.3,6.5,0,0
Luke Walton,2011,-0.5,0.1,3.4,30.0,0.0,0.9,1.8,1.2,0,0
Royal Ivey,2011,-0.1,0.3,4.7,34.0,0.2,0.3,2.1,0.7,0,0
Al Horford,2011,0.5,0.6,19.0,11.0,2.7,1.5,12.4,4.6,0,0
DeMarre Carroll,2011,0.0,0.2,11.1,24.0,0.7,0.5,4.5,1.0,0,0
Maurice Evans,2011,-0.1,0.1,9.0,24.0,0.5,0.4,4.9,0.7,0,0
Lester Hudson,2011,-0.1,0.2,13.9,16.0,2.6,2.0,10.9,2.4,0,0
Semih Erden,2011,-0.2,0.2,9.9,28.0,1.5,0.6,3.5,1.9,0,0
DeSagana Diop,2011,-0.3,0.2,6.8,27.0,0.2,0.7,1.1,1.9,0,0
Eric Gordon,2011,0.3,0.3,19.2,9.0,7.2,2.7,20.6,2.6,0,0
Jason Collins,2011,-0.3,0.3,3.7,30.0,0.5,0.3,1.3,1.2,0,0
Dexter Pittman,2011,-0.3,0.5,10.4,35.0,0.8,0.5,3.0,1.3,0,0
Tony Battie,2011,-0.1,0.5,7.3,27.0,0.1,0.1,1.6,2.2,0,0
Solomon Jones,2011,-0.2,0.3,9.1,21.0,1.1,0.9,3.2,1.2,0,0
Ronny Turiaf,2011,0.1,0.6,12.3,17.0,1.3,0.8,3.0,2.9,0,0
Brian Cardinal,2011,-0.2,0.3,3.3,44.0,0.1,0.2,1.0,0.7,0,0
Brian Cook,2011,-0.4,0.3,5.8,32.0,0.3,0.3,2.5,1.7,0,0
Jerry Stackhouse,2011,0.0,0.3,11.5,30.0,0.8,0.4,3.6,0.6,0,0
Eduardo Nájera,2011,-0.1,0.3,9.3,22.0,0.2,0.3,2.6,1.8,0,0
Jason Kapono,2011,-0.2,0.1,4.5,27.0,0.1,0.2,2.0,0.4,0,0
Dominique Jones,2011,0.0,0.4,11.8,33.0,1.1,0.8,2.7,1.1,0,0
James Singleton,2011,0.2,0.3,19.6,12.0,1.3,0.8,8.2,4.7,0,0
Patty Mills,2011,0.3,0.3,21.5,16.0,0.9,1.6,10.3,1.5,0,0
Jon Brockman,2011,-0.3,0.2,6.6,35.0,0.4,0.3,1.1,1.2,0,0
Ish Smith,2011,0.1,0.3,14.1,26.0,0.4,0.5,2.8,1.1,0,0
Luke Harangody,2011,-0.1,0.1,10.4,21.0,0.6,0.2,2.9,1.6,0,0
Jeremy Evans,2011,0.4,0.3,19.6,29.0,0.6,0.2,2.1,1.1,0,0
Wilson Chandler,2011,-0.1,0.2,9.0,8.0,1.5,2.3,9.4,4.4,0,0
Gilbert Arenas,2011,0.0,0.3,9.9,17.0,0.6,0.7,4.2,0.9,0,0
Anthony Carter,2011,-0.1,0.3,8.7,24.0,0.4,0.7,2.0,1.2,0,0
DaJuan Summers,2011,-0.1,0.1,9.0,15.0,0.6,0.5,4.5,1.0,0,0
Hamed Haddadi,2011,0.0,0.4,16.3,35.0,0.7,0.6,2.0,1.2,0,0
Yi Jianlian,2011,-0.2,0.3,10.4,30.0,0.7,0.5,2.6,1.2,0,0
T.J. Ford,2011,0.0,0.2,11.0,14.0,1.0,1.6,3.6,1.1,0,0
Juwan Howard,2011,-0.3,0.3,3.6,28.0,0.4,0.7,1.5,1.0,0,0
Kwame Brown,2011,-0.1,0.2,11.1,9.0,3.8,1.6,6.3,4.6,0,0
Charlie Villanueva,2011,0.1,0.3,16.2,13.0,0.5,0.5,7.0,3.0,0,0
Chris Johnson,2011,-0.1,0.2,10.8,27.0,0.7,0.6,2.0,0.9,0,0
Cole Aldrich,2011,0.1,0.4,17.7,26.0,0.5,0.3,2.2,1.3,0,0
Damion James,2011,-0.2,0.1,6.1,7.0,1.7,1.7,4.9,3.7,0,0
Brad Miller,2011,0.0,0.1,10.7,15.0,0.8,0.8,2.3,1.0,0,0
Lazar Hayward,2011,-0.2,0.1,3.1,26.0,0.5,0.3,1.4,0.5,0,0
Jeff Foster,2011,0.1,0.2,11.1,11.0,0.8,0.6,2.3,2.2,0,0
Hasheem Thabeet,2011,-0.1,0.2,12.4,20.0,1.0,0.4,1.8,1.3,0,0
Eric Maynor,2011,0.0,0.1,9.1,9.0,0.4,1.2,4.2,1.1,0,0
Brook Lopez,2011,0.1,0.0,21.9,5.0,6.4,1.2,19.2,2.0,0,0
Josh Davis,2011,0.1,0.2,11.3,15.0,0.5,0.2,1.9,0.7,0,0
Armon Johnson,2011,0.0,0.0,12.9,9.0,0.7,0.7,5.2,1.3,0,0
Jamario Moon,2011,-0.2,0.0,3.4,8.0,0.3,1.0,2.3,2.5,0,0
Brian Scalabrine,2011,0.1,0.2,13.5,28.0,0.2,0.3,1.1,0.5,0,0
Solomon Alabi,2011,0.0,0.2,14.2,14.0,0.6,0.4,2.4,2.3,0,0
Mike James,2011,0.0,0.2,13.7,11.0,0.7,1.3,4.8,0.7,0,0
Mikki Moore,2011,-0.1,0.1,6.3,7.0,1.0,1.0,3.4,2.1,0,0
Renaldo Balkman,2011,0.0,0.2,14.3,14.0,0.8,0.4,3.0,1.4,0,0
Larry Hughes,2011,-0.3,0.0,-4.8,9.0,0.2,1.3,1.3,0.4,0,0
Earl Boykins,2011,-0.1,0.0,10.3,8.0,1.9,0.9,4.9,1.4,0,0
Hassan Whiteside,2011,0.0,0.2,16.2,18.0,0.7,0.3,1.6,1.3,0,0
Sean Williams,2011,0.1,0.2,18.7,11.0,1.2,0.9,3.6,1.1,0,0
Jeff Ayres,2011,0.0,0.2,13.4,20.0,0.4,0.1,1.7,1.1,0,0
Christian Eyenga,2011,-0.1,0.1,4.8,7.0,1.1,0.4,2.4,1.4,0,0
Darryl Watkins,2011,0.0,0.2,10.8,5.0,3.6,1.6,4.6,3.8,0,0
Keith Bogans,2011,-0.1,0.0,4.8,5.0,1.0,0.6,4.2,1.2,0,0
Craig Brackins,2011,-0.2,0.1,4.3,14.0,0.1,0.3,1.6,0.7,0,0
Erick Dampier,2011,-0.1,0.1,5.5,15.0,0.0,0.2,0.1,1.0,0,0
Eddy Curry,2011,-0.2,0.1,3.6,14.0,0.6,0.7,2.1,0.6,0,0
Larry Owens,2011,0.0,0.0,5.8,7.0,0.6,0.3,1.9,1.6,0,0
Morris Almond,2011,0.0,0.1,8.7,4.0,0.8,0.3,3.5,1.8,0,0
Jeff Adrien,2011,0.0,0.1,11.2,8.0,1.5,0.3,2.6,2.1,0,0
Trey Johnson,2011,0.0,0.0,11.8,11.0,0.5,0.5,1.9,0.8,0,0
Andrés Nocioni,2011,-0.2,0.1,1.8,11.0,1.0,0.5,1.5,1.2,0,0
Andre Emmett,2011,0.0,0.0,13.3,6.0,1.3,0.3,2.2,0.7,0,0
Blake Ahearn,2011,-0.1,0.0,-7.3,4.0,0.0,1.3,2.5,0.5,0,0
Kelenna Azubuike,2011,-0.1,0.0,-3.4,3.0,0.0,1.3,2.3,0.0,0,0
Kyrylo Fesenko,2011,0.0,0.1,29.8,3.0,2.0,0.0,2.7,2.3,0,0
Francisco Elson,2011,0.0,0.0,6.3,5.0,0.0,0.2,0.4,0.2,0,0
Ike Diogu,2011,0.0,0.0,-2.9,2.0,1.0,0.5,1.0,0.5,0,0
Dan Gadzuric,2011,0.0,0.0,-4.3,2.0,1.0,0.5,0.0,2.0,0,0
Earl Barron,2011,0.0,0.0,4.7,2.0,0.0,0.0,2.0,0.0,0,0
Brian Skinner,2011,0.0,0.0,-14.7,1.0,0.0,0.0,0.0,0.0,0,0
Hamady N'Diaye,2011,0.0,0.0,-13.1,3.0,0.0,0.0,0.0,0.0,0,0
Kevin Durant,2012,8.9,5.3,28.3,81.0,9.3,3.5,28.1,7.3,1,1
Monta Ellis,2012,2.1,3.3,16.2,82.0,4.6,3.1,19.2,3.3,0,0
DeMar DeRozan,2012,0.4,1.6,14.7,82.0,5.2,1.8,18.1,3.3,0,0
Kobe Bryant,2012,5.0,2.6,23.0,78.0,8.0,3.7,27.3,4.7,1,1
James Harden,2012,5.8,3.0,22.9,78.0,10.2,3.8,25.9,4.1,1,3
Stephen Curry,2012,5.6,2.8,21.3,78.0,3.7,3.1,22.9,3.3,0,0
Paul George,2012,4.4,6.3,16.8,79.0,3.5,2.9,17.4,6.5,1,3
Klay Thompson,2012,1.3,2.6,12.7,82.0,1.9,1.9,16.6,3.3,0,0
Jrue Holiday,2012,1.9,2.7,16.7,78.0,3.1,3.7,17.7,3.1,0,0
O.J. Mayo,2012,1.1,1.8,13.9,82.0,2.8,2.6,15.3,3.1,0,0
David Lee,2012,2.8,3.7,19.2,79.0,4.1,2.6,18.5,8.5,1,3
Luol Deng,2012,2.0,3.3,15.1,75.0,3.8,1.9,16.5,4.2,0,0
Brandon Jennings,2012,2.2,2.2,16.1,80.0,3.5,2.5,17.5,2.3,0,0
Evan Turner,2012,-0.3,2.9,12.1,82.0,2.5,2.3,13.3,5.6,0,0
LeBron James,2012,9.9,4.7,31.6,76.0,7.0,3.0,26.8,6.8,1,1
Russell Westbrook,2012,4.6,3.9,23.9,82.0,7.0,3.3,23.2,3.9,1,2
Kemba Walker,2012,2.4,1.1,18.8,82.0,4.5,2.4,17.7,2.7,0,0
Deron Williams,2012,4.2,1.8,20.3,78.0,4.7,2.8,18.9,2.6,0,0
Nicolas Batum,2012,3.4,1.9,15.7,73.0,2.9,2.6,14.3,4.3,0,0
Marc Gasol,2012,5.1,5.4,19.5,80.0,4.0,2.0,14.1,5.5,1,2
LaMarcus Aldridge,2012,2.3,2.3,20.4,74.0,4.7,1.9,21.1,6.7,0,0
Andre Iguodala,2012,3.3,3.2,15.2,80.0,3.4,2.6,13.0,4.3,0,0
Chandler Parsons,2012,2.8,2.1,15.3,76.0,2.0,1.9,15.5,4.3,0,0
Mike Conley,2012,4.6,4.7,18.3,80.0,3.5,2.4,14.6,2.3,0,0
Al Horford,2012,2.7,4.1,19.8,74.0,2.8,2.0,17.4,7.6,0,0
Dwight Howard,2012,1.8,4.8,19.4,76.0,9.5,3.0,17.1,9.1,1,3
Greg Monroe,2012,2.6,3.2,19.5,81.0,4.8,2.9,16.0,6.7,0,0
Rudy Gay,2012,2.1,3.9,15.6,75.0,3.9,2.6,18.2,4.8,0,0
Greivis Vásquez,2012,1.1,0.7,16.3,78.0,2.0,3.2,13.9,3.8,0,0
Josh Smith,2012,2.5,4.5,17.7,76.0,4.2,3.0,17.5,6.7,0,0
J.R. Smith,2012,2.2,2.7,17.6,80.0,3.9,1.7,18.1,4.5,0,0
Joe Johnson,2012,1.3,1.2,14.1,72.0,2.2,1.7,16.3,2.3,0,0
Jeremy Lin,2012,1.5,2.5,14.9,82.0,3.4,2.9,13.4,2.6,0,0
Tayshaun Prince,2012,0.5,2.1,11.5,82.0,1.6,1.1,10.4,3.6,0,0
Thaddeus Young,2012,2.1,3.7,18.2,76.0,2.5,1.2,14.8,5.1,0,0
Jeff Teague,2012,1.5,2.6,16.8,80.0,2.8,2.9,14.6,1.9,0,0
George Hill,2012,3.5,3.8,16.6,76.0,2.8,1.5,14.2,3.1,0,0
Zach Randolph,2012,1.5,4.7,17.9,76.0,3.9,2.0,15.4,7.2,0,0
Blake Griffin,2012,4.0,3.9,22.4,80.0,5.3,2.3,18.0,6.0,1,2
Goran Dragić,2012,2.2,1.6,17.5,77.0,4.2,2.8,14.7,2.3,0,0
Al Jefferson,2012,2.8,3.3,20.9,78.0,2.8,1.3,17.8,7.2,0,0
Paul Pierce,2012,3.6,3.7,19.1,77.0,5.5,2.8,18.6,5.7,0,0
Tristan Thompson,2012,0.1,2.0,16.1,82.0,3.5,1.5,11.7,5.7,0,0
Nikola Vučević,2012,0.9,2.9,17.8,77.0,1.6,1.8,13.1,8.4,0,0
Carlos Boozer,2012,1.2,4.3,17.1,79.0,3.3,2.2,16.2,7.5,0,0
Alonzo Gee,2012,-0.4,1.5,10.5,82.0,2.5,1.6,10.3,3.0,0,0
Metta World Peace,2012,1.5,2.6,12.5,75.0,2.3,1.3,12.4,3.6,0,0
Ty Lawson,2012,2.5,1.8,17.9,73.0,4.3,2.5,16.7,2.2,0,0
Ryan Anderson,2012,2.5,0.8,18.1,81.0,2.2,1.2,16.2,4.0,0,0
Serge Ibaka,2012,2.2,4.1,19.4,80.0,2.4,1.6,13.2,4.9,0,0
Carmelo Anthony,2012,3.9,2.0,24.8,67.0,7.6,2.6,28.7,4.9,1,2
Luke Ridnour,2012,0.8,1.8,13.0,82.0,2.0,1.6,11.5,2.0,0,0
Ömer Aşık,2012,0.3,3.5,14.9,82.0,3.6,2.1,10.1,8.3,0,0
Chris Bosh,2012,2.1,3.4,20.0,74.0,4.1,1.7,16.6,5.0,0,0
David West,2012,3.7,4.7,20.1,73.0,4.3,2.2,17.1,5.7,0,0
Joakim Noah,2012,3.3,4.7,18.1,66.0,3.6,2.7,11.9,7.2,0,0
Wesley Matthews,2012,1.5,1.0,14.1,69.0,2.7,1.6,14.8,2.3,0,0
Dwyane Wade,2012,3.8,3.5,24.0,69.0,6.2,2.8,21.2,3.7,1,3
JJ Redick,2012,0.9,0.5,14.7,78.0,2.4,1.8,14.1,2.0,0,0
Paul Millsap,2012,2.8,2.9,19.8,78.0,4.6,1.8,14.6,4.8,0,0
Darren Collison,2012,1.3,1.7,16.3,81.0,3.4,2.1,12.0,2.3,0,0
Brandon Knight,2012,-0.5,0.8,12.0,75.0,3.0,2.7,13.3,2.6,0,0
Jarrett Jack,2012,1.4,1.8,15.9,79.0,2.5,2.0,12.9,2.8,0,0
Chris Paul,2012,6.4,3.4,26.4,70.0,4.6,2.3,16.9,3.0,1,1
Amir Johnson,2012,1.8,2.9,17.3,81.0,2.3,1.4,10.0,4.7,0,0
J.J. Hickson,2012,1.3,2.3,19.7,80.0,3.4,1.8,12.7,7.0,0,0
Raymond Felton,2012,1.2,1.7,15.2,68.0,1.9,2.3,13.9,2.1,0,0
Danilo Gallinari,2012,2.8,2.0,16.7,71.0,4.9,1.6,16.2,4.3,0,0
Arron Afflalo,2012,-0.5,0.5,13.0,64.0,3.5,2.2,16.5,3.3,0,0
DeMarcus Cousins,2012,1.2,2.3,20.2,75.0,5.6,3.0,17.1,7.0,0,0
Jason Thompson,2012,-0.3,0.9,14.6,82.0,2.5,1.2,10.9,4.6,0,0
Lance Stephenson,2012,1.2,3.6,11.8,78.0,1.5,1.4,8.8,3.3,0,0
John Salmons,2012,-0.3,-0.1,10.2,76.0,1.4,1.1,8.8,2.3,0,0
Roy Hibbert,2012,0.9,4.9,17.3,79.0,2.8,2.1,11.9,4.6,0,0
Kyle Korver,2012,2.2,2.5,13.9,74.0,1.1,0.9,10.9,3.6,0,0
Brook Lopez,2012,3.0,2.6,24.7,74.0,5.3,1.8,19.4,4.1,0,0
Jeff Green,2012,1.0,2.8,15.0,81.0,3.3,1.6,12.8,3.2,0,0
Randy Foye,2012,0.8,0.9,11.7,82.0,1.8,1.1,10.8,1.3,0,0
Kenneth Faried,2012,1.7,3.4,18.5,80.0,3.3,1.4,11.5,5.9,0,0
Brandon Bass,2012,0.1,2.7,12.3,81.0,1.9,1.0,8.7,3.7,0,0
Spencer Hawes,2012,0.9,2.8,16.0,82.0,1.9,1.6,11.0,5.1,0,0
Jamal Crawford,2012,1.7,1.7,16.8,76.0,3.3,1.9,16.5,1.4,0,0
Thabo Sefolosha,2012,2.5,3.1,12.8,81.0,0.9,0.8,7.6,3.2,0,0
Danny Green,2012,2.7,3.2,14.1,80.0,1.0,1.2,10.5,2.6,0,0
Martell Webster,2012,1.6,2.4,13.9,76.0,2.6,1.2,11.4,3.2,0,0
Bismack Biyombo,2012,-1.3,1.3,10.1,80.0,1.8,1.0,4.8,4.9,0,0
Luis Scola,2012,0.8,1.9,16.7,82.0,2.8,1.5,12.8,4.7,0,0
Tony Parker,2012,3.1,2.3,23.0,66.0,5.0,2.6,20.3,2.7,1,2
Rodney Stuckey,2012,0.1,0.8,13.0,76.0,3.6,1.8,11.5,2.2,0,0
Jared Dudley,2012,1.5,0.9,14.9,79.0,2.1,1.3,10.9,2.1,0,0
Tyson Chandler,2012,1.8,2.6,18.9,66.0,3.9,1.3,10.4,6.6,0,0
José Calderón,2012,2.8,0.9,18.8,73.0,1.1,1.7,11.3,2.1,0,0
Andre Miller,2012,1.6,1.5,15.7,82.0,2.4,2.1,9.6,2.2,0,0
Robin Lopez,2012,1.4,1.2,18.9,82.0,2.5,1.3,11.3,2.9,0,0
Kevin Martin,2012,1.6,2.0,16.0,77.0,3.2,1.3,14.0,1.9,0,0
Jimmy Butler,2012,2.1,2.6,15.2,82.0,2.8,0.8,8.6,2.3,0,0
Gerald Henderson,2012,0.5,0.3,16.4,68.0,4.6,1.6,15.5,2.9,0,0
Jason Terry,2012,1.0,1.9,12.8,79.0,1.7,1.3,10.1,1.8,0,0
Isaiah Thomas,2012,1.3,-0.1,17.5,79.0,3.6,1.8,13.9,1.7,0,0
Tony Allen,2012,1.2,4.1,13.2,79.0,2.4,1.2,8.9,3.1,0,0
Gordon Hayward,2012,2.1,1.2,16.8,72.0,4.1,1.7,14.1,2.4,0,0
Vince Carter,2012,2.6,2.0,17.8,81.0,2.8,1.3,13.4,3.4,0,0
Nate Robinson,2012,2.5,2.4,17.4,82.0,2.1,1.8,13.1,1.9,0,0
Tim Duncan,2012,3.8,4.9,24.4,69.0,4.3,2.1,17.8,8.1,1,1
Gerald Wallace,2012,1.3,2.5,11.6,69.0,2.8,1.6,7.7,3.6,0,0
Mario Chalmers,2012,1.3,2.5,13.3,77.0,1.5,1.5,8.6,2.0,0,0
Al-Farouq Aminu,2012,1.0,2.4,13.7,76.0,1.8,1.5,7.3,5.9,0,0
Matt Barnes,2012,2.0,2.8,15.5,80.0,1.5,1.1,10.3,3.2,0,0
Emeka Okafor,2012,0.7,3.7,15.8,79.0,2.4,1.4,9.7,6.2,0,0
Kyrie Irving,2012,3.0,1.1,21.4,59.0,4.9,3.2,22.5,3.1,0,0
Jason Kidd,2012,2.7,2.8,13.5,76.0,0.6,1.0,6.0,3.6,0,0
Ray Allen,2012,1.2,1.9,14.7,79.0,2.0,1.3,10.9,2.2,0,0
Andrei Kirilenko,2012,2.9,2.6,17.6,64.0,3.9,1.9,12.4,4.1,0,0
Kevin Garnett,2012,2.3,3.8,19.2,68.0,3.0,1.6,14.8,6.7,0,0
Kyle Lowry,2012,2.5,2.1,17.5,68.0,3.5,2.3,11.6,3.9,0,0
Tyreke Evans,2012,1.9,0.8,18.1,65.0,4.2,2.0,15.2,3.6,0,0
Ersan İlyasova,2012,2.0,2.5,18.3,73.0,2.2,1.0,13.2,5.0,0,0
DeAndre Jordan,2012,0.9,3.2,17.2,82.0,3.0,1.2,8.8,4.7,0,0
Dante Cunningham,2012,0.3,2.4,13.3,80.0,1.3,0.7,8.7,3.3,0,0
Shawn Marion,2012,2.1,2.5,18.0,67.0,1.5,1.5,12.1,5.7,0,0
Corey Brewer,2012,1.2,2.2,14.7,82.0,2.6,1.2,12.1,2.2,0,0
Tiago Splitter,2012,2.1,3.5,18.7,81.0,3.5,1.2,10.3,4.6,0,0
Jameer Nelson,2012,0.4,1.0,14.4,56.0,1.8,2.8,14.7,3.3,0,0
Reggie Evans,2012,0.1,3.5,12.8,80.0,2.8,1.4,4.5,7.9,0,0
Nikola Peković,2012,1.2,2.1,20.2,62.0,5.2,1.6,16.3,5.1,0,0
Kendrick Perkins,2012,0.1,3.0,8.2,78.0,0.9,1.4,4.2,4.6,0,0
Mike Dunleavy,2012,1.2,1.7,13.6,75.0,1.7,1.2,10.5,3.5,0,0
Courtney Lee,2012,0.7,2.4,11.7,78.0,0.9,1.1,7.8,2.0,0,0
Larry Sanders,2012,1.5,3.7,18.7,71.0,1.9,1.2,9.8,6.3,0,0
Derrick Williams,2012,0.2,2.1,14.5,78.0,3.5,1.3,12.0,4.3,0,0
P.J. Tucker,2012,0.2,1.2,11.6,79.0,1.1,0.8,6.4,2.8,0,0
Marco Belinelli,2012,-0.1,1.6,10.4,73.0,2.3,1.1,9.6,1.7,0,0
Caron Butler,2012,0.3,1.6,12.4,78.0,1.2,0.9,10.4,2.3,0,0
Carl Landry,2012,0.8,1.9,17.5,81.0,3.4,1.4,10.8,3.7,0,0
Marcin Gortat,2012,0.7,2.1,15.4,61.0,2.3,1.6,11.1,6.4,0,0
Markieff Morris,2012,0.0,1.9,12.6,82.0,1.5,1.3,8.2,3.2,0,0
Kosta Koufos,2012,1.2,2.5,17.2,81.0,1.3,0.7,8.0,4.3,0,0
Kawhi Leonard,2012,2.3,3.3,16.4,58.0,2.2,1.1,11.9,4.9,0,0
Jason Maxiell,2012,-0.6,1.7,11.3,72.0,2.0,1.1,6.9,3.8,0,0
Derrick Favors,2012,0.7,2.9,17.5,77.0,3.4,1.7,9.4,4.7,0,0
Shane Battier,2012,1.4,1.6,10.7,72.0,0.5,0.5,6.6,1.8,0,0
Dorell Wright,2012,2.1,2.1,16.0,79.0,1.8,0.8,9.2,3.3,0,0
Patrick Patterson,2012,0.9,1.0,15.2,71.0,0.9,0.9,10.4,3.2,0,0
Jerryd Bayless,2012,1.0,2.5,13.5,80.0,1.5,1.5,8.7,1.9,0,0
Kirk Hinrich,2012,0.5,2.1,10.8,60.0,1.6,1.7,7.7,2.4,0,0
Marvin Williams,2012,0.4,1.1,10.9,73.0,1.4,0.8,7.2,2.8,0,0
Marcus Thornton,2012,1.0,0.1,16.3,72.0,1.8,0.9,12.7,1.8,0,0
Kevin Séraphin,2012,-1.5,2.2,10.3,79.0,1.1,1.6,9.1,3.0,0,0
J.J. Barea,2012,0.6,1.0,14.1,74.0,1.8,2.0,11.3,2.3,0,0
Boris Diaw,2012,1.2,2.3,11.9,75.0,0.9,1.1,5.8,2.5,0,0
Jordan Crawford,2012,0.5,1.7,13.8,70.0,2.3,2.0,11.6,2.4,0,0
Ricky Rubio,2012,1.3,2.6,16.2,57.0,4.6,3.0,10.7,3.2,0,0
Carlos Delfino,2012,1.5,1.5,13.3,67.0,0.8,1.1,10.6,3.0,0,0
E'Twaun Moore,2012,-0.1,0.7,10.7,75.0,0.8,1.4,7.8,1.6,0,0
Lavoy Allen,2012,-0.6,1.6,11.5,79.0,0.8,0.7,5.8,3.0,0,0
Jodie Meeks,2012,0.4,1.1,11.4,78.0,1.2,0.7,7.9,1.7,0,0
Dirk Nowitzki,2012,2.2,1.8,19.8,53.0,3.6,1.3,17.3,6.2,0,0
Wayne Ellington,2012,0.6,1.1,12.2,78.0,1.0,0.7,7.9,1.8,0,0
Nenê,2012,1.3,2.7,17.0,61.0,4.4,2.3,12.6,5.0,0,0
Pau Gasol,2012,1.7,1.7,16.7,49.0,3.6,2.1,13.7,6.3,0,0
Ramon Sessions,2012,0.7,0.0,17.7,61.0,5.7,1.7,14.4,2.3,0,0
Steve Novak,2012,0.9,0.8,11.3,81.0,0.4,0.1,6.6,1.7,0,0
Antawn Jamison,2012,0.8,1.3,15.3,76.0,1.8,0.7,9.4,3.3,0,0
Ed Davis,2012,0.9,2.4,17.8,81.0,2.1,0.8,7.7,3.8,0,0
Steve Nash,2012,1.0,0.6,16.0,50.0,2.3,2.5,12.7,2.3,0,0
Lamar Odom,2012,0.6,3.0,10.9,82.0,0.5,1.0,4.0,4.4,0,0
John Wall,2012,2.4,2.2,20.8,49.0,6.2,3.2,18.5,3.3,0,0
Norris Cole,2012,-1.2,1.4,7.9,80.0,1.0,1.3,5.6,1.4,0,0
Nick Collison,2012,1.2,2.1,13.6,81.0,1.0,0.9,5.1,2.6,0,0
Ben Gordon,2012,-0.6,-0.2,12.7,75.0,1.7,1.8,11.2,1.5,0,0
Andray Blatche,2012,1.6,2.5,21.9,82.0,2.6,1.5,10.3,3.1,0,0
Michael Beasley,2012,-1.1,1.0,10.8,75.0,1.7,1.9,10.1,3.1,0,0
Eric Bledsoe,2012,2.2,2.6,17.5,76.0,1.8,1.8,8.5,1.9,0,0
Elton Brand,2012,0.4,2.2,15.2,72.0,1.3,0.8,7.2,4.2,0,0
Marcus Morris,2012,0.0,1.2,11.3,77.0,1.5,1.0,7.7,2.6,0,0
C.J. Watson,2012,1.1,1.3,13.9,80.0,1.1,0.9,6.8,1.3,0,0
Alan Anderson,2012,0.1,0.8,12.6,65.0,2.3,1.2,10.7,1.8,0,0
Josh McRoberts,2012,0.2,0.7,12.7,67.0,1.3,1.0,6.0,3.5,0,0
Gary Neal,2012,0.0,1.5,11.5,68.0,1.1,1.0,9.5,1.9,0,0
Trevor Ariza,2012,1.6,2.4,14.0,56.0,1.7,1.5,9.5,4.0,0,0
Taj Gibson,2012,0.3,2.3,14.4,65.0,2.0,1.2,8.0,3.4,0,0
Beno Udrih,2012,0.2,0.7,14.2,66.0,1.6,1.6,8.2,1.6,0,0
Shaun Livingston,2012,0.4,0.9,13.0,66.0,1.5,1.2,6.3,1.9,0,0
Avery Bradley,2012,-0.6,1.6,8.8,50.0,1.0,1.4,9.2,1.6,0,0
JaVale McGee,2012,1.3,2.2,20.7,79.0,2.4,1.1,9.1,2.8,0,0
Byron Mullens,2012,-0.5,0.7,12.3,53.0,1.9,1.4,10.6,5.0,0,0
Rajon Rondo,2012,1.5,2.0,18.1,38.0,2.4,3.9,13.7,4.4,0,0
Devin Harris,2012,0.8,1.5,14.6,58.0,2.7,1.5,9.9,1.9,0,0
Mo Williams,2012,0.4,0.7,14.4,46.0,1.8,2.7,12.9,1.9,0,0
Udonis Haslem,2012,-0.4,2.0,9.9,75.0,0.6,0.6,3.9,4.1,0,0
Nick Young,2012,0.5,1.0,13.3,59.0,2.2,0.8,10.6,1.8,0,0
Keith Bogans,2012,-0.2,0.7,6.7,74.0,0.2,0.7,4.2,1.4,0,0
Shannon Brown,2012,0.2,0.8,13.1,59.0,2.1,1.3,10.5,1.8,0,0
Manu Ginóbili,2012,2.0,2.4,19.0,60.0,3.4,2.2,11.8,2.9,0,0
Tyler Hansbrough,2012,0.0,2.2,15.3,81.0,3.7,1.0,7.0,2.6,0,0
C.J. Miles,2012,1.1,0.8,15.3,65.0,1.6,1.1,11.2,2.3,0,0
Chris Kaman,2012,-0.1,1.6,16.3,66.0,1.3,1.6,10.5,4.2,0,0
Earl Clark,2012,0.4,1.5,12.4,59.0,1.3,1.1,7.3,4.1,0,0
Luc Mbah a Moute,2012,-0.7,1.2,9.1,58.0,2.2,1.2,6.7,2.9,0,0
Ian Mahinmi,2012,-0.5,2.6,10.6,80.0,2.1,1.2,5.0,2.5,0,0
Ekpe Udoh,2012,0.1,1.5,12.0,76.0,1.6,0.6,4.3,1.8,0,0
Marreese Speights,2012,-0.2,1.7,17.3,79.0,2.2,1.0,8.3,3.0,0,0
Tobias Harris,2012,0.5,1.2,16.0,55.0,2.5,1.2,11.0,3.9,0,0
Toney Douglas,2012,0.5,1.0,13.4,71.0,1.2,1.1,7.5,1.5,0,0
A.J. Price,2012,0.5,1.2,12.4,57.0,1.1,1.1,7.7,1.6,0,0
Eric Gordon,2012,0.2,0.3,15.4,42.0,5.3,2.8,17.0,1.6,0,0
Quincy Pondexter,2012,0.6,1.5,11.0,59.0,1.3,0.7,6.4,1.5,0,0
D.J. Augustin,2012,0.5,1.5,11.0,76.0,1.3,0.9,4.7,0.9,0,0
Jamaal Tinsley,2012,0.2,1.0,10.6,66.0,0.4,1.6,3.5,1.5,0,0
Roger Mason,2012,0.1,0.3,10.0,69.0,0.6,0.7,5.3,1.8,0,0
Will Bynum,2012,0.3,0.5,16.6,65.0,2.0,1.9,9.8,1.1,0,0
Greg Stiemsma,2012,-0.3,2.0,10.5,76.0,0.9,0.8,4.0,2.6,0,0
Chuck Hayes,2012,0.2,0.4,10.7,74.0,0.6,0.6,2.7,2.5,0,0
Kris Humphries,2012,-0.3,1.3,13.6,65.0,1.9,0.9,5.8,3.7,0,0
Willie Green,2012,0.3,0.9,11.8,72.0,0.4,0.4,6.3,1.1,0,0
Steve Blake,2012,0.7,0.8,11.7,45.0,0.8,1.4,7.3,2.5,0,0
Brendan Haywood,2012,-1.2,0.4,8.7,61.0,1.1,0.8,3.5,2.7,0,0
DeShawn Stevenson,2012,-0.1,0.9,8.1,56.0,0.4,0.4,5.1,1.9,0,0
Garrett Temple,2012,-0.1,1.5,8.8,51.0,0.7,1.2,5.1,1.8,0,0
Brandan Wright,2012,1.3,1.3,21.0,64.0,1.5,0.5,8.5,2.7,0,0
Alec Burks,2012,-0.2,0.7,11.5,64.0,2.0,1.2,7.0,1.7,0,0
Zaza Pachulia,2012,0.1,1.5,13.1,52.0,2.0,1.3,5.9,3.9,0,0
Lou Williams,2012,0.9,1.0,15.9,39.0,3.1,1.9,14.1,1.8,0,0
DeMarre Carroll,2012,0.9,1.1,15.5,66.0,1.5,0.5,6.0,1.5,0,0
Greg Smith,2012,0.4,1.2,16.1,70.0,1.9,0.6,6.0,3.0,0,0
Damien Wilkins,2012,-0.1,0.9,12.5,61.0,1.8,0.8,6.4,1.2,0,0
Charlie Villanueva,2012,0.6,1.1,14.0,69.0,0.7,0.6,6.8,2.8,0,0
Richard Hamilton,2012,-0.6,0.9,10.6,50.0,1.5,1.7,9.8,1.3,0,0
Marquis Daniels,2012,-0.2,1.1,9.2,59.0,0.9,0.8,5.5,1.7,0,0
Gerald Green,2012,0.0,1.5,9.9,60.0,1.1,0.9,7.0,1.8,0,0
Wilson Chandler,2012,0.7,1.3,16.6,43.0,2.6,1.4,13.0,4.0,0,0
Enes Freedom,2012,0.0,1.0,17.6,70.0,1.7,1.4,7.2,2.4,0,0
Stephen Jackson,2012,-0.4,1.5,8.0,55.0,1.3,1.4,6.2,2.4,0,0
Glen Davis,2012,0.0,0.9,15.0,34.0,3.4,1.9,15.1,5.6,0,0
Landry Fields,2012,0.1,0.8,10.3,51.0,1.0,0.8,4.7,2.9,0,0
Ivan Johnson,2012,0.1,1.7,15.7,69.0,1.9,1.0,6.6,2.8,0,0
Jermaine O'Neal,2012,0.2,1.3,16.7,55.0,2.1,1.3,8.3,3.8,0,0
Francisco García,2012,0.6,0.6,11.0,58.0,0.4,0.6,5.5,1.4,0,0
Dahntay Jones,2012,-0.9,0.6,6.4,78.0,1.4,0.5,3.4,1.0,0,0
Andrea Bargnani,2012,-0.2,0.6,11.2,35.0,2.2,1.5,12.7,2.9,0,0
Aaron Brooks,2012,0.0,0.0,11.8,53.0,1.0,1.3,7.1,1.3,0,0
Iman Shumpert,2012,0.5,1.0,11.7,45.0,1.0,0.8,6.8,2.3,0,0
Reggie Jackson,2012,0.5,1.3,14.2,70.0,0.9,0.8,5.3,2.1,0,0
Sebastian Telfair,2012,0.1,0.5,10.9,59.0,1.2,1.1,5.6,1.2,0,0
Darrell Arthur,2012,-0.1,1.5,11.8,59.0,0.8,0.7,6.1,1.7,0,0
Jimmer Fredette,2012,0.2,-0.1,14.6,69.0,1.4,1.0,7.2,0.8,0,0
Anthony Tolliver,2012,-0.3,0.9,8.4,62.0,0.8,0.6,4.1,2.0,0,0
Eric Maynor,2012,-0.6,0.3,9.3,64.0,1.0,1.2,4.5,0.6,0,0
Wesley Johnson,2012,-0.3,0.5,10.3,50.0,0.7,1.0,8.0,2.0,0,0
Jason Richardson,2012,0.4,1.1,12.6,33.0,1.0,0.8,10.5,3.3,0,0
Chris Singleton,2012,-0.6,1.5,7.8,57.0,1.2,0.8,4.1,2.3,0,0
Daniel Gibson,2012,-0.3,0.2,7.7,46.0,0.8,0.7,5.4,1.2,0,0
MarShon Brooks,2012,0.1,0.8,13.5,73.0,1.3,0.9,5.4,1.0,0,0
Matt Bonner,2012,0.5,1.1,11.8,68.0,0.2,0.2,4.2,1.5,0,0
Anderson Varejão,2012,1.3,1.1,21.7,25.0,4.1,1.8,14.1,8.9,0,0
Mike Miller,2012,0.8,1.0,13.5,59.0,0.2,0.6,4.8,2.4,0,0
Jonas Jerebko,2012,0.4,0.8,15.7,49.0,1.8,0.9,7.7,2.4,0,0
Trevor Booker,2012,0.2,1.4,13.9,48.0,1.5,0.6,5.3,2.9,0,0
James Johnson,2012,-0.3,0.6,10.2,54.0,1.2,1.3,5.1,1.8,0,0
Jason Smith,2012,0.1,0.6,16.8,51.0,2.0,1.1,8.2,2.4,0,0
Mike James,2012,-0.3,0.5,9.5,45.0,0.6,1.2,6.1,1.4,0,0
Luke Walton,2012,0.2,0.7,11.3,50.0,0.4,1.2,3.4,2.1,0,0
Ronnie Brewer,2012,0.3,1.0,10.0,60.0,0.7,0.3,3.0,1.6,0,0
DeJuan Blair,2012,0.1,1.5,14.6,61.0,1.1,0.8,5.4,2.7,0,0
Chris Wilcox,2012,0.4,1.3,15.3,61.0,1.0,0.6,4.2,2.0,0,0
Earl Watson,2012,-0.3,0.7,7.7,48.0,0.5,1.4,2.0,1.3,0,0
John Lucas III,2012,0.3,0.3,12.8,63.0,0.4,0.4,5.3,0.9,0,0
Chris Duhon,2012,-0.2,0.4,8.0,46.0,0.3,0.9,2.9,1.2,0,0
Rashard Lewis,2012,-0.1,0.9,11.1,55.0,0.8,0.6,5.2,1.9,0,0
Andrew Bogut,2012,0.7,1.4,13.8,32.0,1.2,1.1,5.8,5.5,0,0
Hasheem Thabeet,2012,0.1,1.5,11.6,66.0,0.8,0.6,2.4,1.9,0,0
Samuel Dalembert,2012,0.3,1.2,18.6,47.0,1.2,1.1,6.7,3.6,0,0
Gustavo Ayón,2012,0.1,0.8,12.8,55.0,0.9,0.9,3.7,2.5,0,0
Luke Babbitt,2012,-0.1,0.4,9.4,62.0,0.2,0.4,3.9,2.0,0,0
Jeff Adrien,2012,-0.2,0.4,13.4,52.0,1.9,0.6,4.0,2.5,0,0
Ronny Turiaf,2012,0.1,1.0,9.4,65.0,1.0,0.4,1.9,1.6,0,0
Royal Ivey,2012,-0.1,0.5,8.1,53.0,0.3,0.4,3.2,0.8,0,0
Cartier Martin,2012,0.0,0.9,9.7,41.0,0.7,0.8,6.6,2.2,0,0
Nazr Mohammed,2012,-0.3,1.2,10.8,63.0,0.7,0.4,2.6,1.9,0,0
Sam Young,2012,-0.1,1.1,7.5,56.0,0.8,0.6,2.8,1.7,0,0
Darius Morris,2012,-0.4,0.3,8.1,48.0,0.8,0.9,4.0,0.7,0,0
Amar'e Stoudemire,2012,0.5,0.6,22.1,29.0,4.5,1.7,14.2,2.9,0,0
Austin Daye,2012,0.4,0.9,12.9,55.0,0.6,0.5,4.5,1.9,0,0
Ryan Hollins,2012,-0.3,0.8,11.3,60.0,1.5,0.7,3.4,1.5,0,0
Patty Mills,2012,0.4,0.8,14.1,58.0,0.3,0.7,5.1,0.7,0,0
Jeremy Pargo,2012,-0.2,0.1,10.4,39.0,1.6,1.3,6.8,1.1,0,0
Lance Thomas,2012,-0.2,0.2,10.1,59.0,1.0,0.2,2.5,1.2,0,0
Mickaël Gelabale,2012,0.3,0.5,11.8,36.0,0.7,0.4,5.0,1.9,0,0
Xavier Henry,2012,-0.6,0.2,7.6,50.0,1.8,0.6,3.9,1.4,0,0
Chris Andersen,2012,0.3,1.1,17.4,42.0,2.2,0.6,4.9,2.7,0,0
Kevin Love,2012,0.4,0.9,17.9,18.0,7.9,2.2,18.3,10.4,0,0
Jan Veselý,2012,-0.4,0.8,7.6,51.0,0.8,0.5,2.5,1.5,0,0
Derek Fisher,2012,-0.2,0.4,7.7,33.0,1.2,0.9,5.3,1.1,0,0
Richard Jefferson,2012,0.1,0.6,10.3,56.0,0.9,0.4,3.1,1.4,0,0
Joel Anthony,2012,0.1,0.8,10.4,62.0,0.5,0.4,1.4,1.1,0,0
Rodrigue Beaubois,2012,-0.1,0.4,10.6,45.0,0.8,0.7,4.0,1.1,0,0
Jerry Stackhouse,2012,-0.2,0.2,8.5,37.0,0.6,0.6,4.9,0.8,0,0
Sasha Pavlović,2012,-0.2,0.4,6.2,39.0,0.2,0.4,2.6,1.3,0,0
Ish Smith,2012,-0.3,0.4,8.5,52.0,0.1,0.7,2.4,0.9,0,0
Aaron Gray,2012,-0.3,0.4,9.0,42.0,1.0,0.9,2.8,2.0,0,0
Leandro Barbosa,2012,0.2,0.5,13.5,41.0,1.0,0.5,5.2,0.9,0,0
Ronnie Price,2012,-0.4,0.3,6.8,39.0,0.6,0.9,2.7,0.8,0,0
Chase Budinger,2012,0.1,0.4,12.6,23.0,1.8,1.0,9.4,2.4,0,0
Jannero Pargo,2012,-0.3,0.2,10.3,32.0,0.4,1.3,6.5,0.8,0,0
Omri Casspi,2012,0.2,0.6,12.9,43.0,1.0,0.5,4.0,2.2,0,0
Andris Biedriņš,2012,0.1,1.0,7.7,53.0,0.2,0.3,0.5,2.2,0,0
Hakim Warrick,2012,-0.3,0.1,11.5,28.0,3.1,1.0,6.9,2.4,0,0
Jordan Hill,2012,0.0,0.5,18.5,29.0,2.1,0.9,6.7,2.9,0,0
Travis Outlaw,2012,0.0,0.1,13.0,38.0,1.4,0.5,5.3,1.2,0,0
Charles Jenkins,2012,-0.3,0.3,7.5,59.0,0.4,0.4,1.9,0.4,0,0
Daequan Cook,2012,-0.3,0.4,5.8,49.0,0.2,0.3,2.8,1.1,0,0
Grant Hill,2012,-0.4,0.4,4.8,29.0,0.8,0.9,3.2,1.5,0,0
James White,2012,-0.1,0.3,9.1,57.0,0.3,0.3,2.2,0.8,0,0
Kenyon Martin,2012,0.1,0.6,13.9,18.0,2.2,0.9,7.2,3.4,0,0
Chauncey Billups,2012,0.3,0.3,15.0,22.0,2.2,1.2,8.4,1.4,0,0
Shelvin Mack,2012,-0.1,0.4,11.3,31.0,0.5,1.1,4.6,1.2,0,0
James Anderson,2012,0.3,0.4,13.9,39.0,0.7,0.6,3.8,1.4,0,0
Jordan Hamilton,2012,0.3,0.5,16.9,40.0,0.7,0.5,5.2,1.6,0,0
Kurt Thomas,2012,0.2,0.5,13.3,39.0,0.3,0.2,2.5,1.7,0,0
Cory Joseph,2012,0.2,0.5,13.5,28.0,0.8,0.8,4.5,1.4,0,0
Cole Aldrich,2012,-0.1,0.4,11.1,45.0,0.4,0.5,2.2,2.0,0,0
Dominic McGuire,2012,0.0,0.4,7.7,26.0,0.4,0.5,2.0,2.3,0,0
Mickaël Piétrus,2012,-0.3,0.2,6.0,19.0,0.9,0.8,5.3,1.6,0,0
Jason Collins,2012,-0.4,0.5,3.0,38.0,0.8,0.5,1.1,1.0,0,0
Anthony Morrow,2012,0.0,0.3,12.0,41.0,0.5,0.2,4.0,0.5,0,0
Reggie Williams,2012,0.1,0.1,13.2,40.0,0.5,0.5,3.7,1.1,0,0
Linas Kleiza,2012,-0.3,0.2,8.2,20.0,1.9,0.7,7.4,2.1,0,0
Lou Amundson,2012,-0.2,0.4,9.3,39.0,0.9,0.5,1.9,1.5,0,0
Jeff Ayres,2012,0.1,0.7,14.5,37.0,0.6,0.6,3.9,2.0,0,0
Timofey Mozgov,2012,-0.2,0.4,12.3,41.0,0.6,0.6,2.6,1.4,0,0
Tyrus Thomas,2012,-0.4,0.2,9.6,26.0,1.2,0.7,4.8,1.7,0,0
Johan Petro,2012,-0.3,0.6,11.0,31.0,0.4,0.8,3.5,2.5,0,0
Jared Jeffries,2012,-0.5,0.1,2.4,38.0,0.6,0.4,1.2,0.9,0,0
Dominique Jones,2012,-0.1,0.2,12.4,29.0,1.8,1.3,4.0,0.9,0,0
Anthony Randolph,2012,-0.1,0.6,15.6,39.0,1.2,0.9,3.7,1.7,0,0
Hamed Haddadi,2012,-0.3,0.5,10.2,30.0,0.9,1.0,2.8,2.3,0,0
Terrence Williams,2012,0.0,0.4,12.3,24.0,0.9,0.9,4.6,1.7,0,0
Rasheed Wallace,2012,0.1,0.6,16.7,21.0,1.0,0.5,7.0,3.4,0,0
DeAndre Liggins,2012,0.1,0.5,9.4,39.0,0.5,0.4,1.5,1.0,0,0
Malcolm Lee,2012,0.0,0.3,9.8,16.0,1.3,0.6,4.9,1.5,0,0
Nolan Smith,2012,-0.4,0.1,7.1,40.0,0.7,0.7,2.8,0.5,0,0
Kwame Brown,2012,-0.2,0.4,8.8,22.0,0.9,0.4,1.9,2.3,0,0
Donald Sloan,2012,-0.1,0.0,9.6,23.0,1.1,0.6,3.5,1.1,0,0
Corey Maggette,2012,-0.2,0.1,7.9,18.0,2.7,0.9,5.3,1.1,0,0
Troy Murphy,2012,0.0,0.3,9.1,14.0,0.8,0.5,4.6,3.0,0,0
Marcus Camby,2012,-0.1,0.4,8.6,24.0,0.8,0.6,1.8,2.3,0,0
DeSagana Diop,2012,-0.2,0.2,6.6,22.0,0.0,0.4,0.7,1.9,0,0
James Jones,2012,-0.1,0.2,8.1,38.0,0.1,0.1,1.6,0.6,0,0
Jeremy Evans,2012,0.2,0.3,19.9,37.0,0.9,0.2,2.0,0.9,0,0
Josh Howard,2012,-0.1,0.3,9.5,11.0,1.1,0.9,6.7,2.5,0,0
Shavlik Randolph,2012,-0.1,0.4,15.9,16.0,1.7,0.6,4.2,2.6,0,0
Devin Ebanks,2012,-0.3,0.1,6.3,19.0,0.7,0.6,3.4,1.6,0,0
Samardo Samuels,2012,-0.2,0.0,6.2,18.0,1.3,0.3,3.2,1.0,0,0
Hedo Türkoğlu,2012,-0.3,0.1,3.4,11.0,0.5,1.1,2.9,2.0,0,0
Jon Leuer,2012,-0.1,0.2,10.4,28.0,0.5,0.3,2.0,0.9,0,0
Earl Barron,2012,-0.2,0.3,8.9,12.0,0.6,0.9,3.3,3.3,0,0
Drew Gooden,2012,-0.2,0.2,7.7,16.0,1.0,0.6,3.3,1.1,0,0
Vladimir Radmanović,2012,-0.1,0.3,6.3,25.0,0.1,0.3,1.3,0.7,0,0
Terrel Harris,2012,-0.4,0.1,-3.8,20.0,0.5,0.9,0.8,1.1,0,0
Brandon Roy,2012,-0.1,0.1,8.3,5.0,2.0,1.4,5.8,2.2,0,0
Al Harrington,2012,-0.1,0.1,10.3,10.0,0.4,0.7,5.1,2.1,0,0
Daniel Orton,2012,0.0,0.1,14.0,13.0,1.3,0.3,2.5,1.0,0,0
Josh Childress,2012,0.0,0.1,7.0,14.0,0.1,0.0,1.0,0.6,0,0
D.J. White,2012,0.0,0.1,14.7,12.0,0.8,0.2,2.4,0.8,0,0
Keyon Dooling,2012,0.0,0.1,11.2,7.0,1.0,0.7,4.4,0.1,0,0
Chris Quinn,2012,-0.1,0.0,1.3,7.0,0.3,0.9,1.4,0.1,0,0
Danny Granger,2012,-0.1,0.1,4.0,5.0,1.6,0.8,5.4,1.2,0,0
Joel Przybilla,2012,-0.1,0.1,3.3,12.0,0.2,0.3,0.2,1.3,0,0
Jeremy Tyler,2012,-0.1,0.1,6.2,21.0,0.3,0.3,1.0,0.7,0,0
Chris Douglas-Roberts,2012,0.0,0.0,8.3,6.0,1.7,0.2,2.8,0.8,0,0
Josh Selby,2012,-0.2,0.1,0.1,10.0,1.1,0.7,2.0,0.5,0,0
Malcolm Thomas,2012,0.0,0.1,13.8,12.0,0.7,0.3,1.3,0.9,0,0
Juwan Howard,2012,-0.1,0.0,9.9,7.0,0.1,0.6,3.0,1.1,0,0
Tyler Honeycutt,2012,-0.1,0.0,1.9,9.0,0.2,0.6,0.9,0.8,0,0
Cory Higgins,2012,0.0,0.0,12.6,6.0,0.3,0.0,2.3,0.3,0,0
Dexter Pittman,2012,-0.1,0.0,1.6,11.0,0.3,0.3,0.7,0.5,0,0
Josh Harrellson,2012,0.0,0.0,8.5,6.0,0.3,0.5,1.7,0.7,0,0
Lazar Hayward,2012,0.0,0.0,11.2,4.0,1.5,0.0,2.5,1.0,0,0
Quentin Richardson,2012,-0.1,0.0,0.7,1.0,2.0,2.0,5.0,5.0,0,0
Julyan Stone,2012,0.0,0.0,11.4,4.0,1.0,0.5,1.8,0.3,0,0
Solomon Jones,2012,-0.1,0.0,-5.7,2.0,0.0,1.5,0.0,1.0,0,0
Eddy Curry,2012,-0.1,0.0,-0.2,2.0,2.0,1.5,4.5,1.0,0,0
Brandon Rush,2012,0.0,0.0,11.9,2.0,1.5,1.5,7.0,0.5,0,0
Will Conroy,2012,-0.1,0.0,-15.2,4.0,0.5,0.0,0.3,0.0,0,0
DaJuan Summers,2012,0.0,0.0,4.3,2.0,0.0,0.0,1.0,1.0,0,0
Matt Carroll,2012,0.0,0.0,2.9,1.0,0.0,0.0,0.0,0.0,0,0
Andrew Goudelock,2012,0.0,0.0,-6.4,1.0,0.0,0.0,0.0,0.0,0,0
Darko Miličić,2012,0.0,0.0,-30.2,1.0,0.0,2.0,0.0,1.0,0,0
Justin Dentmon,2012,0.0,0.0,-19.4,2.0,0.0,0.0,0.0,0.0,0,0
Damion James,2012,0.0,0.0,,2.0,0.0,0.0,0.0,0.5,0,0
Kevin Durant,2013,9.6,4.4,29.8,81.0,9.9,3.5,32.0,6.7,1,1
Monta Ellis,2013,1.3,2.1,16.8,82.0,5.2,3.2,19.0,3.1,0,0
DeMar DeRozan,2013,2.8,3.0,18.4,79.0,8.0,2.2,22.7,3.7,0,0
Carmelo Anthony,2013,5.3,2.5,24.4,77.0,7.0,2.6,27.4,6.2,0,0
John Wall,2013,3.6,4.0,19.5,82.0,4.8,3.6,19.3,3.6,0,0
Nicolas Batum,2013,4.0,3.1,15.8,82.0,2.5,2.5,13.0,6.0,0,0
Damian Lillard,2013,3.9,1.8,18.6,82.0,5.2,2.4,20.7,3.1,1,3
LeBron James,2013,7.9,3.7,29.3,77.0,7.6,3.5,27.1,5.9,1,1
Paul George,2013,5.0,6.4,20.1,80.0,5.8,2.8,21.7,6.0,1,3
DeAndre Jordan,2013,3.3,5.8,18.2,82.0,4.6,1.5,10.4,9.5,0,0
Klay Thompson,2013,2.0,3.2,14.3,81.0,2.3,1.7,18.4,2.6,0,0
Blake Griffin,2013,4.7,4.1,23.9,80.0,8.4,2.8,24.1,7.1,1,2
Kyle Lowry,2013,4.8,3.3,20.1,79.0,4.9,2.5,17.9,3.6,0,0
Stephen Curry,2013,6.7,4.0,24.1,78.0,4.5,3.8,24.0,3.7,1,2
Joakim Noah,2013,5.2,6.6,20.0,80.0,4.2,2.4,12.6,7.7,1,1
Jeff Green,2013,0.3,2.0,13.1,82.0,4.3,2.0,16.9,4.0,0,0
Gordon Hayward,2013,2.0,1.5,16.2,77.0,4.9,2.8,16.2,4.3,0,0
Kevin Love,2013,7.7,3.7,26.9,77.0,8.2,2.5,26.1,9.6,1,2
Chandler Parsons,2013,2.6,2.5,15.9,74.0,3.0,1.9,16.6,4.6,0,0
Wesley Matthews,2013,2.7,1.9,15.7,82.0,3.7,1.3,16.4,2.9,0,0
James Harden,2013,5.3,2.7,23.5,73.0,9.1,3.6,25.4,3.9,1,1
Lance Stephenson,2013,2.3,4.8,14.7,78.0,2.5,2.7,13.8,5.9,0,0
Josh Smith,2013,0.8,2.5,14.1,77.0,3.9,2.6,16.4,5.4,0,0
Brandon Jennings,2013,1.4,0.9,15.6,80.0,4.0,2.7,15.5,2.3,0,0
Trevor Ariza,2013,3.0,3.7,15.8,77.0,2.5,1.7,14.4,4.9,0,0
Thaddeus Young,2013,1.3,2.3,16.6,79.0,2.9,2.1,17.9,3.9,0,0
Zach Randolph,2013,1.3,3.5,18.3,79.0,4.3,2.3,17.4,6.7,0,0
Greg Monroe,2013,1.4,2.3,18.1,82.0,4.5,2.0,15.2,6.1,0,0
Goran Dragić,2013,4.0,2.0,21.4,76.0,5.5,2.8,20.3,2.3,1,3
Serge Ibaka,2013,2.5,4.4,19.6,81.0,2.5,1.5,15.1,6.0,0,0
Marcin Gortat,2013,1.8,4.0,17.6,81.0,2.8,1.6,13.2,7.0,0,0
Ricky Rubio,2013,2.1,3.6,15.4,82.0,3.5,2.7,9.5,3.4,0,0
Dirk Nowitzki,2013,4.7,2.3,23.6,80.0,4.7,1.5,21.7,5.7,0,0
Andre Drummond,2013,2.3,3.5,22.6,81.0,4.0,1.4,13.5,7.8,0,0
Kemba Walker,2013,2.4,3.3,16.8,73.0,4.6,2.3,17.7,3.7,0,0
Corey Brewer,2013,1.2,2.7,12.7,81.0,2.8,1.3,12.3,1.8,0,0
Robin Lopez,2013,2.1,2.6,17.7,82.0,3.0,1.0,11.1,4.6,0,0
Tristan Thompson,2013,-0.1,2.3,14.9,82.0,4.1,1.3,11.7,5.9,0,0
Jimmy Butler,2013,2.0,4.6,13.5,67.0,5.0,1.5,13.1,3.6,0,0
Mike Dunleavy,2013,1.8,4.1,12.6,82.0,2.0,1.3,11.3,3.6,0,0
Joe Johnson,2013,1.4,1.0,15.5,79.0,2.5,1.5,15.8,2.8,0,0
Jodie Meeks,2013,1.2,0.7,14.7,77.0,3.4,1.4,15.7,2.1,0,0
Al Jefferson,2013,3.0,4.7,22.7,73.0,3.8,1.7,21.8,8.7,1,3
Arron Afflalo,2013,1.1,1.0,16.0,73.0,4.6,2.0,18.2,3.2,0,0
Jeff Teague,2013,1.2,1.9,17.1,79.0,4.8,2.9,16.5,2.2,0,0
Chris Bosh,2013,1.8,3.4,19.0,79.0,3.4,1.6,16.2,5.4,0,0
Rudy Gay,2013,2.4,2.5,18.3,73.0,5.3,3.1,20.0,4.4,0,0
Bradley Beal,2013,1.0,2.4,14.3,73.0,2.6,1.8,17.1,3.0,0,0
LaMarcus Aldridge,2013,2.7,3.5,21.8,69.0,5.2,1.8,23.2,8.7,1,3
Isaiah Thomas,2013,3.2,1.3,20.5,72.0,5.7,3.0,20.3,2.3,0,0
Kyrie Irving,2013,3.3,2.1,20.1,71.0,4.8,2.7,20.8,2.9,0,0
P.J. Tucker,2013,1.9,2.8,13.3,81.0,2.5,1.3,9.4,4.5,0,0
Randy Foye,2013,1.6,1.3,13.3,81.0,2.3,1.8,13.2,2.4,0,0
Paul Millsap,2013,3.0,4.0,19.8,74.0,5.3,2.5,17.9,6.4,0,0
David West,2013,2.9,5.0,17.5,80.0,3.1,1.7,14.0,5.3,0,0
Spencer Hawes,2013,1.6,2.3,15.7,80.0,1.9,2.2,13.2,6.6,0,0
José Calderón,2013,2.4,0.8,15.2,81.0,0.8,1.3,11.4,2.0,0,0
Gerald Henderson,2013,0.3,2.8,13.1,77.0,4.0,1.5,14.0,3.6,0,0
Khris Middleton,2013,-0.2,0.8,12.5,82.0,1.7,1.5,12.1,3.0,0,0
Evan Turner,2013,-0.8,1.8,12.4,81.0,3.2,2.3,14.0,4.3,0,0
Mike Conley,2013,3.6,2.7,20.0,73.0,3.8,2.1,17.2,2.4,0,0
George Hill,2013,2.2,4.0,13.4,76.0,2.3,1.2,10.3,3.0,0,0
J.R. Smith,2013,1.1,1.2,13.9,74.0,1.9,1.5,14.5,3.5,0,0
Roy Hibbert,2013,0.4,5.0,13.5,81.0,3.3,1.8,10.8,4.1,0,0
Shawn Marion,2013,1.3,2.1,13.7,76.0,0.9,1.3,10.4,4.8,0,0
Kyle Korver,2013,1.9,2.0,13.5,71.0,1.3,1.4,12.0,3.7,0,0
Brandon Knight,2013,0.9,0.4,16.5,72.0,4.5,2.6,17.9,2.9,0,0
Dwight Howard,2013,2.3,4.1,21.3,71.0,9.0,3.2,18.3,8.9,1,2
Josh McRoberts,2013,2.3,3.0,13.8,78.0,1.1,1.1,8.5,3.7,0,0
Anthony Davis,2013,4.0,3.2,26.5,67.0,6.6,1.6,20.8,7.0,0,0
Taj Gibson,2013,0.6,4.4,16.0,82.0,3.4,1.8,13.0,4.4,0,0
DeMarre Carroll,2013,1.6,2.6,13.9,73.0,1.9,1.1,11.1,4.1,0,0
Kyle Singler,2013,0.3,0.7,11.8,82.0,2.2,1.0,9.6,2.3,0,0
Gerald Green,2013,2.0,1.9,16.5,82.0,2.8,1.8,15.8,2.8,0,0
Channing Frye,2013,1.6,2.4,13.2,82.0,1.2,1.1,11.1,4.2,0,0
James Anderson,2013,-0.3,0.9,10.9,80.0,1.3,1.3,10.1,3.0,0,0
DeMarcus Cousins,2013,4.2,3.8,26.1,71.0,8.4,3.5,22.7,8.6,0,0
David Lee,2013,1.9,3.5,19.1,69.0,4.3,2.2,18.2,6.7,0,0
Jonas Valančiūnas,2013,0.4,3.2,16.1,81.0,3.2,1.7,11.3,6.0,0,0
Reggie Jackson,2013,1.2,2.6,15.4,80.0,2.2,2.1,13.1,3.4,0,0
Brandon Bass,2013,0.5,1.9,15.0,82.0,2.9,1.2,11.1,3.8,0,0
Jarrett Jack,2013,-0.1,1.4,11.5,80.0,1.9,1.7,9.5,2.5,0,0
Wesley Johnson,2013,0.5,1.5,11.0,79.0,1.0,1.1,9.1,3.5,0,0
Ty Lawson,2013,2.5,1.5,19.0,62.0,6.5,3.2,17.6,2.8,0,0
Amir Johnson,2013,1.5,3.1,15.4,77.0,1.9,1.6,10.4,4.3,0,0
Ramon Sessions,2013,0.7,1.2,16.0,83.0,4.9,1.8,12.3,2.0,0,0
Richard Jefferson,2013,0.3,0.4,11.8,82.0,2.0,1.1,10.1,2.5,0,0
Luol Deng,2013,1.4,2.3,15.2,63.0,4.3,1.8,16.0,4.2,0,0
Harrison Barnes,2013,0.2,2.8,9.8,78.0,2.3,1.1,9.5,3.1,0,0
Derrick Favors,2013,1.2,2.3,19.0,73.0,3.9,1.8,13.3,6.0,0,0
Alec Burks,2013,0.7,0.6,15.8,78.0,4.8,1.9,14.0,2.5,0,0
Jameer Nelson,2013,0.5,1.2,13.9,68.0,1.6,2.4,12.1,3.0,0,0
Kenneth Faried,2013,1.6,2.5,19.8,80.0,3.9,1.7,13.7,5.6,0,0
Mario Chalmers,2013,1.2,2.5,14.0,73.0,2.2,2.2,9.8,2.4,0,0
Kevin Martin,2013,1.3,1.5,16.3,68.0,5.0,1.6,19.1,2.5,0,0
Chris Paul,2013,5.8,3.2,25.9,62.0,5.6,2.3,19.1,3.7,1,1
Terrence Ross,2013,1.0,2.2,12.0,81.0,1.2,1.1,10.9,2.6,0,0
Tim Duncan,2013,2.9,4.6,21.3,74.0,4.3,2.1,15.1,7.6,0,0
Martell Webster,2013,0.9,1.7,11.5,78.0,1.6,0.7,9.7,2.4,0,0
Markieff Morris,2013,1.6,2.4,18.4,81.0,4.0,1.8,13.8,4.3,0,0
Carlos Boozer,2013,-0.1,4.3,14.4,76.0,2.5,2.0,13.7,6.5,0,0
Enes Freedom,2013,-0.9,0.9,15.6,80.0,2.6,1.8,12.3,4.7,0,0
Kirk Hinrich,2013,0.6,3.3,10.8,73.0,1.7,1.6,9.1,2.2,0,0
Paul Pierce,2013,1.9,2.3,16.8,75.0,4.1,2.0,13.5,4.3,0,0
Jamal Crawford,2013,1.9,1.5,17.3,69.0,4.7,2.0,18.6,1.8,0,0
Terrence Jones,2013,2.2,2.7,19.1,76.0,2.6,0.9,12.1,4.8,0,0
Dion Waiters,2013,0.3,1.3,14.0,70.0,3.4,2.2,15.9,2.3,0,0
Darren Collison,2013,1.8,2.0,16.2,80.0,2.8,1.7,11.4,1.8,0,0
Deron Williams,2013,1.7,1.5,17.6,64.0,3.4,2.2,14.3,2.4,0,0
Eric Gordon,2013,0.8,0.5,14.9,64.0,3.5,2.1,15.4,2.1,0,0
Jeremy Lin,2013,0.9,1.6,14.3,71.0,3.7,2.5,12.5,2.2,0,0
Al-Farouq Aminu,2013,0.7,1.8,13.2,80.0,1.7,1.1,7.2,4.6,0,0
Jared Sullinger,2013,0.3,2.0,16.4,74.0,2.7,1.6,13.3,4.9,0,0
Andre Iguodala,2013,2.2,3.1,13.7,63.0,2.1,1.6,9.3,3.8,0,0
Tyreke Evans,2013,1.3,1.3,18.4,72.0,4.3,2.4,14.5,3.7,0,0
Raymond Felton,2013,0.4,1.1,12.9,65.0,1.9,2.0,9.7,2.2,0,0
Marco Belinelli,2013,1.7,2.4,15.0,80.0,1.6,1.2,11.4,2.6,0,0
Norris Cole,2013,-0.6,1.7,8.8,82.0,0.8,1.5,6.4,1.7,0,0
Jason Thompson,2013,-0.6,1.7,11.1,82.0,1.8,1.2,7.1,4.6,0,0
Tony Parker,2013,1.5,1.9,18.9,68.0,3.6,2.2,16.7,2.0,1,2
Boris Diaw,2013,1.6,2.6,14.1,79.0,1.2,1.5,9.1,3.2,0,0
Shaun Livingston,2013,1.2,1.8,14.5,76.0,2.5,1.4,8.3,2.4,0,0
Vince Carter,2013,1.6,1.3,15.9,81.0,2.4,1.3,11.9,2.7,0,0
Courtney Lee,2013,1.5,1.9,13.8,79.0,1.4,0.9,9.6,2.0,0,0
Marc Gasol,2013,2.5,3.1,18.2,59.0,4.1,1.9,14.6,5.8,0,0
Miles Plumlee,2013,0.3,2.8,14.6,80.0,1.7,1.4,8.1,5.4,0,0
Iman Shumpert,2013,0.0,1.6,9.6,74.0,1.0,1.1,6.7,3.1,0,0
Maurice Harkless,2013,0.8,2.1,11.8,80.0,1.8,1.1,7.4,2.4,0,0
Rodney Stuckey,2013,-0.4,0.4,14.0,73.0,4.0,1.7,13.9,1.8,0,0
Tayshaun Prince,2013,-0.2,1.8,8.2,76.0,0.8,0.5,6.0,2.7,0,0
D.J. Augustin,2013,1.7,2.4,16.2,71.0,3.2,1.8,13.1,1.6,0,0
Ray Allen,2013,0.8,1.5,12.8,73.0,1.6,1.2,9.6,2.5,0,0
Wilson Chandler,2013,0.6,1.2,12.4,62.0,2.5,1.3,13.6,3.8,0,0
Kawhi Leonard,2013,3.5,3.9,19.4,66.0,1.9,1.2,12.8,5.1,0,0
Pau Gasol,2013,1.5,1.7,19.3,60.0,4.2,2.4,17.4,7.6,0,0
J.J. Hickson,2013,0.5,2.1,16.2,69.0,4.2,1.9,11.8,6.2,0,0
Jordan Crawford,2013,0.6,1.4,14.3,81.0,2.1,1.7,11.0,1.9,0,0
John Henson,2013,0.7,1.5,17.9,70.0,2.5,1.6,11.1,4.7,0,0
Avery Bradley,2013,0.1,1.4,12.7,60.0,1.9,1.6,14.9,3.0,0,0
Tobias Harris,2013,0.6,1.7,16.5,61.0,4.0,1.3,14.6,5.5,0,0
Mo Williams,2013,0.0,1.2,11.8,74.0,1.2,2.0,9.7,1.5,0,0
Derrick Williams,2013,0.0,1.3,11.5,78.0,3.3,1.0,8.0,3.2,0,0
Nikola Vučević,2013,1.0,2.6,18.8,57.0,2.4,2.0,14.2,7.7,0,0
Nick Young,2013,0.7,0.3,16.0,64.0,4.5,1.5,17.9,2.1,0,0
Marcus Morris,2013,1.1,1.8,14.8,82.0,1.9,1.2,9.7,2.9,0,0
Anderson Varejão,2013,1.6,2.7,17.0,65.0,2.1,1.1,8.4,6.8,0,0
Draymond Green,2013,1.8,3.8,12.7,82.0,1.5,1.1,6.2,3.9,0,0
Greivis Vásquez,2013,0.7,1.2,14.1,79.0,1.4,1.6,9.6,1.9,0,0
Dwyane Wade,2013,2.2,2.0,22.0,54.0,4.8,3.0,19.0,3.4,0,0
Alan Anderson,2013,-0.4,0.9,9.5,78.0,1.5,0.8,7.2,1.7,0,0
Timofey Mozgov,2013,0.5,1.9,16.7,82.0,3.2,1.5,9.4,4.4,0,0
Andrew Bogut,2013,2.2,4.0,17.0,67.0,1.0,1.4,7.3,7.3,0,0
Tony Wroten,2013,-0.7,0.9,12.9,72.0,4.5,2.8,13.0,2.2,0,0
Patrick Beverley,2013,1.2,1.6,12.4,56.0,1.8,1.2,10.2,2.2,0,0
Marcus Thornton,2013,0.2,1.0,12.0,72.0,1.6,0.9,9.8,2.0,0,0
Matt Barnes,2013,0.8,2.0,12.0,63.0,1.4,1.3,9.9,3.7,0,0
Jared Dudley,2013,0.2,1.2,8.9,74.0,0.8,0.8,6.9,1.7,0,0
John Salmons,2013,0.0,1.4,7.8,78.0,0.7,0.7,5.2,1.8,0,0
Mike Miller,2013,1.0,1.4,12.5,82.0,0.7,0.9,7.1,2.2,0,0
Jerryd Bayless,2013,0.1,1.3,12.0,72.0,1.6,1.1,9.3,1.7,0,0
Marvin Williams,2013,0.9,1.0,14.0,66.0,1.1,0.8,9.1,3.8,0,0
Brian Roberts,2013,0.1,0.2,13.4,72.0,1.8,1.3,9.4,1.7,0,0
Nikola Peković,2013,1.1,1.5,20.7,54.0,4.6,1.6,17.5,4.9,0,0
Tyson Chandler,2013,0.9,1.9,16.4,55.0,2.8,1.3,8.7,6.7,0,0
Glen Davis,2013,-0.2,1.8,13.1,68.0,2.0,1.1,9.4,3.6,0,0
Danny Green,2013,2.2,2.8,13.9,68.0,0.9,1.1,9.1,3.0,0,0
Dante Cunningham,2013,0.5,2.0,12.6,81.0,0.8,0.5,6.3,2.7,0,0
Andray Blatche,2013,0.8,2.1,18.8,73.0,3.0,1.5,11.2,3.7,0,0
Samuel Dalembert,2013,0.5,2.1,16.8,80.0,1.7,1.1,6.6,4.3,0,0
Thabo Sefolosha,2013,0.9,2.1,10.4,61.0,1.1,0.9,6.3,2.8,0,0
Kendall Marshall,2013,-0.2,0.3,12.6,54.0,0.7,2.8,8.0,2.6,0,0
Nenê,2013,0.9,2.4,16.6,53.0,5.0,2.2,14.2,4.3,0,0
Aaron Brooks,2013,0.4,0.9,12.5,72.0,1.3,1.6,9.0,1.3,0,0
Trevor Booker,2013,0.7,2.0,15.0,72.0,1.1,0.8,6.8,3.2,0,0
Manu Ginóbili,2013,2.4,2.4,20.0,68.0,2.8,2.0,12.3,2.5,0,0
Jeremy Lamb,2013,0.8,1.8,13.4,78.0,0.8,0.8,8.5,2.1,0,0
Patrick Patterson,2013,1.0,2.0,14.6,65.0,1.1,1.0,8.5,3.5,0,0
Patty Mills,2013,2.3,2.1,18.7,81.0,1.0,0.8,10.2,1.7,0,0
E'Twaun Moore,2013,0.2,1.1,11.1,79.0,0.9,0.7,6.3,1.4,0,0
Evan Fournier,2013,-0.4,0.8,10.3,76.0,1.6,1.3,8.4,2.2,0,0
Michael Kidd-Gilchrist,2013,0.0,2.2,12.0,62.0,3.0,1.0,7.2,3.5,0,0
Jordan Hill,2013,0.6,1.3,19.3,72.0,2.5,1.0,9.7,4.7,0,0
Steve Blake,2013,0.4,1.1,11.0,55.0,0.8,1.9,6.9,2.7,0,0
Shelvin Mack,2013,0.3,1.2,13.2,73.0,1.0,1.2,7.5,1.9,0,0
Mike Scott,2013,0.1,1.2,15.3,80.0,1.7,1.0,9.6,2.8,0,0
Ersan İlyasova,2013,-0.3,0.8,13.8,55.0,2.4,1.1,11.2,4.3,0,0
J.J. Barea,2013,-0.3,0.9,11.6,79.0,1.3,1.6,8.4,1.7,0,0
Shane Battier,2013,0.7,1.4,8.7,73.0,0.3,0.3,4.1,1.4,0,0
Amar'e Stoudemire,2013,0.2,0.9,18.8,65.0,3.1,1.4,11.9,3.2,0,0
Lou Williams,2013,0.5,1.0,14.2,60.0,3.0,1.5,10.4,1.9,0,0
Derek Fisher,2013,0.5,1.7,10.1,81.0,0.9,0.6,5.2,1.4,0,0
Anthony Morrow,2013,0.4,0.3,13.9,76.0,1.1,0.7,8.4,1.5,0,0
Caron Butler,2013,0.2,1.2,12.2,56.0,1.3,1.1,10.5,3.7,0,0
Gerald Wallace,2013,0.4,1.6,10.0,58.0,1.7,1.7,5.1,3.0,0,0
Eric Bledsoe,2013,1.8,1.6,19.6,43.0,5.5,3.3,17.7,4.1,0,0
Elton Brand,2013,0.4,2.1,14.0,73.0,1.3,0.8,5.7,3.6,0,0
Russell Westbrook,2013,2.7,2.3,24.7,46.0,6.4,3.8,21.8,4.5,0,0
Luis Scola,2013,-0.2,2.8,13.4,82.0,1.7,1.3,7.6,3.7,0,0
Chris Andersen,2013,1.1,2.2,18.5,72.0,2.3,0.7,6.6,3.5,0,0
Mirza Teletović,2013,0.6,1.1,14.3,72.0,0.9,0.8,8.6,2.9,0,0
Kris Humphries,2013,1.0,1.8,18.2,69.0,2.1,0.9,8.4,4.1,0,0
Nick Collison,2013,0.4,1.6,11.8,81.0,1.1,0.9,4.2,2.2,0,0
Kosta Koufos,2013,0.2,2.2,16.5,80.0,1.2,0.8,6.4,3.2,0,0
O.J. Mayo,2013,-0.5,0.0,11.2,52.0,1.7,1.8,11.7,1.9,0,0
Austin Rivers,2013,-0.5,0.4,11.6,69.0,2.5,1.1,7.7,1.5,0,0
Zaza Pachulia,2013,0.1,0.7,14.0,53.0,2.5,1.7,7.7,3.6,0,0
Anthony Tolliver,2013,0.6,1.3,11.0,64.0,0.6,0.4,6.1,2.1,0,0
Omri Casspi,2013,0.5,1.4,12.9,71.0,1.7,1.0,6.9,2.9,0,0
Pablo Prigioni,2013,0.8,0.9,13.0,66.0,0.2,0.9,3.8,1.4,0,0
Tony Allen,2013,1.0,2.1,15.6,55.0,2.2,1.6,9.0,2.3,0,0
Tiago Splitter,2013,0.8,2.1,16.5,59.0,2.9,1.3,8.2,4.1,0,0
Andrea Bargnani,2013,-0.1,0.7,14.5,42.0,2.4,1.4,13.3,3.6,0,0
Jae Crowder,2013,0.7,1.1,11.9,78.0,0.8,0.5,4.6,1.9,0,0
Ian Mahinmi,2013,0.2,2.7,10.2,77.0,1.9,0.8,3.5,1.9,0,0
DeJuan Blair,2013,0.3,1.5,17.3,78.0,1.6,1.0,6.4,2.9,0,0
Jeremy Evans,2013,0.3,1.0,16.2,66.0,1.1,0.6,6.1,2.9,0,0
Kendrick Perkins,2013,-0.7,1.7,6.3,62.0,1.1,1.5,3.4,3.6,0,0
C.J. Watson,2013,1.0,2.1,13.0,63.0,1.4,1.0,6.6,1.3,0,0
Kyle O'Quinn,2013,0.5,2.0,16.5,69.0,1.2,1.1,6.2,3.8,0,0
Andrew Nicholson,2013,-0.9,1.0,9.9,76.0,0.8,0.7,5.7,2.7,0,0
Darrell Arthur,2013,-0.4,1.2,9.4,68.0,0.9,0.9,5.9,2.3,0,0
Elliot Williams,2013,-1.1,0.3,8.7,67.0,1.8,1.0,6.0,1.5,0,0
Jrue Holiday,2013,0.7,0.7,17.1,34.0,1.9,3.1,14.3,3.4,0,0
Luke Ridnour,2013,-0.7,0.4,9.0,61.0,0.4,1.1,5.0,1.2,0,0
Gary Neal,2013,-0.3,0.3,12.5,52.0,2.0,1.2,10.5,1.5,0,0
Kevin Garnett,2013,0.2,1.9,13.3,54.0,0.9,1.3,6.5,5.5,0,0
Robert Sacre,2013,-0.4,0.7,12.1,65.0,1.4,0.7,5.4,2.6,0,0
Francisco García,2013,0.5,0.9,9.3,55.0,0.3,0.5,5.7,1.8,0,0
Brandan Wright,2013,1.5,1.0,23.5,58.0,1.8,0.6,9.1,2.4,0,0
Bismack Biyombo,2013,0.2,2.1,13.3,77.0,1.2,0.5,2.9,3.4,0,0
Lavoy Allen,2013,-0.4,0.9,12.5,65.0,0.8,0.7,4.7,3.0,0,0
Travis Outlaw,2013,0.1,0.6,10.4,63.0,0.8,0.4,5.4,2.1,0,0
Will Bynum,2013,0.0,0.4,14.4,56.0,2.2,1.8,8.7,1.3,0,0
Tyler Zeller,2013,-0.1,1.1,15.4,70.0,1.7,0.9,5.7,2.6,0,0
Diante Garrett,2013,-0.7,0.3,7.1,71.0,0.2,1.1,3.5,1.2,0,0
Alonzo Gee,2013,-0.3,1.0,8.6,65.0,0.9,0.7,4.0,1.8,0,0
Jordan Hamilton,2013,0.7,1.1,12.7,60.0,0.9,0.8,6.7,2.7,0,0
Chris Douglas-Roberts,2013,0.4,1.2,12.2,49.0,1.7,0.7,6.9,2.1,0,0
Greg Stiemsma,2013,0.1,1.0,9.7,55.0,0.6,0.8,2.9,2.8,0,0
Ish Smith,2013,0.2,1.0,11.7,70.0,0.6,0.9,3.7,1.4,0,0
Luc Mbah a Moute,2013,-0.2,0.8,8.3,64.0,1.0,0.6,3.5,1.4,0,0
Rajon Rondo,2013,0.5,1.0,15.3,30.0,2.2,3.3,11.7,4.7,0,0
JJ Redick,2013,0.9,0.7,16.6,35.0,3.0,1.2,15.2,1.9,0,0
Dorell Wright,2013,0.7,1.0,11.9,68.0,1.0,0.6,5.0,2.4,0,0
C.J. Miles,2013,1.1,0.9,16.0,51.0,1.5,0.9,9.9,1.7,0,0
Marreese Speights,2013,-0.4,1.5,15.2,79.0,1.7,0.8,6.4,2.4,0,0
Andre Miller,2013,0.7,0.8,13.9,58.0,1.3,1.1,4.9,1.8,0,0
Tyler Hansbrough,2013,0.0,1.4,14.2,64.0,2.9,0.7,4.9,2.6,0,0
Rashard Lewis,2013,0.4,1.1,10.7,60.0,0.6,0.6,4.5,1.4,0,0
Ömer Aşık,2013,0.1,1.5,14.0,48.0,2.6,1.2,5.8,5.8,0,0
Jeff Adrien,2013,0.3,1.1,17.4,53.0,2.2,0.7,6.8,3.8,0,0
Al Horford,2013,1.2,1.3,22.0,29.0,2.9,2.2,18.6,6.1,0,0
Ed Davis,2013,0.2,1.4,15.9,63.0,1.4,0.6,5.7,2.7,0,0
James Johnson,2013,1.6,1.6,18.5,52.0,1.7,1.3,7.4,2.0,0,0
Jeff Ayres,2013,0.0,1.4,11.1,73.0,0.8,0.9,3.3,2.3,0,0
Donatas Motiejūnas,2013,-0.4,1.0,10.7,62.0,1.5,0.8,5.5,2.7,0,0
Alexis Ajinça,2013,-0.1,0.9,14.6,56.0,1.2,1.1,5.9,3.3,0,0
Cory Joseph,2013,0.7,1.3,14.7,68.0,1.4,0.6,5.0,1.1,0,0
Jordan Farmar,2013,0.3,0.4,15.0,41.0,1.4,2.3,10.1,2.0,0,0
Kent Bazemore,2013,-0.3,0.8,11.2,67.0,1.6,1.2,6.0,1.6,0,0
Xavier Henry,2013,-0.2,0.5,12.3,43.0,4.1,1.3,10.0,2.1,0,0
Reggie Evans,2013,-0.3,1.2,11.7,54.0,2.4,1.1,4.0,4.1,0,0
Jermaine O'Neal,2013,0.1,1.4,15.3,44.0,3.0,1.2,7.9,3.6,0,0
Henry Sims,2013,0.0,0.7,16.1,46.0,2.6,0.9,7.6,2.9,0,0
Thomas Robinson,2013,-0.3,1.2,14.1,70.0,1.4,0.8,4.8,2.9,0,0
Cartier Martin,2013,0.2,0.8,11.0,59.0,1.1,0.6,5.6,1.6,0,0
Willie Green,2013,-0.3,0.7,7.1,55.0,0.6,0.6,5.0,1.2,0,0
Nate Robinson,2013,0.6,0.5,15.6,44.0,1.9,1.3,10.4,1.4,0,0
Andrei Kirilenko,2013,0.4,0.9,12.4,45.0,2.6,1.2,5.0,2.0,0,0
Quincy Acy,2013,0.1,0.9,10.1,63.0,0.8,0.5,2.7,2.3,0,0
Danny Granger,2013,0.1,1.2,10.9,41.0,1.6,1.1,8.2,2.5,0,0
Michael Beasley,2013,0.0,1.1,16.8,55.0,1.4,1.0,7.9,2.6,0,0
Jason Smith,2013,-0.3,0.4,12.4,31.0,1.6,0.9,9.7,4.2,0,0
Devin Harris,2013,0.3,0.4,14.6,40.0,2.9,1.5,7.9,1.9,0,0
Ekpe Udoh,2013,-0.6,0.4,7.6,42.0,1.1,0.9,3.4,2.1,0,0
Ryan Anderson,2013,0.6,0.1,18.8,22.0,2.8,0.9,19.8,3.5,0,0
Quincy Miller,2013,-0.4,0.7,8.6,52.0,1.1,0.9,4.9,2.1,0,0
Chris Johnson,2013,0.2,0.5,10.8,40.0,1.1,0.6,6.3,1.7,0,0
Jan Veselý,2013,0.2,1.4,12.7,54.0,1.0,0.7,3.6,2.0,0,0
Earl Clark,2013,-0.1,0.8,9.1,54.0,0.6,0.6,4.8,2.2,0,0
Perry Jones,2013,0.1,0.8,10.1,62.0,0.7,0.3,3.5,1.4,0,0
Chuck Hayes,2013,0.0,1.2,10.0,61.0,0.4,0.5,2.2,2.3,0,0
Chase Budinger,2013,-0.1,0.6,9.7,41.0,1.0,0.6,6.7,2.0,0,0
Shawne Williams,2013,0.1,0.6,9.5,36.0,0.6,0.6,5.6,3.9,0,0
Jonas Jerebko,2013,0.1,0.5,13.4,64.0,0.9,0.7,4.2,1.9,0,0
Chris Kaman,2013,0.1,0.7,17.0,39.0,1.7,1.9,10.4,4.5,0,0
Joel Freeland,2013,-0.1,0.7,11.3,52.0,0.6,0.6,3.3,2.3,0,0
Darius Miller,2013,-0.1,0.2,9.0,45.0,0.8,0.5,4.4,1.0,0,0
Doron Lamb,2013,-0.5,0.2,7.5,53.0,0.7,0.5,3.6,0.8,0,0
Matt Bonner,2013,0.5,1.0,11.2,61.0,0.2,0.3,3.2,1.9,0,0
Toney Douglas,2013,0.0,0.7,9.2,51.0,0.7,0.7,4.0,1.4,0,0
Alexey Shved,2013,0.0,0.7,10.2,63.0,1.4,0.8,4.0,1.0,0,0
Udonis Haslem,2013,-0.3,0.8,10.5,46.0,1.0,0.5,3.8,2.9,0,0
Beno Udrih,2013,0.0,0.3,12.7,41.0,0.7,1.1,4.9,1.2,0,0
Jon Leuer,2013,0.5,0.9,17.6,49.0,1.0,0.6,6.2,2.5,0,0
Garrett Temple,2013,-0.2,0.9,7.8,75.0,0.6,0.6,1.8,0.6,0,0
Kenyon Martin,2013,0.3,0.7,12.2,32.0,0.6,0.8,4.3,3.1,0,0
Jeff Taylor,2013,-0.5,0.6,5.9,26.0,1.8,1.0,8.0,1.7,0,0
Ronny Turiaf,2013,0.4,0.9,13.9,31.0,1.6,0.8,4.8,3.8,0,0
John Lucas III,2013,-0.6,0.0,5.2,42.0,0.4,0.5,3.8,0.6,0,0
Larry Sanders,2013,-0.1,0.6,14.0,23.0,2.4,1.1,7.7,4.6,0,0
Kevin Séraphin,2013,-0.5,0.6,12.5,53.0,0.6,0.8,4.7,1.4,0,0
Jason Terry,2013,-0.2,0.2,7.4,35.0,0.4,0.8,4.5,0.9,0,0
Nazr Mohammed,2013,-0.3,1.2,10.1,80.0,0.4,0.5,1.6,1.4,0,0
Steve Novak,2013,0.5,0.5,11.1,54.0,0.1,0.1,3.3,0.9,0,0
Brook Lopez,2013,0.8,0.5,25.4,17.0,6.8,1.6,20.7,3.7,0,0
Anthony Randolph,2013,0.2,0.7,12.2,43.0,1.6,0.9,4.8,2.4,0,0
Jimmer Fredette,2013,0.3,0.3,15.8,49.0,0.4,1.0,5.6,0.9,0,0
Andrew Bynum,2013,0.0,0.6,15.2,26.0,1.9,1.3,8.7,3.5,0,0
Al Harrington,2013,-0.3,0.5,9.7,34.0,1.0,1.0,6.6,1.9,0,0
Nando De Colo,2013,0.3,0.7,13.1,47.0,0.7,0.7,3.8,1.3,0,0
Aron Baynes,2013,-0.5,0.6,9.7,53.0,0.4,0.7,3.0,1.7,0,0
Jason Maxiell,2013,-0.3,0.4,8.1,34.0,0.9,0.4,3.2,1.7,0,0
Ryan Hollins,2013,0.0,0.6,11.9,61.0,0.9,0.5,2.3,1.0,0,0
Luke Babbitt,2013,0.1,0.2,12.1,27.0,0.7,0.6,6.3,2.6,0,0
Marquis Teague,2013,-0.6,0.4,3.8,40.0,0.9,1.0,2.7,1.0,0,0
Gustavo Ayón,2013,0.1,0.7,12.9,26.0,0.8,1.1,4.3,3.2,0,0
Brandon Rush,2013,-0.4,0.0,4.1,38.0,0.1,0.5,2.1,1.0,0,0
Byron Mullens,2013,0.0,0.4,12.8,45.0,0.4,0.6,4.2,1.5,0,0
Jeremy Tyler,2013,-0.4,0.4,13.0,41.0,1.2,0.6,3.6,1.7,0,0
Drew Gooden,2013,0.2,0.6,18.4,22.0,1.2,0.8,8.3,3.5,0,0
Wayne Ellington,2013,0.1,0.2,12.2,45.0,0.2,0.2,3.2,0.8,0,0
Donald Sloan,2013,-0.1,0.6,8.5,48.0,0.4,0.5,2.3,0.8,0,0
Hedo Türkoğlu,2013,0.2,0.7,11.3,38.0,0.5,0.4,3.0,2.1,0,0
Orlando Johnson,2013,-0.3,0.5,5.3,45.0,0.6,0.3,2.2,1.0,0,0
Metta World Peace,2013,0.1,0.4,11.7,29.0,0.6,0.7,4.8,1.4,0,0
Will Barton,2013,0.1,0.4,13.5,41.0,0.8,0.4,4.0,1.4,0,0
Rasual Butler,2013,0.2,0.6,12.2,50.0,0.3,0.2,2.7,0.7,0,0
Ronnie Price,2013,-0.2,0.4,7.6,31.0,0.4,0.8,2.4,1.1,0,0
Leandro Barbosa,2013,-0.1,0.2,11.5,20.0,2.0,1.0,7.5,1.6,0,0
Meyers Leonard,2013,-0.2,0.5,9.4,40.0,0.5,0.4,2.5,2.1,0,0
Aaron Gray,2013,-0.2,0.4,7.8,37.0,0.5,0.8,1.8,1.9,0,0
Jarvis Varnado,2013,0.0,0.3,13.3,24.0,2.2,0.4,4.1,1.8,0,0
Cole Aldrich,2013,0.3,0.6,19.1,46.0,0.7,0.4,2.0,2.0,0,0
Eric Maynor,2013,-0.3,0.2,6.2,31.0,0.4,0.9,2.6,1.0,0,0
Landry Fields,2013,0.1,0.4,8.6,30.0,0.7,0.4,2.3,1.5,0,0
Josh Harrellson,2013,0.1,0.2,13.4,32.0,0.2,0.3,2.9,1.4,0,0
MarShon Brooks,2013,0.1,0.3,15.5,35.0,1.3,0.7,4.5,1.3,0,0
Steve Nash,2013,-0.1,0.0,12.2,15.0,1.6,2.1,6.8,1.7,0,0
Darius Morris,2013,-0.2,0.2,9.2,27.0,1.0,1.0,4.0,0.7,0,0
Derrick Rose,2013,-0.1,0.4,9.7,10.0,3.2,3.4,15.9,2.3,0,0
Chauncey Billups,2013,-0.3,0.1,5.3,19.0,0.6,1.3,3.8,1.3,0,0
Ben Gordon,2013,-0.3,0.3,6.4,19.0,1.1,1.1,5.2,1.3,0,0
Tyshawn Taylor,2013,-0.5,0.2,5.4,23.0,1.3,1.3,3.9,0.5,0,0
Quincy Pondexter,2013,0.0,0.2,10.3,15.0,1.7,1.0,6.3,1.1,0,0
Chris Copeland,2013,0.4,0.4,17.6,41.0,0.3,0.3,3.7,0.6,0,0
Roger Mason,2013,0.0,0.2,8.2,25.0,0.3,0.4,3.0,0.8,0,0
Daniel Orton,2013,-0.1,0.2,10.5,22.0,1.4,0.8,3.0,2.0,0,0
Shannon Brown,2013,-0.3,0.3,4.7,29.0,0.7,0.6,2.2,0.7,0,0
Chris Singleton,2013,-0.2,0.3,8.8,25.0,1.0,0.7,3.0,1.5,0,0
Antawn Jamison,2013,-0.2,0.4,7.8,22.0,1.1,0.3,3.8,2.1,0,0
Jannero Pargo,2013,0.3,0.4,18.9,29.0,0.4,0.9,4.7,0.7,0,0
James Jones,2013,0.3,0.1,15.4,20.0,0.6,0.2,4.9,1.1,0,0
Carl Landry,2013,-0.1,0.1,11.2,18.0,0.9,0.5,4.2,2.3,0,0
Mike Harris,2013,0.1,0.2,15.3,20.0,1.4,0.6,4.2,0.9,0,0
Greg Oden,2013,-0.1,0.3,12.4,23.0,1.0,0.5,2.9,1.3,0,0
Hasheem Thabeet,2013,-0.3,0.3,2.6,23.0,0.2,0.6,1.2,1.3,0,0
Arnett Moultrie,2013,-0.3,0.1,6.7,12.0,0.4,0.6,3.0,2.0,0,0
Joel Anthony,2013,-0.1,0.2,8.1,33.0,0.2,0.1,0.8,0.7,0,0
Lou Amundson,2013,-0.2,0.2,9.1,19.0,1.3,0.7,2.0,1.4,0,0
Victor Claver,2013,-0.1,0.2,8.8,21.0,0.5,0.5,2.2,1.4,0,0
Charlie Villanueva,2013,0.0,0.1,12.7,20.0,0.7,0.4,4.6,1.4,0,0
Manny Harris,2013,-0.1,0.1,10.9,9.0,1.3,1.0,8.1,3.0,0,0
Kobe Bryant,2013,-0.1,0.1,10.7,6.0,3.5,5.7,13.8,4.0,0,0
Jason Collins,2013,-0.2,0.1,4.1,22.0,0.2,0.3,1.1,0.5,0,0
Earl Watson,2013,-0.2,0.1,2.1,24.0,0.2,0.7,0.5,0.4,0,0
Ronnie Brewer,2013,0.0,0.1,3.4,24.0,0.1,0.1,0.3,0.5,0,0
John Jenkins,2013,-0.2,0.1,4.7,13.0,0.3,0.8,3.1,1.5,0,0
Tornike Shengelia,2013,-0.2,0.1,3.9,26.0,0.3,0.5,1.1,0.5,0,0
Austin Daye,2013,-0.1,0.2,11.0,22.0,0.5,0.2,3.0,1.0,0,0
Bernard James,2013,-0.1,0.2,8.5,30.0,0.4,0.3,0.9,0.9,0,0
Chris Wright,2013,0.1,0.1,16.5,8.0,1.9,0.6,6.0,1.3,0,0
Julyan Stone,2013,0.0,0.1,6.6,21.0,0.1,0.2,0.9,0.9,0,0
Jamaal Tinsley,2013,-0.2,0.0,1.9,8.0,0.0,1.1,1.1,1.1,0,0
Stephen Jackson,2013,-0.1,0.1,0.1,9.0,0.4,0.7,1.7,0.9,0,0
Greg Smith,2013,0.0,0.1,13.7,11.0,0.5,0.5,3.5,1.5,0,0
A.J. Price,2013,-0.1,0.0,9.7,28.0,0.1,0.3,1.6,0.3,0,0
Hilton Armstrong,2013,0.0,0.2,17.0,15.0,1.1,0.4,1.7,1.9,0,0
Shavlik Randolph,2013,-0.1,0.1,7.7,14.0,0.8,0.4,1.4,1.3,0,0
Solomon Jones,2013,-0.1,0.1,5.8,11.0,0.4,0.2,1.3,0.7,0,0
Jared Cunningham,2013,0.0,0.0,8.5,13.0,1.2,0.2,2.0,0.4,0,0
JaVale McGee,2013,-0.1,0.1,10.2,5.0,0.2,1.6,7.0,1.4,0,0
Mike James,2013,-0.1,0.1,1.5,11.0,0.2,0.5,1.0,0.6,0,0
Hamady N'Diaye,2013,-0.1,0.1,2.9,14.0,0.1,0.2,0.4,0.9,0,0
Malcolm Thomas,2013,-0.1,0.1,4.6,8.0,0.3,1.1,1.9,2.0,0,0
Viacheslav Kravtsov,2013,-0.1,0.0,10.5,20.0,0.4,0.3,1.0,0.4,0,0
Keith Bogans,2013,0.0,0.0,9.9,6.0,0.5,0.2,2.0,0.5,0,0
Damion James,2013,0.0,0.1,4.1,5.0,0.4,0.2,1.2,2.2,0,0
Othyus Jeffers,2013,0.0,0.0,6.9,6.0,0.7,0.2,1.5,1.3,0,0
Andris Biedriņš,2013,-0.1,0.0,2.4,6.0,1.0,0.3,0.5,2.5,0,0
Lance Thomas,2013,-0.1,0.0,0.5,5.0,0.8,0.4,1.2,1.0,0,0
Ryan Gomes,2013,-0.1,0.0,0.2,5.0,0.0,0.2,1.2,0.8,0,0
Melvin Ely,2013,-0.1,0.0,3.9,2.0,0.0,0.0,3.0,0.5,0,0
Josh Childress,2013,0.0,0.0,3.9,4.0,0.0,0.3,0.0,0.8,0,0
Josh Powell,2013,0.0,0.0,2.5,1.0,0.0,1.0,4.0,5.0,0,0
Reggie Williams,2013,0.0,0.0,16.4,3.0,0.0,0.7,3.7,0.0,0,0
Darius Johnson-Odom,2013,-0.1,0.0,-23.0,3.0,0.7,0.7,0.0,0.7,0,0
Mustafa Shakur,2013,0.0,0.0,-8.8,3.0,0.7,0.7,0.3,0.0,0,0
Sasha Vujačić,2013,0.0,0.0,1.5,2.0,0.0,1.5,2.5,1.5,0,0
D.J. White,2013,0.0,0.0,2.4,2.0,0.0,0.0,0.0,1.0,0,0
Maalik Wayns,2013,0.0,0.0,19.3,2.0,0.0,0.0,1.0,1.0,0,0
Royal Ivey,2013,0.0,0.0,-16.5,2.0,0.0,0.0,0.0,0.5,0,0
Dexter Pittman,2013,0.0,0.0,13.1,2.0,1.0,0.0,0.0,0.0,0,0
DeAndre Liggins,2013,0.0,0.0,129.1,1.0,0.0,0.0,2.0,0.0,0,0
James Harden,2014,8.1,4.2,26.7,81.0,10.2,4.0,27.4,4.7,1,1
Trevor Ariza,2014,2.2,3.9,12.7,82.0,1.7,1.7,12.8,4.7,0,0
Damian Lillard,2014,4.9,3.3,20.7,82.0,4.9,2.7,21.0,4.0,0,0
Chris Paul,2014,7.2,3.2,26.0,82.0,3.9,2.3,19.1,4.0,1,2
John Wall,2014,4.0,4.2,19.9,79.0,4.6,3.8,17.6,4.2,0,0
DeAndre Jordan,2014,3.5,5.4,21.0,82.0,5.7,1.3,11.5,10.1,1,3
Eric Bledsoe,2014,2.9,2.9,18.4,81.0,5.4,3.4,17.0,4.3,0,0
Joe Johnson,2014,1.3,1.5,14.1,80.0,2.2,1.7,14.4,4.1,0,0
Kyrie Irving,2014,4.2,2.0,21.5,75.0,4.9,2.5,21.7,2.4,1,3
Monta Ellis,2014,1.3,2.2,16.5,80.0,3.8,2.5,18.9,2.0,0,0
Tyreke Evans,2014,2.2,2.2,17.7,79.0,3.7,3.1,16.6,4.2,0,0
Marc Gasol,2014,4.8,4.7,21.7,81.0,5.4,2.2,17.4,6.4,1,1
Pau Gasol,2014,3.7,4.4,22.7,78.0,4.7,2.0,18.5,9.0,1,2
Ben McLemore,2014,-0.2,0.8,10.4,82.0,2.0,1.7,12.1,2.6,0,0
Ty Lawson,2014,2.8,1.0,18.5,75.0,4.8,2.5,15.2,2.6,0,0
Goran Dragić,2014,1.8,1.4,17.4,78.0,3.0,2.2,16.3,2.5,0,0
Gordon Hayward,2014,4.0,2.9,20.2,76.0,6.1,2.7,19.3,4.2,0,0
Stephen Curry,2014,7.9,4.1,28.0,80.0,4.2,3.1,23.8,3.6,1,1
Kentavious Caldwell-Pope,2014,0.2,1.8,11.2,82.0,1.9,1.1,12.7,2.5,0,0
Markieff Morris,2014,1.1,2.7,15.8,82.0,2.8,2.1,15.3,4.8,0,0
Victor Oladipo,2014,1.1,2.0,15.9,72.0,4.4,2.8,17.9,3.5,0,0
Giannis Antetokounmpo,2014,1.2,4.0,14.8,81.0,4.3,2.1,12.7,5.5,0,0
Kevin Love,2014,3.0,2.9,18.8,75.0,4.3,1.6,16.4,7.9,0,0
Nikola Vučević,2014,1.8,2.5,21.5,74.0,2.9,2.0,19.3,7.7,0,0
Jimmy Butler,2014,4.2,3.0,21.3,65.0,7.1,1.4,20.0,4.1,0,0
LaMarcus Aldridge,2014,3.1,3.7,22.8,71.0,5.1,1.7,23.4,7.7,1,2
Andre Drummond,2014,1.2,4.3,21.4,82.0,4.5,1.5,13.8,8.1,0,0
Arron Afflalo,2014,-0.3,1.0,10.7,78.0,2.5,1.5,13.3,2.8,0,0
LeBron James,2014,5.7,2.9,25.9,69.0,7.7,3.9,25.3,5.3,1,1
Draymond Green,2014,3.5,5.2,16.4,79.0,2.5,1.7,11.7,6.7,0,0
Wilson Chandler,2014,0.9,1.5,13.2,78.0,1.8,1.4,13.9,4.9,0,0
Klay Thompson,2014,4.0,3.1,20.8,77.0,3.3,1.9,21.7,2.9,1,3
Anthony Davis,2014,6.7,4.2,30.8,68.0,6.8,1.4,24.4,7.7,1,1
Jeff Green,2014,1.2,2.4,14.4,78.0,3.7,1.4,15.0,3.4,0,0
Marcin Gortat,2014,2.1,4.2,18.2,82.0,2.1,1.2,12.2,6.5,0,0
Thaddeus Young,2014,1.1,1.4,15.7,76.0,2.6,1.5,14.1,3.7,0,0
Avery Bradley,2014,-0.1,2.1,11.5,77.0,1.3,1.4,13.9,2.5,0,0
Luol Deng,2014,1.2,1.6,15.5,72.0,3.5,1.5,14.0,3.8,0,0
Kyle Korver,2014,3.0,2.4,14.8,75.0,1.6,1.4,12.1,3.9,0,0
Kyle Lowry,2014,3.1,2.0,19.3,70.0,4.5,2.5,17.8,3.9,0,0
JJ Redick,2014,2.0,0.9,16.2,78.0,2.6,1.2,16.4,1.9,0,0
Rudy Gay,2014,2.9,1.3,19.7,68.0,5.8,2.7,21.1,4.4,0,0
Paul Millsap,2014,3.3,4.3,20.0,73.0,4.6,2.3,16.7,5.9,0,0
P.J. Tucker,2014,1.4,2.7,12.5,78.0,1.8,1.2,9.1,5.0,0,0
Solomon Hill,2014,0.3,2.6,10.2,82.0,2.4,1.4,8.9,3.0,0,0
Nicolas Batum,2014,2.4,3.2,13.1,71.0,1.4,1.9,9.4,5.0,0,0
Khris Middleton,2014,2.2,3.5,15.6,79.0,2.0,1.4,13.4,3.8,0,0
Tobias Harris,2014,1.5,1.8,16.7,68.0,3.6,1.7,17.1,5.3,0,0
Mario Chalmers,2014,-0.3,2.0,11.7,80.0,3.3,2.2,10.2,2.3,0,0
Blake Griffin,2014,3.6,2.4,22.8,67.0,6.4,2.3,21.9,5.7,1,3
Courtney Lee,2014,0.9,2.4,11.5,77.0,1.7,1.0,10.1,2.0,0,0
Harrison Barnes,2014,1.2,3.0,13.4,82.0,1.8,0.9,10.1,4.1,0,0
Al Horford,2014,3.6,3.6,21.4,76.0,1.9,1.3,15.2,5.4,0,0
Gerald Henderson,2014,0.4,2.3,13.2,80.0,2.7,1.4,12.1,3.0,0,0
Danny Green,2014,3.8,3.9,16.5,81.0,1.6,1.1,11.7,3.6,0,0
Zach Randolph,2014,1.9,3.8,19.5,71.0,4.2,2.2,16.1,7.4,0,0
Russell Westbrook,2014,5.8,3.2,29.1,67.0,9.8,4.4,28.1,5.4,1,2
Josh Smith,2014,1.6,3.4,14.9,83.0,3.1,2.5,12.4,4.6,0,0
Trey Burke,2014,0.3,1.6,12.6,76.0,1.9,1.6,12.8,2.3,0,0
Tyson Chandler,2014,2.7,3.1,20.1,75.0,3.4,1.4,10.3,7.6,0,0
Dirk Nowitzki,2014,2.4,2.0,19.2,77.0,3.8,1.1,17.3,5.4,0,0
Derrick Favors,2014,2.6,3.3,21.8,74.0,4.5,1.6,16.0,5.6,0,0
Matt Barnes,2014,1.0,2.1,11.3,76.0,1.3,1.1,10.1,3.3,0,0
Reggie Jackson,2014,1.8,1.7,17.2,77.0,2.8,2.4,14.5,3.5,0,0
Evan Turner,2014,0.6,2.8,12.8,82.0,1.7,2.4,9.5,4.6,0,0
Wesley Johnson,2014,0.1,0.7,11.1,76.0,1.5,1.1,9.9,3.3,0,0
Jarrett Jack,2014,0.5,1.4,14.6,80.0,2.8,2.4,12.0,2.8,0,0
Jeff Teague,2014,2.8,2.8,20.6,73.0,4.4,2.8,15.9,2.1,0,0
Tim Duncan,2014,4.0,4.7,22.6,77.0,4.0,1.7,13.9,6.9,1,3
Mike Conley,2014,2.7,2.7,18.6,70.0,3.6,2.2,15.8,2.6,0,0
Dion Waiters,2014,-0.7,1.7,10.9,80.0,2.2,1.4,11.8,1.9,0,0
Tristan Thompson,2014,0.4,2.1,15.6,82.0,3.0,1.0,8.5,4.7,0,0
Gorgui Dieng,2014,1.2,1.5,17.2,73.0,3.3,1.7,9.7,5.3,0,0
DeMarre Carroll,2014,2.0,2.8,15.9,70.0,2.6,1.1,12.6,3.9,0,0
Chandler Parsons,2014,2.0,1.7,16.3,66.0,2.9,1.5,15.7,3.9,0,0
Rudy Gobert,2014,3.4,4.3,21.6,82.0,3.3,1.4,8.4,6.2,0,0
Patrick Patterson,2014,2.4,1.7,14.6,81.0,1.0,0.7,8.0,3.8,0,0
Michael Carter-Williams,2014,0.5,2.9,14.1,66.0,4.4,3.8,14.6,4.4,0,0
Greg Monroe,2014,2.1,2.8,21.2,69.0,4.9,2.2,15.9,6.9,0,0
Enes Freedom,2014,0.6,2.1,20.3,75.0,3.1,1.9,15.5,5.3,0,0
Kemba Walker,2014,2.3,2.6,17.6,62.0,4.6,1.6,17.3,3.0,0,0
Serge Ibaka,2014,1.6,2.7,16.6,64.0,1.7,1.5,14.3,5.7,0,0
Deron Williams,2014,1.2,1.3,15.7,68.0,3.5,2.3,13.0,3.1,0,0
Bradley Beal,2014,1.1,2.4,14.0,63.0,2.6,2.0,15.3,2.9,0,0
Brook Lopez,2014,1.6,2.2,22.7,72.0,3.8,1.4,17.2,4.5,0,0
DeMar DeRozan,2014,0.6,1.4,17.4,60.0,7.2,2.3,20.1,3.9,0,0
Jonas Valančiūnas,2014,1.3,2.4,20.6,80.0,3.5,1.4,12.0,6.0,0,0
Terrence Ross,2014,0.3,1.0,11.2,82.0,0.7,0.8,9.8,2.4,0,0
Corey Brewer,2014,0.5,2.1,13.9,80.0,2.8,1.6,11.5,2.7,0,0
Kenneth Faried,2014,1.0,2.1,18.4,75.0,3.8,1.6,12.6,5.7,0,0
J.R. Smith,2014,1.5,1.5,13.6,70.0,1.0,1.4,12.1,2.7,0,0
Andre Iguodala,2014,1.5,2.8,12.3,77.0,1.5,1.1,7.8,2.8,0,0
Joakim Noah,2014,2.1,3.1,15.3,67.0,2.6,1.8,7.2,6.4,0,0
Marcus Morris,2014,1.1,1.8,13.7,81.0,1.4,0.9,10.4,3.9,0,0
Timofey Mozgov,2014,0.7,2.2,16.6,81.0,2.7,1.4,9.7,4.8,0,0
Donatas Motiejūnas,2014,0.8,2.3,14.4,71.0,2.3,1.7,12.0,4.0,0,0
Marvin Williams,2014,1.0,2.9,11.8,78.0,1.1,0.8,7.4,4.2,0,0
Brandon Knight,2014,1.9,2.5,17.1,63.0,3.5,3.0,17.0,3.4,0,0
Kawhi Leonard,2014,4.1,4.4,22.0,64.0,3.9,1.5,16.5,5.9,0,0
Wesley Matthews,2014,2.6,2.2,16.1,60.0,2.4,1.4,15.9,3.1,0,0
Eric Gordon,2014,0.5,0.7,12.7,61.0,2.2,2.0,13.4,2.1,0,0
Rajon Rondo,2014,0.6,2.3,13.5,68.0,1.1,3.1,8.9,4.4,0,0
Lou Williams,2014,2.3,1.1,19.9,80.0,4.9,1.3,15.5,1.6,0,0
DeMarcus Cousins,2014,3.2,3.2,25.2,59.0,9.2,4.3,24.1,9.5,1,2
Al Jefferson,2014,1.8,3.4,19.7,65.0,2.5,1.0,16.6,6.9,0,0
Greivis Vásquez,2014,0.5,0.9,12.6,82.0,0.8,1.5,9.5,2.4,0,0
Jason Thompson,2014,-0.4,1.5,10.2,81.0,1.8,1.0,6.1,4.8,0,0
Boris Diaw,2014,0.8,2.3,12.7,81.0,1.1,1.6,8.7,3.3,0,0
Ömer Aşık,2014,0.4,2.2,15.5,76.0,3.0,1.3,7.3,6.6,0,0
Mo Williams,2014,0.6,0.6,15.4,68.0,2.8,2.5,14.2,2.2,0,0
Amir Johnson,2014,0.9,1.6,15.4,75.0,1.7,1.5,9.3,4.0,0,0
Dwyane Wade,2014,2.1,1.4,21.4,62.0,6.0,3.4,21.5,2.6,0,0
D.J. Augustin,2014,0.4,0.9,13.9,82.0,2.5,1.8,9.5,1.7,0,0
Robert Covington,2014,1.3,2.3,14.7,70.0,3.1,1.8,13.5,3.6,0,0
Tony Parker,2014,0.3,1.7,15.9,68.0,2.4,2.1,14.4,1.7,0,0
Brandon Bass,2014,1.0,1.9,16.3,82.0,2.6,1.0,10.6,3.2,0,0
Roy Hibbert,2014,0.4,3.2,15.4,76.0,2.7,1.4,10.6,5.1,0,0
Luc Mbah a Moute,2014,-0.4,2.0,10.6,67.0,2.4,1.5,9.9,3.7,0,0
Paul Pierce,2014,1.7,2.3,15.2,73.0,2.9,1.3,11.9,3.4,0,0
Jeremy Lin,2014,0.8,0.8,15.6,74.0,3.6,2.2,11.2,2.3,0,0
David West,2014,1.7,2.8,16.0,66.0,2.4,1.8,11.7,5.2,0,0
Aaron Brooks,2014,0.5,1.5,14.4,82.0,2.1,1.9,11.6,1.6,0,0
Rodney Stuckey,2014,1.1,2.2,15.4,71.0,3.0,1.7,12.6,3.0,0,0
Jordan Hill,2014,-0.1,1.1,16.2,70.0,2.4,1.5,12.0,5.5,0,0
Channing Frye,2014,0.2,1.4,9.5,75.0,0.5,1.0,7.3,3.5,0,0
Shane Larkin,2014,-0.4,0.9,10.9,76.0,1.0,1.1,6.2,1.9,0,0
C.J. Miles,2014,1.3,2.3,14.1,70.0,2.3,1.0,13.5,2.8,0,0
Ed Davis,2014,1.6,1.6,20.0,79.0,2.4,0.7,8.3,4.7,0,0
Mike Dunleavy,2014,0.9,1.7,11.6,63.0,1.4,1.0,9.4,3.5,0,0
Norris Cole,2014,-0.4,1.0,10.9,75.0,1.1,1.3,7.6,1.9,0,0
Anthony Morrow,2014,1.7,1.2,14.8,74.0,1.2,0.5,10.7,2.1,0,0
Quincy Pondexter,2014,0.0,0.8,9.9,75.0,1.3,0.7,7.2,1.9,0,0
Jason Smith,2014,-0.8,0.7,12.0,82.0,1.9,1.3,8.0,2.8,0,0
Hollis Thompson,2014,0.1,1.3,10.9,71.0,1.3,0.9,8.8,2.0,0,0
Steven Adams,2014,0.3,2.2,14.1,70.0,2.9,1.4,7.7,4.6,0,0
Alan Anderson,2014,0.2,1.1,10.6,74.0,1.4,0.8,7.4,2.3,0,0
Mason Plumlee,2014,0.9,2.3,18.0,82.0,3.9,1.3,8.7,4.1,0,0
Kyle Singler,2014,0.0,1.2,8.5,80.0,0.7,0.7,6.0,2.0,0,0
Tyler Zeller,2014,1.3,2.0,18.9,82.0,2.3,0.9,10.2,3.9,0,0
Zaza Pachulia,2014,1.0,2.9,15.6,73.0,2.2,1.8,8.3,4.2,0,0
Patrick Beverley,2014,0.9,1.8,11.3,56.0,1.1,1.5,10.1,3.0,0,0
Isaiah Thomas,2014,2.3,1.1,20.6,67.0,5.2,2.1,16.4,1.8,0,0
Jerryd Bayless,2014,0.0,2.0,11.1,77.0,1.8,1.7,7.8,2.5,0,0
Jared Dudley,2014,1.1,2.1,12.3,72.0,0.9,0.9,7.2,2.4,0,0
Jamal Crawford,2014,1.2,1.2,16.6,64.0,3.9,1.4,15.8,1.7,0,0
O.J. Mayo,2014,0.6,1.9,13.5,71.0,2.0,1.8,11.4,2.2,0,0
Nenê,2014,0.5,2.5,14.3,67.0,3.0,1.9,11.0,3.9,0,0
Carlos Boozer,2014,0.1,1.0,16.4,71.0,2.1,1.3,11.8,5.2,0,0
Taj Gibson,2014,0.7,2.1,16.1,62.0,3.0,1.2,10.3,3.8,0,0
Devin Harris,2014,1.4,1.3,14.8,76.0,2.1,1.1,8.8,1.6,0,0
Tim Hardaway Jr.,2014,-0.3,0.0,12.1,70.0,2.2,1.2,11.5,2.1,0,0
Wayne Ellington,2014,-0.1,0.1,11.6,65.0,1.0,0.8,10.0,2.8,0,0
Ryan Anderson,2014,0.7,0.9,15.6,61.0,2.5,1.0,13.7,3.1,0,0
Evan Fournier,2014,0.1,0.6,12.4,58.0,2.5,1.4,12.0,2.2,0,0
Luis Scola,2014,0.7,2.7,16.8,81.0,2.8,1.2,9.4,4.8,0,0
Dante Cunningham,2014,-0.2,1.2,8.9,66.0,0.7,0.5,5.2,2.8,0,0
Tony Allen,2014,1.5,3.2,14.6,63.0,2.0,1.4,8.6,2.8,0,0
Jae Crowder,2014,1.0,2.0,13.9,82.0,1.7,0.6,7.7,2.7,0,0
Jason Terry,2014,1.0,1.5,11.4,77.0,0.6,1.0,7.0,1.4,0,0
Robin Lopez,2014,0.9,1.9,16.2,59.0,2.2,1.2,9.6,3.5,0,0
Caron Butler,2014,0.1,1.0,9.3,78.0,0.8,0.6,5.9,2.2,0,0
Kirk Hinrich,2014,-0.7,1.3,6.8,66.0,0.8,1.1,5.7,1.5,0,0
Manu Ginóbili,2014,1.5,2.3,16.2,70.0,2.9,2.2,10.5,2.6,0,0
Michael Kidd-Gilchrist,2014,0.6,2.2,15.1,55.0,3.9,1.1,10.9,5.6,0,0
Andrew Bogut,2014,1.8,3.4,15.8,67.0,0.6,1.6,6.3,6.0,0,0
Lance Stephenson,2014,-1.0,1.8,8.8,61.0,1.8,2.1,8.2,3.9,0,0
Jared Sullinger,2014,1.2,2.1,17.9,58.0,2.2,1.3,13.3,5.1,0,0
Darren Collison,2014,1.6,0.8,17.5,45.0,4.1,2.5,16.1,2.8,0,0
Trevor Booker,2014,0.7,1.9,15.3,79.0,1.9,1.1,7.2,3.3,0,0
Austin Rivers,2014,-0.3,1.0,10.3,76.0,1.7,0.9,7.0,1.6,0,0
Chris Bosh,2014,1.3,1.5,19.8,44.0,5.3,2.2,21.1,6.0,0,0
Iman Shumpert,2014,0.4,1.4,11.4,62.0,1.0,1.5,8.0,2.7,0,0
Derrick Rose,2014,0.6,1.2,15.9,51.0,3.7,3.2,17.7,2.5,0,0
Steve Blake,2014,0.1,1.4,9.5,81.0,0.5,1.3,4.3,1.5,0,0
Alex Len,2014,0.1,2.1,13.5,69.0,1.5,1.1,6.3,4.5,0,0
Dennis Schröder,2014,0.2,1.4,15.7,77.0,2.3,1.9,10.0,1.8,0,0
Rasual Butler,2014,0.4,1.6,11.4,75.0,0.9,0.6,7.7,2.3,0,0
Beno Udrih,2014,0.9,1.6,15.4,79.0,1.3,1.1,7.7,1.6,0,0
Lance Thomas,2014,-1.3,0.4,8.0,62.0,1.6,1.2,7.1,2.1,0,0
Cody Zeller,2014,0.5,2.2,14.1,62.0,2.6,1.0,7.6,4.3,0,0
Shaun Livingston,2014,0.4,1.8,12.9,78.0,1.2,1.3,5.9,1.8,0,0
Derrick Williams,2014,0.0,0.4,12.8,74.0,2.6,0.8,8.3,2.2,0,0
Jodie Meeks,2014,0.5,0.9,14.1,60.0,2.7,1.0,11.1,1.5,0,0
Brandan Wright,2014,2.1,1.8,20.4,75.0,1.5,0.5,7.3,2.6,0,0
Gerald Green,2014,0.6,1.0,15.4,74.0,1.6,1.4,11.9,2.1,0,0
Cory Joseph,2014,1.2,1.8,15.5,79.0,1.8,0.8,6.8,1.9,0,0
Ray McCallum,2014,0.0,0.5,12.5,68.0,1.2,1.3,7.4,1.9,0,0
Otto Porter Jr.,2014,0.6,1.8,11.6,74.0,1.1,0.7,6.0,2.0,0,0
Anthony Tolliver,2014,0.2,0.9,11.1,76.0,0.9,0.7,6.3,2.4,0,0
Carmelo Anthony,2014,1.8,0.6,21.5,40.0,5.9,2.2,24.2,4.8,0,0
Danilo Gallinari,2014,1.6,1.0,16.8,59.0,3.2,1.0,12.4,3.2,0,0
Kelly Olynyk,2014,0.8,2.1,15.9,64.0,2.1,1.5,10.3,3.3,0,0
C.J. Watson,2014,1.2,1.8,15.4,57.0,2.9,1.8,10.0,2.5,0,0
Omri Casspi,2014,0.4,0.6,14.4,67.0,2.9,1.3,8.9,3.1,0,0
Tony Snell,2014,0.2,1.2,10.2,72.0,0.8,0.7,6.0,2.0,0,0
J.J. Hickson,2014,-0.2,1.4,14.3,73.0,2.8,1.3,7.6,4.1,0,0
Jameer Nelson,2014,0.4,0.8,12.1,63.0,0.6,1.7,8.3,1.8,0,0
Henry Sims,2014,-0.3,1.5,14.5,73.0,1.9,1.4,8.0,3.3,0,0
Chris Kaman,2014,0.4,2.2,17.3,74.0,1.4,1.5,8.6,4.5,0,0
Tayshaun Prince,2014,0.5,1.2,12.0,58.0,1.1,0.6,7.5,2.7,0,0
Marco Belinelli,2014,0.4,1.4,12.4,62.0,1.6,1.0,9.2,2.1,0,0
Matthew Dellavedova,2014,-0.3,0.5,8.5,67.0,0.6,0.9,4.8,1.3,0,0
James Johnson,2014,1.5,1.6,17.9,70.0,1.5,1.1,7.9,2.8,0,0
Al-Farouq Aminu,2014,1.0,2.0,14.4,74.0,1.6,0.7,5.6,3.1,0,0
J.J. Barea,2014,0.6,0.6,15.1,77.0,1.2,0.9,7.5,1.4,0,0
Kosta Koufos,2014,0.2,2.5,14.2,81.0,1.0,0.9,5.2,3.8,0,0
Kris Humphries,2014,0.3,2.1,15.4,64.0,1.8,0.7,8.0,4.7,0,0
Brian Roberts,2014,0.1,1.2,11.7,72.0,1.0,0.8,6.7,1.3,0,0
Kent Bazemore,2014,0.0,1.9,9.7,75.0,1.3,1.0,5.2,2.7,0,0
Ersan İlyasova,2014,1.0,1.7,16.8,58.0,1.8,0.8,11.5,3.4,0,0
Jrue Holiday,2014,1.6,1.1,18.8,40.0,1.9,2.3,14.8,2.6,0,0
Kevin Martin,2014,0.4,-0.1,16.7,39.0,4.9,1.9,20.0,3.2,0,0
Quincy Acy,2014,-0.3,0.7,11.9,68.0,1.4,0.9,5.9,3.3,0,0
Chase Budinger,2014,0.0,0.2,12.2,67.0,1.2,0.7,6.8,2.5,0,0
Andre Roberson,2014,0.4,1.6,9.1,67.0,0.7,0.7,3.4,2.9,0,0
Spencer Hawes,2014,-0.1,1.5,9.8,73.0,0.9,0.8,5.8,3.1,0,0
José Calderón,2014,-0.3,0.1,11.3,42.0,0.8,1.8,9.1,2.5,0,0
George Hill,2014,2.3,1.6,21.5,43.0,3.3,1.6,16.1,3.6,0,0
Andre Miller,2014,0.0,0.8,13.3,81.0,1.0,1.3,4.4,1.4,0,0
Amar'e Stoudemire,2014,0.7,1.0,20.3,59.0,3.2,1.3,11.5,3.7,0,0
Richard Jefferson,2014,0.4,0.9,11.3,74.0,1.5,0.7,5.8,2.1,0,0
Bismack Biyombo,2014,0.3,2.2,15.2,64.0,2.7,0.8,4.8,3.9,0,0
Kevin Séraphin,2014,-0.6,1.7,12.5,79.0,1.0,1.2,6.6,2.5,0,0
Ryan Kelly,2014,-0.4,0.3,8.6,52.0,1.8,0.7,6.4,2.6,0,0
Jonas Jerebko,2014,0.9,1.4,15.0,75.0,0.9,0.6,6.0,2.5,0,0
John Henson,2014,0.8,2.4,18.0,67.0,2.0,1.3,7.0,2.8,0,0
Dwight Howard,2014,0.5,2.2,19.2,41.0,6.6,2.8,15.8,7.8,0,0
Marreese Speights,2014,0.0,1.8,19.5,76.0,2.3,1.1,10.4,2.8,0,0
Kobe Bryant,2014,0.7,0.6,17.6,35.0,6.9,3.7,22.3,4.9,0,0
Pablo Prigioni,2014,0.6,1.0,12.2,67.0,0.6,0.9,4.1,1.3,0,0
Miles Plumlee,2014,0.4,1.7,13.4,73.0,0.6,0.7,4.0,2.8,0,0
Gary Neal,2014,-0.5,0.8,11.1,54.0,2.5,1.2,10.1,2.1,0,0
Carl Landry,2014,-0.1,0.5,14.9,70.0,2.1,0.8,7.2,2.4,0,0
Ramon Sessions,2014,-0.2,0.7,11.1,64.0,2.7,1.3,6.3,1.9,0,0
Brandon Jennings,2014,1.6,0.7,19.7,41.0,3.5,2.2,15.4,2.0,0,0
Kendrick Perkins,2014,-1.0,1.3,7.0,68.0,1.2,1.4,3.6,3.4,0,0
Ian Mahinmi,2014,-0.1,2.0,10.8,61.0,1.7,1.0,4.3,4.1,0,0
Hassan Whiteside,2014,1.8,2.4,26.2,48.0,3.3,1.2,11.8,7.0,0,0
Robert Sacre,2014,-0.4,0.6,10.9,67.0,1.2,0.5,4.6,2.1,0,0
Chris Andersen,2014,0.9,1.5,16.1,60.0,1.9,0.7,5.3,3.7,0,0
Mike Scott,2014,0.4,1.1,15.1,68.0,1.1,0.6,7.8,2.3,0,0
Aron Baynes,2014,0.1,1.6,15.9,70.0,1.5,0.9,6.6,3.0,0,0
Donald Sloan,2014,0.5,1.1,13.1,53.0,1.5,1.2,7.4,2.5,0,0
Nick Collison,2014,0.3,1.2,11.2,66.0,1.0,0.7,4.1,2.4,0,0
Shawn Marion,2014,0.3,0.9,11.0,57.0,0.6,0.6,4.8,2.4,0,0
Vince Carter,2014,0.1,1.4,9.6,66.0,0.9,0.7,5.8,1.6,0,0
Randy Foye,2014,0.2,0.4,11.0,50.0,1.1,1.2,8.7,1.5,0,0
Shawne Williams,2014,0.0,0.8,10.5,63.0,0.6,0.5,5.4,2.1,0,0
Lavoy Allen,2014,0.6,1.6,14.9,63.0,0.7,0.6,5.0,3.2,0,0
Tyler Hansbrough,2014,0.2,0.9,13.3,74.0,1.9,0.3,3.6,2.1,0,0
Pero Antić,2014,-0.6,1.0,9.5,63.0,2.0,0.8,5.7,2.1,0,0
Tiago Splitter,2014,1.1,1.7,18.9,52.0,2.3,1.2,8.2,3.1,0,0
Nick Young,2014,0.2,0.1,14.2,42.0,3.5,1.0,13.4,1.9,0,0
Udonis Haslem,2014,-0.4,1.0,10.6,62.0,1.0,0.7,4.2,3.0,0,0
Darrell Arthur,2014,0.1,0.9,11.5,58.0,1.0,0.8,6.6,2.0,0,0
Will Barton,2014,0.4,1.1,13.6,58.0,1.6,1.1,6.8,2.3,0,0
Leandro Barbosa,2014,0.6,1.2,15.3,66.0,1.1,0.7,7.1,1.0,0,0
Ronnie Price,2014,-0.1,0.6,10.2,43.0,1.0,1.2,5.1,1.2,0,0
Cole Aldrich,2014,0.6,1.4,18.1,61.0,1.0,1.0,5.5,3.9,0,0
Thabo Sefolosha,2014,0.8,1.7,13.8,52.0,1.1,0.7,5.3,3.3,0,0
CJ McCollum,2014,0.4,1.1,13.1,62.0,1.2,0.8,6.8,1.2,0,0
Alexis Ajinça,2014,0.4,1.2,19.9,68.0,1.5,1.0,6.5,3.1,0,0
Kevin Garnett,2014,0.7,1.5,15.2,47.0,1.0,1.0,6.9,5.6,0,0
Willie Green,2014,-0.5,0.4,7.9,52.0,0.7,0.9,5.9,1.3,0,0
Isaiah Canaan,2014,0.3,0.7,12.4,47.0,1.3,1.3,9.2,1.5,0,0
Lou Amundson,2014,-0.5,0.9,11.8,53.0,1.6,1.2,4.9,3.3,0,0
Matt Bonner,2014,0.3,0.9,10.1,72.0,0.5,0.2,3.7,1.2,0,0
Kevin Durant,2014,2.8,1.0,27.6,27.0,6.3,2.7,25.4,6.0,0,0
Glen Davis,2014,-0.3,1.1,10.8,74.0,1.3,0.5,4.0,1.7,0,0
David Lee,2014,0.7,1.6,17.8,49.0,2.1,1.0,7.9,3.6,0,0
Alec Burks,2014,0.1,0.6,13.0,27.0,4.8,1.9,13.9,3.5,0,0
Tony Wroten,2014,0.2,0.9,14.9,30.0,6.0,3.8,16.9,2.1,0,0
Anthony Bennett,2014,-0.4,0.4,11.4,57.0,1.1,0.6,5.2,2.9,0,0
Mirza Teletović,2014,0.1,0.8,10.7,40.0,1.2,1.3,8.5,4.2,0,0
Terrence Jones,2014,0.7,1.3,18.3,33.0,2.8,1.1,11.7,4.3,0,0
Jason Maxiell,2014,-0.3,1.2,10.4,61.0,1.2,0.5,3.3,1.9,0,0
Shabazz Muhammad,2014,0.6,-0.1,19.9,38.0,3.8,0.9,13.5,2.4,0,0
Drew Gooden,2014,0.1,1.2,11.9,51.0,0.9,0.5,5.4,3.0,0,0
Joey Dorsey,2014,-0.2,1.5,11.1,69.0,1.2,0.6,2.7,2.6,0,0
Meyers Leonard,2014,0.6,1.2,14.8,55.0,0.6,0.7,5.9,3.7,0,0
Dewayne Dedmon,2014,-0.3,1.0,13.3,59.0,1.1,0.9,3.7,3.0,0,0
Nick Calathes,2014,0.4,1.5,12.3,58.0,0.8,1.1,4.2,1.5,0,0
Shelvin Mack,2014,0.1,0.8,13.2,55.0,0.6,0.9,5.4,1.3,0,0
Ish Smith,2014,-0.1,0.8,12.3,55.0,1.0,1.4,6.1,1.5,0,0
Luke Babbitt,2014,0.3,0.5,11.1,63.0,0.3,0.4,4.1,1.6,0,0
Chris Copeland,2014,-0.4,0.8,7.4,50.0,0.9,1.2,6.2,1.8,0,0
Jon Leuer,2014,-0.1,1.2,11.9,63.0,0.9,0.6,4.5,2.5,0,0
Kyle O'Quinn,2014,0.4,1.1,14.8,51.0,1.1,1.1,5.8,3.0,0,0
Nikola Peković,2014,0.0,0.2,16.6,31.0,4.2,1.4,12.5,4.7,0,0
Patty Mills,2014,0.4,0.9,13.0,51.0,0.8,0.7,6.9,1.1,0,0
Thomas Robinson,2014,0.0,1.4,15.3,54.0,2.0,1.1,5.7,3.9,0,0
Ben Gordon,2014,-0.4,0.2,10.6,56.0,1.2,1.0,6.2,1.0,0,0
Andrea Bargnani,2014,0.2,0.2,16.6,29.0,3.7,1.4,14.8,3.3,0,0
Alexey Shved,2014,0.9,0.5,19.5,42.0,3.6,1.1,10.3,1.8,0,0
Reggie Evans,2014,-0.1,0.8,11.7,47.0,2.1,1.0,3.7,4.3,0,0
Robbie Hummel,2014,-0.4,0.1,9.7,45.0,0.6,0.4,4.4,2.3,0,0
Garrett Temple,2014,0.5,1.1,10.9,52.0,0.9,0.7,3.9,1.3,0,0
Marcus Thornton,2014,0.6,0.7,15.0,48.0,1.2,0.6,7.9,1.3,0,0
Justin Hamilton,2014,0.2,0.5,14.6,41.0,1.1,0.6,5.3,1.9,0,0
Hedo Türkoğlu,2014,0.3,0.6,10.5,62.0,0.2,0.5,3.7,1.5,0,0
Mike Miller,2014,-0.2,0.5,4.6,52.0,0.1,0.4,2.1,1.7,0,0
Ricky Rubio,2014,0.3,0.4,15.2,22.0,3.2,2.9,10.3,4.8,0,0
Allen Crabbe,2014,0.2,0.8,8.7,51.0,0.3,0.3,3.3,1.3,0,0
Luke Ridnour,2014,-0.2,0.3,10.0,47.0,0.4,0.8,4.0,1.3,0,0
Charlie Villanueva,2014,0.6,0.7,17.4,64.0,0.5,0.4,6.3,1.9,0,0
Maurice Harkless,2014,-0.3,0.6,8.4,45.0,0.9,0.6,3.5,1.5,0,0
James Jones,2014,0.2,0.4,11.1,57.0,0.8,0.2,4.4,0.9,0,0
Alonzo Gee,2014,0.2,0.6,13.0,54.0,1.4,0.6,4.5,1.1,0,0
Justin Holiday,2014,0.1,1.0,12.1,59.0,0.8,0.5,4.3,1.0,0,0
Anderson Varejão,2014,0.4,0.7,17.7,26.0,1.7,1.3,9.8,4.3,0,0
Jeremy Lamb,2014,0.6,0.7,14.9,47.0,1.2,0.6,6.3,2.1,0,0
Perry Jones,2014,-0.4,0.5,6.9,43.0,0.9,0.6,4.3,1.6,0,0
Henry Walker,2014,0.0,0.6,8.0,24.0,0.8,1.0,7.3,3.1,0,0
Joel Freeland,2014,-0.1,0.9,12.2,48.0,0.5,0.5,3.5,2.7,0,0
Danny Granger,2014,-0.3,0.3,8.6,30.0,1.2,0.8,6.3,2.0,0,0
Phil Pressey,2014,0.1,0.7,11.8,50.0,1.0,0.8,3.5,1.3,0,0
Dorell Wright,2014,0.6,0.8,13.4,48.0,0.9,0.4,4.6,2.0,0,0
Nate Robinson,2014,-0.1,0.2,10.6,42.0,1.1,0.7,5.7,0.8,0,0
Larry Sanders,2014,0.2,1.2,15.2,27.0,1.8,1.0,7.3,3.7,0,0
Sergey Karasev,2014,0.0,0.4,10.5,33.0,1.2,0.7,4.6,1.3,0,0
Lorenzo Brown,2014,-0.1,0.2,11.0,29.0,0.7,1.0,4.2,1.9,0,0
Samuel Dalembert,2014,-0.1,0.7,11.8,32.0,0.6,1.2,4.0,3.6,0,0
Archie Goodwin,2014,-0.2,0.4,11.2,41.0,2.0,1.2,5.6,1.1,0,0
Jordan Farmar,2014,0.1,0.4,9.9,36.0,0.3,0.9,4.6,0.9,0,0
Chris Johnson,2014,0.0,0.6,10.2,29.0,0.6,0.5,5.7,1.6,0,0
Jimmer Fredette,2014,-0.4,0.2,9.8,50.0,0.9,0.7,3.6,0.6,0,0
Michael Beasley,2014,-0.3,0.5,10.6,24.0,1.1,1.5,8.8,3.2,0,0
E'Twaun Moore,2014,0.1,0.5,10.3,56.0,0.4,0.3,2.7,0.6,0,0
Festus Ezeli,2014,0.0,0.9,16.2,46.0,1.7,0.7,4.4,2.1,0,0
Mike Muscala,2014,0.3,0.7,18.0,40.0,0.6,0.5,4.9,1.7,0,0
Andrew Nicholson,2014,-0.4,0.3,10.3,40.0,0.6,0.6,4.9,1.6,0,0
Elton Brand,2014,-0.1,0.8,9.4,36.0,0.6,0.5,2.7,2.0,0,0
Ryan Hollins,2014,0.0,0.3,13.1,46.0,1.2,0.5,3.0,1.5,0,0
Jeff Taylor,2014,-0.3,0.4,8.2,29.0,1.4,0.7,4.4,1.3,0,0
Brandon Davies,2014,-0.3,0.4,10.5,27.0,1.4,1.1,5.3,1.7,0,0
Kendall Marshall,2014,0.1,0.5,12.4,28.0,0.3,1.3,4.2,0.9,0,0
Jason Richardson,2014,0.1,0.4,11.7,19.0,1.2,0.8,9.1,2.8,0,0
Joel Anthony,2014,0.2,0.7,14.7,49.0,0.4,0.2,1.8,1.2,0,0
Troy Daniels,2014,-0.1,0.1,9.6,47.0,0.3,0.4,3.7,0.5,0,0
Jeff Ayres,2014,0.0,0.6,14.4,51.0,0.7,0.5,2.7,1.6,0,0
Jerome Jordan,2014,0.1,0.3,16.8,44.0,1.0,0.5,3.1,1.2,0,0
Greg Smith,2014,-0.1,0.3,10.2,42.0,0.9,0.3,1.9,1.3,0,0
Martell Webster,2014,-0.3,0.3,5.9,32.0,2.0,0.7,3.3,1.1,0,0
Austin Daye,2014,-0.2,0.5,8.2,34.0,0.2,0.7,3.8,1.9,0,0
Reggie Bullock,2014,-0.1,0.3,6.2,36.0,0.3,0.2,1.9,1.4,0,0
Sebastian Telfair,2014,0.1,0.2,11.4,16.0,2.1,1.1,8.4,1.8,0,0
A.J. Price,2014,0.0,0.2,12.0,26.0,0.9,0.5,5.1,1.0,0,0
Darius Morris,2014,-0.3,0.1,6.7,38.0,0.2,0.6,2.2,0.5,0,0
John Jenkins,2014,0.2,0.3,15.9,24.0,0.8,0.3,5.6,1.5,0,0
Josh McRoberts,2014,-0.1,0.3,10.2,17.0,0.8,1.3,4.2,2.2,0,0
Gerald Wallace,2014,-0.1,0.4,6.2,32.0,0.5,0.6,1.1,1.3,0,0
Raymond Felton,2014,0.0,0.2,12.4,29.0,0.5,0.6,3.7,0.8,0,0
John Lucas III,2014,0.0,0.1,13.0,21.0,0.2,0.8,4.7,0.6,0,0
Brandon Rush,2014,-0.4,0.4,0.8,33.0,0.3,0.3,0.9,1.1,0,0
John Salmons,2014,-0.1,0.1,5.1,21.0,0.2,0.2,2.0,0.8,0,0
Jeremy Evans,2014,0.4,0.4,20.5,38.0,0.8,0.1,2.4,1.2,0,0
Jeff Withey,2014,0.1,0.3,17.6,37.0,1.4,0.3,2.6,1.1,0,0
JaVale McGee,2014,-0.1,0.3,14.4,23.0,1.4,0.8,4.6,1.9,0,0
Chuck Hayes,2014,0.1,0.2,10.4,29.0,0.4,0.3,1.7,1.1,0,0
Nate Wolters,2014,-0.2,0.2,4.6,21.0,0.3,0.6,2.0,1.2,0,0
Ricky Ledo,2014,-0.4,0.0,6.3,17.0,1.3,1.5,5.3,1.2,0,0
Landry Fields,2014,0.1,0.1,10.8,26.0,0.2,0.3,1.8,0.6,0,0
Jeff Adrien,2014,0.0,0.2,14.2,17.0,2.2,0.5,3.5,3.2,0,0
Gigi Datome,2014,0.2,0.2,15.1,21.0,0.0,0.4,5.0,1.2,0,0
Francisco García,2014,-0.1,0.2,3.6,14.0,0.3,0.7,3.2,1.0,0,0
Cartier Martin,2014,-0.3,0.1,1.6,23.0,0.0,0.2,1.6,0.9,0,0
Steve Novak,2014,0.0,0.1,8.6,35.0,0.1,0.1,1.8,0.6,0,0
Malcolm Thomas,2014,-0.2,0.2,8.2,17.0,0.8,0.8,2.6,2.4,0,0
Ian Clark,2014,0.0,0.2,8.8,30.0,0.3,0.3,1.9,0.4,0,0
DeJuan Blair,2014,-0.3,0.3,7.7,29.0,0.2,0.4,1.9,1.4,0,0
Toney Douglas,2014,0.0,0.2,11.2,12.0,1.1,0.8,4.3,1.7,0,0
Jorge Gutiérrez,2014,-0.1,0.2,11.0,20.0,0.7,0.6,2.7,1.0,0,0
Bernard James,2014,0.1,0.2,16.0,16.0,1.4,0.4,2.8,1.3,0,0
Earl Barron,2014,-0.2,0.1,5.0,16.0,0.8,0.3,2.0,0.9,0,0
Ekpe Udoh,2014,0.0,0.2,11.6,33.0,0.3,0.2,0.9,0.6,0,0
Nazr Mohammed,2014,-0.1,0.2,8.7,23.0,0.1,0.3,1.2,1.2,0,0
Shavlik Randolph,2014,-0.1,0.2,7.2,21.0,0.6,0.1,1.1,1.0,0,0
Dahntay Jones,2014,-0.2,0.1,1.9,33.0,0.3,0.0,0.6,0.3,0,0
Dwight Buycks,2014,0.0,0.0,13.1,6.0,1.7,2.0,8.7,1.7,0,0
Jordan Hamilton,2014,0.0,0.1,8.3,14.0,0.0,0.3,2.7,1.0,0,0
Brendan Haywood,2014,-0.1,0.2,9.1,22.0,0.6,0.5,1.6,1.0,0,0
Elliot Williams,2014,0.0,0.1,8.7,13.0,0.3,0.3,2.8,0.6,0,0
Quincy Miller,2014,-0.1,0.2,7.4,10.0,1.1,0.5,2.9,1.6,0,0
Reggie Williams,2014,0.0,0.1,10.5,20.0,0.2,0.1,1.9,0.6,0,0
Kenyon Martin,2014,0.0,0.2,10.0,11.0,0.2,0.3,1.8,1.2,0,0
Chris Douglas-Roberts,2014,-0.1,0.1,3.3,12.0,0.7,0.0,1.6,0.9,0,0
Earl Clark,2014,-0.1,0.1,6.7,10.0,0.4,0.6,2.7,2.2,0,0
Paul George,2014,0.0,0.2,13.0,6.0,1.8,2.0,8.8,3.0,0,0
Jared Cunningham,2014,-0.1,0.1,7.3,19.0,0.7,0.4,1.8,0.4,0,0
Shannon Brown,2014,-0.1,0.0,4.4,5.0,0.8,0.8,4.0,0.2,0,0
Xavier Henry,2014,-0.1,0.0,4.9,9.0,2.7,0.3,2.2,0.2,0,0
Victor Claver,2014,0.0,0.1,9.2,10.0,0.0,0.4,2.4,1.7,0,0
Vander Blue,2014,-0.1,0.0,4.0,2.0,2.5,3.0,11.0,3.5,0,0
Jannero Pargo,2014,0.1,0.0,14.9,9.0,0.2,0.3,4.6,0.3,0,0
Ognjen Kuzmić,2014,0.0,0.1,12.9,16.0,0.3,0.3,1.3,0.6,0,0
Arinze Onuaku,2014,0.1,0.0,22.8,6.0,1.3,0.3,4.5,2.3,0,0
Will Bynum,2014,-0.2,0.1,4.8,7.0,0.6,1.1,3.1,0.6,0,0
Greg Stiemsma,2014,-0.1,0.0,7.8,17.0,0.2,0.4,0.8,0.4,0,0
Lester Hudson,2014,0.1,0.1,16.0,5.0,0.8,0.6,3.6,1.4,0,0
Darius Miller,2014,-0.1,0.0,-5.1,5.0,0.0,0.2,0.4,0.2,0,0
Glen Rice Jr.,2014,-0.1,0.0,-3.6,5.0,1.2,0.4,2.2,0.4,0,0
Gal Mekel,2014,-0.1,0.0,0.5,4.0,0.0,0.5,1.5,0.3,0,0
Andrei Kirilenko,2014,0.0,0.0,2.8,7.0,0.6,0.1,0.4,0.9,0,0
Miroslav Raduljica,2014,-0.1,0.0,3.3,5.0,0.4,0.4,1.6,0.6,0,0
Ronny Turiaf,2014,0.0,0.0,4.3,2.0,0.0,0.0,0.0,0.5,0,0
Toure' Murry,2014,0.0,0.0,1.1,5.0,0.4,0.8,1.2,0.0,0,0
Jamaal Franklin,2014,0.0,0.0,4.9,3.0,0.0,1.0,1.0,0.3,0,0
Seth Curry,2014,0.0,0.0,-11.4,2.0,0.0,0.0,0.0,1.0,0,0
Tyrus Thomas,2014,0.0,0.0,31.4,2.0,1.0,0.0,2.0,0.0,0,0
Malcolm Lee,2014,0.0,0.0,-19.7,1.0,0.0,0.0,0.0,0.0,0,0
James Harden,2015,6.8,2.6,25.3,82.0,10.2,4.6,29.0,5.3,0,0
Gordon Hayward,2015,3.3,3.4,18.3,80.0,6.0,2.5,19.7,4.2,0,0
Kemba Walker,2015,4.3,3.6,20.8,81.0,5.4,2.1,20.9,3.7,0,0
Trevor Ariza,2015,1.7,2.3,12.9,81.0,2.0,1.4,12.7,3.7,0,0
Marcus Morris,2015,1.3,2.5,12.7,80.0,3.4,1.8,14.1,3.9,0,0
Khris Middleton,2015,1.9,1.8,16.8,79.0,3.9,2.3,18.2,3.3,0,0
Kyle Lowry,2015,5.7,3.7,22.2,77.0,6.4,2.9,21.2,4.0,1,3
Andrew Wiggins,2015,0.5,0.7,16.5,81.0,7.0,2.2,20.7,2.3,0,0
Giannis Antetokounmpo,2015,2.9,2.9,18.8,80.0,5.1,2.6,16.9,6.2,0,0
Paul George,2015,4.9,4.8,20.9,81.0,6.5,3.3,23.1,6.0,1,3
Draymond Green,2015,5.3,5.1,19.3,81.0,4.1,3.2,14.0,7.8,1,2
DeMar DeRozan,2015,3.2,2.4,21.5,78.0,8.4,2.2,23.5,3.7,0,0
Kentavious Caldwell-Pope,2015,1.2,2.7,12.4,76.0,3.0,1.4,14.5,2.8,0,0
John Wall,2015,3.9,3.5,19.8,77.0,4.5,4.1,19.9,4.4,0,0
CJ McCollum,2015,2.3,1.7,17.7,80.0,2.8,2.5,20.8,2.7,0,0
Russell Westbrook,2015,6.8,4.0,27.6,80.0,7.2,4.3,23.5,6.0,1,1
Monta Ellis,2015,1.5,3.9,13.7,81.0,2.5,2.5,13.8,2.8,0,0
LeBron James,2015,7.5,4.0,27.5,76.0,6.5,3.3,25.3,6.0,1,1
Joe Johnson,2015,0.1,0.8,12.0,81.0,1.8,2.0,12.2,3.0,0,0
Stephen Curry,2015,9.5,4.1,31.5,79.0,5.1,3.3,30.1,4.6,1,1
Damian Lillard,2015,4.3,1.4,22.2,75.0,6.2,3.2,25.1,3.4,1,2
Andre Drummond,2015,2.0,5.5,21.2,81.0,7.2,1.9,16.2,9.9,1,3
Klay Thompson,2015,2.5,2.6,18.6,80.0,2.8,1.7,22.1,3.4,1,3
Paul Millsap,2015,4.1,6.0,21.3,81.0,5.0,2.4,17.1,6.6,0,0
Isaiah Thomas,2015,4.2,2.5,21.5,82.0,6.6,2.7,22.2,2.4,0,0
Wesley Matthews,2015,0.6,1.8,10.9,78.0,1.9,1.0,12.5,2.7,0,0
Al Horford,2015,3.9,4.5,19.4,82.0,1.6,1.3,15.2,5.5,0,0
DeAndre Jordan,2015,3.2,5.5,20.6,77.0,8.0,1.4,12.7,10.3,1,1
Kevin Durant,2015,7.8,3.5,28.2,72.0,6.9,3.5,28.2,7.6,1,2
Evan Fournier,2015,1.1,1.7,14.6,79.0,3.0,1.7,15.4,2.4,0,0
Jordan Clarkson,2015,0.2,0.4,14.3,79.0,2.6,1.7,15.5,2.8,0,0
Rodney Hood,2015,1.7,2.5,14.1,79.0,2.5,1.6,14.5,2.9,0,0
P.J. Tucker,2015,0.5,1.9,10.8,82.0,1.7,1.4,8.0,4.2,0,0
Rajon Rondo,2015,1.9,2.3,16.9,72.0,2.1,3.9,11.9,5.0,0,0
Avery Bradley,2015,1.2,2.8,13.2,76.0,1.6,1.4,15.2,2.3,0,0
Carmelo Anthony,2015,3.4,2.5,20.3,72.0,5.6,2.4,21.8,6.4,0,0
George Hill,2015,1.7,2.8,13.2,74.0,2.0,1.4,12.1,3.2,0,0
Tobias Harris,2015,2.2,2.5,16.2,76.0,3.2,1.4,14.7,5.4,0,0
Serge Ibaka,2015,0.8,3.0,13.9,78.0,1.6,1.4,12.6,5.0,0,0
Jimmy Butler,2015,3.9,2.7,21.3,67.0,7.1,2.0,20.9,4.2,0,0
Brook Lopez,2015,2.1,1.7,21.7,73.0,5.5,2.4,20.6,5.1,0,0
Nicolas Batum,2015,2.0,2.9,15.6,70.0,2.7,2.9,14.9,5.3,0,0
Gary Harris,2015,0.7,1.2,12.7,76.0,1.8,1.3,12.3,2.2,0,0
Reggie Jackson,2015,2.8,1.9,19.6,79.0,4.3,2.8,18.8,2.5,0,0
Kevin Love,2015,3.3,3.8,19.0,77.0,4.1,1.8,16.0,8.0,0,0
Chris Paul,2015,6.0,3.5,26.2,74.0,4.4,2.6,19.5,3.7,1,2
Jabari Parker,2015,0.0,1.2,14.8,76.0,3.0,1.5,14.1,3.6,0,0
Thaddeus Young,2015,1.2,2.2,17.5,73.0,2.2,1.9,15.1,6.6,0,0
Kyle Korver,2015,0.6,2.9,9.7,80.0,0.7,1.2,9.2,3.1,0,0
Luol Deng,2015,1.7,2.8,15.0,74.0,2.6,1.1,12.3,4.5,0,0
Kawhi Leonard,2015,6.7,5.5,26.0,72.0,4.6,1.5,21.2,5.5,1,1
Victor Oladipo,2015,2.3,2.7,16.7,72.0,3.4,2.1,16.0,4.1,0,0
Rudy Gay,2015,1.0,2.1,15.5,70.0,3.6,2.0,17.2,5.0,0,0
Arron Afflalo,2015,-0.5,0.9,10.9,71.0,1.8,1.2,12.8,3.4,0,0
Dirk Nowitzki,2015,2.7,2.6,19.0,75.0,3.7,1.1,18.3,5.8,0,0
Goran Dragić,2015,1.0,2.3,15.5,72.0,2.3,2.6,14.1,3.1,0,0
J.R. Smith,2015,1.5,2.5,12.4,77.0,0.9,0.8,12.4,2.3,0,0
Will Barton,2015,1.7,1.9,16.0,82.0,3.3,1.7,14.4,5.1,0,0
Al-Farouq Aminu,2015,1.2,2.3,12.7,82.0,1.9,1.5,10.2,4.9,0,0
Marvin Williams,2015,2.7,3.2,16.9,81.0,1.8,0.8,11.7,4.9,0,0
Courtney Lee,2015,0.6,1.7,11.5,79.0,1.5,0.9,9.6,2.2,0,0
Ricky Rubio,2015,2.3,2.2,17.6,76.0,4.1,2.5,10.1,3.8,0,0
Greg Monroe,2015,2.4,2.4,21.8,79.0,3.9,1.6,15.3,6.1,0,0
Jae Crowder,2015,2.5,3.5,15.8,73.0,3.3,1.1,14.2,4.2,0,0
Zach LaVine,2015,0.3,0.7,14.3,82.0,2.5,1.9,14.0,2.5,0,0
Pau Gasol,2015,4.0,3.9,21.7,72.0,4.0,2.3,16.5,8.9,0,0
Julius Randle,2015,-0.7,1.9,13.9,81.0,3.3,1.8,11.3,8.1,0,0
Dwight Howard,2015,1.2,3.1,18.9,71.0,6.7,2.3,13.7,8.4,0,0
Otto Porter Jr.,2015,1.8,2.7,14.5,75.0,1.7,0.9,11.6,3.9,0,0
Evan Turner,2015,1.1,3.0,13.6,81.0,2.2,2.1,10.5,4.3,0,0
Tristan Thompson,2015,1.2,3.1,15.9,82.0,3.0,0.7,7.8,5.7,0,0
LaMarcus Aldridge,2015,2.5,4.5,22.4,74.0,4.1,1.3,18.0,6.2,1,3
Dwyane Wade,2015,2.2,2.6,20.3,74.0,5.5,2.7,19.0,3.0,0,0
Marcin Gortat,2015,1.5,3.1,19.0,75.0,2.8,1.6,13.5,6.9,0,0
Jeff Teague,2015,1.9,3.0,17.9,79.0,3.9,2.8,15.7,2.3,0,0
Jeff Green,2015,0.1,1.7,13.0,80.0,2.8,1.2,11.7,3.2,0,0
DeMarcus Cousins,2015,3.0,3.3,23.6,65.0,10.2,3.8,26.9,9.1,1,2
Ish Smith,2015,0.2,1.3,14.9,77.0,2.3,2.3,12.6,3.4,0,0
Gorgui Dieng,2015,1.5,2.5,17.1,82.0,3.0,1.7,10.1,5.2,0,0
Robin Lopez,2015,1.0,2.1,17.6,82.0,2.0,1.6,10.3,4.1,0,0
Darren Collison,2015,1.2,0.7,15.9,74.0,3.1,1.8,14.0,1.9,0,0
Raymond Felton,2015,0.2,1.7,11.9,80.0,2.2,1.5,9.5,2.8,0,0
Matt Barnes,2015,0.6,2.2,11.7,76.0,1.8,1.6,10.0,4.4,0,0
Anthony Davis,2015,3.2,2.8,25.0,61.0,7.0,2.0,24.3,8.1,0,0
Hollis Thompson,2015,-0.7,0.5,9.2,77.0,1.2,1.0,9.8,2.8,0,0
Dion Waiters,2015,-0.4,1.8,9.4,78.0,2.0,1.5,9.8,2.1,0,0
Elfrid Payton,2015,0.4,1.7,13.9,73.0,2.6,2.4,10.7,2.5,0,0
Jamal Crawford,2015,0.3,1.5,14.0,79.0,3.4,1.4,14.2,1.6,0,0
Hassan Whiteside,2015,3.3,5.3,25.6,73.0,4.5,1.9,14.2,8.6,0,0
Bojan Bogdanović,2015,-0.8,0.0,10.7,79.0,1.7,1.5,11.2,2.8,0,0
Deron Williams,2015,0.9,1.4,14.6,65.0,3.2,2.3,14.1,2.6,0,0
Allen Crabbe,2015,0.5,1.2,12.2,81.0,1.4,0.8,10.3,2.3,0,0
Jared Dudley,2015,1.0,2.0,11.7,81.0,1.2,1.0,7.9,2.9,0,0
JJ Redick,2015,2.2,1.4,17.5,75.0,2.7,1.0,16.3,1.7,0,0
Derrick Rose,2015,-0.3,1.2,13.4,66.0,2.7,2.7,16.4,2.7,0,0
Mason Plumlee,2015,1.9,2.7,17.2,82.0,4.1,1.9,9.1,5.2,0,0
Kent Bazemore,2015,1.2,3.8,13.4,75.0,2.0,1.8,11.6,4.7,0,0
Jerami Grant,2015,0.1,1.6,12.6,77.0,4.2,1.4,9.7,3.4,0,0
Danny Green,2015,1.6,4.1,10.5,79.0,0.6,0.9,7.2,3.2,0,0
Jeremy Lin,2015,0.5,2.3,13.8,78.0,3.7,1.9,11.7,2.7,0,0
Cory Joseph,2015,0.4,1.7,12.4,80.0,2.2,1.3,8.5,2.1,0,0
Harrison Barnes,2015,0.3,1.9,12.3,66.0,2.0,0.9,11.7,3.8,0,0
Patrick Beverley,2015,1.1,1.3,13.0,71.0,1.2,1.3,9.9,2.5,0,0
Nikola Vučević,2015,2.0,2.4,21.1,65.0,2.3,1.9,18.2,6.2,0,0
Langston Galloway,2015,0.5,1.8,11.7,82.0,1.4,0.7,7.6,3.0,0,0
José Calderón,2015,0.7,1.4,12.3,72.0,0.7,1.2,7.6,2.9,0,0
Patrick Patterson,2015,1.0,2.0,10.6,79.0,0.4,0.8,6.9,3.4,0,0
Zach Randolph,2015,0.9,1.5,18.3,68.0,3.2,1.5,15.3,5.1,0,0
Steven Adams,2015,1.1,2.3,15.5,80.0,2.5,1.1,8.0,3.9,0,0
Ryan Anderson,2015,0.9,0.8,17.2,66.0,3.5,1.4,17.0,4.0,0,0
Zaza Pachulia,2015,0.9,2.7,16.2,76.0,3.6,1.6,8.6,6.2,0,0
Derrick Favors,2015,2.6,3.4,21.6,62.0,4.1,1.7,16.4,5.4,0,0
Tony Parker,2015,1.2,2.9,16.2,72.0,2.4,1.8,11.9,2.2,0,0
Dante Cunningham,2015,-0.4,0.7,8.6,80.0,1.0,0.5,6.1,2.2,0,0
Isaiah Canaan,2015,-0.2,0.5,11.1,77.0,2.3,1.2,11.0,2.0,0,0
Nerlens Noel,2015,0.9,2.8,16.2,67.0,3.4,2.4,11.1,5.8,0,0
Garrett Temple,2015,0.0,1.7,9.3,80.0,1.6,0.8,7.3,2.2,0,0
Taj Gibson,2015,1.0,2.2,15.7,73.0,2.0,1.1,8.6,4.1,0,0
Rudy Gobert,2015,2.0,3.8,17.5,61.0,4.6,1.9,9.1,7.5,0,0
Jared Sullinger,2015,1.3,3.6,16.7,81.0,2.0,1.3,10.3,5.9,0,0
Lou Williams,2015,1.6,0.3,17.7,67.0,6.3,1.6,15.3,2.1,0,0
Robert Covington,2015,0.5,2.1,13.2,67.0,2.6,2.1,12.8,5.3,0,0
Ersan İlyasova,2015,0.9,2.0,14.2,74.0,2.1,1.0,10.4,3.5,0,0
Omri Casspi,2015,1.0,1.5,13.9,69.0,2.3,1.4,11.8,5.1,0,0
Roy Hibbert,2015,-0.6,1.0,11.2,81.0,1.8,0.9,5.9,3.3,0,0
Brandon Knight,2015,0.6,0.9,14.7,52.0,3.5,3.4,19.6,3.2,0,0
Matthew Dellavedova,2015,0.4,1.6,11.3,76.0,0.9,1.5,7.5,1.7,0,0
Aaron Gordon,2015,1.4,2.2,17.0,78.0,2.5,0.8,9.2,4.5,0,0
Kobe Bryant,2015,0.2,0.5,14.9,66.0,4.3,2.0,17.6,3.1,0,0
Doug McDermott,2015,-0.4,0.7,10.9,81.0,1.0,0.7,9.4,2.0,0,0
Danilo Gallinari,2015,2.2,0.9,19.0,53.0,8.2,1.5,19.5,4.3,0,0
Jrue Holiday,2015,1.9,1.2,19.7,65.0,3.3,2.6,16.8,2.6,0,0
Alex Len,2015,-1.0,1.8,12.4,78.0,3.1,1.9,9.0,5.3,0,0
Ian Mahinmi,2015,1.4,3.3,16.6,71.0,3.2,1.4,9.3,5.2,0,0
Nik Stauskas,2015,-0.8,0.5,9.2,73.0,1.6,1.3,8.5,2.2,0,0
Bismack Biyombo,2015,0.8,3.1,14.9,82.0,2.8,0.9,5.5,5.8,0,0
Amir Johnson,2015,1.4,2.9,16.0,79.0,1.5,1.2,7.3,4.1,0,0
Chandler Parsons,2015,1.8,1.6,16.2,61.0,2.2,1.6,13.7,4.2,0,0
Marc Gasol,2015,1.7,1.9,17.7,52.0,4.7,2.3,16.6,5.8,0,0
Chris Bosh,2015,2.7,2.3,20.2,53.0,5.1,1.5,19.1,6.5,0,0
Cody Zeller,2015,0.9,2.7,16.1,73.0,3.2,0.9,8.7,4.3,0,0
Mike Conley,2015,2.2,1.1,19.4,56.0,4.1,1.5,15.3,2.5,0,0
Thabo Sefolosha,2015,1.3,3.2,12.4,75.0,1.3,0.9,6.4,3.8,0,0
Shane Larkin,2015,0.0,1.0,13.3,78.0,1.4,1.9,7.3,1.9,0,0
Terrence Ross,2015,1.0,1.6,12.9,73.0,0.8,0.6,9.9,2.2,0,0
Andre Iguodala,2015,1.4,2.1,12.2,65.0,1.3,1.2,7.0,3.2,0,0
Enes Freedom,2015,1.4,2.1,24.0,82.0,3.1,1.4,12.7,5.1,0,0
Bradley Beal,2015,1.0,1.3,15.5,55.0,3.2,2.0,17.4,2.7,0,0
Kenneth Faried,2015,1.0,1.5,21.0,67.0,3.3,1.4,12.5,5.2,0,0
Mirza Teletović,2015,1.4,0.9,16.2,79.0,2.0,1.1,12.2,3.1,0,0
Ed Davis,2015,1.6,2.3,18.7,81.0,2.5,0.8,6.5,4.6,0,0
Shabazz Muhammad,2015,-0.2,0.2,15.2,82.0,3.0,0.9,10.5,2.0,0,0
Marco Belinelli,2015,-0.8,0.3,9.4,68.0,2.0,1.2,10.2,1.6,0,0
Corey Brewer,2015,-0.4,1.2,9.9,82.0,1.7,1.0,7.2,1.9,0,0
Ramon Sessions,2015,0.7,1.3,15.9,82.0,3.5,1.4,9.9,2.2,0,0
J.J. Barea,2015,0.9,0.7,15.4,74.0,1.3,1.5,10.9,1.7,0,0
Marcus Smart,2015,0.4,2.4,11.3,61.0,2.7,1.3,9.1,2.9,0,0
Kyrie Irving,2015,1.8,1.7,19.9,53.0,3.6,2.3,19.6,2.1,0,0
Wesley Johnson,2015,0.8,2.7,11.0,80.0,0.6,0.7,6.9,2.6,0,0
Patty Mills,2015,1.5,2.6,14.6,81.0,0.7,0.9,8.5,1.6,0,0
Michael Carter-Williams,2015,0.5,1.6,13.9,54.0,3.0,2.8,11.5,4.2,0,0
Nikola Mirotić,2015,1.5,2.2,15.6,66.0,2.7,1.5,11.8,4.6,0,0
Randy Foye,2015,-0.5,0.9,7.6,81.0,0.9,1.1,5.9,1.6,0,0
Luis Scola,2015,0.4,1.9,13.6,76.0,1.1,0.9,8.7,3.6,0,0
Trevor Booker,2015,0.8,2.6,14.4,79.0,1.3,1.0,5.9,3.6,0,0
Alonzo Gee,2015,-0.2,0.9,8.4,73.0,0.9,0.8,4.5,2.5,0,0
Markieff Morris,2015,-0.2,1.7,12.2,64.0,2.3,2.1,12.0,4.4,0,0
Dennis Schröder,2015,0.5,2.3,15.5,80.0,2.3,2.3,11.0,2.2,0,0
Tony Allen,2015,0.4,1.9,12.9,64.0,2.2,1.2,8.4,3.0,0,0
Tyson Chandler,2015,0.4,1.6,14.7,66.0,2.6,1.4,7.2,6.1,0,0
Wayne Ellington,2015,-0.3,0.3,10.1,76.0,0.8,0.6,7.7,2.0,0,0
Lavoy Allen,2015,0.2,2.1,12.4,79.0,0.9,0.9,5.4,3.3,0,0
Gerald Green,2015,-0.4,1.4,10.1,69.0,1.3,0.7,8.9,2.0,0,0
Jonas Valančiūnas,2015,1.4,2.4,22.6,60.0,3.6,1.4,12.8,6.1,0,0
Andre Roberson,2015,1.0,1.6,10.2,70.0,0.8,0.5,4.8,2.5,0,0
Tim Duncan,2015,2.0,3.6,16.9,61.0,2.1,1.5,8.6,5.4,0,0
Shaun Livingston,2015,0.9,1.7,13.8,78.0,1.2,1.0,6.3,1.6,0,0
Darrell Arthur,2015,0.4,1.3,12.5,70.0,0.8,0.9,7.5,3.0,0,0
Jordan Hill,2015,0.5,2.3,16.4,73.0,1.7,1.3,8.8,4.0,0,0
Jerryd Bayless,2015,0.4,0.6,12.4,52.0,1.7,1.4,10.4,2.3,0,0
Kosta Koufos,2015,0.0,1.4,15.1,78.0,1.3,0.6,6.8,3.3,0,0
Eric Gordon,2015,0.7,0.4,13.5,45.0,2.8,1.6,15.2,2.0,0,0
Clint Capela,2015,0.6,2.0,18.3,77.0,2.7,0.8,7.0,3.9,0,0
Austin Rivers,2015,-0.2,1.3,11.1,67.0,1.7,0.9,8.9,1.6,0,0
C.J. Miles,2015,0.9,1.9,14.0,64.0,1.9,1.1,11.8,2.3,0,0
Tayshaun Prince,2015,-0.4,0.3,6.3,77.0,0.2,0.4,2.9,1.5,0,0
Maurice Harkless,2015,0.5,1.3,13.3,78.0,1.4,0.8,6.4,2.3,0,0
Andrew Bogut,2015,1.6,2.9,15.9,70.0,0.7,1.2,5.4,5.3,0,0
JaMychal Green,2015,-0.2,1.4,14.6,78.0,1.8,1.1,7.4,3.0,0,0
Ben McLemore,2015,-0.7,0.7,8.6,68.0,1.5,1.5,7.8,1.7,0,0
Derrick Williams,2015,0.8,1.2,17.2,80.0,3.2,0.8,9.3,3.1,0,0
Gerald Henderson,2015,0.1,1.0,12.9,72.0,2.0,0.9,8.7,2.5,0,0
Ty Lawson,2015,-0.6,0.7,9.7,66.0,1.3,1.4,5.7,1.4,0,0
David West,2015,1.7,2.9,17.6,78.0,1.0,0.9,7.1,3.0,0,0
Kelly Olynyk,2015,1.4,2.0,16.3,69.0,1.9,1.1,10.0,3.0,0,0
Boris Diaw,2015,1.0,2.2,14.0,76.0,1.0,1.3,6.4,2.3,0,0
Mario Chalmers,2015,1.2,1.5,17.3,61.0,4.3,1.8,10.3,2.2,0,0
Lance Stephenson,2015,0.3,1.3,13.5,69.0,1.6,1.4,8.3,2.7,0,0
Trey Burke,2015,0.5,1.2,14.0,64.0,1.3,1.3,10.6,1.5,0,0
Brandon Bass,2015,0.9,0.7,17.3,66.0,2.2,0.6,7.2,2.7,0,0
Anthony Tolliver,2015,0.8,1.3,10.2,72.0,0.7,0.4,5.3,2.6,0,0
Meyers Leonard,2015,0.1,1.0,11.3,61.0,0.8,1.3,8.4,4.3,0,0
Timofey Mozgov,2015,0.2,1.9,14.6,76.0,1.3,0.9,6.3,3.0,0,0
Richard Jefferson,2015,0.3,1.3,9.7,74.0,1.2,0.6,5.5,1.5,0,0
Donald Sloan,2015,0.1,0.3,13.9,61.0,1.7,1.3,7.0,2.6,0,0
Iman Shumpert,2015,0.1,1.8,8.4,54.0,0.9,1.1,5.8,3.2,0,0
Lance Thomas,2015,-0.4,0.5,10.4,59.0,2.0,1.0,8.2,1.6,0,0
P.J. Hairston,2015,-0.8,1.1,6.9,66.0,1.0,0.6,6.2,2.3,0,0
Tony Snell,2015,-0.6,1.0,6.4,64.0,0.5,0.8,5.3,2.8,0,0
Devin Harris,2015,0.7,1.3,13.1,64.0,2.2,1.0,7.6,1.9,0,0
Rodney Stuckey,2015,0.2,1.5,12.6,58.0,2.7,1.3,8.9,2.4,0,0
Luc Mbah a Moute,2015,-0.2,1.3,7.3,75.0,0.8,0.5,3.1,1.5,0,0
E'Twaun Moore,2015,0.0,1.0,11.4,59.0,0.6,0.9,7.5,1.9,0,0
Toney Douglas,2015,0.6,0.9,14.7,61.0,1.6,1.0,8.7,1.9,0,0
Jason Terry,2015,0.1,0.4,10.2,72.0,0.5,0.7,5.9,0.9,0,0
Jon Leuer,2015,0.6,1.3,16.2,67.0,1.5,1.1,8.5,4.4,0,0
Kyle Anderson,2015,1.1,2.8,12.9,78.0,1.1,0.8,4.5,2.8,0,0
Joe Ingles,2015,0.7,1.6,10.3,81.0,0.2,0.8,4.2,1.6,0,0
Aron Baynes,2015,0.6,1.7,17.8,81.0,2.0,0.8,6.3,3.0,0,0
Paul Pierce,2015,-0.4,1.4,8.2,68.0,1.0,0.9,6.1,2.6,0,0
Jeremy Lamb,2015,0.9,1.7,15.9,66.0,1.3,0.8,8.8,3.2,0,0
Ronnie Price,2015,0.1,1.0,9.6,62.0,0.7,1.1,5.3,1.2,0,0
Channing Frye,2015,0.8,1.3,12.9,70.0,0.5,0.6,6.1,2.8,0,0
Norris Cole,2015,-0.5,0.5,10.8,45.0,1.4,1.7,10.6,3.1,0,0
Jason Smith,2015,-0.1,1.4,14.6,76.0,0.9,0.8,7.2,2.2,0,0
Ömer Aşık,2015,-0.5,1.0,11.0,68.0,1.6,0.9,4.0,4.3,0,0
D.J. Augustin,2015,0.4,0.6,13.9,62.0,2.1,1.4,7.5,1.4,0,0
Jonas Jerebko,2015,0.0,1.5,10.3,78.0,1.0,0.7,4.4,2.7,0,0
Noah Vonleh,2015,-0.6,1.1,8.6,78.0,0.7,0.6,3.6,2.7,0,0
Blake Griffin,2015,1.9,1.6,22.1,35.0,5.5,2.4,21.4,6.9,0,0
JaKarr Sampson,2015,-1.0,0.6,8.3,73.0,1.7,1.0,5.1,2.0,0,0
Mike Scott,2015,0.6,1.5,14.0,75.0,0.8,0.6,6.2,2.0,0,0
Manu Ginóbili,2015,1.6,2.3,17.8,58.0,1.9,1.7,9.6,2.1,0,0
Archie Goodwin,2015,-0.5,0.5,11.1,57.0,3.4,1.8,8.9,2.0,0,0
Marcus Thornton,2015,0.4,0.7,14.7,61.0,1.3,0.8,9.7,1.8,0,0
Aaron Brooks,2015,-0.2,0.7,11.8,69.0,0.9,1.2,7.1,1.2,0,0
Al Jefferson,2015,0.4,1.8,18.2,47.0,2.4,0.7,12.0,5.2,0,0
Kevin Martin,2015,-0.4,0.5,11.5,55.0,3.1,1.0,9.3,1.7,0,0
Nenê,2015,0.6,1.6,16.8,57.0,3.2,1.3,9.2,3.6,0,0
O.J. Mayo,2015,-0.6,0.6,7.7,41.0,1.0,1.8,7.8,2.2,0,0
Leandro Barbosa,2015,0.0,1.2,11.7,68.0,0.9,0.8,6.4,1.3,0,0
T.J. Warren,2015,0.4,0.6,15.7,47.0,1.4,0.7,11.0,1.9,0,0
Eric Bledsoe,2015,1.4,1.0,20.0,31.0,5.5,3.5,20.4,3.5,0,0
Shelvin Mack,2015,0.1,1.2,13.6,52.0,1.2,1.8,8.6,2.2,0,0
Brandon Rush,2015,0.3,1.2,10.1,72.0,0.4,0.5,4.2,2.2,0,0
Terrence Jones,2015,0.0,0.7,13.5,50.0,2.3,1.0,8.7,3.0,0,0
Joffrey Lauvergne,2015,0.1,0.7,15.7,59.0,1.2,0.9,7.9,3.6,0,0
Jameer Nelson,2015,-0.3,0.4,9.5,39.0,0.9,1.7,7.7,2.5,0,0
Spencer Hawes,2015,0.3,1.4,12.4,57.0,1.1,1.0,6.0,3.4,0,0
Nick Young,2015,-0.5,0.0,9.1,54.0,1.4,0.6,7.3,1.5,0,0
Jarrett Jack,2015,0.3,0.4,14.5,32.0,3.5,2.9,12.8,4.0,0,0
Vince Carter,2015,0.3,0.8,12.7,60.0,1.4,0.6,6.6,1.9,0,0
Dwight Powell,2015,0.5,1.3,16.8,69.0,2.1,0.6,5.8,2.7,0,0
Steve Blake,2015,-0.1,0.8,9.8,58.0,0.3,1.4,4.4,1.4,0,0
Markel Brown,2015,-0.3,0.4,11.3,62.0,1.5,0.9,5.9,1.6,0,0
Kyle Singler,2015,-0.3,0.8,6.6,68.0,0.6,0.5,3.4,1.3,0,0
John Henson,2015,0.5,1.1,18.6,57.0,2.1,1.1,7.0,2.4,0,0
Chase Budinger,2015,0.2,1.0,10.7,66.0,0.8,0.7,4.1,1.6,0,0
Anthony Morrow,2015,0.2,0.5,10.7,68.0,0.6,0.3,5.6,0.8,0,0
James Johnson,2015,0.2,1.0,11.4,57.0,1.2,0.9,5.0,1.7,0,0
Thomas Robinson,2015,-0.4,1.1,14.5,71.0,1.5,1.0,4.3,3.1,0,0
Sasha Vujačić,2015,0.2,0.8,11.1,61.0,0.6,0.7,4.9,2.0,0,0
David Lee,2015,0.7,1.4,19.6,55.0,1.7,1.2,7.8,3.7,0,0
Josh Smith,2015,-0.2,1.2,10.6,55.0,1.2,1.4,6.0,2.6,0,0
Quincy Acy,2015,0.4,0.7,14.7,59.0,1.2,0.5,5.2,2.1,0,0
Miles Plumlee,2015,0.1,0.8,17.4,61.0,1.0,0.7,5.1,2.3,0,0
Brandon Jennings,2015,0.3,0.7,13.7,48.0,1.6,1.2,6.9,1.7,0,0
Solomon Hill,2015,0.5,1.3,12.2,59.0,0.7,0.6,4.2,2.2,0,0
Tim Hardaway Jr.,2015,0.2,1.0,11.7,51.0,1.1,0.5,6.4,1.5,0,0
Tyler Johnson,2015,0.6,0.9,13.8,36.0,1.8,1.3,8.7,2.3,0,0
Alexis Ajinça,2015,-0.4,0.9,13.8,59.0,1.1,0.9,6.0,3.3,0,0
Chris Johnson,2015,0.0,1.2,8.2,70.0,0.6,0.6,2.9,1.5,0,0
Johnny O'Bryant,2015,-0.8,0.4,7.4,66.0,0.6,0.5,3.0,1.7,0,0
Luke Babbitt,2015,-0.1,0.3,11.6,47.0,1.1,0.5,7.0,2.6,0,0
Kris Humphries,2015,0.0,1.1,13.1,53.0,1.6,0.7,6.5,3.0,0,0
Marreese Speights,2015,-0.4,1.2,17.1,72.0,1.6,0.9,7.1,2.3,0,0
Pablo Prigioni,2015,0.3,1.1,10.2,59.0,0.1,0.8,2.5,1.3,0,0
Andrew Nicholson,2015,0.2,0.8,14.8,56.0,1.2,0.7,6.9,3.0,0,0
Gary Neal,2015,0.1,0.5,13.5,40.0,1.4,0.7,9.8,1.8,0,0
Cole Aldrich,2015,0.9,2.0,21.3,60.0,1.4,1.1,5.5,3.4,0,0
Alec Burks,2015,0.3,0.8,14.3,31.0,4.5,1.6,13.3,3.0,0,0
DeMarre Carroll,2015,0.5,1.0,11.9,26.0,1.9,1.1,11.0,3.5,0,0
Justin Holiday,2015,-0.2,0.9,9.4,53.0,0.7,0.7,4.5,1.5,0,0
Festus Ezeli,2015,0.4,1.3,17.7,46.0,2.9,0.8,7.0,3.6,0,0
Tyreke Evans,2015,0.7,0.6,17.9,25.0,3.7,2.9,15.2,4.4,0,0
Kyle O'Quinn,2015,0.5,1.2,17.5,65.0,0.9,0.9,4.8,2.7,0,0
Amar'e Stoudemire,2015,0.3,1.3,17.3,52.0,1.3,0.9,5.8,3.0,0,0
Mo Williams,2015,0.1,0.7,12.4,41.0,1.0,1.4,8.2,1.6,0,0
Tim Frazier,2015,0.0,0.5,13.9,51.0,1.5,1.3,5.1,1.6,0,0
James Anderson,2015,-0.5,0.4,6.0,51.0,0.6,0.8,3.5,1.4,0,0
Tyler Zeller,2015,-0.2,0.9,15.4,60.0,1.8,0.8,6.1,1.9,0,0
Beno Udrih,2015,-0.3,0.5,9.5,44.0,0.5,1.2,4.7,1.5,0,0
Dewayne Dedmon,2015,0.2,1.1,17.0,58.0,1.3,0.6,4.4,2.8,0,0
Mike Dunleavy,2015,-0.3,0.5,9.1,31.0,1.2,0.8,7.2,2.4,0,0
Nick Collison,2015,-0.2,0.7,7.7,59.0,0.6,0.8,2.1,1.7,0,0
Seth Curry,2015,0.3,0.2,13.8,44.0,1.2,0.8,6.8,1.2,0,0
Charlie Villanueva,2015,-0.1,0.8,11.9,62.0,0.4,0.5,5.1,2.1,0,0
Jeff Withey,2015,0.5,1.3,17.7,51.0,1.2,0.5,4.3,2.3,0,0
C.J. Watson,2015,-0.2,0.4,8.6,33.0,1.2,0.8,4.3,1.7,0,0
Tyler Ennis,2015,-0.4,0.3,10.7,46.0,0.7,1.0,4.5,1.3,0,0
Joakim Noah,2015,0.6,1.1,14.1,29.0,1.6,1.8,4.3,5.8,0,0
Andrea Bargnani,2015,-0.5,0.0,11.8,46.0,1.2,0.6,6.6,1.5,0,0
Kirk Hinrich,2015,-0.2,0.5,7.2,46.0,0.3,0.7,3.0,1.3,0,0
Sean Kilpatrick,2015,0.0,0.0,15.6,31.0,2.2,1.0,11.1,1.4,0,0
Shabazz Napier,2015,-0.2,0.4,9.6,55.0,0.8,0.8,3.7,0.8,0,0
Josh McRoberts,2015,0.1,0.7,9.9,42.0,1.0,0.7,3.6,2.0,0,0
Metta World Peace,2015,-0.2,0.3,8.3,35.0,1.6,0.4,5.0,2.0,0,0
Tiago Splitter,2015,0.0,0.9,13.7,36.0,1.3,0.7,5.6,2.1,0,0
Ian Clark,2015,0.0,0.6,11.5,66.0,0.5,0.7,3.6,0.8,0,0
Carl Landry,2015,0.5,0.3,22.4,36.0,2.5,0.6,9.8,2.7,0,0
Mike Muscala,2015,0.2,0.9,13.6,60.0,0.7,0.5,3.3,1.3,0,0
Kevin Garnett,2015,0.5,0.7,12.3,38.0,0.6,0.4,3.2,3.6,0,0
Donatas Motiejūnas,2015,-0.3,0.3,11.3,37.0,1.4,1.2,6.2,1.9,0,0
Jusuf Nurkić,2015,-0.1,0.9,15.9,32.0,3.1,1.7,8.2,3.4,0,0
Kendrick Perkins,2015,-0.4,0.4,6.0,37.0,0.7,1.1,2.5,2.8,0,0
Kevin Séraphin,2015,-0.2,0.7,10.8,48.0,0.5,0.9,3.9,2.0,0,0
Glenn Robinson III,2015,0.1,0.6,11.4,45.0,0.9,0.4,3.8,1.2,0,0
Sonny Weems,2015,-0.7,0.1,3.7,43.0,0.3,1.0,2.5,1.1,0,0
Tarik Black,2015,-0.2,0.4,12.3,39.0,1.2,0.6,3.4,2.9,0,0
Anderson Varejão,2015,-0.1,0.8,11.1,53.0,0.9,0.4,2.6,2.0,0,0
Adreian Payne,2015,-0.5,0.4,5.6,52.0,0.5,0.7,2.5,1.8,0,0
John Jenkins,2015,-0.1,0.2,10.0,43.0,0.6,0.6,4.1,1.1,0,0
Troy Daniels,2015,0.3,0.4,14.9,43.0,0.2,0.6,5.6,1.2,0,0
Ray McCallum,2015,-0.1,0.5,9.1,41.0,0.4,0.6,3.3,1.0,0,0
Jason Thompson,2015,0.1,0.7,14.2,47.0,1.1,0.3,3.1,2.2,0,0
Ryan Kelly,2015,-0.2,0.3,10.3,36.0,1.5,0.5,4.2,2.8,0,0
Brian Roberts,2015,0.0,0.3,13.8,51.0,0.9,0.5,4.0,0.7,0,0
James Jones,2015,0.2,0.5,11.6,48.0,0.5,0.3,3.7,0.9,0,0
Andre Miller,2015,0.0,0.4,13.4,39.0,0.8,0.9,3.7,1.0,0,0
Greivis Vásquez,2015,-0.5,0.1,7.4,23.0,1.1,1.7,5.7,1.8,0,0
Ryan Hollins,2015,-0.2,0.3,12.3,37.0,1.1,0.6,3.4,1.4,0,0
J.J. Hickson,2015,0.1,0.5,16.8,35.0,2.9,0.7,5.9,2.7,0,0
Rasual Butler,2015,0.5,0.9,13.4,46.0,0.3,0.2,2.7,1.2,0,0
Reggie Bullock,2015,0.3,0.4,12.0,37.0,0.4,0.2,3.3,1.5,0,0
Jared Cunningham,2015,-0.4,0.4,5.9,44.0,1.3,0.5,2.7,0.8,0,0
Chris Andersen,2015,0.3,0.4,15.3,27.0,1.3,0.3,3.9,2.3,0,0
Kendall Marshall,2015,-0.5,0.1,6.7,30.0,0.4,1.4,3.7,0.9,0,0
Sergey Karasev,2015,-0.2,0.1,8.5,40.0,0.7,0.6,2.4,1.3,0,0
Mike Miller,2015,0.0,0.3,6.5,47.0,0.0,0.4,1.3,1.0,0,0
JaVale McGee,2015,0.1,0.5,19.9,34.0,1.1,0.6,5.1,2.4,0,0
Michael Beasley,2015,0.3,0.3,22.5,20.0,2.5,1.2,12.8,3.5,0,0
Tyler Hansbrough,2015,-0.1,0.5,12.5,44.0,1.5,0.3,2.4,1.1,0,0
James Ennis III,2015,0.3,0.2,17.8,22.0,1.5,0.9,7.2,1.0,0,0
Robert Sacre,2015,-0.2,0.1,10.4,25.0,1.5,0.5,3.5,1.6,0,0
Drew Gooden,2015,-0.3,0.4,7.5,30.0,0.5,0.4,2.7,1.9,0,0
Jordan Hamilton,2015,-0.1,0.2,12.4,11.0,1.9,1.5,11.4,4.5,0,0
Kostas Papanikolaou,2015,-0.2,0.2,6.0,26.0,0.5,0.8,2.6,1.2,0,0
Jordan Farmar,2015,0.1,0.2,13.2,12.0,0.8,1.5,9.2,1.8,0,0
Phil Pressey,2015,-0.1,0.3,10.6,23.0,1.1,1.4,3.3,1.2,0,0
Damjan Rudež,2015,-0.2,0.0,5.5,33.0,0.2,0.4,2.3,0.5,0,0
Henry Sims,2015,-0.2,0.3,13.9,14.0,2.1,0.9,6.5,3.6,0,0
James Michael McAdoo,2015,0.0,0.3,15.9,41.0,1.2,0.4,2.9,0.7,0,0
Udonis Haslem,2015,0.0,0.4,9.1,37.0,0.4,0.1,1.6,1.8,0,0
Jeremy Evans,2015,0.1,0.3,12.6,30.0,0.7,0.2,2.4,1.4,0,0
Devyn Marble,2015,-0.3,0.3,5.2,28.0,0.9,0.3,2.1,1.1,0,0
K.J. McDaniels,2015,-0.1,0.1,10.6,37.0,0.8,0.5,2.4,0.7,0,0
Lucas Nogueira,2015,0.1,0.4,15.6,29.0,0.5,0.4,2.2,1.0,0,0
Elton Brand,2015,-0.1,0.3,11.4,17.0,0.5,0.6,4.1,3.2,0,0
DeJuan Blair,2015,-0.4,0.3,5.4,29.0,0.4,0.5,2.1,1.3,0,0
Brandan Wright,2015,0.1,0.2,18.3,12.0,2.0,0.8,6.9,2.4,0,0
Matt Bonner,2015,0.2,0.3,14.1,30.0,0.1,0.1,2.5,0.8,0,0
Michael Kidd-Gilchrist,2015,0.1,0.2,16.9,7.0,4.1,1.1,12.7,4.7,0,0
Lou Amundson,2015,-0.3,0.2,6.7,29.0,0.9,0.5,1.8,0.9,0,0
James Young,2015,-0.1,0.2,3.6,29.0,0.1,0.2,1.0,0.8,0,0
Greg Smith,2015,-0.2,0.1,7.9,18.0,0.9,0.4,2.4,1.7,0,0
Alan Anderson,2015,0.0,0.2,9.2,13.0,1.2,0.2,5.0,2.0,0,0
Caron Butler,2015,0.0,0.1,11.3,17.0,0.7,0.2,3.7,1.0,0,0
Elijah Millsap,2015,-0.1,0.3,6.5,20.0,0.9,0.5,1.8,1.5,0,0
C.J. Wilcox,2015,0.0,0.2,12.9,23.0,0.5,0.1,3.0,0.5,0,0
Spencer Dinwiddie,2015,-0.1,0.1,8.9,12.0,2.8,0.6,4.8,1.1,0,0
Chris Copeland,2015,-0.2,0.0,5.4,24.0,0.3,0.3,2.1,0.4,0,0
Nikola Peković,2015,-0.2,0.0,6.5,12.0,1.7,0.8,4.5,1.2,0,0
Cleanthony Early,2015,-0.3,0.1,2.2,17.0,0.2,0.5,1.8,1.3,0,0
Tony Wroten,2015,-0.4,0.0,1.8,8.0,4.6,3.6,8.4,2.4,0,0
Chris Kaman,2015,0.0,0.1,11.1,16.0,0.2,0.5,2.8,1.1,0,0
Jeff Ayres,2015,-0.1,0.1,8.3,17.0,0.4,0.4,1.8,1.1,0,0
Cameron Bairstow,2015,-0.1,0.1,6.8,18.0,0.4,0.2,1.9,1.3,0,0
Orlando Johnson,2015,-0.2,0.1,3.6,7.0,1.1,0.6,3.7,1.6,0,0
Joel Anthony,2015,0.1,0.2,14.1,19.0,0.4,0.1,0.9,0.7,0,0
Anthony Bennett,2015,0.0,0.1,10.4,19.0,0.5,0.2,1.5,0.9,0,0
Mitch McGary,2015,-0.1,0.1,7.4,20.0,0.5,0.4,1.3,0.7,0,0
Russ Smith,2015,0.0,0.1,10.5,15.0,0.9,0.5,1.5,0.5,0,0
Jorge Gutiérrez,2015,0.0,0.1,19.2,12.0,0.9,0.5,1.8,0.6,0,0
Lorenzo Brown,2015,-0.1,0.1,4.4,8.0,0.5,1.1,2.5,0.9,0,0
Andrew Goudelock,2015,0.0,0.1,12.3,8.0,0.5,0.9,2.8,0.1,0,0
Cory Jefferson,2015,-0.1,0.0,12.7,8.0,0.8,0.0,2.8,1.3,0,0
Eric Moreland,2015,0.0,0.0,7.4,8.0,0.5,0.4,1.0,1.0,0,0
Elliot Williams,2015,-0.1,0.0,3.3,5.0,0.8,0.2,1.6,0.6,0,0
Steve Novak,2015,0.0,0.0,14.4,10.0,0.1,0.1,2.4,0.5,0,0
Bruno Caboclo,2015,-0.2,0.0,-7.7,6.0,0.0,0.7,0.5,0.2,0,0
Jodie Meeks,2015,0.0,0.0,13.5,3.0,1.3,0.3,7.3,1.3,0,0
Dahntay Jones,2015,0.0,0.1,10.3,1.0,0.0,0.0,13.0,4.0,0,0
Erick Green,2015,0.0,0.0,12.4,9.0,0.2,0.0,1.4,0.3,0,0
Shayne Whittington,2015,-0.1,0.1,7.4,7.0,0.3,0.7,1.6,1.0,0,0
Bryce Cotton,2015,-0.1,0.0,1.7,8.0,0.0,0.6,1.0,0.0,0,0
Justin Harper,2015,0.0,0.0,6.9,5.0,0.4,0.4,2.6,0.2,0,0
Chuck Hayes,2015,0.0,0.0,1.6,2.0,1.0,1.5,2.0,4.0,0,0
Nate Robinson,2015,0.0,0.0,2.6,2.0,0.0,0.0,0.0,0.0,0,0
Nazr Mohammed,2015,0.0,0.0,6.0,5.0,0.4,0.6,1.6,0.6,0,0
Jarnell Stokes,2015,0.0,0.0,20.0,7.0,0.3,0.0,1.0,0.4,0,0
Jimmer Fredette,2015,0.0,0.0,12.0,6.0,0.8,0.3,1.5,0.0,0,0
Joe Harris,2015,0.0,0.0,3.4,5.0,0.0,0.2,0.6,0.6,0,0
Jordan Adams,2015,0.0,0.0,17.3,2.0,2.5,1.0,3.5,1.0,0,0
Andrew Wiggins,2016,0.2,0.9,16.5,82.0,6.6,2.3,23.6,2.8,0,0
Karl-Anthony Towns,2016,5.2,2.8,25.9,82.0,5.2,2.6,25.1,8.7,0,0
James Harden,2016,8.0,3.6,27.4,81.0,10.9,5.7,29.1,7.0,1,1
Giannis Antetokounmpo,2016,6.7,4.5,26.1,80.0,7.7,2.9,22.9,7.0,1,2
John Wall,2016,4.8,3.0,23.2,78.0,6.8,4.1,23.1,3.4,1,3
Jimmy Butler,2016,6.6,3.8,25.1,76.0,8.9,2.1,23.9,4.5,1,3
Harrison Barnes,2016,0.8,2.1,16.3,79.0,3.6,1.3,19.2,3.8,0,0
Russell Westbrook,2016,9.3,4.6,30.6,81.0,10.4,5.4,31.6,9.0,1,1
CJ McCollum,2016,2.8,1.4,19.9,80.0,3.7,2.2,23.0,2.9,0,0
LeBron James,2016,6.7,3.0,27.0,74.0,7.2,4.1,26.4,7.3,1,1
Trevor Ariza,2016,2.1,3.2,12.3,80.0,1.6,0.9,11.7,5.1,0,0
Rudy Gobert,2016,4.4,6.0,23.3,81.0,5.9,1.8,14.0,8.9,1,2
Kemba Walker,2016,4.2,2.2,21.3,79.0,4.5,2.1,23.2,3.3,0,0
Devin Booker,2016,0.1,0.6,14.6,78.0,5.7,3.1,22.1,2.6,0,0
Anthony Davis,2016,5.4,5.1,27.5,75.0,8.6,2.4,28.0,9.5,1,1
Damian Lillard,2016,4.8,1.5,24.1,75.0,7.3,2.6,27.0,4.3,0,0
Paul George,2016,3.4,3.1,20.2,75.0,5.0,2.9,23.7,5.8,0,0
Bradley Beal,2016,3.5,1.6,20.1,77.0,4.4,2.0,23.1,2.4,0,0
Jeff Teague,2016,2.8,2.4,19.2,82.0,5.1,2.6,15.3,3.6,0,0
Gorgui Dieng,2016,1.3,2.5,14.2,82.0,2.0,1.3,10.0,5.6,0,0
Klay Thompson,2016,1.9,2.9,17.4,78.0,2.8,1.6,22.3,3.0,0,0
Stephen Curry,2016,5.9,3.9,24.6,79.0,4.6,3.0,25.3,3.7,1,2
DeMar DeRozan,2016,3.3,2.4,24.0,74.0,8.7,2.4,27.3,4.3,1,3
Nicolas Batum,2016,1.9,2.8,15.8,77.0,3.7,2.5,15.1,5.6,0,0
Otto Porter Jr.,2016,3.5,3.0,17.3,80.0,1.5,0.6,13.4,5.0,0,0
DeAndre Jordan,2016,3.5,4.6,21.8,81.0,5.2,1.4,12.7,10.1,1,3
Isaiah Thomas,2016,5.6,1.6,26.5,76.0,8.5,2.8,28.9,2.1,1,2
Tobias Harris,2016,2.3,2.8,16.9,82.0,2.8,1.2,16.1,4.3,0,0
Marcus Morris,2016,0.6,2.4,12.4,79.0,2.3,1.1,14.0,3.7,0,0
Marcin Gortat,2016,0.8,2.9,15.4,82.0,1.9,1.5,10.8,7.5,0,0
Myles Turner,2016,2.0,3.7,18.5,81.0,3.7,1.3,14.5,5.6,0,0
Carmelo Anthony,2016,1.7,1.5,17.9,74.0,4.9,2.1,22.4,5.1,0,0
Marc Gasol,2016,4.6,3.5,20.3,74.0,4.5,2.2,19.5,5.5,0,0
Kentavious Caldwell-Pope,2016,1.1,2.5,12.8,76.0,2.4,1.1,13.8,2.5,0,0
Kyrie Irving,2016,3.4,1.5,23.0,72.0,4.6,2.5,25.2,2.5,0,0
Gordon Hayward,2016,4.5,3.3,22.2,73.0,5.9,1.9,21.9,4.7,0,0
Hassan Whiteside,2016,2.2,5.3,22.6,77.0,4.6,2.0,17.0,10.3,0,0
Wesley Matthews,2016,0.8,2.1,11.9,73.0,2.5,1.4,13.5,3.3,0,0
Dennis Schröder,2016,1.3,2.5,16.1,79.0,3.2,3.3,17.9,2.6,0,0
Kawhi Leonard,2016,7.1,4.7,27.6,74.0,7.2,2.1,25.5,4.7,1,1
Draymond Green,2016,4.3,5.4,16.5,76.0,2.8,2.4,10.2,6.6,1,3
Ricky Rubio,2016,1.8,1.7,16.8,75.0,3.8,2.6,11.1,3.2,0,0
DeMarcus Cousins,2016,5.5,3.8,25.8,72.0,9.3,3.7,27.0,8.9,0,0
Courtney Lee,2016,0.7,1.1,12.2,77.0,1.3,0.9,10.8,2.7,0,0
Goran Dragić,2016,2.9,2.6,19.8,73.0,5.2,2.9,20.3,3.0,0,0
Serge Ibaka,2016,1.2,2.6,16.4,79.0,1.6,1.3,14.8,5.2,0,0
Elfrid Payton,2016,1.7,2.0,17.2,82.0,2.6,2.2,12.8,3.6,0,0
Andre Drummond,2016,1.8,5.3,20.9,81.0,4.4,1.9,13.6,9.5,0,0
Marcus Smart,2016,0.4,2.7,12.0,79.0,3.2,2.0,10.6,2.9,0,0
Jordan Clarkson,2016,-0.3,0.7,13.2,82.0,2.0,2.0,14.7,2.4,0,0
Steven Adams,2016,1.1,3.1,16.5,80.0,3.2,1.8,11.3,4.2,0,0
Andre Roberson,2016,0.6,3.1,9.6,79.0,1.4,0.6,6.6,3.9,0,0
Solomon Hill,2016,-0.4,2.3,8.0,80.0,1.6,1.0,7.0,3.2,0,0
Markieff Morris,2016,0.3,2.5,13.7,76.0,2.8,1.7,14.0,5.1,0,0
Michael Kidd-Gilchrist,2016,0.7,3.1,14.3,81.0,2.4,0.7,9.2,5.0,0,0
Paul Millsap,2016,2.4,3.8,17.9,69.0,5.9,2.3,18.1,6.1,0,0
Tony Snell,2016,0.2,1.3,9.7,80.0,0.7,0.7,8.5,2.8,0,0
Tristan Thompson,2016,0.7,2.3,15.3,78.0,2.7,0.8,8.1,5.5,0,0
LaMarcus Aldridge,2016,1.7,3.7,18.6,72.0,3.8,1.4,17.3,4.9,0,0
Jae Crowder,2016,1.7,2.5,14.9,72.0,3.0,1.1,13.9,5.1,0,0
Eric Gordon,2016,1.1,1.4,13.2,75.0,2.3,1.6,16.2,2.3,0,0
Aaron Gordon,2016,0.6,1.7,14.5,80.0,2.7,1.1,12.7,3.6,0,0
Marvin Williams,2016,1.1,2.6,13.7,76.0,2.0,0.8,11.2,5.4,0,0
Mike Conley,2016,5.1,2.5,23.2,69.0,5.3,2.3,20.5,3.0,0,0
Robin Lopez,2016,-0.1,2.4,14.4,81.0,1.3,1.1,10.4,3.4,0,0
Allen Crabbe,2016,0.4,1.0,11.6,79.0,1.6,0.8,10.7,2.6,0,0
Kyle Lowry,2016,4.6,2.3,22.9,60.0,6.1,2.9,22.4,4.0,0,0
Thaddeus Young,2016,1.4,2.7,14.9,74.0,1.2,1.3,11.0,4.3,0,0
P.J. Tucker,2016,1.0,2.2,10.5,81.0,1.1,0.8,6.7,4.4,0,0
Evan Fournier,2016,0.4,1.1,13.9,68.0,4.1,2.1,17.2,2.4,0,0
Maurice Harkless,2016,0.8,1.9,13.1,77.0,1.6,1.1,10.0,2.8,0,0
Brook Lopez,2016,2.4,1.8,20.4,75.0,4.9,2.5,20.5,3.8,0,0
Victor Oladipo,2016,0.8,2.3,13.6,67.0,2.3,1.8,15.9,3.8,0,0
Dwight Howard,2016,1.9,4.5,20.8,74.0,5.7,2.3,13.5,8.7,0,0
JJ Redick,2016,1.4,1.5,14.8,78.0,2.6,1.3,15.0,2.1,0,0
Wilson Chandler,2016,0.5,1.1,14.9,71.0,2.7,1.6,15.7,5.0,0,0
Al Horford,2016,3.0,2.7,17.7,68.0,2.0,1.7,14.0,5.4,0,0
Jrue Holiday,2016,1.8,2.6,17.1,67.0,2.5,2.9,15.4,3.3,0,0
Nik Stauskas,2016,-0.5,1.4,9.0,80.0,1.9,1.6,9.5,2.6,0,0
Tyler Johnson,2016,1.8,2.7,15.9,73.0,3.5,1.2,13.7,3.3,0,0
Eric Bledsoe,2016,3.1,1.4,20.5,66.0,6.9,3.4,21.1,4.1,0,0
Kristaps Porziņģis,2016,1.3,2.1,17.4,66.0,3.8,1.8,18.1,5.5,0,0
Nikola Vučević,2016,1.9,3.1,19.1,75.0,2.1,1.6,14.6,8.0,0,0
Jamal Crawford,2016,0.0,1.4,12.0,82.0,2.5,1.6,12.3,1.4,0,0
Tim Hardaway Jr.,2016,1.4,2.1,15.2,79.0,2.7,1.3,14.5,2.4,0,0
Mason Plumlee,2016,2.2,2.4,18.1,81.0,3.7,1.7,10.4,5.4,0,0
Ersan İlyasova,2016,1.1,2.3,14.6,82.0,2.5,1.4,13.1,4.5,0,0
Danilo Gallinari,2016,1.9,0.7,17.4,63.0,6.1,1.3,18.2,4.5,0,0
T.J. McConnell,2016,0.5,2.4,13.7,81.0,1.1,2.0,6.9,2.6,0,0
Julius Randle,2016,0.6,1.5,16.3,74.0,3.8,2.3,13.2,6.6,0,0
Robert Covington,2016,1.1,3.2,13.2,67.0,2.6,2.0,12.9,5.1,0,0
Ryan Anderson,2016,0.9,1.1,13.5,72.0,2.1,0.8,13.6,3.0,0,0
JaMychal Green,2016,0.6,2.6,13.5,77.0,2.2,1.2,8.9,4.9,0,0
James Johnson,2016,2.5,3.2,17.0,76.0,2.8,2.3,12.8,4.1,0,0
Bojan Bogdanović,2016,-0.1,0.9,13.5,81.0,3.0,1.6,13.7,3.0,0,0
Derrick Rose,2016,0.5,0.6,17.0,64.0,4.0,2.3,18.0,2.8,0,0
Blake Griffin,2016,3.5,2.4,22.6,61.0,6.9,2.3,21.6,6.3,0,0
Kevin Durant,2016,5.7,4.0,27.6,62.0,6.2,2.2,25.1,7.6,1,2
Jonas Valančiūnas,2016,1.2,3.0,20.1,80.0,2.7,1.3,12.0,6.7,0,0
Darren Collison,2016,0.6,0.8,15.3,68.0,2.5,1.7,13.2,1.9,0,0
Patrick Beverley,2016,1.6,2.4,13.0,67.0,1.4,1.5,9.5,4.4,0,0
Austin Rivers,2016,-0.1,1.3,11.4,74.0,2.6,1.6,12.0,1.9,0,0
T.J. Warren,2016,0.7,1.1,15.6,66.0,2.3,0.9,14.4,3.2,0,0
Jameer Nelson,2016,0.0,0.5,11.5,75.0,0.8,1.7,9.2,2.2,0,0
Nikola Jokić,2016,4.8,2.0,26.3,73.0,3.1,2.3,16.7,6.9,0,0
Seth Curry,2016,1.7,1.7,15.5,70.0,1.4,1.3,12.8,2.2,0,0
Cory Joseph,2016,0.4,1.7,13.2,80.0,1.5,1.4,9.3,2.3,0,0
Andre Iguodala,2016,2.3,2.9,14.3,76.0,1.3,0.8,7.6,3.3,0,0
Monta Ellis,2016,-0.5,1.7,9.9,74.0,1.7,1.8,8.5,2.5,0,0
Lou Williams,2016,3.0,1.0,21.4,81.0,5.6,2.0,17.5,2.2,0,0
Taj Gibson,2016,0.2,2.5,15.0,78.0,2.0,1.3,10.8,4.2,0,0
Matthew Dellavedova,2016,-1.1,0.9,9.4,76.0,1.3,1.8,7.6,1.6,0,0
Joe Ingles,2016,1.8,3.0,12.4,82.0,0.8,1.3,7.1,2.9,0,0
Kent Bazemore,2016,0.5,2.8,11.6,73.0,2.3,1.7,11.0,2.5,0,0
Ish Smith,2016,1.1,2.2,14.7,81.0,1.3,1.4,9.4,2.6,0,0
Terrence Ross,2016,0.9,2.0,13.4,78.0,1.0,0.9,11.0,2.4,0,0
Frank Kaminsky,2016,0.4,1.9,13.0,75.0,2.1,1.0,11.7,3.7,0,0
Jon Leuer,2016,1.0,2.0,14.2,75.0,1.5,0.9,10.2,4.0,0,0
Iman Shumpert,2016,-0.1,1.4,9.0,76.0,1.2,1.0,7.5,2.4,0,0
Chris Paul,2016,5.2,2.6,26.2,61.0,4.3,2.4,18.1,4.3,0,0
Tony Allen,2016,0.5,2.9,13.3,71.0,1.8,1.4,9.1,3.2,0,0
Kevin Love,2016,1.9,2.4,21.1,60.0,4.9,2.0,19.0,8.6,0,0
DeMarre Carroll,2016,1.0,2.1,11.9,72.0,1.6,0.8,8.9,2.9,0,0
Joe Johnson,2016,1.1,2.1,12.8,78.0,1.0,0.9,9.2,2.7,0,0
Rajon Rondo,2016,0.7,2.7,13.6,69.0,0.7,2.4,7.8,4.1,0,0
Avery Bradley,2016,0.7,2.0,14.4,55.0,1.7,1.6,16.3,4.9,0,0
Greg Monroe,2016,1.7,2.6,21.1,81.0,3.0,1.7,11.7,4.5,0,0
E'Twaun Moore,2016,0.2,1.5,12.1,73.0,1.0,0.8,9.6,1.6,0,0
D'Angelo Russell,2016,0.6,1.0,15.3,63.0,3.0,2.8,15.6,3.0,0,0
Danny Green,2016,1.3,3.0,10.1,68.0,0.5,1.1,7.3,2.8,0,0
Brandon Jennings,2016,-0.2,1.0,12.1,81.0,1.9,1.6,7.1,2.1,0,0
Vince Carter,2016,1.3,2.1,11.7,73.0,1.6,0.7,8.0,2.6,0,0
Bismack Biyombo,2016,-0.6,2.1,12.2,81.0,2.9,1.2,6.0,5.1,0,0
Dwyane Wade,2016,2.1,2.5,18.5,60.0,4.7,2.3,18.3,3.5,0,0
Luc Mbah a Moute,2016,0.8,1.8,10.2,80.0,1.1,0.6,6.1,1.6,0,0
Zach Randolph,2016,0.7,2.4,18.5,73.0,2.6,1.4,14.1,5.7,0,0
Gary Harris,2016,1.2,0.7,16.5,57.0,2.4,1.3,14.9,2.3,0,0
Marco Belinelli,2016,0.4,1.2,13.3,74.0,2.3,0.9,10.5,2.2,0,0
Matt Barnes,2016,0.3,1.7,10.3,74.0,1.2,1.4,7.1,4.2,0,0
C.J. Miles,2016,1.1,1.4,13.8,76.0,1.2,0.5,10.7,2.6,0,0
Al-Farouq Aminu,2016,0.4,2.0,11.3,61.0,2.2,1.5,8.7,6.1,0,0
Rondae Hollis-Jefferson,2016,0.3,2.2,13.7,78.0,3.2,1.5,8.7,4.6,0,0
Patty Mills,2016,1.6,2.2,15.2,80.0,1.0,1.3,9.5,1.5,0,0
Trevor Booker,2016,0.6,2.2,15.7,71.0,1.5,1.8,10.0,6.0,0,0
Sean Kilpatrick,2016,-0.1,1.1,13.1,70.0,3.5,1.9,13.1,3.7,0,0
Kyle Korver,2016,0.9,1.3,12.1,67.0,0.6,1.0,10.1,2.7,0,0
Zach LaVine,2016,0.9,0.4,14.6,47.0,3.0,1.8,18.9,3.0,0,0
Ty Lawson,2016,0.4,1.0,15.4,69.0,3.1,1.9,9.9,2.0,0,0
Garrett Temple,2016,0.5,1.3,11.2,65.0,1.1,1.2,7.8,2.3,0,0
Jabari Parker,2016,1.2,1.5,19.1,51.0,4.3,1.8,20.1,4.6,0,0
Cody Zeller,2016,1.0,2.2,16.7,62.0,3.2,1.0,10.3,4.4,0,0
Will Barton,2016,1.0,0.8,15.5,60.0,3.2,1.6,13.7,3.4,0,0
Raymond Felton,2016,0.3,1.8,10.9,80.0,0.8,1.0,6.7,2.3,0,0
Nikola Mirotić,2016,1.1,2.5,14.5,70.0,1.8,1.1,10.6,4.6,0,0
Gerald Henderson,2016,-0.5,1.0,10.8,72.0,2.3,0.9,9.2,2.1,0,0
Evan Turner,2016,-0.2,1.2,11.4,65.0,1.6,1.5,9.0,3.2,0,0
Deron Williams,2016,0.1,0.9,14.0,64.0,1.7,2.2,11.0,2.1,0,0
Dante Cunningham,2016,0.2,1.6,10.2,66.0,0.4,0.4,6.6,3.3,0,0
Justin Holiday,2016,0.7,1.2,12.7,82.0,1.0,0.8,7.7,2.4,0,0
Pau Gasol,2016,2.5,3.1,20.2,64.0,2.9,1.3,12.4,6.2,0,0
Richard Jefferson,2016,-0.4,0.8,8.3,79.0,1.4,0.7,5.7,2.2,0,0
Josh Richardson,2016,0.4,1.9,10.7,53.0,1.5,1.2,10.2,2.5,0,0
Amir Johnson,2016,1.1,2.1,15.0,80.0,1.3,1.0,6.5,3.1,0,0
Kelly Oubre Jr.,2016,-0.5,1.5,9.1,79.0,1.3,0.6,6.3,2.5,0,0
Patrick Patterson,2016,0.8,1.6,10.8,65.0,0.9,0.6,6.8,3.6,0,0
Thabo Sefolosha,2016,1.0,2.7,11.9,62.0,1.2,0.9,7.2,3.5,0,0
Rodney Hood,2016,0.4,1.9,12.4,59.0,1.9,1.1,12.7,3.2,0,0
Tony Parker,2016,-0.2,1.7,13.0,63.0,1.9,1.4,10.1,1.7,0,0
Arron Afflalo,2016,-0.7,0.2,8.9,61.0,1.5,0.7,8.4,1.9,0,0
Alex Len,2016,-0.1,1.7,15.0,77.0,2.7,1.3,8.0,4.6,0,0
Nick Young,2016,0.7,0.2,14.1,60.0,1.5,0.6,13.2,1.9,0,0
Clint Capela,2016,1.2,2.1,21.4,65.0,2.7,1.3,12.6,5.4,0,0
George Hill,2016,2.3,1.9,19.3,49.0,4.0,1.7,16.9,2.9,0,0
D.J. Augustin,2016,-0.4,0.5,11.0,78.0,2.1,1.2,7.9,1.3,0,0
Kelly Olynyk,2016,0.9,1.9,15.3,75.0,1.6,1.3,9.0,3.8,0,0
Jeff Green,2016,-0.6,0.9,10.5,69.0,2.4,1.1,9.2,2.5,0,0
Enes Freedom,2016,1.4,1.8,23.7,72.0,4.0,1.7,14.3,4.0,0,0
Jerami Grant,2016,0.3,1.8,10.1,80.0,1.8,0.6,5.5,2.1,0,0
Tim Frazier,2016,-0.3,1.4,12.4,65.0,2.0,1.6,7.1,2.1,0,0
Sergio Rodríguez,2016,-0.3,1.0,11.1,68.0,0.4,1.9,7.8,2.0,0,0
Shabazz Muhammad,2016,-0.1,0.2,14.9,78.0,2.4,0.7,9.9,1.7,0,0
Doug McDermott,2016,-0.1,1.0,10.7,66.0,1.3,0.6,9.0,2.4,0,0
James Ennis III,2016,0.3,1.7,10.6,64.0,1.7,0.9,6.7,3.0,0,0
Wayne Ellington,2016,0.7,1.2,12.6,62.0,0.7,0.5,10.5,1.8,0,0
Langston Galloway,2016,-0.1,1.1,10.4,74.0,0.9,0.6,7.9,1.7,0,0
Luol Deng,2016,0.0,0.8,10.1,56.0,1.1,0.8,7.6,4.1,0,0
David Lee,2016,1.4,2.5,18.5,79.0,1.4,1.0,7.3,3.7,0,0
Anthony Tolliver,2016,0.4,0.8,11.1,65.0,1.3,0.9,7.1,2.9,0,0
Larry Nance Jr.,2016,1.0,1.5,15.7,63.0,1.3,0.9,7.1,4.0,0,0
Glenn Robinson III,2016,0.6,1.2,11.5,69.0,1.1,0.5,6.1,2.7,0,0
Dirk Nowitzki,2016,1.0,1.9,17.0,54.0,2.1,0.9,14.2,6.1,0,0
Reggie Jackson,2016,0.4,1.2,14.9,52.0,2.6,2.2,14.5,1.8,0,0
Willie Cauley-Stein,2016,0.3,1.5,16.3,75.0,2.0,0.9,8.1,3.4,0,0
Sam Dekker,2016,0.6,1.2,13.1,77.0,0.9,0.5,6.5,2.5,0,0
Kosta Koufos,2016,-0.2,1.4,13.8,71.0,0.9,0.9,6.6,4.0,0,0
Emmanuel Mudiay,2016,-0.4,0.5,10.9,55.0,3.0,2.2,11.0,2.7,0,0
Channing Frye,2016,1.1,1.4,15.6,74.0,1.0,0.7,9.1,3.4,0,0
Jonathon Simmons,2016,-0.2,2.1,9.9,78.0,1.7,1.0,6.2,1.8,0,0
Jusuf Nurkić,2016,0.4,1.8,17.5,65.0,3.2,2.2,10.2,4.8,0,0
Dion Waiters,2016,0.7,1.5,14.5,46.0,2.8,2.2,15.8,2.9,0,0
Stanley Johnson,2016,-0.3,1.8,7.2,77.0,0.7,0.9,4.4,2.0,0,0
Norman Powell,2016,0.5,1.4,14.0,76.0,2.1,0.9,8.4,1.9,0,0
Jason Terry,2016,0.4,0.9,9.1,74.0,0.4,0.5,4.1,1.2,0,0
Jared Dudley,2016,0.3,0.7,10.6,64.0,1.0,1.1,6.8,3.0,0,0
Shaun Livingston,2016,-0.2,1.6,10.1,76.0,0.8,0.8,5.1,1.6,0,0
Spencer Dinwiddie,2016,0.4,0.9,12.7,59.0,2.7,1.1,7.3,2.3,0,0
Dwight Powell,2016,1.0,1.9,17.6,77.0,1.8,0.4,6.7,2.8,0,0
Dewayne Dedmon,2016,0.9,3.0,16.0,76.0,1.2,0.8,5.1,4.8,0,0
Tyson Chandler,2016,0.8,1.3,16.6,47.0,2.6,1.4,8.4,8.2,0,0
Kenneth Faried,2016,0.7,1.2,20.3,61.0,3.1,1.0,9.6,4.6,0,0
Manu Ginóbili,2016,1.1,2.4,13.9,69.0,1.6,1.4,7.5,1.9,0,0
Marreese Speights,2016,0.9,1.7,17.5,82.0,1.7,0.8,8.7,3.5,0,0
Randy Foye,2016,-0.8,0.7,7.3,69.0,0.9,1.2,5.2,2.1,0,0
Boris Diaw,2016,-0.1,1.2,9.0,73.0,0.5,1.2,4.6,1.5,0,0
Corey Brewer,2016,-0.2,1.2,9.1,82.0,0.8,0.7,4.5,1.6,0,0
Terrence Jones,2016,0.5,1.9,16.1,54.0,3.1,0.9,10.8,4.5,0,0
Zaza Pachulia,2016,0.8,2.5,16.1,70.0,1.8,1.2,6.1,3.9,0,0
Noah Vonleh,2016,-0.6,1.2,10.8,74.0,1.3,0.9,4.4,3.5,0,0
Terry Rozier,2016,0.2,1.4,10.9,74.0,0.9,0.6,5.5,2.5,0,0
Mike Muscala,2016,1.0,1.6,14.4,70.0,0.9,0.8,6.2,2.3,0,0
Jonas Jerebko,2016,-0.1,1.3,9.3,78.0,0.5,0.5,3.8,2.7,0,0
Kyle O'Quinn,2016,1.2,1.8,20.5,79.0,1.1,1.0,6.3,3.6,0,0
Dante Exum,2016,-0.4,1.3,8.5,66.0,1.1,1.2,6.2,1.5,0,0
Justin Anderson,2016,0.2,1.3,13.9,75.0,1.7,0.9,7.1,2.3,0,0
Meyers Leonard,2016,-0.4,0.8,8.9,74.0,0.5,0.5,5.4,2.8,0,0
Shelvin Mack,2016,-0.1,1.5,10.9,55.0,1.4,1.6,7.8,1.9,0,0
Nenê,2016,0.8,1.6,18.9,67.0,2.9,1.1,9.1,2.8,0,0
Richaun Holmes,2016,0.9,1.6,18.6,57.0,1.8,1.0,9.8,3.8,0,0
Nemanja Bjelica,2016,0.1,0.9,11.0,65.0,0.9,0.9,6.2,2.9,0,0
J.R. Smith,2016,0.0,0.8,8.1,41.0,0.4,0.6,8.6,2.3,0,0
Derrick Favors,2016,0.6,2.2,15.8,50.0,2.2,1.2,9.5,4.3,0,0
Troy Daniels,2016,0.0,0.8,10.4,67.0,0.8,0.7,8.2,1.2,0,0
Justin Hamilton,2016,0.4,1.0,13.6,64.0,0.8,0.7,6.9,3.0,0,0
Ben McLemore,2016,-0.6,0.5,9.8,61.0,1.5,1.0,8.1,1.8,0,0
Aron Baynes,2016,-0.2,1.5,13.1,75.0,1.3,0.7,4.9,3.0,0,0
Trey Lyles,2016,-0.1,1.6,9.9,71.0,1.1,0.9,6.2,2.6,0,0
Jeremy Lamb,2016,0.7,1.3,17.0,62.0,2.1,0.6,9.7,3.8,0,0
Brandon Knight,2016,-0.2,0.2,12.4,54.0,2.9,1.6,11.0,1.7,0,0
Joe Harris,2016,-0.4,0.6,9.0,52.0,0.9,1.1,8.2,2.5,0,0
Ian Clark,2016,0.1,1.3,13.1,77.0,0.8,0.7,6.8,1.3,0,0
Jahlil Okafor,2016,-0.1,1.1,14.8,50.0,3.2,1.8,11.8,3.2,0,0
Mirza Teletović,2016,-0.5,0.7,8.8,70.0,0.6,0.5,6.4,2.2,0,0
John Henson,2016,0.1,1.6,15.3,58.0,1.8,0.9,6.8,3.5,0,0
Timofey Mozgov,2016,-0.7,0.4,12.3,54.0,1.4,1.3,7.4,3.0,0,0
Tarik Black,2016,-0.3,0.8,15.0,67.0,1.6,0.9,5.7,3.0,0,0
Lucas Nogueira,2016,1.1,2.0,15.5,57.0,1.2,0.8,4.4,2.8,0,0
Devin Harris,2016,0.4,1.1,13.8,65.0,2.0,0.9,6.7,1.8,0,0
Jason Smith,2016,0.1,1.3,13.6,74.0,0.7,0.8,5.7,2.6,0,0
Luke Babbitt,2016,0.0,1.0,8.3,68.0,0.2,0.4,4.8,1.9,0,0
Montrezl Harrell,2016,0.8,1.0,19.2,58.0,2.1,0.8,9.1,2.4,0,0
Nerlens Noel,2016,1.2,1.9,20.4,51.0,2.2,1.0,8.7,3.9,0,0
Cristiano Felício,2016,0.3,1.3,15.3,66.0,1.4,0.5,4.8,2.8,0,0
Willie Reed,2016,0.3,1.5,17.1,71.0,1.2,0.4,5.3,2.9,0,0
Brandon Rush,2016,-0.1,0.3,6.6,47.0,0.4,0.6,4.2,1.8,0,0
Jerian Grant,2016,0.6,1.2,13.2,63.0,1.2,0.7,5.9,1.5,0,0
Kyle Anderson,2016,1.0,2.0,12.5,72.0,0.8,0.5,3.4,2.4,0,0
Joakim Noah,2016,0.4,1.2,15.2,46.0,1.7,1.3,5.0,5.2,0,0
Rudy Gay,2016,1.0,1.0,17.9,30.0,4.6,2.5,18.7,5.2,0,0
C.J. Watson,2016,-0.4,0.6,9.3,62.0,1.1,0.8,4.5,1.2,0,0
Bobby Portis,2016,0.1,1.2,14.9,64.0,0.9,0.6,6.8,3.5,0,0
Joffrey Lauvergne,2016,-0.1,1.1,12.6,70.0,1.0,0.8,5.4,2.6,0,0
Lance Thomas,2016,-0.4,0.4,8.4,46.0,1.1,0.5,6.0,2.4,0,0
Leandro Barbosa,2016,-0.1,0.4,11.5,67.0,0.7,0.7,6.3,1.3,0,0
Mario Hezonja,2016,-0.7,0.8,7.2,65.0,0.8,0.9,4.9,1.9,0,0
Michael Beasley,2016,0.3,1.0,17.8,56.0,1.9,1.2,9.4,2.7,0,0
Al Jefferson,2016,0.1,1.1,18.9,66.0,1.3,0.5,8.1,3.1,0,0
Salah Mejri,2016,0.3,1.7,14.8,73.0,0.8,0.5,2.9,2.9,0,0
Aaron Brooks,2016,-0.4,0.5,9.5,65.0,0.6,1.0,5.0,0.8,0,0
Khris Middleton,2016,0.4,0.9,15.0,29.0,3.2,2.2,14.7,3.9,0,0
Jeremy Lin,2016,0.9,0.8,19.2,36.0,3.9,2.4,14.5,3.4,0,0
Lavoy Allen,2016,0.1,0.8,11.6,61.0,0.5,0.5,2.9,1.9,0,0
David West,2016,1.0,1.7,16.6,68.0,0.8,1.1,4.6,2.3,0,0
Michael Carter-Williams,2016,-0.3,1.3,9.9,45.0,1.7,1.5,6.6,2.9,0,0
Mike Dunleavy,2016,0.1,0.7,10.1,53.0,0.8,0.5,5.2,1.8,0,0
Ramon Sessions,2016,-0.1,0.6,12.4,50.0,2.4,0.9,6.2,1.2,0,0
Wesley Johnson,2016,0.0,1.2,8.4,68.0,0.3,0.3,2.7,2.3,0,0
Derrick Williams,2016,-0.2,0.6,10.6,50.0,1.8,0.6,6.1,2.2,0,0
Spencer Hawes,2016,0.5,1.0,15.6,54.0,1.0,0.9,6.2,2.8,0,0
Ed Davis,2016,-0.4,0.7,11.5,46.0,1.8,0.8,4.3,3.2,0,0
Tyreke Evans,2016,0.5,0.9,15.5,40.0,2.3,1.5,10.3,3.1,0,0
DeAndre Liggins,2016,0.0,0.9,7.5,62.0,0.6,0.7,2.5,1.4,0,0
Tyus Jones,2016,0.4,0.6,13.8,60.0,0.7,0.6,3.5,1.0,0,0
J.J. Barea,2016,0.7,0.5,17.2,35.0,1.5,1.8,10.9,2.1,0,0
Hollis Thompson,2016,-0.1,0.6,7.9,40.0,0.7,0.3,5.1,2.3,0,0
JaVale McGee,2016,0.6,1.5,25.2,77.0,1.4,0.5,6.1,1.9,0,0
Jodie Meeks,2016,0.1,0.6,13.1,36.0,2.1,1.0,9.1,2.0,0,0
Anthony Morrow,2016,0.0,0.5,10.1,49.0,0.8,0.1,5.5,0.4,0,0
Alan Williams,2016,0.1,0.9,19.5,47.0,2.4,0.8,7.4,4.2,0,0
Trey Burke,2016,-0.2,0.3,10.8,57.0,0.5,0.8,5.0,0.7,0,0
Rodney Stuckey,2016,-0.4,0.4,9.5,39.0,2.7,1.4,7.2,2.0,0,0
Kris Humphries,2016,0.0,1.1,13.6,56.0,1.5,0.5,4.6,2.6,0,0
Roy Hibbert,2016,0.0,0.8,13.5,48.0,1.6,0.7,4.6,2.0,0,0
Chandler Parsons,2016,-0.3,0.7,7.7,34.0,1.3,0.7,6.2,2.3,0,0
Alec Burks,2016,0.0,0.9,11.6,42.0,1.9,0.8,6.7,2.5,0,0
Omri Casspi,2016,-0.2,0.4,10.0,36.0,0.8,0.8,5.2,2.4,0,0
Darrell Arthur,2016,0.3,0.4,12.8,41.0,0.5,0.9,6.4,2.1,0,0
Justise Winslow,2016,-0.3,0.8,8.2,18.0,2.6,1.8,10.9,3.9,0,0
Isaiah Canaan,2016,-0.2,0.6,8.1,39.0,0.8,0.5,4.6,1.1,0,0
Tyler Ennis,2016,-0.2,0.3,10.9,53.0,0.5,0.8,4.3,0.7,0,0
Alexis Ajinça,2016,-0.2,0.9,12.9,39.0,1.0,0.8,5.3,3.4,0,0
Andrew Bogut,2016,-0.1,1.0,9.3,27.0,0.4,1.6,2.9,6.0,0,0
Brandon Bass,2016,0.4,0.6,19.7,52.0,1.7,0.6,5.6,1.7,0,0
Marcus Thornton,2016,-0.1,0.4,10.4,33.0,0.8,0.8,6.6,1.6,0,0
Thomas Robinson,2016,0.0,0.6,17.3,48.0,1.4,1.0,5.0,2.9,0,0
Beno Udrih,2016,0.3,0.5,16.2,39.0,0.9,0.9,5.8,1.3,0,0
Kevin Séraphin,2016,-0.2,0.6,14.4,49.0,0.4,0.6,4.7,2.1,0,0
Jarell Martin,2016,-0.5,0.8,8.7,42.0,1.2,0.7,3.9,2.9,0,0
Quincy Acy,2016,0.0,0.5,11.8,38.0,1.6,0.6,5.8,2.5,0,0
Ian Mahinmi,2016,0.1,0.9,14.1,31.0,2.4,1.1,5.6,3.3,0,0
José Calderón,2016,-0.2,0.3,8.9,41.0,0.3,1.0,3.4,1.4,0,0
Gerald Green,2016,-0.1,0.4,11.9,47.0,0.9,0.5,5.6,1.4,0,0
Cole Aldrich,2016,0.2,0.7,12.7,62.0,0.4,0.3,1.7,1.7,0,0
Tyler Zeller,2016,0.0,0.6,13.0,51.0,0.8,0.4,3.5,1.6,0,0
Shabazz Napier,2016,0.2,0.5,13.6,53.0,0.9,0.8,4.1,1.0,0,0
K.J. McDaniels,2016,0.0,0.5,11.5,49.0,0.8,0.6,4.2,1.4,0,0
Miles Plumlee,2016,-0.4,0.5,8.4,45.0,0.9,0.7,2.5,1.3,0,0
Ömer Aşık,2016,-0.2,0.6,9.8,31.0,1.3,0.5,2.7,3.7,0,0
Donatas Motiejūnas,2016,-0.3,0.6,9.1,34.0,1.4,0.9,4.4,2.2,0,0
Reggie Bullock,2016,0.3,0.5,11.7,31.0,0.2,0.3,4.5,1.6,0,0
Cameron Payne,2016,-0.5,0.4,5.5,31.0,0.3,0.9,5.2,1.5,0,0
Luis Scola,2016,-0.1,0.4,13.9,36.0,1.0,0.9,5.1,2.4,0,0
Rashad Vaughn,2016,-0.2,0.4,7.8,41.0,0.1,0.3,3.5,1.1,0,0
James Michael McAdoo,2016,0.0,0.8,13.1,52.0,0.8,0.4,2.8,1.1,0,0
Kevon Looney,2016,0.0,0.8,13.6,53.0,0.6,0.3,2.5,1.5,0,0
Brandan Wright,2016,0.4,0.5,18.6,28.0,1.3,0.4,6.8,1.7,0,0
Delon Wright,2016,0.5,0.6,15.0,27.0,2.0,0.9,5.6,1.2,0,0
Jordan Crawford,2016,0.4,0.3,17.6,19.0,1.4,1.3,14.1,1.6,0,0
Jeff Withey,2016,0.4,0.9,18.8,51.0,0.9,0.3,2.9,1.4,0,0
Brian Roberts,2016,-0.2,0.3,9.8,41.0,1.0,0.6,3.5,0.8,0,0
Sasha Vujačić,2016,-0.1,0.2,8.6,42.0,0.6,0.4,3.0,1.1,0,0
Toney Douglas,2016,0.1,0.5,10.6,24.0,1.2,0.9,4.9,2.0,0,0
Kyle Singler,2016,-0.2,0.3,5.9,32.0,0.5,0.3,2.8,1.3,0,0
Jordan McRae,2016,-0.2,0.2,9.7,37.0,0.9,0.4,4.4,0.9,0,0
James Jones,2016,0.2,0.2,11.1,48.0,0.4,0.2,2.8,0.7,0,0
Darrun Hilliard,2016,-0.4,0.4,5.9,39.0,0.7,0.7,3.3,0.8,0,0
Josh McRoberts,2016,0.0,0.4,9.8,22.0,0.4,1.0,4.9,2.3,0,0
Lance Stephenson,2016,-0.2,0.2,9.6,18.0,0.7,1.4,6.8,2.7,0,0
Raul Neto,2016,0.2,0.6,10.7,40.0,0.2,0.4,2.5,0.7,0,0
Andrew Nicholson,2016,-0.3,0.4,5.9,38.0,0.4,0.4,2.6,1.2,0,0
Pat Connaughton,2016,0.1,0.2,11.8,39.0,0.2,0.4,2.5,1.1,0,0
Damjan Rudež,2016,-0.2,0.2,6.3,45.0,0.0,0.2,1.8,0.4,0,0
Alan Anderson,2016,-0.3,0.1,5.0,30.0,0.5,0.2,2.9,0.7,0,0
Boban Marjanović,2016,0.6,0.5,29.6,35.0,1.7,0.3,5.5,2.4,0,0
Paul Pierce,2016,-0.2,0.3,5.7,25.0,0.5,0.6,3.2,1.9,0,0
Anthony Bennett,2016,0.0,0.2,14.7,23.0,1.6,0.5,5.0,2.3,0,0
Marcelo Huertas,2016,-0.2,0.1,9.1,23.0,0.7,0.8,2.7,1.0,0,0
James Young,2016,0.0,0.2,10.0,29.0,0.3,0.1,2.3,0.7,0,0
Rakeem Christmas,2016,-0.2,0.2,10.4,29.0,1.0,0.3,2.0,1.0,0,0
Archie Goodwin,2016,0.2,0.1,18.7,15.0,2.8,0.9,7.3,1.4,0,0
Briante Weber,2016,-0.1,0.2,11.0,20.0,0.8,0.4,3.1,0.9,0,0
Mike Scott,2016,-0.2,0.2,5.9,18.0,0.4,0.4,2.5,1.5,0,0
Metta World Peace,2016,-0.2,0.1,6.5,25.0,0.6,0.3,2.3,0.6,0,0
Anthony Brown,2016,-0.1,0.2,7.2,11.0,0.0,0.5,3.9,2.3,0,0
Mike Miller,2016,0.0,0.1,7.6,20.0,0.1,0.7,1.4,1.8,0,0
Jordan Mickey,2016,-0.1,0.2,9.8,25.0,0.6,0.4,1.5,0.8,0,0
Joe Young,2016,-0.1,0.1,11.4,33.0,0.5,0.2,2.1,0.5,0,0
Adreian Payne,2016,0.0,0.2,14.4,18.0,1.1,0.4,3.5,1.3,0,0
Ronnie Price,2016,0.0,0.1,5.9,14.0,0.3,0.2,1.0,0.6,0,0
Udonis Haslem,2016,-0.1,0.2,8.8,16.0,0.9,0.5,1.9,1.8,0,0
Nick Collison,2016,0.1,0.1,12.9,20.0,0.4,0.2,1.7,1.1,0,0
Norris Cole,2016,-0.1,0.2,5.4,13.0,0.8,0.5,3.3,0.8,0,0
Bobby Brown,2016,0.0,0.0,10.8,25.0,0.1,0.2,2.5,0.2,0,0
Joel Anthony,2016,0.0,0.2,11.6,19.0,0.4,0.2,1.3,1.2,0,0
Jared Sullinger,2016,-0.2,0.1,6.0,11.0,0.7,0.4,3.4,1.5,0,0
Chris Andersen,2016,0.0,0.2,11.6,12.0,1.2,0.4,2.3,1.8,0,0
Ryan Kelly,2016,0.0,0.2,7.8,16.0,0.4,0.3,1.6,1.1,0,0
C.J. Wilcox,2016,-0.2,0.0,2.9,22.0,0.1,0.3,1.0,0.4,0,0
Christian Wood,2016,0.0,0.1,15.1,13.0,1.2,0.5,2.7,1.2,0,0
Anderson Varejão,2016,-0.1,0.1,9.4,14.0,0.8,0.6,1.3,1.1,0,0
Alonzo Gee,2016,-0.1,0.1,3.1,13.0,0.7,0.3,0.8,0.8,0,0
Chris McCullough,2016,0.0,0.1,15.2,16.0,0.3,0.2,2.3,0.6,0,0
Johnny O'Bryant,2016,0.0,0.0,14.9,11.0,0.5,0.5,3.5,0.9,0,0
Reggie Williams,2016,0.0,0.1,11.7,6.0,1.2,0.0,4.5,0.7,0,0
Tiago Splitter,2016,0.0,0.1,15.0,8.0,1.4,0.8,4.9,1.8,0,0
Jerryd Bayless,2016,0.0,0.0,8.7,3.0,3.3,3.0,11.0,3.0,0,0
Jarell Eddie,2016,0.0,0.0,9.7,5.0,1.8,0.2,4.8,1.2,0,0
Jordan Hill,2016,-0.1,0.0,5.5,7.0,0.3,0.6,1.7,0.9,0,0
Axel Toupane,2016,-0.1,0.0,6.2,4.0,0.0,0.0,2.8,0.3,0,0
Bruno Caboclo,2016,0.0,0.1,14.6,9.0,0.0,0.2,1.6,0.6,0,0
Lamar Patterson,2016,-0.1,0.0,-1.9,5.0,0.6,0.8,1.8,1.2,0,0
Greivis Vásquez,2016,0.0,0.0,4.1,3.0,1.0,0.3,2.3,0.7,0,0
Jordan Farmar,2016,0.0,0.0,14.4,2.0,0.0,1.5,6.0,1.0,0,0
Jarrett Jack,2016,0.0,0.0,7.7,2.0,1.0,1.5,3.0,0.0,0,0
Justin Harper,2016,-0.1,0.0,4.9,3.0,0.0,1.3,4.0,1.0,0,0
Josh Huestis,2016,0.1,0.0,26.1,2.0,0.5,0.0,7.0,2.5,0,0
Arinze Onuaku,2016,0.0,0.0,5.8,8.0,0.0,0.3,0.5,0.5,0,0
Edy Tavares,2016,0.0,0.1,21.3,2.0,1.5,1.0,4.0,3.5,0,0
Manny Harris,2016,-0.1,0.0,-2.2,4.0,1.0,0.5,2.0,1.5,0,0
Elijah Millsap,2016,-0.1,0.0,-3.4,2.0,1.0,1.0,1.5,1.5,0,0
Steve Novak,2016,-0.1,0.0,1.3,8.0,0.0,0.0,0.6,0.4,0,0
Gary Neal,2016,-0.1,0.0,-4.3,2.0,2.0,0.0,2.0,0.5,0,0
Aaron Harrison,2016,0.0,0.0,-2.2,5.0,0.4,0.0,0.2,0.6,0,0
Larry Sanders,2016,0.0,0.0,6.5,5.0,0.4,0.4,0.8,0.2,0,0
John Jenkins,2016,0.0,0.0,17.3,4.0,0.5,0.0,1.8,0.3,0,0
Dahntay Jones,2016,0.0,0.0,14.7,1.0,4.0,1.0,9.0,1.0,0,0
John Lucas III,2016,0.0,0.0,9.1,5.0,0.0,0.0,0.4,0.0,0,0
R.J. Hunter,2016,0.0,0.0,-3.2,3.0,0.0,0.0,0.0,0.3,0,0
Jarnell Stokes,2016,0.0,0.0,31.5,2.0,1.0,0.0,1.5,0.5,0,0
LeBron James,2017,8.2,3.0,28.6,82.0,6.5,4.2,27.5,7.5,1,1
Khris Middleton,2017,1.5,2.3,17.4,82.0,4.4,2.3,20.1,4.7,0,0
Andrew Wiggins,2017,-0.3,1.6,13.0,82.0,3.8,1.7,17.7,3.4,0,0
Bradley Beal,2017,3.1,2.5,18.4,82.0,4.5,2.6,22.6,3.7,0,0
Jrue Holiday,2017,2.7,2.9,17.8,81.0,2.9,2.6,19.0,3.7,0,0
CJ McCollum,2017,2.4,2.9,16.9,81.0,3.1,1.9,21.4,3.3,0,0
Karl-Anthony Towns,2017,5.2,3.4,24.9,82.0,4.9,1.9,21.3,9.4,1,3
Russell Westbrook,2017,6.1,4.5,24.7,80.0,7.1,4.8,25.4,8.2,1,2
Paul George,2017,3.6,3.9,18.7,79.0,5.2,2.7,21.9,4.7,1,3
Giannis Antetokounmpo,2017,5.7,3.6,27.3,75.0,8.5,3.0,26.9,8.0,1,2
Kemba Walker,2017,4.2,2.0,20.6,80.0,5.3,2.2,22.1,2.7,0,0
Anthony Davis,2017,5.9,4.9,28.9,75.0,8.0,2.2,28.1,8.6,1,1
Taj Gibson,2017,1.0,1.7,15.4,82.0,2.3,1.1,12.2,4.8,0,0
DeMar DeRozan,2017,3.2,2.8,21.0,80.0,7.0,2.2,23.0,3.2,1,2
Josh Richardson,2017,1.8,3.5,13.6,81.0,1.8,1.7,12.9,2.7,0,0
Will Barton,2017,2.1,1.8,16.2,81.0,2.8,1.8,15.7,4.2,0,0
Damian Lillard,2017,6.3,2.7,25.2,73.0,7.4,2.8,26.9,3.6,1,1
Tobias Harris,2017,2.6,2.5,17.1,80.0,2.7,1.3,18.6,4.7,0,0
Harrison Barnes,2017,1.0,1.9,15.8,77.0,4.1,1.5,18.9,5.1,0,0
Andre Drummond,2017,3.4,5.7,22.9,78.0,5.1,2.6,15.0,10.9,0,0
Thaddeus Young,2017,1.4,3.2,14.8,81.0,1.1,1.3,11.8,4.0,0,0
Lou Williams,2017,2.8,1.2,20.2,79.0,6.2,3.0,22.6,2.0,0,0
E'Twaun Moore,2017,0.3,1.6,12.1,82.0,0.8,1.2,12.5,2.2,0,0
Joe Ingles,2017,2.8,3.6,14.4,82.0,1.0,1.9,11.5,3.9,0,0
Jamal Murray,2017,1.1,1.2,16.1,81.0,3.1,2.1,16.7,2.7,0,0
Victor Oladipo,2017,5.0,4.0,23.1,75.0,4.9,2.9,23.1,4.6,1,3
James Harden,2017,7.7,3.8,29.8,72.0,10.1,4.4,30.4,4.8,1,1
Robert Covington,2017,2.3,4.5,12.9,80.0,1.7,1.6,12.6,4.7,0,0
Kyle Lowry,2017,4.5,3.1,19.5,78.0,3.3,2.3,16.2,4.7,0,0
LaMarcus Aldridge,2017,3.7,3.6,25.0,75.0,5.3,1.5,23.1,5.2,1,2
Klay Thompson,2017,1.0,1.8,16.0,73.0,1.3,1.8,20.0,3.4,0,0
Carmelo Anthony,2017,0.0,2.5,12.7,78.0,2.5,1.3,16.2,4.9,0,0
Steven Adams,2017,2.0,3.0,20.6,76.0,3.8,1.7,13.9,4.0,0,0
Taurean Prince,2017,0.6,2.0,12.8,82.0,2.2,2.3,14.1,4.1,0,0
Bojan Bogdanović,2017,0.8,1.6,13.9,80.0,2.6,1.3,14.3,3.0,0,0
Dwight Howard,2017,1.2,3.9,20.5,81.0,7.2,2.6,16.6,9.3,0,0
Kentavious Caldwell-Pope,2017,1.4,2.7,13.2,74.0,2.6,1.3,13.4,4.4,0,0
Nikola Jokić,2017,5.5,2.9,24.4,75.0,4.2,2.8,18.5,8.1,0,0
Otto Porter Jr.,2017,3.4,3.1,18.3,77.0,1.7,1.0,14.7,5.1,0,0
DeAndre Jordan,2017,2.1,3.4,20.2,77.0,4.1,1.8,12.0,10.9,0,0
Marc Gasol,2017,2.7,2.6,17.4,73.0,4.6,2.7,17.2,7.0,0,0
Goran Dragić,2017,1.4,2.3,16.6,75.0,3.6,2.2,17.3,3.4,0,0
Wilson Chandler,2017,-0.1,1.2,10.9,74.0,1.5,1.2,10.0,4.0,0,0
Kevin Durant,2017,5.5,2.9,26.0,68.0,5.9,3.0,26.4,6.4,1,1
Eric Bledsoe,2017,2.6,2.5,19.7,74.0,4.3,2.9,17.7,3.1,0,0
Jeff Teague,2017,1.4,1.4,16.4,70.0,3.4,2.5,14.2,2.6,0,0
Dario Šarić,2017,1.9,2.8,15.8,78.0,2.7,1.9,14.6,4.7,0,0
Courtney Lee,2017,1.0,1.2,13.0,76.0,1.6,1.1,12.0,2.6,0,0
Spencer Dinwiddie,2017,1.5,1.4,15.9,80.0,3.4,1.6,12.6,2.7,0,0
Gary Harris,2017,1.7,1.5,16.5,67.0,2.4,1.8,17.5,2.1,0,0
Draymond Green,2017,2.8,3.4,16.1,70.0,2.5,2.9,11.0,6.6,0,0
Yogi Ferrell,2017,0.4,1.5,11.4,82.0,1.3,1.0,10.2,2.7,0,0
P.J. Tucker,2017,0.5,3.0,8.3,82.0,0.7,0.9,6.1,4.4,0,0
Al Horford,2017,3.7,3.8,17.6,72.0,1.7,1.8,12.9,5.9,0,0
Trevor Ariza,2017,1.5,2.8,11.8,67.0,1.3,0.8,11.7,3.9,0,0
Justin Holiday,2017,0.0,1.6,10.8,72.0,2.3,1.3,12.2,3.6,0,0
Ricky Rubio,2017,1.6,3.8,15.4,77.0,3.3,2.7,13.1,4.0,0,0
J.R. Smith,2017,-0.6,0.9,8.4,80.0,0.7,1.0,8.3,2.6,0,0
Kelly Oubre Jr.,2017,0.2,2.3,11.9,81.0,2.9,1.1,11.8,3.8,0,0
Cory Joseph,2017,0.3,2.0,11.0,82.0,1.1,1.1,7.9,2.7,0,0
Allen Crabbe,2017,0.7,1.4,12.3,75.0,1.8,1.0,13.2,3.9,0,0
Julius Randle,2017,1.4,2.6,19.9,82.0,5.2,2.6,16.1,5.8,0,0
DeMarre Carroll,2017,1.2,1.8,14.3,73.0,3.4,1.4,13.5,5.1,0,0
Jimmy Butler,2017,4.2,1.8,23.7,59.0,7.2,1.8,22.2,4.0,1,3
Eric Gordon,2017,1.3,1.8,15.2,69.0,3.5,1.9,18.0,2.1,0,0
Derrick Favors,2017,1.9,3.5,18.8,77.0,2.8,1.1,12.3,4.6,0,0
Jaylen Brown,2017,0.8,3.2,13.6,70.0,3.3,1.8,14.5,4.0,0,0
T.J. Warren,2017,0.7,0.8,17.6,65.0,3.9,1.3,19.6,3.2,0,0
Wesley Matthews,2017,0.6,1.6,11.4,63.0,1.6,1.3,12.7,2.7,0,0
JJ Redick,2017,1.7,1.8,15.9,70.0,3.1,1.5,17.1,2.4,0,0
Patty Mills,2017,0.5,2.1,11.8,82.0,1.4,1.3,10.0,1.6,0,0
Denzel Valentine,2017,0.5,1.5,12.1,77.0,0.7,1.3,10.2,4.5,0,0
Serge Ibaka,2017,1.0,3.0,14.7,76.0,1.6,1.2,12.6,5.3,0,0
Jae Crowder,2017,-0.3,1.6,10.4,80.0,1.9,0.9,9.7,2.7,0,0
Jusuf Nurkić,2017,1.1,3.9,19.2,79.0,3.5,2.3,14.3,6.6,0,0
Dennis Schröder,2017,0.7,1.0,17.3,67.0,4.0,2.7,19.4,2.4,0,0
Marcin Gortat,2017,0.8,2.4,14.7,82.0,2.0,1.2,8.4,5.4,0,0
Al-Farouq Aminu,2017,1.3,3.2,12.0,69.0,1.2,1.1,9.3,6.2,0,0
Dragan Bender,2017,-0.9,0.8,7.1,82.0,0.6,1.4,6.5,3.9,0,0
Terry Rozier,2017,2.1,3.4,15.1,80.0,1.9,1.0,11.3,3.9,0,0
Austin Rivers,2017,0.4,1.0,12.6,61.0,2.6,1.8,15.1,1.9,0,0
Tony Snell,2017,-0.1,0.7,8.5,75.0,0.6,0.5,6.9,1.8,0,0
Tyler Johnson,2017,0.9,2.3,13.0,72.0,1.8,1.1,11.7,3.0,0,0
Willie Cauley-Stein,2017,1.0,2.2,17.6,73.0,3.4,1.5,12.8,5.2,0,0
Ish Smith,2017,1.0,2.0,15.4,82.0,1.4,1.3,10.9,2.4,0,0
Wayne Ellington,2017,1.2,1.9,12.5,77.0,1.0,0.7,11.2,2.5,0,0
Evan Turner,2017,-0.3,2.1,9.8,79.0,1.4,1.3,8.2,2.7,0,0
Clint Capela,2017,2.8,4.1,24.5,74.0,3.5,1.4,13.9,7.6,0,0
Jonathon Simmons,2017,-0.5,1.1,12.7,69.0,3.5,2.1,13.9,2.6,0,0
Buddy Hield,2017,1.5,1.5,16.1,80.0,1.0,1.6,13.5,3.2,0,0
Darren Collison,2017,2.4,1.8,18.8,69.0,2.1,1.2,12.4,2.0,0,0
Marvin Williams,2017,1.5,1.9,13.9,78.0,1.6,0.8,9.5,3.8,0,0
Nicolas Batum,2017,1.2,1.8,14.4,64.0,2.0,2.0,11.6,3.9,0,0
Kyle Anderson,2017,2.4,3.8,15.9,74.0,2.0,1.3,7.9,4.2,0,0
Joe Harris,2017,1.0,0.9,13.3,78.0,1.3,1.2,10.8,2.7,0,0
Brandon Ingram,2017,0.4,1.8,13.8,59.0,4.8,2.5,16.1,4.4,0,0
John Henson,2017,0.5,2.2,15.7,76.0,2.1,1.1,8.8,4.8,0,0
Blake Griffin,2017,2.7,1.8,19.6,58.0,5.7,2.8,21.4,6.1,0,0
Markieff Morris,2017,0.4,2.1,13.2,73.0,1.8,1.7,11.5,4.6,0,0
Jeremy Lamb,2017,1.8,1.9,17.0,80.0,2.6,1.2,12.9,3.4,0,0
Marco Belinelli,2017,0.8,1.3,14.1,80.0,2.0,1.2,12.1,1.6,0,0
Darius Miller,2017,0.1,0.9,9.3,82.0,0.8,0.7,7.8,1.8,0,0
James Johnson,2017,1.7,2.8,15.8,73.0,2.2,1.9,10.8,4.1,0,0
Kyrie Irving,2017,4.5,2.7,25.0,60.0,4.4,2.3,24.4,3.2,0,0
Rondae Hollis-Jefferson,2017,1.0,2.0,16.9,68.0,4.6,1.8,13.9,5.3,0,0
Joel Embiid,2017,2.6,3.8,22.9,63.0,7.4,3.7,22.9,8.7,1,2
Aaron Gordon,2017,1.1,2.0,16.5,58.0,3.9,1.8,17.6,6.4,0,0
Dirk Nowitzki,2017,2.1,2.2,16.7,77.0,1.4,0.7,12.0,5.4,0,0
Stanley Johnson,2017,-0.4,2.4,9.0,69.0,2.1,1.1,8.7,3.2,0,0
Jordan Clarkson,2017,1.0,1.2,16.4,81.0,2.3,1.6,13.9,2.0,0,0
Tim Hardaway Jr.,2017,0.7,1.1,14.4,57.0,3.1,1.6,17.5,3.4,0,0
Devin Booker,2017,1.4,0.6,18.1,54.0,6.1,3.6,24.9,4.0,0,0
Caris LeVert,2017,0.6,1.6,14.2,71.0,2.6,2.2,12.1,2.9,0,0
Lance Stephenson,2017,0.1,2.0,12.4,82.0,1.5,1.6,9.2,4.4,0,0
Michael Kidd-Gilchrist,2017,-0.1,1.6,12.5,74.0,2.3,0.7,9.2,2.9,0,0
Chris Paul,2017,4.2,2.7,24.4,58.0,3.8,2.2,18.6,4.8,0,0
Evan Fournier,2017,0.7,0.9,15.5,57.0,3.0,1.7,17.8,2.8,0,0
Myles Turner,2017,0.8,2.5,16.6,65.0,3.2,1.5,12.7,5.0,0,0
Frank Kaminsky,2017,0.8,1.3,14.4,79.0,2.5,0.8,11.1,3.1,0,0
Enes Freedom,2017,1.9,2.1,24.0,71.0,2.6,1.7,14.1,7.1,0,0
Jeff Green,2017,0.1,0.8,14.8,78.0,3.0,1.0,10.8,2.4,0,0
Rudy Gobert,2017,2.5,3.9,20.7,56.0,5.3,1.9,13.5,7.8,0,0
Pau Gasol,2017,2.5,3.3,18.9,77.0,2.7,1.4,10.1,6.4,0,0
George Hill,2017,0.6,0.9,13.3,67.0,2.1,1.3,10.0,2.1,0,0
Domantas Sabonis,2017,0.4,2.2,17.5,74.0,3.0,1.9,11.6,5.5,0,0
Elfrid Payton,2017,0.8,1.4,16.5,63.0,2.7,2.7,12.7,3.3,0,0
Danny Green,2017,1.1,2.9,11.3,70.0,0.9,1.1,8.6,3.0,0,0
Kent Bazemore,2017,1.2,2.0,14.5,65.0,3.1,2.4,12.9,3.4,0,0
Kelly Olynyk,2017,1.9,2.7,17.8,76.0,2.3,1.9,11.5,4.5,0,0
Doug McDermott,2017,-0.1,0.6,10.4,81.0,1.0,0.7,7.8,2.0,0,0
D.J. Augustin,2017,0.8,0.8,15.4,75.0,2.5,1.6,10.2,1.7,0,0
Anthony Tolliver,2017,1.3,1.5,13.9,79.0,1.7,0.7,8.9,2.4,0,0
Dejounte Murray,2017,1.1,3.4,15.1,81.0,1.8,1.7,8.1,4.3,0,0
DeMarcus Cousins,2017,2.9,3.2,22.6,48.0,8.2,5.0,25.2,10.7,0,0
Brook Lopez,2017,1.3,1.9,16.5,74.0,2.1,1.3,13.0,3.0,0,0
Reggie Bullock,2017,1.2,1.4,13.6,62.0,0.8,0.8,11.3,2.0,0,0
Ersan İlyasova,2017,0.6,1.9,14.9,69.0,2.0,1.0,10.9,4.2,0,0
Jonas Valančiūnas,2017,1.9,3.0,22.5,77.0,2.7,1.5,12.7,6.2,0,0
Ryan Anderson,2017,0.9,1.7,12.6,66.0,1.4,0.6,9.3,3.6,0,0
T.J. McConnell,2017,0.9,2.5,12.5,76.0,0.5,1.5,6.3,2.5,0,0
Rajon Rondo,2017,0.7,1.7,15.3,65.0,0.7,2.3,8.3,3.6,0,0
Robin Lopez,2017,-0.1,0.7,14.7,64.0,1.4,1.7,11.8,2.4,0,0
Jerian Grant,2017,0.3,1.0,14.3,74.0,2.5,1.2,8.4,1.9,0,0
Nikola Vučević,2017,2.0,2.3,19.7,57.0,1.6,1.9,16.5,7.4,0,0
Justise Winslow,2017,0.4,2.4,11.5,68.0,1.5,1.1,7.8,4.5,0,0
Pascal Siakam,2017,1.4,2.5,14.5,81.0,1.1,0.8,7.3,3.5,0,0
Dwight Powell,2017,1.5,2.1,18.8,79.0,2.3,0.7,8.5,3.9,0,0
Jarell Martin,2017,-0.8,1.2,10.5,73.0,1.6,1.2,7.7,3.0,0,0
Tyler Ulis,2017,-1.0,0.5,10.1,71.0,1.4,1.8,7.8,1.5,0,0
Mario Hezonja,2017,0.6,1.8,13.7,75.0,1.4,1.1,9.6,3.2,0,0
Jamal Crawford,2017,-0.1,0.3,13.0,80.0,1.4,1.2,10.3,1.0,0,0
Michael Beasley,2017,0.7,1.5,17.8,74.0,2.1,1.9,13.2,4.3,0,0
Kevin Love,2017,2.2,1.6,22.4,59.0,4.5,1.5,17.6,7.5,0,0
Jerami Grant,2017,1.0,1.9,16.2,81.0,3.0,0.7,8.4,2.9,0,0
David Nwaba,2017,-0.2,1.4,12.2,70.0,2.9,1.1,7.9,3.4,0,0
Bobby Portis,2017,1.2,1.5,19.7,73.0,2.1,1.4,13.2,4.6,0,0
Tomáš Satoranský,2017,1.3,1.3,15.4,73.0,1.3,1.1,7.2,2.2,0,0
Stephen Curry,2017,4.0,1.8,28.2,51.0,5.9,3.0,26.4,4.4,1,3
Troy Daniels,2017,-0.3,0.0,9.8,79.0,0.8,0.7,8.9,1.5,0,0
Andre Iguodala,2017,0.7,1.6,11.2,64.0,1.4,1.0,6.0,3.1,0,0
Rodney Hood,2017,0.8,1.5,14.3,60.0,2.2,1.2,14.7,2.4,0,0
Garrett Temple,2017,-0.2,0.9,10.3,65.0,1.2,1.2,8.4,2.0,0,0
Marcus Smart,2017,0.3,2.5,10.8,54.0,2.5,2.4,10.2,2.7,0,0
Tyreke Evans,2017,2.6,1.2,21.1,52.0,4.0,2.3,19.4,4.3,0,0
James Ennis III,2017,0.3,1.1,11.6,72.0,1.6,0.8,7.1,2.1,0,0
J.J. Barea,2017,1.3,1.0,17.8,69.0,1.5,2.1,11.6,2.7,0,0
Kyle Korver,2017,0.9,0.6,13.4,73.0,1.0,0.8,9.2,2.1,0,0
Luc Mbah a Moute,2017,0.7,2.1,10.3,61.0,1.6,1.1,7.5,2.7,0,0
Dante Cunningham,2017,0.1,1.3,10.0,73.0,0.7,0.5,5.7,3.0,0,0
Kristaps Porziņģis,2017,1.5,1.8,20.4,48.0,5.7,1.9,22.7,5.3,0,0
Jarrett Jack,2017,-0.3,0.7,11.5,62.0,1.2,1.9,7.5,2.7,0,0
Dewayne Dedmon,2017,0.8,1.9,15.8,62.0,1.4,1.4,10.0,6.3,0,0
JaMychal Green,2017,-0.1,1.3,14.0,55.0,2.0,1.4,10.3,5.8,0,0
Dwyane Wade,2017,0.4,1.6,15.0,67.0,2.8,2.1,11.4,3.0,0,0
Shabazz Napier,2017,1.0,2.0,14.2,74.0,1.9,1.2,8.7,1.9,0,0
Marquese Chriss,2017,-0.3,1.5,11.1,72.0,2.2,1.5,7.7,4.4,0,0
Kris Dunn,2017,0.3,1.9,14.5,52.0,2.2,2.9,13.4,3.8,0,0
Jakob Poeltl,2017,0.9,2.4,17.5,82.0,1.2,1.0,6.9,2.8,0,0
Fred VanVleet,2017,1.7,2.0,15.9,76.0,1.3,1.0,8.6,2.1,0,0
Bryn Forbes,2017,-0.4,1.3,9.1,80.0,0.9,0.5,6.9,1.2,0,0
Zach Randolph,2017,0.4,1.2,17.3,59.0,1.8,2.0,14.5,5.1,0,0
Bismack Biyombo,2017,-0.2,1.8,14.1,82.0,1.9,1.0,5.7,4.0,0,0
Nikola Mirotić,2017,1.6,1.8,18.7,55.0,2.5,1.1,15.6,6.3,0,0
Pat Connaughton,2017,0.1,1.3,9.3,82.0,0.5,0.5,5.4,1.5,0,0
Wesley Johnson,2017,0.5,1.7,9.8,74.0,0.8,0.7,5.4,2.5,0,0
Aron Baynes,2017,-0.3,2.5,12.0,81.0,1.0,1.0,6.0,3.8,0,0
Ed Davis,2017,0.5,2.5,15.5,78.0,1.4,0.8,5.3,5.0,0,0
Tyus Jones,2017,1.1,1.2,14.1,82.0,1.0,0.7,5.1,1.4,0,0
Ian Clark,2017,-0.6,0.8,9.4,74.0,0.8,0.8,7.4,1.6,0,0
Marcus Morris,2017,0.7,2.2,14.5,54.0,2.9,1.2,13.6,4.6,0,0
Mason Plumlee,2017,0.9,1.8,16.9,74.0,2.4,1.4,7.1,3.6,0,0
Malcolm Brogdon,2017,0.3,0.7,14.3,48.0,1.8,1.4,13.0,2.8,0,0
Delon Wright,2017,1.9,2.1,16.5,69.0,1.7,1.1,8.0,2.2,0,0
Avery Bradley,2017,-0.7,1.2,9.6,46.0,1.8,2.2,14.3,2.0,0,0
Mario Chalmers,2017,-0.4,1.3,10.4,66.0,2.1,1.8,7.7,2.2,0,0
Larry Nance Jr.,2017,1.6,2.3,20.2,66.0,2.1,0.8,8.7,4.4,0,0
John Wall,2017,1.8,1.5,19.1,41.0,5.9,3.9,19.4,3.1,0,0
Mike Scott,2017,0.1,1.0,13.6,76.0,1.0,1.0,8.8,2.6,0,0
Alex Len,2017,0.8,1.3,19.4,69.0,3.3,1.1,8.5,5.0,0,0
Nick Young,2017,-0.5,0.9,10.0,80.0,0.8,0.5,7.3,1.3,0,0
Trey Lyles,2017,1.1,1.2,17.9,73.0,2.0,0.8,9.9,4.0,0,0
Kosta Koufos,2017,0.6,1.5,17.5,71.0,1.0,0.7,6.7,4.5,0,0
Kyle O'Quinn,2017,1.8,2.1,20.0,77.0,1.6,1.3,7.1,4.5,0,0
Nemanja Bjelica,2017,0.7,1.1,12.6,67.0,0.7,0.8,6.8,3.3,0,0
Raymond Felton,2017,0.5,1.3,13.0,82.0,0.5,0.9,6.9,1.6,0,0
Shelvin Mack,2017,0.2,1.0,13.3,69.0,1.4,1.3,6.9,2.1,0,0
Hassan Whiteside,2017,1.6,3.0,24.1,54.0,3.4,1.7,14.0,8.2,0,0
Quincy Acy,2017,-0.2,1.1,8.2,70.0,0.9,0.9,5.9,3.1,0,0
Lance Thomas,2017,-0.6,0.6,6.3,73.0,0.7,0.5,4.1,1.8,0,0
Devin Harris,2017,0.1,0.9,13.0,71.0,2.4,1.1,8.4,1.6,0,0
C.J. Miles,2017,0.8,1.5,13.0,70.0,1.4,0.6,10.0,1.9,0,0
Gorgui Dieng,2017,0.3,1.3,14.7,79.0,1.3,0.7,5.9,3.2,0,0
Andrew Harrison,2017,0.2,0.7,12.7,56.0,2.8,1.4,9.5,1.9,0,0
Manu Ginóbili,2017,0.2,1.6,12.9,65.0,2.0,1.6,8.9,1.9,0,0
Montrezl Harrell,2017,1.7,1.3,24.7,76.0,2.9,0.9,11.0,2.7,0,0
Patrick Patterson,2017,0.6,1.4,10.0,82.0,0.6,0.4,3.9,2.0,0,0
Maurice Harkless,2017,1.1,1.7,12.6,59.0,1.0,0.7,6.5,2.0,0,0
Emmanuel Mudiay,2017,-0.6,0.7,11.5,64.0,2.0,1.8,8.6,2.0,0,0
Skal Labissière,2017,-0.2,1.0,14.3,60.0,2.0,1.2,8.7,3.2,0,0
Thon Maker,2017,-0.5,1.1,10.2,74.0,1.3,0.6,4.8,2.0,0,0
D'Angelo Russell,2017,0.3,0.9,15.2,48.0,2.7,3.1,15.5,3.3,0,0
Rudy Gay,2017,0.9,2.1,18.0,57.0,2.5,1.4,11.5,3.8,0,0
Corey Brewer,2017,0.2,1.6,11.2,72.0,1.3,0.7,5.3,1.5,0,0
Joe Johnson,2017,-0.3,1.3,8.1,55.0,0.8,0.9,6.8,2.9,0,0
Reggie Jackson,2017,0.5,0.9,15.9,45.0,3.0,2.2,14.6,2.1,0,0
Amir Johnson,2017,0.9,2.0,14.9,74.0,1.1,0.7,4.6,2.8,0,0
Isaiah Taylor,2017,-0.7,0.5,10.9,67.0,2.1,1.3,6.6,1.1,0,0
Trevor Booker,2017,0.4,1.3,14.9,68.0,1.4,0.9,6.3,3.0,0,0
Tyson Chandler,2017,0.2,0.8,14.2,46.0,2.0,1.3,6.5,6.2,0,0
Ian Mahinmi,2017,-0.7,1.4,12.2,77.0,1.7,1.3,4.8,2.3,0,0
Paul Millsap,2017,0.7,1.1,17.0,38.0,4.2,1.9,14.6,4.7,0,0
Álex Abrines,2017,0.1,0.9,9.0,75.0,0.6,0.3,4.7,1.2,0,0
Jonas Jerebko,2017,0.6,1.6,13.2,74.0,0.8,0.4,5.8,2.6,0,0
Shaun Livingston,2017,-0.3,0.9,11.6,71.0,0.9,0.8,5.5,1.4,0,0
Jodie Meeks,2017,0.3,0.8,12.4,77.0,1.5,0.5,6.3,1.4,0,0
Tyler Zeller,2017,0.2,0.9,16.0,66.0,1.2,0.7,6.7,3.0,0,0
Ben McLemore,2017,-0.5,0.7,9.7,56.0,1.1,1.1,7.5,1.9,0,0
Dāvis Bertāns,2017,1.0,1.4,14.1,77.0,0.6,0.5,5.9,1.8,0,0
Tristan Thompson,2017,-0.2,0.7,13.6,53.0,1.5,0.7,5.8,4.3,0,0
Tony Parker,2017,-0.3,1.1,12.7,55.0,1.4,1.2,7.7,1.6,0,0
Norman Powell,2017,-0.3,1.2,8.5,70.0,0.6,0.9,5.5,1.5,0,0
Mike Muscala,2017,0.6,0.9,14.4,53.0,1.2,0.8,7.6,3.3,0,0
Alec Burks,2017,0.3,1.6,13.1,64.0,1.9,0.9,7.7,2.7,0,0
Treveon Graham,2017,-0.2,0.7,9.0,63.0,0.9,0.4,4.3,1.3,0,0
Greg Monroe,2017,1.1,1.6,21.2,51.0,2.3,1.8,10.3,4.7,0,0
Andre Roberson,2017,0.5,1.3,10.9,39.0,1.0,0.8,5.0,2.8,0,0
Vince Carter,2017,0.2,0.9,10.8,58.0,0.6,0.6,5.4,2.2,0,0
Malcolm Delaney,2017,-0.1,0.6,10.6,54.0,1.7,1.2,6.3,1.7,0,0
Jameer Nelson,2017,-0.3,0.7,8.1,50.0,0.4,1.3,4.9,1.8,0,0
David West,2017,1.3,1.7,20.9,73.0,1.1,1.1,6.8,2.4,0,0
Josh Huestis,2017,-0.5,1.0,5.4,69.0,0.3,0.4,2.3,1.7,0,0
Cristiano Felício,2017,-0.5,0.5,12.5,55.0,1.5,1.0,5.6,2.7,0,0
Zaza Pachulia,2017,0.5,1.4,17.0,69.0,1.3,1.0,5.4,3.4,0,0
Patrick McCaw,2017,-0.5,0.8,7.4,57.0,0.6,0.7,4.0,1.2,0,0
Deyonta Davis,2017,0.1,0.8,16.6,62.0,0.9,0.5,5.8,2.8,0,0
Gerald Green,2017,0.5,1.0,14.1,41.0,1.5,0.8,12.1,2.9,0,0
Jerryd Bayless,2017,-0.2,0.9,7.5,39.0,1.1,1.2,7.9,1.7,0,0
Miles Plumlee,2017,-0.4,0.7,10.6,55.0,1.1,1.1,4.3,2.7,0,0
Dion Waiters,2017,-0.4,0.8,10.5,30.0,2.3,2.3,14.3,2.3,0,0
José Calderón,2017,0.0,0.3,11.3,57.0,0.5,0.7,4.5,1.2,0,0
Kevon Looney,2017,0.4,1.3,14.8,66.0,1.2,0.5,4.0,2.0,0,0
Sam Dekker,2017,-0.2,0.6,11.5,73.0,0.8,0.5,4.2,1.8,0,0
Noah Vonleh,2017,0.2,1.2,12.8,54.0,1.1,0.6,4.9,4.5,0,0
Langston Galloway,2017,0.5,0.9,12.2,58.0,0.7,0.3,6.2,1.4,0,0
Isaiah Thomas,2017,-0.6,0.3,12.6,32.0,4.1,3.0,15.2,1.6,0,0
Tim Frazier,2017,0.2,1.0,11.3,59.0,0.5,1.0,3.0,1.6,0,0
Michael Carter-Williams,2017,0.1,1.1,10.8,52.0,1.7,1.0,4.6,1.9,0,0
Paul Zipser,2017,-0.8,0.6,5.2,54.0,0.5,0.8,4.0,2.2,0,0
Jason Terry,2017,0.0,0.6,8.1,51.0,0.2,0.5,3.3,0.8,0,0
Ekpe Udoh,2017,1.1,1.8,15.2,63.0,0.9,0.3,2.6,1.3,0,0
Timothé Luwawu-Cabarrot,2017,-0.4,0.7,7.0,52.0,1.1,0.7,5.8,1.1,0,0
Thabo Sefolosha,2017,0.9,1.6,15.8,38.0,1.4,0.8,8.2,3.5,0,0
Eric Moreland,2017,0.5,1.6,13.9,67.0,0.4,0.6,2.1,2.9,0,0
Trey Burke,2017,0.9,0.3,21.0,36.0,1.6,1.2,12.8,1.6,0,0
Shane Larkin,2017,0.1,1.1,10.3,54.0,0.7,0.6,4.3,1.4,0,0
Nenê,2017,0.2,1.1,16.4,52.0,2.1,0.7,6.5,2.3,0,0
Richaun Holmes,2017,0.6,1.3,17.4,48.0,1.2,0.5,6.5,3.2,0,0
Jabari Parker,2017,0.2,0.6,17.1,31.0,1.7,1.5,12.6,3.5,0,0
Omri Casspi,2017,0.2,1.0,15.5,53.0,1.3,0.7,5.7,3.2,0,0
Quinn Cook,2017,0.1,0.4,12.8,33.0,0.8,1.0,9.5,2.2,0,0
Salah Mejri,2017,0.5,1.3,17.8,61.0,1.1,0.6,3.5,2.6,0,0
DeAndre Liggins,2017,-0.1,0.7,6.0,58.0,0.1,0.3,1.7,1.2,0,0
Luke Babbitt,2017,-0.1,0.4,9.8,50.0,0.4,0.4,5.2,1.8,0,0
Matthew Dellavedova,2017,-0.4,0.2,8.6,38.0,0.7,1.3,4.3,1.3,0,0
Channing Frye,2017,0.3,0.6,13.1,53.0,0.4,0.4,5.0,2.3,0,0
Wayne Selden,2017,-0.2,0.2,11.8,35.0,1.7,1.5,9.3,1.1,0,0
Chandler Parsons,2017,0.5,0.4,13.6,36.0,0.8,1.0,7.9,2.1,0,0
Jared Dudley,2017,-0.1,0.4,8.8,48.0,0.7,0.6,3.2,1.8,0,0
Tyler Ennis,2017,0.0,0.8,11.1,54.0,0.5,0.7,4.1,1.4,0,0
Arron Afflalo,2017,-0.6,0.2,5.8,53.0,0.5,0.4,3.4,1.2,0,0
Marreese Speights,2017,0.1,0.5,13.7,52.0,1.1,0.8,7.7,2.2,0,0
Danilo Gallinari,2017,0.3,0.4,13.8,21.0,4.1,1.2,15.3,4.4,0,0
Zach LaVine,2017,-0.1,0.5,14.6,24.0,4.5,1.8,16.7,3.5,0,0
Sean Kilpatrick,2017,-0.1,0.3,11.6,52.0,1.4,0.7,6.3,1.6,0,0
Cody Zeller,2017,0.1,0.7,15.9,33.0,2.6,1.0,7.1,3.3,0,0
JaVale McGee,2017,0.5,1.1,22.3,65.0,0.8,0.4,4.8,1.7,0,0
Terrence Ross,2017,-0.1,0.5,9.9,24.0,1.5,1.2,8.7,2.6,0,0
Malik Beasley,2017,-0.3,0.3,9.0,62.0,0.5,0.4,3.2,0.9,0,0
Cameron Payne,2017,0.2,0.4,14.0,25.0,0.6,1.4,8.8,2.0,0,0
Cheick Diallo,2017,0.1,0.8,17.0,52.0,1.3,0.5,4.9,3.2,0,0
Joe Young,2017,-0.2,0.4,10.1,53.0,0.5,0.5,3.9,1.0,0,0
Tarik Black,2017,-0.1,1.0,14.3,51.0,1.2,0.7,3.5,2.0,0,0
Joffrey Lauvergne,2017,0.1,0.7,16.5,55.0,0.9,0.6,4.1,2.0,0,0
Nik Stauskas,2017,-0.1,0.3,9.0,41.0,0.7,0.6,4.4,1.5,0,0
Justin Anderson,2017,0.1,0.7,13.0,38.0,1.0,0.4,6.2,1.8,0,0
Raul Neto,2017,0.1,0.6,11.9,41.0,0.9,0.9,4.5,1.0,0,0
Willy Hernangómez,2017,0.4,0.7,21.2,48.0,1.9,0.7,5.1,2.5,0,0
Al Jefferson,2017,0.5,0.8,20.2,36.0,1.0,0.6,7.0,3.1,0,0
Nerlens Noel,2017,0.3,1.0,16.2,30.0,0.9,0.9,4.4,4.0,0,0
Kenneth Faried,2017,0.0,0.4,17.4,32.0,1.6,0.7,5.9,2.7,0,0
DeAndre' Bembry,2017,-0.3,0.5,7.6,26.0,1.3,1.8,5.2,2.5,0,0
Dorian Finney-Smith,2017,-0.3,0.3,7.6,21.0,0.7,1.0,5.9,2.5,0,0
Willie Reed,2017,0.3,0.5,19.2,42.0,1.3,0.5,4.6,2.0,0,0
Dwight Buycks,2017,-0.1,0.4,12.8,29.0,1.4,1.3,7.4,1.0,0,0
Isaiah Canaan,2017,0.1,0.1,13.5,20.0,2.6,1.5,8.6,2.0,0,0
Derrick Rose,2017,-0.4,0.1,11.5,25.0,1.8,1.4,8.4,0.9,0,0
Lucas Nogueira,2017,0.8,1.0,17.3,49.0,0.6,0.3,2.5,1.4,0,0
Shabazz Muhammad,2017,-0.1,0.2,15.4,43.0,1.2,0.1,5.0,1.2,0,0
Ivica Zubac,2017,0.0,0.5,15.3,43.0,1.2,0.6,3.7,1.8,0,0
Danuel House Jr.,2017,0.0,0.1,12.4,23.0,1.3,0.5,6.6,2.7,0,0
Ramon Sessions,2017,-0.1,0.3,11.2,28.0,2.0,1.1,4.9,1.1,0,0
Ron Baker,2017,0.2,0.4,9.3,29.0,0.9,0.6,2.4,0.9,0,0
Brandan Wright,2017,0.4,0.5,19.0,28.0,1.2,0.3,5.0,2.2,0,0
Johnny O'Bryant,2017,-0.2,0.4,11.9,36.0,0.7,0.4,4.8,1.8,0,0
Mike Conley,2017,0.2,0.2,15.4,12.0,5.5,1.5,17.1,2.3,0,0
Timofey Mozgov,2017,-0.2,0.3,12.3,31.0,1.0,1.1,4.2,2.1,0,0
Emeka Okafor,2017,0.1,0.5,16.4,26.0,0.8,0.5,4.4,2.8,0,0
Jahlil Okafor,2017,0.0,0.3,15.3,28.0,1.0,0.8,6.3,2.3,0,0
JaKarr Sampson,2017,0.1,0.4,13.9,22.0,0.7,0.4,4.7,2.6,0,0
Glenn Robinson III,2017,0.1,0.3,10.8,23.0,0.5,0.2,4.1,1.1,0,0
Boban Marjanović,2017,0.4,0.5,26.0,39.0,2.5,0.9,6.0,2.5,0,0
Patrick Beverley,2017,0.2,0.3,12.4,11.0,1.5,2.3,12.2,2.6,0,0
Henry Ellenson,2017,-0.2,0.4,10.5,38.0,0.8,0.5,4.0,1.9,0,0
Malachi Richardson,2017,-0.3,0.1,5.9,26.0,0.8,0.4,3.4,1.1,0,0
Troy Williams,2017,0.1,0.4,15.1,21.0,1.4,0.9,6.3,2.0,0,0
Rodney McGruder,2017,0.1,0.3,12.0,18.0,0.4,0.2,5.1,1.2,0,0
Jason Smith,2017,-0.3,0.3,8.8,33.0,0.6,0.5,3.4,1.1,0,0
Jordan Mickey,2017,-0.3,0.4,10.6,23.0,0.8,0.8,4.0,2.7,0,0
Juancho Hernangómez,2017,-0.1,0.1,9.7,25.0,0.5,0.4,3.3,1.4,0,0
Iman Shumpert,2017,-0.1,0.2,6.4,14.0,1.1,1.1,4.4,2.4,0,0
Tony Allen,2017,-0.2,0.2,8.7,22.0,1.0,0.9,4.7,1.2,0,0
Meyers Leonard,2017,0.3,0.3,17.8,33.0,0.3,0.3,3.4,1.8,0,0
Derrick Jones Jr.,2017,0.0,0.2,10.1,20.0,1.2,0.4,3.1,0.9,0,0
Briante Weber,2017,0.0,0.4,10.1,18.0,0.6,0.8,2.8,1.5,0,0
Dante Exum,2017,0.1,0.3,16.7,14.0,2.2,1.4,8.1,1.6,0,0
Aaron Harrison,2017,-0.3,0.2,5.1,9.0,1.9,0.3,6.7,2.2,0,0
Travis Wear,2017,-0.1,0.2,6.9,17.0,0.5,0.4,4.4,2.2,0,0
Marcus Georges-Hunt,2017,-0.2,0.0,6.9,42.0,0.5,0.1,1.4,0.2,0,0
Gary Payton II,2017,-0.1,0.2,9.8,23.0,0.4,0.3,3.0,1.3,0,0
Andrew Bogut,2017,-0.1,0.3,10.9,24.0,0.1,0.8,1.5,2.2,0,0
Rashad Vaughn,2017,0.0,0.1,9.3,28.0,0.2,0.2,2.3,0.6,0,0
Kawhi Leonard,2017,0.6,0.5,26.0,9.0,4.2,1.8,16.2,4.0,0,0
Brandon Jennings,2017,-0.1,0.1,12.7,14.0,0.7,1.3,5.2,1.9,0,0
Quincy Pondexter,2017,-0.3,0.1,4.0,23.0,0.7,0.5,2.0,0.8,0,0
MarShon Brooks,2017,0.4,0.2,26.1,7.0,3.3,2.3,20.1,1.9,0,0
Aaron Brooks,2017,-0.1,0.1,9.8,32.0,0.3,0.3,2.3,0.3,0,0
Solomon Hill,2017,-0.1,0.2,4.8,12.0,0.5,0.8,2.4,2.3,0,0
Ömer Aşık,2017,-0.3,0.2,3.1,18.0,0.7,0.5,1.2,2.1,0,0
Isaiah Whitehead,2017,-0.1,0.2,11.5,16.0,1.2,1.5,6.3,1.4,0,0
Julyan Stone,2017,0.0,0.2,7.6,23.0,0.1,0.3,0.8,1.2,0,0
Richard Jefferson,2017,-0.1,0.0,6.4,20.0,0.4,0.3,1.5,0.8,0,0
Jake Layman,2017,-0.1,0.2,4.9,35.0,0.1,0.1,1.0,0.3,0,0
Mirza Teletović,2017,0.1,0.1,13.5,10.0,0.0,0.7,7.1,2.0,0,0
Damien Wilkins,2017,-0.2,0.1,4.9,19.0,0.2,0.3,1.7,0.6,0,0
Darrell Arthur,2017,-0.1,0.1,8.4,19.0,0.2,0.8,2.8,0.6,0,0
Kay Felder,2017,-0.3,0.1,3.6,16.0,0.8,1.0,3.6,0.9,0,0
Lorenzo Brown,2017,0.0,0.1,8.2,14.0,0.1,0.2,2.3,1.0,0,0
Jon Leuer,2017,-0.1,0.1,8.9,8.0,1.9,0.9,5.4,3.1,0,0
Georgios Papagiannis,2017,-0.1,0.1,12.2,17.0,0.0,0.5,2.1,1.4,0,0
Bobby Brown,2017,-0.2,0.1,5.5,20.0,0.1,0.5,2.5,0.4,0,0
Bruno Caboclo,2017,-0.1,0.1,7.4,12.0,0.5,0.3,2.2,1.3,0,0
Alex Poythress,2017,-0.1,0.1,7.8,25.0,0.0,0.1,1.0,0.4,0,0
Brice Johnson,2017,0.0,0.2,18.2,18.0,0.3,0.3,2.4,1.2,0,0
Darrun Hilliard,2017,-0.1,0.1,3.4,14.0,0.5,0.3,1.1,0.5,0,0
Chris McCullough,2017,0.0,0.1,15.8,19.0,0.7,0.1,2.4,0.9,0,0
Damian Jones,2017,-0.1,0.1,6.8,15.0,0.3,0.3,1.7,0.6,0,0
Jack Cooley,2017,0.0,0.0,19.7,7.0,2.7,0.4,5.7,2.3,0,0
Wade Baldwin,2017,0.1,0.1,16.6,7.0,1.4,0.6,5.4,1.0,0,0
Okaro White,2017,0.0,0.1,8.9,6.0,0.5,0.2,3.3,1.3,0,0
Demetrius Jackson,2017,-0.1,0.1,5.4,15.0,0.1,0.7,1.1,0.5,0,0
Nick Collison,2017,0.0,0.0,13.2,15.0,0.9,0.5,2.1,0.9,0,0
Marquis Teague,2017,-0.1,0.0,5.7,3.0,1.7,1.0,3.7,1.7,0,0
Udonis Haslem,2017,-0.1,0.1,1.8,14.0,0.1,0.1,0.6,0.5,0,0
Alan Williams,2017,-0.1,0.1,9.3,5.0,1.8,1.4,4.0,3.8,0,0
Larry Drew II,2017,-0.1,0.0,2.9,10.0,0.0,0.3,1.7,0.0,0,0
James Young,2017,-0.1,0.0,4.6,6.0,1.0,0.2,2.8,0.3,0,0
Kyle Singler,2017,-0.1,0.0,5.9,12.0,1.1,0.3,1.9,0.8,0,0
Jordan Crawford,2017,0.1,0.0,19.1,5.0,0.2,1.0,6.6,0.4,0,0
Marshall Plumlee,2017,0.0,0.0,10.9,8.0,2.0,0.4,1.8,1.6,0,0
Cole Aldrich,2017,-0.1,0.1,6.0,21.0,0.3,0.0,0.6,0.6,0,0
Vander Blue,2017,-0.1,0.0,-1.8,5.0,0.4,0.6,0.6,0.2,0,0
R.J. Hunter,2017,0.0,0.1,8.5,5.0,0.4,0.4,3.8,1.0,0,0
Adreian Payne,2017,0.0,0.0,18.8,5.0,1.2,0.4,4.2,1.4,0,0
Joakim Noah,2017,0.0,0.1,15.6,7.0,0.6,0.6,1.7,1.1,0,0
Jonathan Gibson,2017,0.1,0.0,25.4,4.0,0.0,0.8,8.5,0.8,0,0
Jeff Withey,2017,0.0,0.1,8.3,10.0,0.2,0.2,1.5,0.9,0,0
Joel Bolomboy,2017,0.0,0.0,11.7,6.0,1.0,0.3,1.5,0.7,0,0
Georges Niang,2017,0.0,0.1,9.2,9.0,0.2,0.3,1.0,0.7,0,0
Markel Brown,2017,-0.1,0.0,-1.2,4.0,0.0,0.5,1.3,1.0,0,0
Jeremy Lin,2017,0.0,0.0,15.9,1.0,7.0,3.0,18.0,0.0,0,0
Chinanu Onuaku,2017,-0.1,0.0,-3.2,1.0,0.0,3.0,4.0,3.0,0,0
Xavier Munford,2017,0.0,0.0,-2.1,6.0,0.3,0.3,0.5,0.0,0,0
Nate Wolters,2017,-0.1,0.0,-2.9,5.0,0.0,0.0,0.4,0.2,0,0
James Michael McAdoo,2017,0.0,0.0,7.4,3.0,0.7,0.3,2.7,0.7,0,0
Kendrick Perkins,2017,0.0,0.0,8.4,1.0,2.0,1.0,3.0,1.0,0,0
Tim Quarterman,2017,0.0,0.0,2.9,3.0,0.7,0.7,1.3,1.0,0,0
Luol Deng,2017,0.0,0.0,5.5,1.0,0.0,1.0,2.0,0.0,0,0
Josh Smith,2017,0.0,0.0,3.5,3.0,0.0,0.0,0.7,0.3,0,0
Nicolás Brussino,2017,0.0,0.0,-4.6,4.0,0.0,0.0,0.0,0.8,0,0
David Stockton,2017,0.0,0.0,33.9,3.0,1.3,0.3,3.3,0.0,0,0
Derrick Williams,2017,0.0,0.0,-3.2,2.0,0.0,0.0,1.0,0.5,0,0
Jarell Eddie,2017,0.0,0.0,-1.9,3.0,0.0,0.0,0.0,0.3,0,0
Luis Montero,2017,0.0,0.0,-15.5,2.0,0.0,1.0,0.0,1.0,0,0
Scotty Hopson,2017,0.0,0.0,-4.6,1.0,2.0,1.0,1.0,0.0,0,0
Xavier Silas,2017,0.0,0.0,-4.9,2.0,0.0,0.0,0.0,0.5,0,0
Josh McRoberts,2017,0.0,0.0,-12.5,2.0,0.0,0.0,0.0,0.0,0,0
Jeremy Evans,2017,0.0,0.0,10.4,1.0,0.0,1.0,2.0,0.0,0,0
Gordon Hayward,2017,0.0,0.0,7.3,1.0,0.0,0.0,2.0,1.0,0,0
Anthony Brown,2017,0.0,0.0,41.9,1.0,0.0,0.0,3.0,0.0,0,0
Mindaugas Kuzminskas,2017,0.0,0.0,-41.1,1.0,0.0,0.0,0.0,0.0,0,0
Bradley Beal,2018,3.7,1.7,20.8,82.0,5.5,2.7,25.6,3.9,0,0
James Harden,2018,9.3,3.8,30.6,78.0,11.0,5.0,36.1,5.8,1,1
Kemba Walker,2018,4.4,1.9,21.7,82.0,5.5,2.6,25.6,3.8,1,3
Tobias Harris,2018,2.6,2.6,17.2,82.0,3.7,1.8,20.0,7.0,0,0
Paul George,2018,6.6,4.9,23.3,77.0,7.0,2.7,28.0,6.8,1,1
Damian Lillard,2018,6.0,2.4,23.7,80.0,6.4,2.7,25.8,3.8,1,2
P.J. Tucker,2018,1.0,3.0,9.2,82.0,0.7,0.8,7.3,4.4,0,0
Kevin Durant,2018,5.1,2.9,24.2,78.0,6.5,2.9,26.0,5.9,1,2
Ben Simmons,2018,3.8,3.6,20.0,79.0,5.4,3.5,16.9,6.6,0,0
DeMar DeRozan,2018,2.2,2.6,19.6,77.0,5.7,2.6,21.2,5.3,0,0
LaMarcus Aldridge,2018,2.6,2.9,22.9,81.0,5.1,1.8,21.3,6.1,0,0
Steven Adams,2018,2.1,4.0,18.5,80.0,3.7,1.7,13.9,4.6,0,0
Klay Thompson,2018,1.2,2.3,16.6,78.0,2.0,1.5,21.5,3.4,0,0
Andre Drummond,2018,2.7,5.9,23.4,79.0,5.2,2.2,17.3,10.2,0,0
Aaron Gordon,2018,1.7,3.3,15.1,78.0,3.2,2.1,16.0,5.7,0,0
Russell Westbrook,2018,4.7,5.0,21.1,73.0,6.2,4.5,22.9,9.6,1,3
Blake Griffin,2018,4.7,2.9,21.0,75.0,7.3,3.4,24.5,6.2,1,3
Buddy Hield,2018,2.7,1.6,17.5,82.0,2.4,1.8,20.7,3.7,0,0
Jerami Grant,2018,1.5,3.3,13.8,80.0,2.8,0.8,13.6,4.0,0,0
Justin Holiday,2018,0.1,2.5,10.0,82.0,1.3,1.3,10.5,3.4,0,0
Donovan Mitchell,2018,2.2,3.7,17.2,77.0,5.1,2.8,23.8,3.3,0,0
Rudy Gobert,2018,4.8,5.7,24.6,81.0,6.4,1.6,15.9,9.0,1,3
Bojan Bogdanović,2018,1.7,2.8,16.1,81.0,3.8,1.7,18.0,3.7,0,0
Joe Ingles,2018,2.2,3.6,13.4,82.0,1.5,2.4,12.1,3.6,0,0
Evan Fournier,2018,-0.3,2.5,12.3,81.0,2.1,1.9,15.1,2.7,0,0
Pascal Siakam,2018,2.8,3.6,18.7,80.0,3.8,1.9,16.9,5.3,0,0
De'Aaron Fox,2018,2.3,2.5,18.1,81.0,5.1,2.8,17.3,3.2,0,0
Karl-Anthony Towns,2018,5.1,3.2,26.3,77.0,5.8,3.1,24.4,9.0,0,0
Andrew Wiggins,2018,-0.6,1.3,12.4,73.0,4.1,1.9,18.1,3.7,0,0
Josh Richardson,2018,1.5,2.6,14.0,73.0,3.2,1.5,16.6,2.9,0,0
Harrison Barnes,2018,0.4,1.6,12.8,77.0,3.6,1.3,16.4,3.9,0,0
Nikola Vučević,2018,5.5,4.7,25.5,80.0,2.8,2.0,20.8,9.2,0,0
Nikola Jokić,2018,7.0,4.3,26.3,80.0,4.4,3.1,20.1,8.0,1,1
Thaddeus Young,2018,2.2,3.9,16.2,81.0,1.7,1.5,12.6,4.1,0,0
Jayson Tatum,2018,1.1,3.4,15.1,79.0,2.9,1.5,15.7,5.2,0,0
D'Angelo Russell,2018,3.4,2.6,19.4,81.0,2.5,3.1,21.1,3.2,0,0
Jamal Murray,2018,1.6,2.3,16.0,75.0,3.0,2.1,18.2,3.4,0,0
Cedi Osman,2018,-0.8,0.2,11.5,76.0,2.4,1.5,13.0,4.1,0,0
Marc Gasol,2018,3.1,4.0,16.7,79.0,3.2,2.0,13.6,6.9,0,0
Jrue Holiday,2018,3.1,1.9,19.4,67.0,4.0,3.1,21.2,3.9,0,0
Khris Middleton,2018,1.7,3.6,16.5,77.0,3.4,2.3,18.3,5.3,0,0
JJ Redick,2018,1.3,1.2,15.1,76.0,3.4,1.3,18.1,2.2,0,0
CJ McCollum,2018,1.8,1.7,17.0,70.0,2.7,1.5,21.0,3.1,0,0
Giannis Antetokounmpo,2018,7.4,5.5,30.9,72.0,9.5,3.7,27.7,10.3,1,1
Nicolas Batum,2018,1.0,1.7,11.9,75.0,1.2,1.6,9.3,4.3,0,0
Trevor Ariza,2018,0.4,1.2,12.1,69.0,2.4,1.5,12.5,4.7,0,0
Mike Conley,2018,3.9,2.3,21.4,70.0,5.8,1.9,21.1,2.8,0,0
Stephen Curry,2018,5.1,2.5,24.4,69.0,4.2,2.8,27.3,4.7,1,1
Brook Lopez,2018,2.4,4.3,14.6,81.0,1.6,1.0,12.5,4.5,0,0
Dennis Schröder,2018,0.0,2.4,12.7,79.0,2.9,2.2,15.5,3.1,0,0
Kyle Kuzma,2018,0.4,1.9,14.0,70.0,3.6,1.9,18.7,4.6,0,0
Bryn Forbes,2018,0.5,1.3,12.0,82.0,1.0,1.0,11.8,2.7,0,0
Joe Harris,2018,1.4,1.7,13.5,76.0,1.8,1.6,13.7,3.1,0,0
Al-Farouq Aminu,2018,1.5,2.8,13.2,81.0,2.1,0.9,9.4,6.1,0,0
Reggie Jackson,2018,1.4,1.9,15.2,82.0,2.9,1.8,15.4,2.1,0,0
Eric Bledsoe,2018,2.9,3.7,19.3,78.0,3.0,2.1,15.9,3.6,0,0
D.J. Augustin,2018,1.4,1.9,15.7,81.0,2.6,1.6,11.7,2.0,0,0
Jeremy Lamb,2018,1.8,2.0,17.3,79.0,3.3,1.0,15.3,4.7,0,0
Clint Capela,2018,2.8,3.0,23.8,67.0,3.9,1.4,16.6,8.2,0,0
Devin Booker,2018,1.7,0.3,20.2,64.0,7.1,4.1,26.6,3.5,0,0
Julius Randle,2018,2.0,1.9,20.9,73.0,6.7,2.8,21.4,6.5,0,0
Danny Green,2018,2.2,2.9,13.0,80.0,0.6,0.9,10.3,3.2,0,0
Jordan Clarkson,2018,0.8,-0.1,16.8,81.0,2.4,1.7,16.8,2.3,0,0
Kyrie Irving,2018,5.1,2.9,24.3,67.0,3.7,2.6,23.8,3.9,1,2
Willie Cauley-Stein,2018,1.8,2.9,18.0,81.0,3.1,1.0,11.9,6.1,0,0
Kyle Lowry,2018,2.4,3.0,16.5,65.0,3.0,2.8,14.2,4.2,0,0
Marcus Smart,2018,1.5,3.1,13.1,80.0,1.6,1.5,8.9,2.2,0,0
Jimmy Butler,2018,3.2,2.5,20.2,65.0,5.6,1.5,18.7,3.4,0,0
Zach LaVine,2018,1.5,1.1,18.7,63.0,6.0,3.4,23.7,4.0,0,0
Jae Crowder,2018,1.2,3.1,12.1,80.0,2.5,1.1,11.9,4.1,0,0
Tomáš Satoranský,2018,0.7,0.9,14.1,80.0,2.0,1.5,8.9,2.5,0,0
Montrezl Harrell,2018,2.9,2.6,23.4,82.0,5.0,1.6,16.6,4.3,0,0
Eric Gordon,2018,0.4,1.0,12.2,68.0,2.2,1.3,16.2,1.9,0,0
Joel Embiid,2018,3.8,3.8,26.1,64.0,10.1,3.5,27.5,11.1,1,2
Terrence Ross,2018,1.5,2.6,15.4,81.0,1.8,1.1,15.1,3.1,0,0
Darren Collison,2018,2.1,2.9,16.7,76.0,2.5,1.6,11.2,2.6,0,0
Patrick Beverley,2018,1.5,2.0,11.8,78.0,1.6,1.1,7.6,4.0,0,0
Marvin Williams,2018,0.9,1.9,12.6,75.0,1.1,0.6,10.1,4.4,0,0
Myles Turner,2018,2.4,4.4,18.0,74.0,2.7,1.4,13.3,5.8,0,0
Jeff Green,2018,0.3,0.8,13.6,77.0,2.7,1.3,12.3,3.3,0,0
Jarrett Allen,2018,1.9,3.3,18.5,80.0,3.5,1.3,10.9,6.0,0,0
Marcus Morris,2018,0.6,2.5,14.2,75.0,2.3,1.2,13.9,5.1,0,0
Wesley Matthews,2018,0.1,1.5,10.3,69.0,2.4,1.3,12.2,2.0,0,0
Draymond Green,2018,1.8,3.2,12.9,66.0,1.4,2.6,7.4,6.4,0,0
Cory Joseph,2018,0.9,2.9,11.0,82.0,0.5,1.0,6.5,2.9,0,0
Danilo Gallinari,2018,3.3,1.8,21.0,68.0,6.0,1.5,19.8,5.3,0,0
Tim Hardaway Jr.,2018,0.0,0.9,13.6,65.0,4.2,1.6,18.1,2.9,0,0
DeAndre Jordan,2018,2.1,3.1,19.0,69.0,3.8,2.2,11.0,9.8,0,0
Kawhi Leonard,2018,4.7,3.4,25.8,60.0,7.1,2.0,26.6,6.0,1,2
Garrett Temple,2018,-0.4,2.0,8.5,75.0,1.4,0.9,7.8,2.5,0,0
Kentavious Caldwell-Pope,2018,0.8,1.8,12.9,82.0,1.9,0.8,11.4,2.3,0,0
Austin Rivers,2018,-1.1,0.8,7.7,76.0,1.3,0.9,8.1,1.8,0,0
Dario Šarić,2018,0.2,1.2,13.1,81.0,1.9,1.2,10.6,4.1,0,0
Serge Ibaka,2018,1.2,3.3,18.7,74.0,2.4,1.5,15.0,6.0,0,0
Damyean Dotson,2018,-0.3,0.9,10.8,73.0,1.3,1.0,10.7,3.1,0,0
Jonathan Isaac,2018,0.8,3.1,13.0,75.0,1.8,1.0,9.6,4.2,0,0
Lou Williams,2018,2.1,1.2,21.2,75.0,6.5,2.4,20.0,2.4,0,0
Josh Jackson,2018,-1.3,1.1,10.6,79.0,2.7,2.2,11.5,3.6,0,0
Dorian Finney-Smith,2018,0.3,2.0,11.0,81.0,1.3,0.9,7.5,3.1,0,0
Jusuf Nurkić,2018,2.8,3.3,23.4,72.0,5.1,2.3,15.6,7.0,0,0
Al Horford,2018,3.6,2.9,20.2,68.0,1.4,1.5,13.6,5.0,0,0
Monte Morris,2018,1.7,1.8,16.2,82.0,1.0,0.6,10.4,1.9,0,0
Ryan Arcidiacono,2018,0.1,0.9,11.6,81.0,1.3,0.8,6.7,2.4,0,0
Justise Winslow,2018,0.7,2.6,12.8,66.0,2.1,2.2,12.6,4.4,0,0
Bogdan Bogdanović,2018,0.7,1.4,14.1,70.0,2.3,1.7,14.1,2.9,0,0
LeBron James,2018,4.9,2.6,25.6,55.0,7.6,3.6,27.4,7.4,1,3
Kelly Oubre Jr.,2018,0.4,1.3,15.2,69.0,3.5,1.5,15.2,3.7,0,0
DeAndre' Bembry,2018,-0.2,1.7,10.8,82.0,1.7,1.7,8.4,3.7,0,0
Terrance Ferguson,2018,-0.9,1.6,6.4,74.0,0.7,0.6,6.9,1.5,0,0
Spencer Dinwiddie,2018,1.3,1.4,16.3,68.0,5.2,2.2,16.8,2.1,0,0
Bam Adebayo,2018,1.8,3.4,17.9,82.0,2.8,1.5,8.9,5.3,0,0
Jaylen Brown,2018,0.0,2.4,13.5,74.0,2.7,1.3,13.0,3.4,0,0
Patty Mills,2018,0.8,1.2,13.2,82.0,1.3,1.1,9.9,1.9,0,0
Avery Bradley,2018,-0.8,1.0,7.6,63.0,0.8,1.4,9.9,2.1,0,0
Ricky Rubio,2018,0.9,2.8,14.0,68.0,3.4,2.6,12.7,3.1,0,0
Paul Millsap,2018,1.8,2.9,17.9,70.0,3.6,1.4,12.6,5.0,0,0
Rodney Hood,2018,0.0,0.5,12.3,72.0,2.2,0.8,11.2,1.8,0,0
Dwyane Wade,2018,1.2,2.3,15.8,72.0,3.2,2.3,15.0,3.0,0,0
Malik Beasley,2018,1.0,1.6,14.2,81.0,0.8,0.7,11.3,2.0,0,0
Reggie Bullock,2018,0.4,1.4,10.5,63.0,1.3,1.0,11.3,2.4,0,0
Gordon Hayward,2018,1.3,2.3,15.6,72.0,2.6,1.5,11.5,3.8,0,0
Chris Paul,2018,2.8,2.2,19.7,58.0,3.5,2.6,15.6,3.9,0,0
Anthony Davis,2018,5.3,3.1,30.3,56.0,7.7,2.0,25.9,8.9,0,0
Rudy Gay,2018,1.6,2.2,17.5,69.0,2.1,1.7,13.7,5.9,0,0
Domantas Sabonis,2018,2.4,3.3,21.9,74.0,3.9,2.2,14.1,6.8,0,0
Malcolm Brogdon,2018,1.9,2.3,17.8,64.0,2.4,1.4,15.6,3.5,0,0
John Collins,2018,1.3,1.0,21.8,61.0,4.4,2.0,19.5,6.2,0,0
Marco Belinelli,2018,0.1,1.1,11.9,79.0,1.6,0.9,10.5,2.3,0,0
Kelly Olynyk,2018,1.2,2.5,14.4,79.0,2.3,1.4,10.0,3.8,0,0
Larry Nance Jr.,2018,2.0,1.6,18.6,67.0,2.0,1.4,9.4,5.7,0,0
Terry Rozier,2018,0.8,2.3,12.9,79.0,1.2,0.9,9.0,3.5,0,0
Nemanja Bjelica,2018,1.3,1.9,15.4,77.0,1.2,1.1,9.6,4.1,0,0
Derrick Favors,2018,2.4,3.5,21.8,76.0,3.0,1.1,11.8,4.6,0,0
Fred VanVleet,2018,1.1,1.9,13.7,64.0,1.8,1.3,11.0,2.3,0,0
Brandon Ingram,2018,0.0,1.4,13.4,52.0,5.6,2.5,18.3,4.3,0,0
Darius Miller,2018,-0.4,0.6,8.4,69.0,1.0,0.9,8.2,1.7,0,0
Langston Galloway,2018,0.2,1.3,10.7,80.0,1.2,0.3,8.4,1.5,0,0
Mason Plumlee,2018,1.8,2.9,17.8,82.0,2.4,1.5,7.8,4.4,0,0
Derrick White,2018,1.3,1.9,14.8,67.0,1.8,1.4,9.9,3.2,0,0
Jabari Parker,2018,0.2,1.3,15.5,64.0,2.9,2.4,14.5,5.3,0,0
Noah Vonleh,2018,0.6,1.7,13.9,68.0,2.3,1.3,8.4,6.1,0,0
Josh Hart,2018,0.3,1.9,9.3,67.0,1.2,0.9,7.8,3.2,0,0
DeMarre Carroll,2018,0.2,1.6,12.1,67.0,3.6,1.1,11.1,4.2,0,0
Delon Wright,2018,1.5,2.4,15.5,75.0,2.0,1.0,8.7,2.6,0,0
Taj Gibson,2018,0.8,1.4,17.8,70.0,2.5,1.0,10.8,4.1,0,0
Otto Porter Jr.,2018,1.2,1.5,15.9,56.0,1.7,1.2,13.9,4.6,0,0
Lauri Markkanen,2018,0.7,1.5,17.1,52.0,3.8,1.6,18.7,7.6,0,0
Hassan Whiteside,2018,1.8,4.0,23.5,72.0,3.4,1.3,12.3,7.8,0,0
Royce O'Neale,2018,0.6,2.5,9.0,82.0,0.5,0.9,5.2,3.2,0,0
JaVale McGee,2018,1.4,2.9,21.8,75.0,2.0,1.4,12.0,4.9,0,0
Dwight Powell,2018,2.1,1.9,20.4,77.0,3.3,0.9,10.6,3.5,0,0
Kent Bazemore,2018,-0.1,1.4,11.9,67.0,2.6,1.8,11.6,3.3,0,0
Enes Freedom,2018,1.2,1.6,22.3,67.0,2.9,1.8,13.7,6.0,0,0
Gary Harris,2018,0.2,1.5,12.2,57.0,2.5,1.2,12.9,2.1,0,0
Dāvis Bertāns,2018,1.4,1.5,13.0,76.0,0.8,0.6,8.0,3.2,0,0
Justin Jackson,2018,0.2,0.9,11.3,81.0,1.0,0.4,7.2,2.1,0,0
Dewayne Dedmon,2018,1.0,1.9,16.0,64.0,1.8,1.3,10.8,5.9,0,0
Emmanuel Mudiay,2018,0.0,0.7,14.6,59.0,3.2,2.4,14.8,2.8,0,0
Robin Lopez,2018,0.0,0.7,15.9,74.0,1.7,1.3,9.5,2.0,0,0
Evan Turner,2018,0.3,1.5,11.6,73.0,1.5,1.6,6.8,4.0,0,0
Andre Iguodala,2018,1.5,1.8,13.1,68.0,1.0,0.8,5.7,3.0,0,0
Tyus Jones,2018,0.6,0.9,13.7,68.0,1.0,0.7,6.9,1.6,0,0
Taurean Prince,2018,0.0,0.7,11.9,55.0,2.1,1.8,13.5,3.2,0,0
Rodney McGruder,2018,-0.1,1.6,9.4,66.0,1.1,1.0,7.6,2.7,0,0
Alex Len,2018,0.3,1.0,17.2,77.0,2.8,1.3,11.1,3.5,0,0
Tyler Johnson,2018,0.6,1.4,12.4,57.0,2.2,1.4,10.9,2.4,0,0
Dennis Smith Jr.,2018,0.0,1.2,12.3,53.0,2.9,2.9,13.6,2.3,0,0
Torrey Craig,2018,0.0,1.7,10.4,75.0,0.9,0.6,5.7,2.3,0,0
Maxi Kleber,2018,0.9,1.8,13.1,71.0,1.0,0.8,6.8,3.4,0,0
Thomas Bryant,2018,1.5,1.3,21.0,72.0,1.9,0.8,10.5,4.7,0,0
Kevon Looney,2018,0.9,1.8,17.3,80.0,1.3,0.6,6.3,2.8,0,0
Iman Shumpert,2018,0.0,1.2,9.1,62.0,0.7,0.8,7.5,2.5,0,0
Gerald Green,2018,0.1,1.0,11.4,73.0,0.9,0.8,9.2,2.1,0,0
T.J. McConnell,2018,0.4,1.7,13.4,76.0,0.5,1.2,6.4,1.9,0,0
E'Twaun Moore,2018,-0.1,0.5,11.5,53.0,1.1,1.1,11.9,1.7,0,0
Ed Davis,2018,0.7,2.5,17.3,81.0,2.0,0.8,5.8,5.9,0,0
Wayne Selden,2018,-1.2,0.8,8.3,75.0,1.2,1.1,6.9,1.9,0,0
Luke Kennard,2018,0.3,1.3,11.9,63.0,1.0,0.9,9.7,2.7,0,0
Jeremy Lin,2018,-0.1,0.9,13.5,74.0,2.8,1.7,9.6,2.1,0,0
Shaquille Harrison,2018,0.2,1.6,12.4,73.0,1.7,0.8,6.5,2.6,0,0
Lonzo Ball,2018,0.6,1.7,11.7,47.0,1.0,2.2,9.9,4.2,0,0
Maurice Harkless,2018,1.0,1.9,13.2,60.0,1.2,0.8,7.7,3.2,0,0
Tyreke Evans,2018,-0.2,2.0,11.5,69.0,2.3,1.7,10.2,2.4,0,0
Seth Curry,2018,0.3,0.9,11.4,74.0,0.7,0.8,7.9,1.3,0,0
Mike Scott,2018,-0.2,1.2,8.6,79.0,0.4,0.6,5.8,2.9,0,0
Derrick Rose,2018,1.2,0.3,19.5,51.0,3.1,1.6,18.0,2.1,0,0
Kris Dunn,2018,-0.2,1.2,12.4,46.0,1.5,2.3,11.3,3.7,0,0
Alec Burks,2018,0.3,0.8,12.7,64.0,2.2,1.0,8.8,3.2,0,0
JaMychal Green,2018,0.1,1.9,14.7,65.0,1.6,1.3,9.4,4.7,0,0
Rajon Rondo,2018,0.2,1.5,12.1,46.0,0.8,2.8,9.2,4.5,0,0
T.J. Warren,2018,0.6,0.5,16.3,43.0,2.9,1.2,18.0,3.3,0,0
Juancho Hernangómez,2018,0.3,1.4,11.0,70.0,1.2,0.5,5.8,2.9,0,0
Zach Collins,2018,0.3,1.5,13.5,77.0,1.6,1.0,6.6,2.8,0,0
OG Anunoby,2018,-0.1,1.7,9.8,67.0,0.9,0.8,7.0,2.1,0,0
Doug McDermott,2018,0.2,1.1,11.6,77.0,1.0,0.5,7.3,1.2,0,0
Kyle Korver,2018,0.5,1.3,11.2,70.0,1.0,0.8,8.6,2.2,0,0
Vince Carter,2018,0.5,0.7,11.8,76.0,0.9,0.6,7.4,2.1,0,0
Jake Layman,2018,0.5,1.2,13.5,71.0,1.0,0.6,7.6,2.3,0,0
Mike Muscala,2018,0.3,1.2,10.8,64.0,1.3,0.8,7.0,2.9,0,0
Tony Snell,2018,0.4,1.6,10.7,74.0,0.6,0.3,6.0,1.7,0,0
George Hill,2018,0.2,1.3,12.1,60.0,1.4,0.9,7.6,1.8,0,0
Bobby Portis,2018,-0.1,1.1,16.1,50.0,1.9,1.5,14.2,5.9,0,0
Wayne Ellington,2018,0.7,1.4,11.8,53.0,0.9,0.8,10.3,1.8,0,0
Kyle Anderson,2018,0.9,1.8,12.8,43.0,1.5,1.3,8.0,4.7,0,0
Jakob Poeltl,2018,1.3,1.6,19.4,77.0,1.2,0.6,5.5,3.0,0,0
Markieff Morris,2018,-0.2,1.1,11.7,58.0,1.6,0.9,9.4,3.5,0,0
Jeff Teague,2018,0.5,0.5,15.4,42.0,3.6,2.3,12.1,2.1,0,0
Pat Connaughton,2018,1.0,1.9,13.6,61.0,0.7,0.5,6.9,3.2,0,0
Malik Monk,2018,-0.3,0.7,11.8,73.0,1.4,1.2,8.9,1.7,0,0
Ish Smith,2018,0.0,1.1,11.8,56.0,1.1,1.1,8.9,2.2,0,0
Elfrid Payton,2018,0.2,0.9,14.0,42.0,1.8,2.7,10.6,4.1,0,0
Shelvin Mack,2018,-0.3,1.1,10.4,57.0,1.5,1.2,7.5,1.5,0,0
Nikola Mirotić,2018,1.1,1.4,17.2,46.0,2.7,1.0,15.2,6.1,0,0
Cody Zeller,2018,0.7,1.2,17.2,49.0,2.9,1.3,10.1,4.6,0,0
Rondae Hollis-Jefferson,2018,-0.2,1.7,12.5,59.0,3.1,1.2,8.9,3.8,0,0
Wes Iwundu,2018,-0.4,1.4,8.7,68.0,1.5,0.6,5.0,2.2,0,0
Ersan İlyasova,2018,-0.1,1.9,11.6,67.0,1.1,0.7,6.8,3.1,0,0
James Ennis III,2018,0.1,1.0,11.0,58.0,1.4,0.6,6.7,2.1,0,0
Jared Dudley,2018,0.1,1.2,7.8,59.0,0.8,0.7,4.9,2.1,0,0
Jonas Jerebko,2018,0.4,1.2,13.5,73.0,1.1,0.6,6.3,3.0,0,0
Jamal Crawford,2018,-0.6,0.0,11.7,64.0,1.7,1.5,7.9,1.2,0,0
Stanley Johnson,2018,0.0,1.6,9.6,66.0,1.0,1.2,6.9,2.8,0,0
Mario Hezonja,2018,-0.5,1.1,10.8,58.0,2.0,1.5,8.8,3.6,0,0
Robert Covington,2018,1.1,1.6,13.3,35.0,2.5,1.3,13.3,4.7,0,0
Tristan Thompson,2018,0.4,0.5,18.4,43.0,2.5,1.4,10.9,6.2,0,0
Will Barton,2018,0.0,1.1,11.0,43.0,1.7,1.5,11.5,3.9,0,0
Richaun Holmes,2018,0.8,1.1,20.7,70.0,2.5,0.7,8.2,3.1,0,0
Michael Kidd-Gilchrist,2018,-0.1,1.0,13.3,64.0,1.9,0.7,6.7,2.5,0,0
Wilson Chandler,2018,-0.2,1.0,8.5,51.0,0.5,0.9,6.0,3.3,0,0
James Johnson,2018,0.2,1.5,10.9,55.0,1.3,1.3,7.8,2.8,0,0
Derrick Jones Jr.,2018,0.4,1.7,14.0,60.0,2.0,0.7,7.0,2.4,0,0
Victor Oladipo,2018,1.4,1.9,17.6,36.0,3.9,2.3,18.8,5.0,0,0
Dion Waiters,2018,0.3,1.1,11.4,44.0,1.0,1.5,12.0,2.5,0,0
Allen Crabbe,2018,-0.2,1.0,7.7,43.0,1.3,1.1,9.6,3.1,0,0
Norman Powell,2018,0.4,1.4,13.3,60.0,1.3,1.1,8.6,2.1,0,0
Trey Burke,2018,0.6,0.5,16.5,58.0,2.1,0.8,10.9,1.2,0,0
Lance Stephenson,2018,0.1,1.2,11.8,68.0,1.1,1.3,7.2,2.7,0,0
Trey Lyles,2018,-0.1,1.4,12.7,64.0,1.8,1.1,8.5,3.2,0,0
Tim Frazier,2018,0.1,0.7,11.7,59.0,0.9,1.3,5.3,2.2,0,0
John Wall,2018,0.8,0.7,18.0,32.0,5.5,3.8,20.7,3.2,0,0
Jonas Valančiūnas,2018,1.3,1.9,24.4,49.0,3.8,1.8,15.6,6.4,0,0
Ante Žižić,2018,-0.3,0.3,16.2,59.0,2.2,1.0,7.8,3.6,0,0
Anthony Tolliver,2018,-0.1,0.5,8.6,65.0,0.9,0.6,5.0,2.5,0,0
Devin Harris,2018,-0.1,0.9,10.7,68.0,2.0,0.8,6.3,1.5,0,0
Yogi Ferrell,2018,0.2,0.6,12.7,71.0,0.9,0.6,5.9,1.4,0,0
Jonathon Simmons,2018,-0.6,1.1,8.5,56.0,1.7,1.2,6.5,1.8,0,0
Caris LeVert,2018,0.6,1.2,14.9,40.0,3.1,1.7,13.7,2.9,0,0
Quinn Cook,2018,0.0,0.8,13.1,74.0,0.4,0.7,6.9,1.8,0,0
Nerlens Noel,2018,1.1,2.5,19.3,77.0,1.0,0.6,4.9,2.6,0,0
Ivica Zubac,2018,0.4,1.3,18.9,59.0,2.1,1.2,8.9,4.2,0,0
Sterling Brown,2018,0.1,1.4,10.9,58.0,0.7,0.8,6.4,2.7,0,0
Gorgui Dieng,2018,0.7,1.3,18.1,76.0,1.4,0.8,6.4,3.0,0,0
Nik Stauskas,2018,0.0,0.5,10.9,68.0,0.9,0.8,5.9,1.6,0,0
Alfonzo McKinnie,2018,-0.4,0.9,11.2,72.0,0.7,0.4,4.7,2.3,0,0
Tony Parker,2018,-0.1,0.3,15.3,56.0,2.2,1.3,9.5,1.2,0,0
Goran Dragić,2018,0.2,1.0,13.9,36.0,2.8,2.0,13.7,2.5,0,0
David Nwaba,2018,0.0,0.3,12.5,51.0,1.7,0.6,6.5,2.4,0,0
Shabazz Napier,2018,0.9,1.0,15.3,56.0,2.5,1.2,9.4,1.5,0,0
Danuel House Jr.,2018,0.4,0.7,12.2,39.0,1.8,0.9,9.4,2.9,0,0
Ian Clark,2018,-0.8,0.3,8.3,60.0,0.6,1.0,6.7,1.3,0,0
Thon Maker,2018,0.2,1.5,11.3,64.0,1.3,0.5,5.0,2.5,0,0
Shaun Livingston,2018,0.2,0.9,11.7,64.0,0.8,0.6,4.0,1.2,0,0
Jerian Grant,2018,0.1,1.1,10.8,60.0,0.7,0.9,4.2,1.3,0,0
Jahlil Okafor,2018,0.1,0.8,17.9,59.0,1.5,0.9,8.2,3.3,0,0
Dante Cunningham,2018,0.3,0.9,10.2,64.0,0.3,0.3,3.0,2.2,0,0
Daniel Theis,2018,0.5,1.3,17.0,66.0,1.2,0.5,5.7,2.1,0,0
Frank Ntilikina,2018,-0.9,0.4,6.0,43.0,0.7,1.3,5.7,1.7,0,0
Cheick Diallo,2018,0.2,1.2,17.5,64.0,1.0,0.8,6.0,4.0,0,0
D.J. Wilson,2018,0.0,1.4,10.3,48.0,1.0,0.7,5.8,3.7,0,0
Zaza Pachulia,2018,0.2,1.3,13.7,68.0,1.8,0.8,3.9,2.4,0,0
Meyers Leonard,2018,0.8,0.9,15.8,61.0,0.8,0.7,5.9,3.0,0,0
Solomon Hill,2018,-0.3,0.4,6.8,44.0,0.7,0.7,4.3,2.3,0,0
Tyson Chandler,2018,0.0,1.2,11.2,55.0,1.6,0.8,3.1,3.9,0,0
Patrick Patterson,2018,-0.1,0.9,8.1,63.0,0.5,0.3,3.6,1.7,0,0
C.J. Miles,2018,-0.2,0.9,9.0,53.0,1.1,0.6,6.4,1.5,0,0
Antonio Blakeney,2018,-0.7,0.3,10.6,57.0,1.3,0.6,7.3,1.7,0,0
Dragan Bender,2018,-0.5,0.4,9.5,46.0,1.2,0.8,5.0,3.2,0,0
Aron Baynes,2018,0.1,1.1,14.0,51.0,1.2,0.8,5.6,3.0,0,0
Willy Hernangómez,2018,0.4,0.8,20.4,58.0,2.5,1.0,7.3,3.3,0,0
Matthew Dellavedova,2018,-0.5,0.0,11.1,48.0,1.1,1.4,5.9,1.5,0,0
Bruno Caboclo,2018,0.2,0.9,12.4,34.0,1.5,1.1,8.3,3.4,0,0
Dirk Nowitzki,2018,-0.4,0.8,9.6,51.0,1.0,0.4,7.3,3.0,0,0
Jordan Bell,2018,0.2,1.1,12.9,68.0,0.6,0.6,3.3,1.9,0,0
Sam Dekker,2018,0.1,0.5,13.3,47.0,1.0,0.5,6.1,2.0,0,0
Luke Kornet,2018,0.8,0.7,14.8,46.0,1.0,0.5,7.0,2.3,0,0
Bismack Biyombo,2018,-0.1,0.8,14.4,54.0,1.7,0.6,4.4,3.1,0,0
Lance Thomas,2018,-0.7,0.3,6.4,46.0,0.8,0.5,4.5,2.1,0,0
DeMarcus Cousins,2018,1.0,1.5,21.4,30.0,4.8,2.4,16.3,6.8,0,0
Troy Daniels,2018,-0.3,0.1,9.8,51.0,0.5,0.5,6.2,1.2,0,0
Dwayne Bacon,2018,-0.3,0.3,11.7,43.0,1.1,0.4,7.3,1.9,0,0
Frank Kaminsky,2018,0.4,0.5,16.8,47.0,2.3,0.9,8.6,2.6,0,0
J.J. Barea,2018,0.3,0.6,16.3,38.0,2.1,1.9,10.9,2.2,0,0
Marcin Gortat,2018,0.1,0.8,12.8,47.0,1.0,1.1,5.0,4.1,0,0
Cristiano Felício,2018,-0.4,0.4,13.4,60.0,1.2,0.6,4.0,2.3,0,0
Chasson Randle,2018,-0.4,0.2,9.9,49.0,1.3,0.9,5.5,0.9,0,0
Brandon Knight,2018,-0.6,0.0,8.9,39.0,0.9,0.8,6.8,1.3,0,0
Kenneth Faried,2018,0.3,0.9,21.6,37.0,2.7,0.9,10.4,4.1,0,0
Ivan Rabb,2018,0.1,0.9,16.1,49.0,1.4,0.7,5.8,2.8,0,0
Treveon Graham,2018,-0.3,0.6,6.1,35.0,0.6,0.5,5.3,2.4,0,0
Cameron Payne,2018,-0.2,0.3,11.5,40.0,1.0,1.1,6.3,1.5,0,0
Tyler Dorsey,2018,-0.3,0.4,11.2,48.0,1.3,0.6,6.2,1.8,0,0
Abdel Nader,2018,-0.2,0.9,8.8,61.0,0.6,0.4,4.0,1.7,0,0
Joakim Noah,2018,0.7,1.2,18.6,42.0,2.6,1.2,7.1,4.3,0,0
Boban Marjanović,2018,0.9,0.9,24.2,58.0,2.3,1.0,7.3,3.1,0,0
Furkan Korkmaz,2018,0.0,0.7,11.5,48.0,0.9,0.5,5.8,1.9,0,0
Timothé Luwawu-Cabarrot,2018,-0.5,0.5,8.0,50.0,0.8,0.4,4.6,1.7,0,0
Dante Exum,2018,0.0,0.7,11.2,42.0,2.0,1.2,6.9,1.2,0,0
Jerryd Bayless,2018,-0.4,0.2,8.5,34.0,0.8,0.9,6.1,1.5,0,0
Khem Birch,2018,0.5,1.0,19.2,50.0,1.7,0.4,4.8,2.2,0,0
José Calderón,2018,-0.3,0.5,7.1,49.0,0.2,0.7,2.3,1.0,0,0
Isaiah Canaan,2018,-0.3,0.1,8.0,30.0,0.8,1.2,6.0,1.7,0,0
Tyrone Wallace,2018,-0.7,0.5,7.0,62.0,0.9,0.6,3.5,1.3,0,0
Glenn Robinson III,2018,-0.2,0.6,8.7,47.0,0.9,0.4,4.2,1.1,0,0
Thabo Sefolosha,2018,0.5,1.2,12.1,50.0,0.4,0.5,3.8,2.3,0,0
Kevin Love,2018,0.6,0.4,19.5,22.0,5.2,1.9,17.0,9.4,0,0
Semi Ojeleye,2018,-0.3,0.5,8.5,56.0,0.7,0.3,3.3,1.1,0,0
Álex Abrines,2018,-0.2,0.6,6.3,31.0,0.4,0.5,5.3,1.4,0,0
Nenê,2018,0.0,0.6,11.9,42.0,1.1,0.3,3.6,2.1,0,0
Wesley Johnson,2018,-0.4,0.3,5.5,38.0,0.5,0.5,3.4,1.6,0,0
Alex Caruso,2018,0.2,0.6,13.9,25.0,2.6,1.7,9.2,1.9,0,0
Amir Johnson,2018,0.0,0.7,13.1,51.0,0.8,0.9,3.9,2.0,0,0
T.J. Leaf,2018,0.2,0.7,16.9,58.0,0.5,0.2,3.9,1.4,0,0
Omri Casspi,2018,0.3,0.7,15.7,36.0,1.6,0.6,6.3,2.7,0,0
Georges Niang,2018,0.3,0.7,13.0,59.0,0.4,0.4,4.0,1.3,0,0
Kosta Koufos,2018,-0.2,0.7,12.3,42.0,0.6,0.6,3.7,3.0,0,0
Marquese Chriss,2018,-0.7,0.4,9.2,43.0,1.0,0.8,4.2,2.4,0,0
Ian Mahinmi,2018,-0.1,0.5,12.0,34.0,1.8,0.6,4.1,2.4,0,0
Chandler Parsons,2018,-0.3,0.6,8.5,25.0,1.0,1.3,7.5,2.6,0,0
Corey Brewer,2018,0.1,0.6,11.6,31.0,1.4,0.6,4.9,1.6,0,0
Greg Monroe,2018,-0.1,0.7,16.0,43.0,1.7,0.7,5.3,2.4,0,0
Raul Neto,2018,0.2,0.6,13.5,37.0,0.9,0.9,5.3,1.5,0,0
Justin Anderson,2018,-0.1,0.4,11.2,48.0,0.7,0.5,3.7,1.3,0,0
Frank Mason III,2018,-0.1,0.3,12.4,38.0,1.5,0.9,5.1,1.0,0,0
Courtney Lee,2018,-0.1,0.4,10.3,34.0,0.6,0.4,4.0,1.3,0,0
Markelle Fultz,2018,-0.1,0.4,10.5,19.0,1.9,1.3,8.2,2.3,0,0
Kadeem Allen,2018,0.3,0.2,16.2,19.0,2.8,1.4,9.9,2.3,0,0
Damian Jones,2018,0.3,0.5,15.3,24.0,1.5,0.7,5.4,1.8,0,0
Jon Leuer,2018,0.0,0.5,13.2,41.0,0.8,0.6,3.8,1.7,0,0
Salah Mejri,2018,0.3,0.6,16.1,36.0,0.9,0.6,3.9,2.6,0,0
Patrick McCaw,2018,-0.1,0.5,7.5,29.0,0.5,0.6,2.6,1.4,0,0
Luol Deng,2018,0.2,0.3,14.6,22.0,1.6,0.6,7.1,2.4,0,0
MarShon Brooks,2018,-0.1,0.3,11.6,29.0,1.1,0.7,6.6,1.1,0,0
Raymond Felton,2018,0.1,0.4,11.2,33.0,0.4,0.4,4.3,0.9,0,0
Damion Lee,2018,0.0,0.4,11.9,32.0,0.7,0.3,4.9,1.8,0,0
Michael Carter-Williams,2018,0.3,0.6,14.7,28.0,1.9,0.7,4.8,1.8,0,0
Kyle O'Quinn,2018,0.2,0.8,16.8,45.0,0.5,0.7,3.5,2.0,0,0
Pau Gasol,2018,0.5,0.5,16.7,30.0,1.3,0.5,3.9,3.8,0,0
Channing Frye,2018,-0.1,0.0,8.9,36.0,0.4,0.4,3.6,1.3,0,0
Jordan McRae,2018,0.0,0.2,14.3,27.0,1.3,0.6,5.9,1.3,0,0
John Jenkins,2018,-0.1,0.0,9.7,26.0,0.7,0.3,4.7,1.2,0,0
Dillon Brooks,2018,-0.4,0.3,7.6,18.0,1.7,1.1,7.5,1.2,0,0
Jarell Martin,2018,-0.2,0.4,9.4,42.0,0.3,0.3,2.7,1.5,0,0
Ryan Anderson,2018,-0.4,0.0,4.6,25.0,0.6,0.6,2.5,1.4,0,0
Ekpe Udoh,2018,0.5,0.7,20.9,51.0,0.6,0.3,2.3,1.2,0,0
Sindarius Thornwell,2018,-0.2,0.3,5.2,64.0,0.5,0.3,1.0,0.6,0,0
Troy Williams,2018,0.0,0.3,10.5,21.0,0.7,0.4,5.3,2.2,0,0
Alex Poythress,2018,-0.1,0.2,12.2,21.0,1.4,0.6,5.1,2.2,0,0
Carmelo Anthony,2018,-0.1,0.2,10.9,10.0,2.2,0.8,13.4,4.5,0,0
Quincy Pondexter,2018,0.1,0.3,13.2,53.0,0.8,0.2,1.8,0.7,0,0
Michael Beasley,2018,0.0,0.4,15.9,26.0,1.5,1.0,7.0,1.8,0,0
Henry Ellenson,2018,0.0,0.2,13.1,19.0,1.3,0.5,6.0,3.2,0,0
Guerschon Yabusele,2018,0.0,0.3,12.4,41.0,0.5,0.4,2.3,0.7,0,0
Christian Wood,2018,0.1,0.3,21.9,21.0,2.7,0.8,8.2,3.1,0,0
Dwight Howard,2018,-0.1,0.2,17.4,9.0,5.3,1.8,12.8,6.6,0,0
J.R. Smith,2018,-0.1,0.1,7.8,11.0,0.9,1.0,6.7,1.6,0,0
Jalen Jones,2018,-0.1,0.1,11.7,16.0,1.7,0.5,5.1,1.4,0,0
Lorenzo Brown,2018,-0.1,0.3,6.3,26.0,0.1,0.6,2.1,1.0,0,0
Edmond Sumner,2018,-0.2,0.3,7.6,23.0,1.0,0.4,2.9,0.7,0,0
Daniel Hamilton,2018,-0.1,0.1,7.1,19.0,0.3,0.8,3.0,1.9,0,0
Jason Smith,2018,-0.1,0.2,9.8,20.0,0.8,0.7,3.3,1.8,0,0
John Henson,2018,0.2,0.4,17.1,14.0,0.7,0.9,5.6,3.9,0,0
Andrew Harrison,2018,-0.2,0.0,5.8,17.0,1.1,0.7,3.2,0.8,0,0
Isaiah Thomas,2018,-0.2,0.1,7.0,12.0,2.3,1.5,8.1,0.7,0,0
Caleb Swanigan,2018,-0.2,0.2,4.7,21.0,0.4,0.9,2.0,2.2,0,0
Skal Labissière,2018,0.0,0.2,12.6,22.0,0.8,0.5,3.0,1.5,0,0
Miles Plumlee,2018,0.2,0.1,18.9,18.0,1.7,0.6,4.4,1.3,0,0
Walt Lemon Jr.,2018,0.0,0.2,16.3,6.0,1.8,1.7,14.3,3.8,0,0
Chris Boucher,2018,0.2,0.4,22.2,28.0,0.5,0.3,3.3,1.4,0,0
Ben McLemore,2018,-0.1,0.1,10.5,19.0,0.6,0.3,3.9,0.7,0,0
Johnathan Motley,2018,0.0,0.2,18.9,22.0,1.8,0.7,4.6,1.5,0,0
Ron Baker,2018,-0.2,0.1,2.5,15.0,0.4,0.3,0.9,0.7,0,0
Miloš Teodosić,2018,-0.1,0.1,6.5,15.0,0.5,1.4,3.2,0.9,0,0
Andrew Bogut,2018,0.0,0.2,13.4,11.0,0.3,0.7,3.5,3.9,0,0
C.J. Williams,2018,-0.1,0.1,8.8,15.0,0.1,0.3,2.6,0.5,0,0
JaKarr Sampson,2018,0.2,0.1,22.5,4.0,5.3,1.0,20.0,6.8,0,0
Quincy Acy,2018,-0.2,0.0,2.9,10.0,1.0,0.4,1.7,2.2,0,0
Deyonta Davis,2018,0.0,0.1,15.6,9.0,1.1,0.3,4.0,2.9,0,0
Jodie Meeks,2018,0.1,0.1,16.0,8.0,0.1,0.3,6.4,1.4,0,0
Malachi Richardson,2018,-0.2,0.1,0.9,22.0,0.2,0.4,1.4,0.5,0,0
James Nunnally,2018,-0.1,0.0,7.3,15.0,0.3,0.1,2.4,0.3,0,0
Devin Robinson,2018,0.1,0.1,20.6,7.0,2.0,0.3,6.7,2.0,0,0
Tyler Lydon,2018,-0.1,0.1,9.3,25.0,0.1,0.2,0.9,0.4,0,0
Wade Baldwin,2018,-0.2,0.1,1.3,16.0,0.7,0.9,1.9,0.8,0,0
Tyler Zeller,2018,-0.1,0.1,17.3,6.0,3.0,0.7,7.7,2.2,0,0
Naz Mitrou-Long,2018,-0.1,0.1,2.2,14.0,0.1,0.6,1.1,0.4,0,0
Udonis Haslem,2018,-0.2,0.1,3.6,10.0,0.4,0.3,2.5,2.4,0,0
Malcolm Miller,2018,0.0,0.1,13.7,10.0,0.4,0.1,3.5,0.4,0,0
Jimmer Fredette,2018,-0.2,0.0,3.6,6.0,1.0,0.8,3.7,1.0,0,0
Jawun Evans,2018,-0.1,0.0,0.1,8.0,0.0,0.8,0.8,1.4,0,0
Luc Mbah a Moute,2018,0.0,0.0,6.7,4.0,1.3,0.5,5.0,1.3,0,0
PJ Dozier,2018,0.0,0.1,16.0,6.0,0.3,0.0,3.2,1.8,0,0
Davon Reed,2018,0.0,0.0,8.1,10.0,0.0,0.1,1.2,0.4,0,0
Eric Moreland,2018,0.0,0.1,6.7,5.0,0.0,1.0,1.4,3.2,0,0
Tyler Cavanaugh,2018,-0.1,0.0,5.0,11.0,0.2,0.1,0.8,0.5,0,0
Demetrius Jackson,2018,0.1,0.0,21.0,6.0,0.7,0.2,3.7,0.2,0,0
Nick Young,2018,0.0,0.0,2.3,4.0,0.0,0.5,2.3,0.3,0,0
Tony Bradley,2018,0.0,0.1,19.6,3.0,0.7,1.0,5.7,2.0,0,0
Isaiah Hicks,2018,0.0,0.0,17.4,3.0,1.7,0.3,4.0,1.7,0,0
Jaylen Morris,2018,0.0,0.1,12.2,4.0,0.5,0.3,2.5,1.3,0,0
Alan Williams,2018,0.1,0.1,32.9,5.0,0.8,0.2,3.6,3.0,0,0
R.J. Hunter,2018,0.0,0.0,21.5,1.0,2.0,0.0,17.0,2.0,0,0
Justin Patton,2018,0.0,0.0,10.5,3.0,0.7,0.0,1.7,1.3,0,0
Scott Machado,2018,0.0,0.0,22.2,4.0,0.3,0.0,2.5,0.0,0,0
Gary Payton II,2018,0.1,0.0,36.9,3.0,0.0,0.3,3.7,0.3,0,0
Andre Ingram,2018,-0.1,0.0,-11.9,4.0,0.0,0.3,0.0,0.3,0,0
Donatas Motiejūnas,2018,-0.1,0.0,-0.5,3.0,0.7,1.0,2.0,0.3,0,0
D.J. Stephens,2018,0.0,0.0,5.5,1.0,0.0,1.0,2.0,0.0,0,0
Ike Anigbogu,2018,0.0,0.0,-6.0,3.0,0.0,0.3,0.0,0.7,0,0
Okaro White,2018,0.0,0.0,-4.5,3.0,0.0,0.0,0.0,0.3,0,0
Kalin Lucas,2018,0.0,0.0,16.6,1.0,2.0,0.0,2.0,3.0,0,0
Terrence Jones,2018,0.0,0.0,-15.8,2.0,0.5,0.5,1.0,2.0,0,0
Kobi Simmons,2018,0.0,0.0,0.0,1.0,0.0,0.0,0.0,0.0,0,0
John Holland,2018,0.0,0.0,0.0,1.0,0.0,0.0,0.0,0.0,0,0
Zhou Qi,2018,0.0,0.0,80.4,1.0,0.0,0.0,2.0,0.0,0,0
Tyler Ulis,2018,0.0,0.0,0.0,1.0,0.0,0.0,0.0,0.0,0,0
CJ McCollum,2019,1.6,0.6,17.0,70.0,2.6,1.8,22.2,3.6,0,0
Devin Booker,2019,2.6,1.5,20.6,70.0,7.3,3.8,26.6,3.8,0,0
James Harden,2019,7.3,3.2,29.1,68.0,11.8,4.5,34.3,5.5,1,1
Harrison Barnes,2019,0.5,1.1,13.3,72.0,3.7,1.2,14.5,3.9,0,0
Damian Lillard,2019,5.9,0.7,26.9,66.0,7.8,2.9,30.0,3.8,1,2
Tobias Harris,2019,1.8,2.7,17.2,72.0,3.0,1.4,19.6,5.9,0,0
P.J. Tucker,2019,0.1,2.4,8.3,72.0,0.7,1.0,6.9,5.1,0,0
Shai Gilgeous-Alexander,2019,2.2,3.0,17.7,70.0,5.1,1.9,19.0,5.2,0,0
Bam Adebayo,2019,3.3,3.9,20.3,72.0,5.3,2.8,15.9,7.8,0,0
Donovan Mitchell,2019,2.3,2.2,18.8,69.0,4.7,2.7,24.0,3.6,0,0
Nikola Jokić,2019,5.5,3.1,24.9,73.0,4.1,3.1,19.9,7.5,1,2
Rudy Gobert,2019,3.3,4.2,21.7,68.0,5.9,1.9,15.1,10.1,1,3
DeMar DeRozan,2019,2.3,1.3,21.6,68.0,6.6,2.4,22.1,4.9,0,0
LeBron James,2019,6.1,3.6,25.5,67.0,5.7,3.9,25.3,6.9,1,1
Jayson Tatum,2019,3.4,3.7,20.4,66.0,4.7,2.3,23.4,6.0,1,3
Buddy Hield,2019,1.7,1.5,16.0,72.0,1.9,2.3,19.2,3.8,0,0
Devonte' Graham,2019,1.4,0.9,15.8,63.0,3.7,2.9,18.2,2.7,0,0
Chris Paul,2019,3.5,3.0,21.7,70.0,4.0,2.3,17.6,4.6,1,2
T.J. Warren,2019,1.7,2.6,18.4,67.0,3.0,1.3,19.8,3.2,0,0
Duncan Robinson,2019,1.3,1.6,13.1,73.0,1.0,1.0,13.5,3.0,0,0
Terry Rozier,2019,0.8,1.1,14.8,63.0,3.0,2.2,18.0,3.6,0,0
Domantas Sabonis,2019,2.9,3.4,20.7,62.0,4.8,2.7,18.5,9.4,0,0
Collin Sexton,2019,0.1,0.4,16.3,65.0,4.1,2.4,20.8,2.2,0,0
Joe Ingles,2019,1.5,2.1,12.6,72.0,1.3,2.0,9.8,3.5,0,0
Robert Covington,2019,1.1,3.0,13.3,70.0,1.8,1.5,12.4,5.7,0,0
Anthony Davis,2019,5.4,4.4,27.4,62.0,8.5,2.5,26.1,7.0,1,1
Joe Harris,2019,1.0,1.8,13.3,69.0,1.3,1.5,14.5,3.4,0,0
Dorian Finney-Smith,2019,0.9,1.5,12.3,71.0,1.5,1.0,9.5,3.7,0,0
Trae Young,2019,3.1,0.6,23.9,60.0,9.3,4.8,29.6,3.7,0,0
Jrue Holiday,2019,2.0,1.9,17.0,61.0,3.0,3.0,19.1,3.5,0,0
Dillon Brooks,2019,-1.1,1.6,11.3,73.0,2.8,1.7,16.2,2.4,0,0
Pascal Siakam,2019,2.0,3.6,17.9,60.0,5.1,2.5,22.9,6.3,1,2
Brandon Ingram,2019,2.2,1.8,18.8,62.0,5.9,3.0,23.8,5.3,0,0
Kyle Lowry,2019,2.8,3.3,17.7,58.0,5.9,3.1,19.4,4.5,0,0
Tim Hardaway Jr.,2019,1.0,1.1,14.5,71.0,2.6,1.0,15.8,2.9,0,0
Zach LaVine,2019,2.4,2.2,19.4,60.0,5.6,3.4,25.5,4.1,0,0
Bojan Bogdanović,2019,1.1,1.6,15.6,63.0,4.4,2.5,20.2,3.5,0,0
Julius Randle,2019,0.9,1.8,17.5,64.0,5.5,3.0,19.5,7.4,0,0
Evan Fournier,2019,1.6,1.7,16.4,66.0,3.3,1.9,18.5,2.3,0,0
OG Anunoby,2019,1.7,3.7,13.2,69.0,1.5,1.1,10.6,4.1,0,0
Bradley Beal,2019,2.5,0.6,23.2,57.0,8.0,3.4,30.5,3.3,0,0
Royce O'Neale,2019,1.5,2.5,9.5,71.0,0.8,0.9,6.3,5.1,0,0
Russell Westbrook,2019,1.8,2.5,21.0,57.0,6.7,4.5,27.2,6.2,1,3
Luka Dončić,2019,5.4,2.3,27.6,61.0,9.2,4.3,28.8,8.1,1,1
Mikal Bridges,2019,1.5,2.3,12.9,73.0,1.7,1.0,9.1,3.1,0,0
Al Horford,2019,2.2,2.6,15.7,67.0,1.2,1.2,11.9,5.3,0,0
Lonzo Ball,2019,1.3,2.0,13.1,63.0,1.2,3.1,11.8,5.0,0,0
Aaron Gordon,2019,1.0,2.3,15.1,62.0,3.6,1.6,14.4,5.9,0,0
Ben Simmons,2019,2.8,3.1,20.4,57.0,5.2,3.5,16.4,5.8,1,3
Ricky Rubio,2019,1.5,2.0,16.5,65.0,3.5,2.7,13.0,4.0,0,0
Nemanja Bjelica,2019,1.9,1.9,15.7,72.0,1.2,1.4,11.5,4.8,0,0
Hassan Whiteside,2019,2.6,3.0,25.0,67.0,3.6,1.8,15.5,9.7,0,0
Dennis Schröder,2019,1.0,1.8,16.7,65.0,3.6,2.6,18.9,3.3,0,0
Nikola Vučević,2019,3.1,2.9,21.9,62.0,2.7,1.4,19.6,8.6,0,0
Markelle Fultz,2019,0.1,2.0,14.3,72.0,2.2,2.0,12.1,2.7,0,0
Miles Bridges,2019,-0.3,1.3,12.1,65.0,2.0,1.5,13.0,4.2,0,0
Spencer Dinwiddie,2019,1.9,1.6,17.8,64.0,7.0,2.7,20.6,3.0,0,0
Jimmy Butler,2019,3.7,2.7,23.6,58.0,9.1,2.2,19.9,4.8,1,3
Marcus Morris,2019,0.9,1.5,14.3,62.0,3.5,1.6,16.7,4.1,0,0
Jaylen Brown,2019,1.4,2.6,16.9,57.0,4.3,2.2,20.3,5.3,0,0
Kelly Oubre Jr.,2019,0.7,2.1,14.9,56.0,4.4,1.5,18.7,5.3,0,0
Fred VanVleet,2019,2.3,3.1,16.3,54.0,3.7,2.2,17.6,3.4,0,0
Marcus Smart,2019,1.6,2.8,13.8,60.0,2.5,1.7,12.9,3.1,0,0
Giannis Antetokounmpo,2019,6.6,5.0,31.9,63.0,10.0,3.7,29.5,11.4,1,1
Will Barton,2019,1.5,1.8,15.6,58.0,2.3,1.5,15.1,5.0,0,0
Danuel House Jr.,2019,0.6,1.8,11.3,63.0,1.4,0.9,10.5,3.3,0,0
Cedi Osman,2019,-0.3,0.6,10.7,65.0,1.4,1.4,11.0,3.0,0,0
Jamal Murray,2019,1.5,1.5,17.7,59.0,3.1,2.2,18.5,3.2,0,0
Carmelo Anthony,2019,-0.8,0.9,12.4,58.0,2.8,1.7,15.4,5.1,0,0
Jerami Grant,2019,0.7,1.6,14.4,71.0,2.8,0.9,12.0,2.7,0,0
Maxi Kleber,2019,1.1,1.7,13.6,74.0,1.3,0.8,9.1,3.7,0,0
Terrence Ross,2019,0.8,2.0,14.0,69.0,2.7,1.0,14.7,3.0,0,0
Andre Drummond,2019,1.4,3.6,22.0,57.0,5.2,3.6,17.7,10.8,0,0
Tomáš Satoranský,2019,0.4,1.7,13.5,65.0,1.9,2.0,9.9,2.7,0,0
Jae Crowder,2019,0.9,2.2,12.5,65.0,1.9,1.1,10.5,5.1,0,0
Lou Williams,2019,1.3,1.8,17.3,65.0,5.2,2.8,18.2,2.6,0,0
Andrew Wiggins,2019,0.8,1.1,16.4,54.0,5.0,2.4,21.8,3.9,0,0
Taurean Prince,2019,-0.4,2.3,9.1,64.0,1.4,2.0,12.1,5.2,0,0
Khris Middleton,2019,2.9,3.3,21.1,62.0,3.7,2.2,20.9,5.5,0,0
Jarrett Allen,2019,2.0,2.9,20.7,70.0,3.9,1.1,11.1,6.5,0,0
Kawhi Leonard,2019,5.1,3.3,26.9,57.0,7.1,2.6,27.1,6.1,1,2
Jonas Valančiūnas,2019,2.0,2.8,22.2,70.0,2.9,1.8,14.9,8.2,0,0
Danilo Gallinari,2019,2.4,1.9,19.5,62.0,4.8,1.2,18.7,4.6,0,0
Justin Holiday,2019,1.5,2.6,12.1,73.0,0.9,0.6,8.3,2.8,0,0
Myles Turner,2019,1.0,3.1,14.8,62.0,2.7,1.4,12.1,5.2,0,0
Brook Lopez,2019,1.9,4.1,15.0,68.0,2.2,1.0,12.0,3.7,0,0
Kristaps Porziņģis,2019,1.8,2.6,20.2,57.0,5.0,1.6,20.4,7.7,0,0
Ish Smith,2019,0.3,0.6,13.9,68.0,1.3,1.4,10.9,2.8,0,0
Glenn Robinson III,2019,0.1,0.9,13.3,62.0,1.4,0.9,11.7,3.0,0,0
Troy Brown Jr.,2019,0.3,1.2,13.7,69.0,2.0,1.1,10.4,4.4,0,0
Gary Harris,2019,-0.2,1.4,9.7,56.0,1.6,1.1,10.4,2.4,0,0
Kevin Love,2019,1.8,1.3,17.9,56.0,3.9,2.5,17.6,8.8,0,0
Bogdan Bogdanović,2019,1.2,1.3,15.2,61.0,1.9,1.7,15.1,3.0,0,0
Kentavious Caldwell-Pope,2019,0.5,1.9,11.0,69.0,1.5,0.9,9.3,1.5,0,0
Kevin Huerter,2019,0.2,0.6,11.5,56.0,1.1,1.6,12.2,3.4,0,0
Cory Joseph,2019,0.0,1.1,10.1,72.0,1.0,1.1,6.4,2.0,0,0
Josh Hart,2019,0.6,1.8,11.9,65.0,1.8,1.2,10.1,5.6,0,0
LaMarcus Aldridge,2019,1.5,1.4,19.7,53.0,3.6,1.4,18.9,5.5,0,0
Alec Burks,2019,1.1,1.2,16.7,66.0,4.0,1.4,15.0,3.5,0,0
Montrezl Harrell,2019,2.2,2.5,23.2,63.0,5.6,1.7,18.6,4.5,0,0
Kemba Walker,2019,2.9,2.0,20.0,56.0,4.3,2.1,20.4,3.2,0,0
Gordon Hayward,2019,2.0,2.2,18.1,52.0,2.8,1.8,17.5,5.6,0,0
Garrett Temple,2019,0.4,1.7,10.5,62.0,1.4,1.0,10.3,3.0,0,0
Tristan Thompson,2019,0.2,1.1,16.8,57.0,2.8,1.8,12.0,6.2,0,0
Jordan Clarkson,2019,1.3,1.0,17.3,71.0,2.3,1.4,15.2,1.9,0,0
Langston Galloway,2019,0.5,0.7,12.3,66.0,1.3,0.6,10.3,1.8,0,0
Josh Richardson,2019,0.1,1.7,12.0,55.0,2.6,1.9,13.7,2.4,0,0
Kent Bazemore,2019,-0.5,1.5,9.3,68.0,2.2,1.3,8.8,3.9,0,0
Danny Green,2019,1.1,2.5,10.8,68.0,0.7,0.9,8.0,2.6,0,0
Dejounte Murray,2019,1.0,2.0,16.2,66.0,1.7,1.9,10.9,4.8,0,0
Steven Adams,2019,2.1,2.7,20.5,63.0,3.2,1.5,10.9,6.0,0,0
Derrick White,2019,1.4,1.1,16.4,68.0,3.1,1.3,11.3,2.8,0,0
Malcolm Brogdon,2019,1.6,1.7,17.7,54.0,3.4,2.4,16.5,4.0,0,0
Goran Dragić,2019,0.8,1.3,16.3,59.0,4.2,2.4,16.2,2.7,0,0
Eric Bledsoe,2019,1.6,3.0,17.6,61.0,3.5,2.4,14.9,3.9,0,0
Tony Snell,2019,0.1,0.5,9.7,59.0,0.5,0.5,8.0,1.7,0,0
Monte Morris,2019,0.7,1.1,14.9,73.0,1.2,0.7,9.0,1.5,0,0
Wesley Matthews,2019,0.1,2.4,8.1,67.0,1.0,0.6,7.4,2.1,0,0
Bruce Brown,2019,0.3,1.4,11.9,58.0,2.1,1.7,8.9,3.7,0,0
De'Aaron Fox,2019,1.6,1.4,20.6,51.0,6.7,3.1,21.1,3.2,0,0
Dario Šarić,2019,0.7,1.5,14.2,66.0,1.9,1.3,10.7,4.6,0,0
Jaren Jackson Jr.,2019,1.0,1.8,16.3,57.0,3.3,1.7,17.4,3.6,0,0
Ben McLemore,2019,0.6,1.1,11.8,71.0,0.9,0.7,10.1,1.9,0,0
Aaron Holiday,2019,0.2,1.7,11.6,66.0,1.3,1.3,9.5,2.0,0,0
Austin Rivers,2019,-0.2,1.2,10.4,68.0,1.6,0.7,8.8,2.2,0,0
Thaddeus Young,2019,0.3,2.1,13.3,64.0,1.1,1.6,10.3,3.5,0,0
Dāvis Bertāns,2019,1.1,0.5,15.5,54.0,2.3,1.1,15.4,3.9,0,0
JJ Redick,2019,1.1,0.6,15.4,60.0,3.1,1.3,15.3,2.4,0,0
Bryn Forbes,2019,-0.3,0.3,11.1,63.0,1.4,0.9,11.2,1.8,0,0
Seth Curry,2019,1.2,0.8,15.5,64.0,1.5,1.0,12.4,1.8,0,0
Delon Wright,2019,1.5,1.8,15.4,73.0,1.4,1.0,6.9,2.9,0,0
Daniel Theis,2019,1.7,2.6,17.9,65.0,1.8,0.8,9.2,4.4,0,0
Furkan Korkmaz,2019,0.3,1.4,12.0,72.0,1.4,0.8,9.8,2.1,0,0
Josh Okogie,2019,-0.2,1.2,11.5,62.0,3.1,1.4,8.6,2.9,0,0
Kyle Kuzma,2019,-0.2,1.9,12.2,61.0,2.5,1.5,12.8,3.6,0,0
Donte DiVincenzo,2019,1.3,3.2,14.1,66.0,1.3,1.4,9.2,3.8,0,0
Joel Embiid,2019,2.5,2.7,25.8,51.0,8.5,3.1,23.0,8.9,0,0
Trevor Ariza,2019,0.6,1.2,11.0,53.0,1.4,1.1,8.0,4.0,0,0
Lauri Markkanen,2019,0.5,1.6,14.3,50.0,3.1,1.6,14.7,5.1,0,0
Patty Mills,2019,0.8,0.5,14.8,66.0,1.7,0.8,11.6,1.3,0,0
Serge Ibaka,2019,0.8,2.7,17.3,55.0,2.3,2.0,15.4,6.1,0,0
Norman Powell,2019,1.5,2.3,16.8,52.0,2.9,1.5,16.0,3.2,0,0
Larry Nance Jr.,2019,1.4,1.1,17.3,56.0,1.3,1.1,10.1,5.4,0,0
Jeff Teague,2019,0.2,0.6,14.6,59.0,3.3,2.0,10.9,1.9,0,0
Rudy Gay,2019,0.4,1.1,15.4,67.0,2.0,1.3,10.8,4.5,0,0
Landry Shamet,2019,0.0,1.1,8.5,53.0,1.4,0.8,9.3,1.8,0,0
D'Angelo Russell,2019,1.4,0.7,18.7,45.0,4.4,3.3,23.1,3.6,0,0
Anfernee Simons,2019,-0.9,0.1,9.0,70.0,1.3,0.9,8.3,1.8,0,0
Maurice Harkless,2019,0.5,1.9,9.8,62.0,1.1,0.9,5.8,3.0,0,0
Damion Lee,2019,-0.1,0.8,12.7,49.0,2.6,1.4,12.7,4.2,0,0
D.J. Augustin,2019,0.2,0.9,14.0,57.0,3.2,1.5,10.5,1.8,0,0
Paul George,2019,2.5,2.3,21.1,48.0,4.5,2.6,21.5,5.2,0,0
Mitchell Robinson,2019,1.8,2.0,23.5,61.0,2.4,0.6,9.7,4.0,0,0
Bobby Portis,2019,0.3,1.0,14.6,66.0,1.4,1.1,10.1,3.9,0,0
Derrick Jones Jr.,2019,1.0,1.8,14.9,59.0,2.1,0.5,8.5,2.8,0,0
Doug McDermott,2019,0.7,1.1,14.4,69.0,0.8,0.6,10.3,2.1,0,0
Brad Wanamaker,2019,0.5,1.8,12.8,71.0,1.9,1.1,6.9,1.7,0,0
Mike Conley,2019,0.8,1.1,14.1,47.0,3.0,2.0,14.4,2.5,0,0
John Collins,2019,1.7,1.2,23.5,41.0,3.7,1.8,21.6,7.3,0,0
Shabazz Napier,2019,0.3,0.9,13.8,56.0,2.7,2.3,10.3,2.4,0,0
Patrick Beverley,2019,1.4,2.0,12.5,51.0,0.9,1.3,7.9,4.1,0,0
Cody Zeller,2019,0.5,1.3,18.8,58.0,3.1,1.3,11.1,4.3,0,0
Gary Trent Jr.,2019,0.6,0.3,12.9,61.0,0.7,0.3,8.9,1.2,0,0
Kyle Anderson,2019,0.9,1.7,12.5,67.0,1.2,1.0,5.8,3.4,0,0
Caris LeVert,2019,0.5,1.4,16.1,45.0,4.4,2.6,18.7,3.1,0,0
Ivica Zubac,2019,1.6,2.3,21.7,72.0,2.3,0.8,8.3,4.8,0,0
T.J. McConnell,2019,0.8,1.7,16.5,71.0,0.6,1.4,6.5,2.1,0,0
Christian Wood,2019,1.7,1.5,23.2,62.0,3.9,1.4,13.1,4.6,0,0
JaMychal Green,2019,0.5,2.0,11.1,63.0,0.8,0.9,6.8,4.9,0,0
Dwight Howard,2019,0.7,2.6,18.7,69.0,3.1,1.2,7.5,4.9,0,0
Kelly Olynyk,2019,1.0,1.8,14.6,67.0,1.5,1.1,8.2,3.9,0,0
Derrick Rose,2019,1.4,0.7,21.0,50.0,2.8,2.5,18.1,1.9,0,0
Jeremy Lamb,2019,0.5,1.8,14.0,46.0,2.4,1.1,12.5,3.8,0,0
Clint Capela,2019,1.1,2.1,20.6,39.0,2.7,1.6,13.9,9.5,0,0
Trey Lyles,2019,0.3,1.0,12.6,63.0,0.7,0.6,6.4,4.6,0,0
George Hill,2019,1.6,2.1,16.9,59.0,1.7,1.0,9.4,2.2,0,0
Kris Dunn,2019,0.4,2.0,12.1,51.0,1.1,1.3,7.3,3.2,0,0
Svi Mykhailiuk,2019,0.0,0.6,11.2,56.0,1.3,1.1,9.0,1.6,0,0
James Ennis III,2019,-0.2,1.4,11.5,69.0,1.4,0.8,6.6,2.5,0,0
Terrance Ferguson,2019,-0.8,0.9,3.7,56.0,0.4,0.6,3.9,0.9,0,0
Wendell Carter Jr.,2019,-0.1,1.6,15.5,43.0,3.5,1.7,11.3,6.2,0,0
Isaac Bonga,2019,-0.3,0.6,10.2,66.0,1.3,0.9,5.0,2.3,0,0
Elfrid Payton,2019,0.6,1.2,16.0,45.0,1.9,2.1,10.0,3.6,0,0
Pat Connaughton,2019,0.8,2.3,11.5,67.0,0.6,0.8,5.4,3.3,0,0
Derrick Favors,2019,0.9,1.6,18.5,51.0,1.4,1.1,9.0,6.6,0,0
Richaun Holmes,2019,0.9,1.5,19.7,44.0,2.7,1.2,12.3,5.3,0,0
Paul Millsap,2019,0.7,1.4,16.9,51.0,2.8,1.4,11.6,3.8,0,0
Deandre Ayton,2019,0.7,1.6,20.0,38.0,2.3,2.1,18.2,7.6,0,0
DeAndre Jordan,2019,1.5,2.2,19.9,56.0,2.2,1.3,8.3,7.5,0,0
Tyus Jones,2019,0.8,1.1,15.7,65.0,0.9,0.8,7.4,1.4,0,0
Draymond Green,2019,0.5,1.3,12.5,43.0,1.9,2.3,8.0,5.7,0,0
Malik Beasley,2019,0.0,0.8,12.7,55.0,1.2,1.0,11.2,2.4,0,0
Mike Scott,2019,0.1,1.1,11.2,68.0,0.5,0.4,6.0,2.7,0,0
Marquese Chriss,2019,0.8,1.3,19.5,59.0,2.6,1.3,9.3,4.3,0,0
Frank Ntilikina,2019,-0.4,0.8,9.8,57.0,1.0,1.2,6.3,1.7,0,0
Karl-Anthony Towns,2019,2.9,1.3,26.5,35.0,6.5,3.1,26.5,8.1,0,0
Markieff Morris,2019,0.0,1.0,12.5,58.0,1.5,1.3,9.7,3.1,0,0
Avery Bradley,2019,-0.2,1.4,8.9,49.0,0.5,1.0,8.6,2.0,0,0
Alex Caruso,2019,0.5,1.8,10.8,64.0,1.5,0.8,5.5,1.7,0,0
Jakob Poeltl,2019,1.3,1.6,19.1,66.0,1.3,0.8,5.6,3.7,0,0
Malik Monk,2019,-0.1,0.6,12.6,55.0,1.8,1.4,10.3,2.4,0,0
De'Anthony Melton,2019,0.5,1.7,13.5,60.0,2.0,1.4,7.6,3.0,0,0
Kevin Knox,2019,-0.7,0.7,8.3,65.0,1.6,0.7,6.4,2.4,0,0
Marc Gasol,2019,1.1,2.2,11.8,44.0,1.1,1.3,7.5,5.5,0,0
Thomas Bryant,2019,1.2,0.8,21.1,46.0,2.5,1.2,13.2,5.1,0,0
JaVale McGee,2019,1.0,2.4,19.4,68.0,1.2,0.8,6.6,3.9,0,0
Marvin Williams,2019,0.4,1.3,11.2,58.0,1.0,0.6,5.9,2.6,0,0
Nerlens Noel,2019,1.5,2.3,20.4,61.0,1.7,1.1,7.4,3.4,0,0
Rondae Hollis-Jefferson,2019,0.6,2.0,15.1,60.0,2.4,1.0,7.0,2.9,0,0
Willie Cauley-Stein,2019,0.7,1.5,17.0,54.0,1.2,0.7,7.2,4.3,0,0
Gorgui Dieng,2019,1.0,1.7,17.1,63.0,1.6,1.0,7.4,4.2,0,0
Solomon Hill,2019,0.1,1.1,9.8,59.0,0.9,0.9,5.5,2.3,0,0
Torrey Craig,2019,-0.1,0.9,10.8,58.0,0.6,0.4,5.4,2.2,0,0
Dwight Powell,2019,0.9,1.0,15.9,40.0,2.8,0.9,9.4,3.8,0,0
Mason Plumlee,2019,1.1,1.4,18.8,61.0,2.5,1.3,7.2,3.6,0,0
Justin Jackson,2019,-0.4,0.6,9.5,65.0,0.8,0.2,5.5,2.0,0,0
Meyers Leonard,2019,0.3,1.2,10.6,51.0,0.5,0.8,6.1,4.5,0,0
Bismack Biyombo,2019,-0.1,0.9,16.1,53.0,2.8,0.9,7.4,3.5,0,0
Taj Gibson,2019,0.2,0.8,16.1,62.0,0.9,0.8,6.1,2.5,0,0
Jalen Brunson,2019,0.3,0.6,14.9,57.0,1.3,1.2,8.2,2.0,0,0
E'Twaun Moore,2019,-0.2,0.7,11.3,56.0,0.8,0.7,8.3,1.8,0,0
Eric Gordon,2019,-0.5,0.6,10.3,36.0,3.0,1.2,14.4,1.7,0,0
Semi Ojeleye,2019,0.1,1.0,7.7,69.0,0.5,0.3,3.4,1.7,0,0
Lonnie Walker IV,2019,-0.4,0.6,10.5,61.0,1.0,0.7,6.4,1.9,0,0
Ersan İlyasova,2019,0.6,2.0,14.9,63.0,1.4,0.5,6.6,3.8,0,0
Rajon Rondo,2019,0.2,1.3,12.4,48.0,0.9,1.9,7.1,2.5,0,0
Enes Freedom,2019,0.9,1.8,22.4,58.0,1.7,1.0,8.1,4.6,0,0
Jonathan Isaac,2019,1.1,1.9,17.3,34.0,2.3,1.4,11.9,5.1,0,0
Jerome Robinson,2019,-0.5,0.8,7.4,63.0,0.9,0.8,5.1,1.8,0,0
Alex Len,2019,0.3,1.0,17.7,55.0,1.9,1.0,8.0,4.0,0,0
Kyle Korver,2019,0.5,1.5,11.3,58.0,0.7,0.8,6.7,1.8,0,0
Jeff Green,2019,0.5,0.9,13.7,48.0,1.9,0.9,9.4,2.3,0,0
Robin Lopez,2019,-0.2,1.6,10.2,66.0,0.8,1.0,5.4,1.6,0,0
Wes Iwundu,2019,-0.2,0.8,10.3,52.0,1.9,0.5,5.8,2.1,0,0
Jevon Carter,2019,0.6,1.0,11.3,58.0,0.5,0.6,4.9,1.5,0,0
Aron Baynes,2019,0.2,0.8,15.2,42.0,1.8,1.2,11.5,4.0,0,0
Ryan Arcidiacono,2019,-0.2,0.7,9.0,58.0,0.7,0.6,4.5,1.6,0,0
Treveon Graham,2019,-0.8,0.4,6.6,55.0,1.0,0.5,4.4,1.8,0,0
Isaiah Thomas,2019,-0.5,-0.1,11.6,40.0,1.9,1.9,12.2,1.4,0,0
Georges Niang,2019,0.4,0.8,11.7,66.0,0.4,0.5,5.9,1.7,0,0
Khem Birch,2019,-0.1,0.9,11.7,48.0,2.1,0.6,4.4,2.7,0,0
Luke Kennard,2019,0.4,0.3,14.4,28.0,2.7,1.5,15.8,3.2,0,0
Jabari Parker,2019,0.5,0.8,18.0,38.0,2.1,1.7,14.0,4.0,0,0
DeAndre' Bembry,2019,-0.1,0.8,9.6,43.0,1.1,1.4,5.8,2.7,0,0
Patrick McCaw,2019,0.0,1.2,7.3,37.0,0.5,0.8,4.6,1.8,0,0
Hamidou Diallo,2019,-0.4,1.1,9.3,46.0,1.4,1.1,6.9,2.7,0,0
Damian Jones,2019,0.1,0.6,15.6,55.0,1.5,0.5,5.6,2.4,0,0
Omari Spellman,2019,0.1,0.7,14.4,49.0,1.9,1.1,7.6,2.9,0,0
Marco Belinelli,2019,-0.2,0.2,10.8,57.0,1.0,0.3,6.3,1.6,0,0
Mo Bamba,2019,0.5,1.7,17.5,62.0,0.7,0.7,5.4,3.3,0,0
Vince Carter,2019,-0.5,0.4,7.5,60.0,0.5,0.6,5.0,1.8,0,0
Anthony Tolliver,2019,-0.3,0.4,7.0,55.0,0.5,0.6,3.6,2.2,0,0
Rodney McGruder,2019,-0.2,1.1,6.7,56.0,0.6,0.4,3.3,2.2,0,0
Mario Hezonja,2019,-0.2,0.6,9.5,53.0,1.1,0.8,4.8,2.9,0,0
Abdel Nader,2019,0.2,0.9,11.3,55.0,1.2,0.8,6.3,1.6,0,0
Timothé Luwawu-Cabarrot,2019,-0.1,0.7,11.0,47.0,1.7,0.8,7.8,2.1,0,0
Emmanuel Mudiay,2019,0.0,0.9,13.0,54.0,1.5,1.4,7.3,2.0,0,0
Damyean Dotson,2019,0.1,0.4,10.9,48.0,0.7,0.4,6.7,1.7,0,0
Moritz Wagner,2019,-0.1,0.6,15.1,45.0,2.1,1.5,8.7,3.6,0,0
Michael Carter-Williams,2019,0.5,1.2,15.3,45.0,2.1,1.2,7.2,2.2,0,0
Juancho Hernangómez,2019,-0.3,0.7,10.4,48.0,1.5,0.7,6.0,3.2,0,0
Kenrich Williams,2019,-0.1,0.8,7.5,39.0,0.7,0.6,3.5,3.5,0,0
Matthew Dellavedova,2019,-0.7,0.1,8.1,57.0,0.6,1.0,3.1,1.0,0,0
Chris Boucher,2019,0.8,1.8,20.7,62.0,1.9,0.5,6.6,2.7,0,0
Ian Mahinmi,2019,-0.2,0.7,14.2,38.0,3.0,1.2,7.4,3.7,0,0
Shake Milton,2019,0.2,0.7,14.4,40.0,1.6,1.2,9.4,1.8,0,0
Frank Jackson,2019,-0.7,0.3,9.1,59.0,1.3,0.8,6.3,1.0,0,0
Jordan McRae,2019,0.1,0.4,14.2,37.0,2.9,1.2,11.5,2.9,0,0
Frank Kaminsky,2019,0.3,0.7,14.2,39.0,2.3,0.9,9.7,3.6,0,0
Thon Maker,2019,0.1,0.8,13.7,60.0,1.8,0.8,4.7,1.9,0,0
Patrick Patterson,2019,0.5,0.8,11.5,59.0,0.7,0.4,4.9,2.0,0,0
Dewayne Dedmon,2019,-0.7,1.0,9.4,44.0,0.8,1.3,5.8,4.3,0,0
Sterling Brown,2019,0.0,1.5,9.5,52.0,0.8,0.8,5.1,2.9,0,0
Keita Bates-Diop,2019,0.1,0.6,12.4,44.0,1.7,0.4,6.5,2.3,0,0
Reggie Jackson,2019,0.3,0.5,13.7,31.0,1.7,1.6,11.9,2.4,0,0
Wilson Chandler,2019,-0.1,0.9,7.4,35.0,0.7,1.0,5.9,3.8,0,0
Elie Okobo,2019,0.0,0.5,10.6,55.0,1.3,0.7,4.0,1.3,0,0
Grayson Allen,2019,0.1,0.4,12.0,38.0,1.2,0.9,8.7,2.0,0,0
Tyler Johnson,2019,-0.2,0.5,10.1,39.0,1.3,0.7,7.0,1.5,0,0
Dwayne Bacon,2019,-0.8,0.4,6.1,39.0,1.4,0.9,5.7,2.2,0,0
Rodions Kurucs,2019,-0.1,0.8,8.9,47.0,0.8,1.0,4.6,2.4,0,0
Reggie Bullock,2019,-0.2,0.3,9.3,29.0,0.7,0.7,8.1,1.9,0,0
Raul Neto,2019,0.0,0.6,12.7,54.0,0.9,0.9,5.1,0.9,0,0
Harry Giles,2019,0.1,0.8,16.4,46.0,1.1,1.0,6.9,3.2,0,0
Tony Bradley,2019,0.6,1.1,21.7,58.0,0.8,0.5,4.9,2.7,0,0
Kyrie Irving,2019,1.6,0.8,26.2,20.0,5.1,2.6,27.4,4.1,0,0
Allen Crabbe,2019,-0.5,0.2,6.0,37.0,0.4,0.5,4.6,1.8,0,0
Rodney Hood,2019,0.2,0.2,12.2,21.0,1.3,0.9,11.0,3.0,0,0
James Johnson,2019,0.3,0.8,14.8,32.0,1.5,1.5,8.4,2.9,0,0
John Henson,2019,0.4,0.8,17.0,40.0,1.2,0.9,5.5,2.9,0,0
Alfonzo McKinnie,2019,-0.5,0.3,8.7,40.0,0.8,0.7,4.6,1.9,0,0
Mike Muscala,2019,0.3,0.6,12.5,47.0,0.5,0.4,4.8,2.0,0,0
Skal Labissière,2019,0.1,0.4,15.4,33.0,1.0,0.9,5.8,3.2,0,0
Gary Clark,2019,0.0,0.5,10.7,42.0,0.2,0.2,3.7,1.7,0,0
Luke Kornet,2019,0.1,0.6,12.7,36.0,0.8,0.4,6.0,1.7,0,0
Wayne Ellington,2019,-0.1,0.2,8.5,36.0,0.4,0.5,5.1,1.7,0,0
Dennis Smith Jr.,2019,-0.6,0.5,7.4,34.0,1.6,1.7,5.5,1.7,0,0
Troy Daniels,2019,-0.1,0.5,8.4,47.0,0.3,0.3,4.3,0.9,0,0
Yogi Ferrell,2019,0.0,0.3,12.2,50.0,0.8,0.6,4.4,0.9,0,0
Victor Oladipo,2019,-0.2,0.6,11.3,19.0,3.1,2.5,14.5,3.5,0,0
Chandler Hutchison,2019,-0.1,0.7,12.4,28.0,2.8,1.0,7.8,3.2,0,0
Trey Burke,2019,0.2,0.4,15.6,33.0,0.9,0.6,7.4,1.0,0,0
Blake Griffin,2019,-0.3,0.3,11.9,18.0,5.4,2.2,15.5,3.7,0,0
Quinn Cook,2019,-0.2,0.5,10.0,44.0,0.3,0.8,5.1,0.9,0,0
Jake Layman,2019,-0.2,0.3,10.3,23.0,1.4,1.0,9.1,1.7,0,0
Nicolas Batum,2019,0.0,0.4,9.2,22.0,0.5,1.0,3.6,3.4,0,0
Denzel Valentine,2019,0.2,0.6,13.0,36.0,0.2,0.7,6.8,1.8,0,0
Džanan Musa,2019,-0.3,0.5,9.4,40.0,1.5,0.9,4.8,1.6,0,0
Dante Exum,2019,-0.1,0.2,10.3,35.0,1.2,0.9,4.5,1.6,0,0
Shaquille Harrison,2019,0.6,0.8,17.8,43.0,1.2,0.4,4.9,1.5,0,0
Cheick Diallo,2019,0.1,0.5,16.5,47.0,0.8,0.7,4.7,2.1,0,0
JaKarr Sampson,2019,0.1,0.7,12.6,34.0,0.8,0.4,4.6,2.0,0,0
Jahlil Okafor,2019,0.2,0.4,18.3,30.0,2.1,1.3,8.1,2.6,0,0
Brandon Knight,2019,-0.3,0.1,8.5,25.0,1.4,1.5,7.3,1.5,0,0
J.J. Barea,2019,0.1,0.2,14.6,29.0,0.8,1.3,7.7,1.5,0,0
Edmond Sumner,2019,-0.1,0.5,10.1,31.0,0.9,0.7,4.9,1.1,0,0
Thabo Sefolosha,2019,0.1,0.6,9.4,41.0,0.2,0.4,2.2,1.8,0,0
Gary Payton II,2019,0.0,0.4,11.3,29.0,0.3,0.7,3.9,1.9,0,0
Brandon Goodwin,2019,-0.1,0.2,11.6,34.0,0.9,0.9,6.1,1.8,0,0
Boban Marjanović,2019,0.3,0.6,25.7,44.0,1.3,0.7,6.6,3.0,0,0
Andre Iguodala,2019,0.2,0.6,10.5,21.0,0.7,1.2,4.6,2.9,0,0
Jacob Evans,2019,-0.5,0.2,5.5,29.0,1.0,0.9,4.4,1.1,0,0
PJ Dozier,2019,-0.2,0.4,11.6,29.0,1.0,0.9,5.8,1.6,0,0
Chris Chiozza,2019,0.1,0.4,12.0,28.0,0.2,1.1,5.1,1.6,0,0
Robert Williams,2019,0.7,1.0,23.1,29.0,1.2,0.7,5.2,3.0,0,0
Cristiano Felício,2019,-0.1,0.3,12.8,22.0,1.0,0.8,3.9,2.1,0,0
Josh Jackson,2019,0.2,0.5,14.1,22.0,2.3,1.3,9.0,2.5,0,0
Al-Farouq Aminu,2019,-0.1,0.5,7.6,18.0,1.6,0.9,4.3,3.5,0,0
Noah Vonleh,2019,0.1,0.4,15.5,36.0,0.9,0.6,3.7,2.4,0,0
Willy Hernangómez,2019,0.2,0.4,19.2,31.0,1.9,1.0,6.1,2.9,0,0
Theo Pinson,2019,-0.5,0.4,5.2,33.0,0.5,1.0,3.6,1.3,0,0
Jared Dudley,2019,0.1,0.5,7.8,45.0,0.0,0.2,1.5,1.0,0,0
D.J. Wilson,2019,-0.2,0.6,8.2,37.0,0.5,0.5,3.6,2.2,0,0
Deonte Burton,2019,-0.4,0.4,4.3,39.0,0.4,0.5,2.7,1.3,0,0
Tim Frazier,2019,-0.2,0.2,9.8,27.0,0.9,1.3,3.6,0.9,0,0
Justise Winslow,2019,-0.1,0.4,8.5,11.0,2.5,2.2,11.3,5.2,0,0
Courtney Lee,2019,0.1,0.3,10.8,24.0,0.3,0.5,4.5,1.0,0,0
Marvin Bagley III,2019,-0.1,0.3,15.6,13.0,2.4,1.4,14.2,5.2,0,0
Otto Porter Jr.,2019,0.3,0.4,15.8,14.0,1.9,0.8,11.9,2.5,0,0
Kyle O'Quinn,2019,0.4,0.6,18.6,29.0,0.7,0.7,3.5,2.8,0,0
Ed Davis,2019,-0.1,0.5,9.5,28.0,0.5,0.5,1.8,2.5,0,0
Allonzo Trier,2019,0.1,0.1,14.5,24.0,1.8,0.9,6.5,1.0,0,0
Zach Collins,2019,-0.1,0.1,9.9,11.0,0.7,1.3,7.0,4.0,0,0
DeMarre Carroll,2019,-0.1,0.2,9.1,24.0,1.8,0.7,3.6,1.8,0,0
Caleb Swanigan,2019,-0.3,0.2,7.6,27.0,0.6,1.4,2.4,2.7,0,0
Dragan Bender,2019,-0.1,0.3,10.9,16.0,0.9,1.3,6.7,3.6,0,0
Michael Kidd-Gilchrist,2019,-0.4,0.2,4.2,25.0,0.6,0.6,2.4,2.1,0,0
Drew Eubanks,2019,0.0,0.3,17.3,22.0,1.2,1.0,4.9,2.6,0,0
David Nwaba,2019,0.2,0.4,14.0,20.0,1.4,0.4,5.2,1.9,0,0
Isaiah Hartenstein,2019,0.2,0.4,18.6,23.0,1.2,0.7,4.7,2.7,0,0
Kevon Looney,2019,-0.2,0.2,9.4,20.0,0.6,0.6,3.4,1.9,0,0
Jordan Bell,2019,0.0,0.2,13.9,29.0,1.1,0.7,3.2,1.8,0,0
Jusuf Nurkić,2019,0.2,0.3,22.6,8.0,4.4,2.4,17.6,7.4,0,0
Evan Turner,2019,-0.2,0.1,6.8,19.0,0.7,1.4,3.3,1.6,0,0
Derrick Walton,2019,0.1,0.2,8.7,26.0,0.3,0.2,2.0,0.5,0,0
Bruno Caboclo,2019,0.0,0.4,14.1,30.0,0.3,0.4,3.0,1.2,0,0
Iman Shumpert,2019,-0.2,0.3,5.3,13.0,0.5,0.8,4.2,1.9,0,0
T.J. Leaf,2019,0.0,0.4,12.9,28.0,0.6,0.3,3.0,1.7,0,0
Ante Žižić,2019,-0.1,0.2,16.4,22.0,0.9,0.5,4.4,2.2,0,0
Tyson Chandler,2019,0.0,0.3,10.8,26.0,0.5,0.3,1.3,1.6,0,0
Dion Waiters,2019,0.0,0.2,11.5,10.0,1.7,1.6,11.1,2.2,0,0
Cameron Payne,2019,0.2,0.2,15.7,8.0,0.9,1.4,10.9,3.4,0,0
Ryan Broekhoff,2019,0.1,0.2,13.1,17.0,0.5,0.4,4.2,2.2,0,0
Johnathan Williams,2019,0.0,0.1,14.0,15.0,0.9,0.3,3.0,2.7,0,0
Malcolm Miller,2019,0.0,0.2,6.7,28.0,0.3,0.1,1.3,0.5,0,0
C.J. Miles,2019,0.0,0.1,11.1,10.0,2.0,0.4,6.4,0.8,0,0
Tyrone Wallace,2019,-0.3,0.1,3.9,14.0,1.2,0.7,2.9,1.4,0,0
Stanley Johnson,2019,0.0,0.3,9.9,25.0,0.6,0.6,2.4,1.2,0,0
Stephen Curry,2019,0.2,0.1,21.7,5.0,5.2,3.2,20.8,4.4,0,0
Thanasis Antetokounmpo,2019,0.0,0.2,12.2,20.0,0.9,0.6,2.8,0.6,0,0
Melvin Frazier,2019,0.0,0.2,9.8,19.0,0.2,0.3,2.1,0.4,0,0
Alize Johnson,2019,0.0,0.2,13.3,17.0,0.6,0.4,2.0,1.9,0,0
Frank Mason III,2019,0.1,0.2,16.9,9.0,1.9,1.2,6.9,1.6,0,0
Kadeem Allen,2019,0.0,0.1,14.0,10.0,1.1,0.8,5.0,0.7,0,0
Justin Anderson,2019,-0.2,0.1,3.2,10.0,0.4,0.4,2.8,2.0,0,0
Chimezie Metu,2019,0.1,0.1,22.2,18.0,0.7,0.6,3.2,1.2,0,0
Yuta Watanabe,2019,0.0,0.1,11.2,18.0,0.4,0.1,2.0,0.7,0,0
Lance Thomas,2019,-0.2,0.1,3.0,7.0,0.6,0.9,3.4,1.6,0,0
Andre Roberson,2019,-0.1,0.1,5.4,7.0,0.3,0.3,2.9,2.9,0,0
B.J. Johnson,2019,-0.1,0.1,5.4,10.0,1.0,0.6,3.0,1.2,0,0
Jerian Grant,2019,-0.1,0.0,6.6,6.0,1.2,0.5,4.5,0.7,0,0
J.R. Smith,2019,-0.2,0.1,0.0,6.0,0.3,0.7,2.8,0.8,0,0
Amile Jefferson,2019,-0.1,0.1,8.9,18.0,0.8,0.2,0.8,0.7,0,0
Khyri Thomas,2019,-0.1,0.0,3.1,8.0,0.5,0.4,2.1,0.0,0,0
Chandler Parsons,2019,-0.1,0.0,5.6,5.0,0.0,0.6,2.8,1.2,0,0
Jarrod Uthoff,2019,0.0,0.0,8.8,7.0,0.3,0.0,2.7,0.6,0,0
Joakim Noah,2019,0.0,0.1,11.1,5.0,1.6,1.2,2.8,2.2,0,0
Naz Mitrou-Long,2019,0.0,0.1,7.8,5.0,0.0,0.6,2.8,1.4,0,0
Jonah Bolden,2019,-0.1,0.1,4.9,7.0,0.6,0.3,1.4,0.9,0,0
Antonius Cleveland,2019,-0.1,0.0,2.5,11.0,0.5,0.2,1.0,0.5,0,0
Jarred Vanderbilt,2019,-0.1,0.1,7.6,11.0,0.2,0.6,1.1,0.5,0,0
Udonis Haslem,2019,-0.1,0.1,6.5,4.0,1.0,0.3,3.0,3.8,0,0
Jeremy Pargo,2019,0.0,0.0,12.6,3.0,0.3,1.3,8.3,0.7,0,0
Johnathan Motley,2019,0.1,0.1,28.5,13.0,0.5,0.4,2.2,0.5,0,0
Chasson Randle,2019,0.0,0.0,6.7,3.0,2.0,0.0,1.7,0.7,0,0
Josh Magette,2019,0.0,0.1,5.1,8.0,0.3,0.6,1.5,0.6,0,0
Sindarius Thornwell,2019,0.0,0.0,14.7,2.0,2.0,1.0,8.0,2.0,0,0
Corey Brewer,2019,0.0,0.1,8.7,5.0,0.6,0.4,1.0,1.2,0,0
Joe Chealey,2019,-0.1,0.0,-2.9,4.0,0.5,0.5,0.5,0.0,0,0
Zhaire Smith,2019,-0.1,0.1,1.1,7.0,0.6,0.3,1.1,0.3,0,0
Luc Mbah a Moute,2019,0.0,0.0,6.4,3.0,0.7,0.3,1.7,0.3,0,0
Justin Patton,2019,0.0,0.0,4.7,5.0,0.0,0.4,1.8,0.8,0,0
Josh Gray,2019,-0.1,0.0,-5.0,2.0,0.0,2.5,1.0,0.5,0,0
Kostas Antetokounmpo,2019,0.0,0.0,16.3,5.0,0.4,0.2,1.4,0.2,0,0
Henry Ellenson,2019,0.0,0.0,-1.3,5.0,0.0,0.0,0.4,0.8,0,0
Daryl Macon,2019,0.0,0.0,-3.1,4.0,0.0,0.5,0.8,0.0,0,0
Ryan Anderson,2019,0.0,0.0,9.4,2.0,0.0,0.5,2.5,3.5,0,0
Dusty Hannahs,2019,0.0,0.0,21.3,2.0,1.0,0.0,6.0,0.5,0,0
Jamal Crawford,2019,0.0,0.0,33.2,1.0,0.0,0.0,5.0,0.0,0,0
Tyler Zeller,2019,0.0,0.0,22.4,2.0,0.0,0.0,1.0,0.5,0,0
J.P. Macura,2019,0.0,0.0,0.0,1.0,0.0,0.0,0.0,0.0,0,0
Julius Randle,2020,3.9,4.3,19.7,71.0,6.0,3.4,24.1,9.0,1,2
RJ Barrett,2020,0.5,3.1,13.4,72.0,3.8,1.9,17.6,4.8,0,0
Nikola Jokić,2020,8.8,3.4,31.3,72.0,5.5,3.1,26.4,8.0,1,1
Buddy Hield,2020,0.9,0.7,12.8,71.0,1.5,1.8,16.6,4.3,0,0
Damian Lillard,2020,5.0,0.8,25.6,67.0,7.2,3.0,28.8,3.7,1,2
Terry Rozier,2020,2.2,2.0,17.1,69.0,2.9,1.9,20.4,3.7,0,0
Russell Westbrook,2020,3.4,3.2,19.5,65.0,6.4,4.8,22.2,9.9,0,0
Andrew Wiggins,2020,1.0,2.7,15.0,71.0,3.4,1.8,18.6,3.7,0,0
Mikal Bridges,2020,3.1,2.6,16.4,72.0,1.8,0.8,13.5,3.2,0,0
Nikola Vučević,2020,4.4,3.0,22.9,70.0,2.2,1.8,23.4,9.6,0,0
Jayson Tatum,2020,3.4,2.5,21.3,64.0,5.3,2.7,26.4,6.6,0,0
Devin Booker,2020,1.3,2.0,19.2,67.0,5.9,3.1,25.6,3.7,0,0
Khris Middleton,2020,1.9,2.2,18.2,68.0,3.5,2.6,20.4,5.2,0,0
Duncan Robinson,2020,0.6,1.8,11.0,72.0,1.0,1.1,13.1,3.4,0,0
Luka Dončić,2020,5.1,2.6,25.3,66.0,7.1,4.3,27.7,7.2,1,1
Robert Covington,2020,1.2,2.4,11.2,70.0,0.9,0.9,8.5,5.8,0,0
Royce O'Neale,2020,1.7,3.3,9.9,71.0,0.6,1.2,7.0,5.6,0,0
Domantas Sabonis,2020,3.3,3.0,20.6,62.0,5.3,3.4,20.3,9.5,0,0
Bojan Bogdanović,2020,0.9,2.5,14.0,72.0,3.7,1.8,17.0,3.3,0,0
Norman Powell,2020,1.3,1.3,16.2,69.0,3.9,1.7,18.6,2.5,0,0
Chris Paul,2020,3.6,2.7,21.4,70.0,2.6,2.2,16.4,4.1,1,2
Rudy Gobert,2020,3.8,5.2,23.5,71.0,5.3,1.7,14.3,10.1,1,3
Justin Holiday,2020,0.6,1.8,10.4,72.0,1.2,0.8,10.5,3.1,0,0
Coby White,2020,-0.2,1.7,12.0,69.0,2.1,2.3,15.1,3.7,0,0
Stephen Curry,2020,5.8,2.5,26.3,63.0,6.3,3.4,32.0,5.0,1,1
Bradley Beal,2020,2.9,1.7,22.7,60.0,7.7,3.1,31.3,3.5,1,3
Bam Adebayo,2020,3.7,3.2,22.7,64.0,5.5,2.6,18.7,6.7,0,0
Joe Harris,2020,1.3,1.1,14.1,69.0,0.9,0.9,14.1,3.0,0,0
Dejounte Murray,2020,1.5,2.6,16.5,67.0,2.0,1.7,15.7,6.2,0,0
Kevin Huerter,2020,1.0,1.7,12.2,69.0,0.9,1.1,11.9,2.8,0,0
Trae Young,2020,3.0,1.3,23.0,63.0,8.7,4.1,25.3,3.3,0,0
Deandre Ayton,2020,1.7,3.1,20.3,69.0,2.5,1.5,14.4,7.2,0,0
Collin Sexton,2020,1.0,0.9,18.0,60.0,6.4,2.8,24.3,2.2,0,0
Eric Bledsoe,2020,0.0,1.3,11.5,71.0,2.7,1.6,12.2,3.0,0,0
Harrison Barnes,2020,1.1,0.5,15.4,58.0,4.1,1.6,16.1,5.5,0,0
Brandon Ingram,2020,2.2,1.3,19.2,61.0,5.2,2.5,23.8,4.3,0,0
DeMar DeRozan,2020,2.6,1.5,22.0,61.0,7.2,2.0,21.6,3.6,0,0
Ja Morant,2020,0.8,1.6,16.7,63.0,5.9,3.2,19.1,3.1,0,0
De'Aaron Fox,2020,2.0,0.8,20.7,58.0,7.2,3.0,25.2,2.9,0,0
Zach LaVine,2020,3.1,1.8,21.5,58.0,5.1,3.5,27.4,4.4,0,0
Zion Williamson,2020,4.0,1.6,27.1,61.0,8.7,2.7,27.0,4.5,0,0
Tobias Harris,2020,2.9,3.1,20.0,62.0,3.3,1.7,19.5,5.8,0,0
Giannis Antetokounmpo,2020,5.6,3.3,29.2,61.0,9.5,3.4,28.1,9.4,1,1
Pascal Siakam,2020,1.4,2.0,17.7,56.0,5.4,2.3,21.4,5.5,0,0
Jaylen Brown,2020,2.3,2.0,19.9,58.0,4.3,2.7,24.7,4.8,0,0
Dillon Brooks,2020,-0.9,1.8,12.1,67.0,2.9,1.8,17.2,2.1,0,0
Kelly Olynyk,2020,1.6,2.6,16.4,70.0,2.5,1.8,13.5,5.7,0,0
Tim Hardaway Jr.,2020,1.2,1.2,15.7,70.0,2.5,0.9,16.6,3.0,0,0
Draymond Green,2020,1.9,3.4,13.3,63.0,1.4,3.0,7.0,6.2,0,0
Keldon Johnson,2020,0.2,1.7,13.8,69.0,2.8,1.1,12.8,4.6,0,0
Dennis Schröder,2020,0.4,2.7,13.8,61.0,4.0,2.7,15.4,3.0,0,0
Kyle Kuzma,2020,0.8,2.9,12.7,68.0,1.4,1.7,12.9,4.5,0,0
P.J. Washington,2020,0.6,2.4,13.4,64.0,2.3,2.0,12.9,5.1,0,0
Reggie Bullock,2020,0.9,2.3,11.1,65.0,0.8,0.7,10.9,3.2,0,0
Danny Green,2020,1.9,3.1,12.1,69.0,0.6,1.0,9.5,3.0,0,0
Miles Bridges,2020,1.1,1.9,14.7,66.0,1.7,1.6,12.7,4.8,0,0
Malcolm Brogdon,2020,2.0,1.3,17.9,56.0,3.2,2.1,21.2,4.2,0,0
Dorian Finney-Smith,2020,1.0,1.6,12.0,60.0,0.7,0.8,9.8,3.8,0,0
Michael Porter Jr.,2020,2.5,2.1,20.6,61.0,2.2,1.3,19.0,5.8,0,0
Jrue Holiday,2020,2.6,2.2,20.0,59.0,2.3,2.2,17.7,3.3,0,0
Brook Lopez,2020,0.9,2.2,15.4,70.0,2.0,0.9,12.3,3.5,0,0
Kentavious Caldwell-Pope,2020,0.7,2.6,10.7,67.0,1.7,1.0,9.7,2.3,0,0
Fred VanVleet,2020,2.2,1.8,16.8,52.0,3.7,1.8,19.6,3.6,0,0
Clint Capela,2020,2.2,3.3,24.3,63.0,3.6,1.2,15.2,9.6,0,0
Kyle Anderson,2020,2.5,2.7,17.2,69.0,2.7,1.2,12.4,5.0,0,0
Kyrie Irving,2020,3.6,1.6,24.4,54.0,4.0,2.4,26.9,3.8,1,3
Ben Simmons,2020,2.3,3.3,18.3,58.0,4.9,3.0,14.3,5.6,0,0
Joe Ingles,2020,2.6,2.3,15.9,67.0,1.3,1.7,12.1,3.2,0,0
Jarrett Allen,2020,1.4,2.1,20.1,63.0,4.6,1.6,12.8,6.9,0,0
Dwayne Bacon,2020,-1.5,0.9,9.9,72.0,2.4,0.6,10.9,2.7,0,0
John Collins,2020,2.0,1.9,20.6,63.0,3.2,1.3,17.6,5.5,0,0
Jakob Poeltl,2020,1.3,2.5,17.5,69.0,1.8,1.2,8.6,4.8,0,0
Jeff Green,2020,0.5,1.2,13.0,68.0,2.4,0.8,11.0,3.4,0,0
Nicolas Batum,2020,1.9,2.3,12.9,67.0,0.9,0.8,8.1,4.0,0,0
Jerami Grant,2020,1.4,1.6,16.9,54.0,6.4,2.0,22.3,4.0,0,0
Paul George,2020,2.9,2.3,20.5,54.0,4.2,3.3,23.3,5.8,1,3
Jordan Clarkson,2020,1.6,2.5,17.1,68.0,2.1,1.7,18.4,3.3,0,0
Donte DiVincenzo,2020,1.0,2.1,13.0,66.0,1.1,1.4,10.4,4.5,0,0
Gary Trent Jr.,2020,-0.1,0.7,12.1,58.0,1.8,0.7,15.3,2.2,0,0
Rui Hachimura,2020,-0.5,1.4,11.4,57.0,2.8,1.2,13.8,4.6,0,0
T.J. McConnell,2020,1.5,2.2,16.9,69.0,0.7,2.0,8.6,2.9,0,0
Josh Richardson,2020,0.1,1.4,11.9,59.0,1.8,1.3,12.1,2.4,0,0
Darius Garland,2020,-0.1,0.9,14.2,54.0,2.4,3.0,17.4,2.0,0,0
Richaun Holmes,2020,1.2,1.4,20.2,61.0,2.8,1.2,14.2,5.9,0,0
Kawhi Leonard,2020,4.2,2.4,26.0,52.0,5.7,2.0,24.8,5.4,1,1
Ricky Rubio,2020,0.0,1.3,13.5,68.0,2.2,1.6,8.6,2.9,0,0
Donovan Mitchell,2020,2.8,2.2,21.3,53.0,6.0,2.8,26.4,3.5,0,0
Enes Freedom,2020,1.2,1.7,22.4,72.0,2.3,1.1,11.2,7.1,0,0
Jonas Valančiūnas,2020,2.2,2.6,24.4,62.0,3.3,1.6,17.1,8.4,0,0
Delon Wright,2020,1.8,1.8,16.3,63.0,2.0,1.3,10.2,3.2,0,0
Lonzo Ball,2020,1.6,1.7,15.2,55.0,1.2,2.2,14.6,4.2,0,0
Jimmy Butler,2020,4.3,2.7,26.5,52.0,8.0,2.1,21.5,5.1,1,3
Will Barton,2020,0.1,1.5,11.8,56.0,2.2,1.7,12.7,3.3,0,0
Darius Bazley,2020,-1.0,1.4,9.7,55.0,3.2,2.2,13.7,6.3,0,0
Jamal Murray,2020,1.7,1.5,18.3,48.0,3.2,2.3,21.2,3.3,0,0
Jalen Brunson,2020,1.2,1.1,17.1,68.0,2.2,1.2,12.6,3.0,0,0
Carmelo Anthony,2020,0.4,0.8,14.6,69.0,2.2,0.9,13.4,2.6,0,0
Karl-Anthony Towns,2020,2.8,1.6,23.1,50.0,6.2,3.2,24.8,7.9,0,0
Kelly Oubre Jr.,2020,0.0,2.2,13.3,55.0,3.2,1.3,15.4,4.5,0,0
Patty Mills,2020,0.4,0.8,11.8,68.0,1.1,1.0,10.8,1.4,0,0
Devonte' Graham,2020,1.1,0.9,14.6,55.0,2.9,1.5,14.8,2.3,0,0
Thaddeus Young,2020,2.2,2.2,20.3,68.0,1.7,2.0,12.1,3.8,0,0
Kendrick Nunn,2020,0.6,1.5,14.2,56.0,1.1,1.4,14.6,2.8,0,0
Jae Crowder,2020,1.3,1.9,11.8,60.0,1.3,0.9,10.1,4.2,0,0
Seth Curry,2020,0.7,1.7,12.9,57.0,1.4,1.1,12.5,2.2,0,0
Tyler Herro,2020,0.3,1.6,13.3,54.0,2.2,1.9,15.1,4.5,0,0
Doug McDermott,2020,0.6,0.7,15.6,66.0,1.5,0.8,13.6,2.4,0,0
Ivica Zubac,2020,1.2,2.1,19.1,72.0,2.4,1.1,9.0,4.6,0,0
James Harden,2020,3.7,1.7,24.5,44.0,7.3,4.0,24.6,7.1,0,0
Steven Adams,2020,0.7,1.7,15.1,58.0,2.3,1.3,7.6,5.2,0,0
Kyle Lowry,2020,1.5,1.3,16.5,46.0,3.5,2.7,17.2,4.6,0,0
Daniel Theis,2020,0.8,1.8,15.0,65.0,1.7,1.0,9.6,4.0,0,0
CJ McCollum,2020,2.4,0.6,20.8,47.0,2.8,1.4,23.1,3.3,0,0
Joel Embiid,2020,3.8,3.2,30.3,51.0,10.7,3.1,28.5,8.4,1,2
Marcus Smart,2020,0.7,1.5,13.8,48.0,3.4,2.0,13.1,2.7,0,0
Montrezl Harrell,2020,2.0,2.7,22.7,69.0,3.7,1.1,13.5,3.9,0,0
Pat Connaughton,2020,0.8,1.7,11.3,69.0,0.6,0.5,6.8,3.9,0,0
Josh Jackson,2020,-0.4,1.7,12.0,62.0,3.5,2.3,13.4,3.2,0,0
Nerlens Noel,2020,1.3,3.6,14.8,64.0,1.1,1.0,5.1,4.2,0,0
Reggie Jackson,2020,0.9,1.4,14.2,67.0,1.2,1.1,10.7,2.5,0,0
Luguentz Dort,2020,-0.6,1.0,10.1,52.0,3.2,1.5,14.0,2.9,0,0
Khem Birch,2020,0.4,1.4,15.1,67.0,1.9,0.7,7.2,3.2,0,0
Garrett Temple,2020,-0.4,1.4,8.2,56.0,0.9,1.0,7.6,2.3,0,0
Lonnie Walker IV,2020,-0.7,0.9,9.8,60.0,1.2,1.1,11.2,2.4,0,0
Solomon Hill,2020,-0.2,1.2,6.7,71.0,0.6,0.6,4.5,2.4,0,0
Cedi Osman,2020,-0.5,1.0,10.3,59.0,1.6,1.4,10.4,2.8,0,0
LeBron James,2020,3.8,2.6,24.2,45.0,5.7,3.7,25.0,7.0,1,2
Marcus Morris,2020,0.8,1.5,14.5,57.0,1.6,1.0,13.4,3.5,0,0
Mason Plumlee,2020,1.6,2.1,18.7,56.0,3.0,1.9,10.4,6.7,0,0
Mike Conley,2020,2.6,2.1,19.2,51.0,2.8,1.9,16.2,2.8,0,0
Gordon Hayward,2020,1.4,1.4,17.6,44.0,4.2,2.1,19.6,5.0,0,0
Caris LeVert,2020,0.9,1.5,17.8,47.0,3.8,2.2,20.2,3.9,0,0
Elfrid Payton,2020,-0.4,1.9,11.7,63.0,1.7,1.6,10.1,2.4,0,0
Dāvis Bertāns,2020,0.4,1.0,11.4,57.0,2.0,0.6,11.5,2.6,0,0
Shake Milton,2020,0.1,1.6,14.6,63.0,2.8,1.6,13.0,1.8,0,0
Myles Turner,2020,0.9,2.2,15.3,47.0,3.0,1.4,12.6,5.2,0,0
Chris Boucher,2020,2.0,2.1,21.9,60.0,3.2,0.8,13.6,4.8,0,0
Bruce Brown,2020,0.7,1.5,16.1,65.0,1.8,0.8,8.8,3.7,0,0
Cory Joseph,2020,0.1,0.8,12.5,63.0,1.4,1.3,8.2,2.0,0,0
Cameron Johnson,2020,0.7,1.4,11.8,60.0,1.0,0.7,9.6,2.8,0,0
OG Anunoby,2020,1.2,1.6,15.4,43.0,2.4,1.7,15.9,4.3,0,0
Kenrich Williams,2020,0.4,1.2,14.0,66.0,1.0,1.2,8.0,2.9,0,0
Isaiah Roby,2020,-0.5,1.5,11.9,61.0,1.9,1.9,8.7,4.1,0,0
Lou Williams,2020,-0.2,1.2,14.0,66.0,2.6,1.6,11.3,1.8,0,0
Brandon Clarke,2020,1.3,2.0,17.3,59.0,1.9,0.6,10.3,3.9,0,0
Raul Neto,2020,0.5,1.3,13.0,64.0,1.3,0.8,8.7,2.0,0,0
Landry Shamet,2020,-0.2,0.6,10.3,61.0,1.3,0.8,9.3,1.7,0,0
Aaron Gordon,2020,0.7,1.2,14.5,50.0,3.0,1.9,12.4,4.1,0,0
Wendell Carter Jr.,2020,0.2,1.7,16.7,54.0,3.3,1.4,11.2,5.8,0,0
Bobby Portis,2020,1.2,2.0,19.9,66.0,1.1,0.8,11.4,5.2,0,0
Kemba Walker,2020,1.4,1.1,17.7,43.0,3.5,2.0,19.3,3.6,0,0
Rudy Gay,2020,0.6,1.7,14.7,63.0,1.6,1.0,11.4,4.1,0,0
P.J. Tucker,2020,-0.7,0.9,5.5,52.0,0.5,0.8,3.7,2.9,0,0
Robin Lopez,2020,0.4,0.9,16.7,71.0,1.9,1.1,9.0,1.8,0,0
Bryn Forbes,2020,0.2,0.7,12.8,70.0,0.9,0.6,10.0,1.4,0,0
Bismack Biyombo,2020,-0.4,1.4,11.7,66.0,1.6,1.1,5.0,3.2,0,0
Josh Hart,2020,0.4,1.3,12.2,47.0,1.9,1.0,9.2,6.9,0,0
Naz Reid,2020,0.6,1.3,18.2,70.0,2.4,1.0,11.2,3.4,0,0
Terrence Ross,2020,-0.1,1.0,13.2,46.0,3.0,1.6,15.6,3.1,0,0
Maxi Kleber,2020,0.7,1.3,10.6,50.0,0.7,0.6,7.1,4.3,0,0
Andre Iguodala,2020,0.5,1.8,9.2,63.0,0.6,1.1,4.4,2.9,0,0
Goran Dragić,2020,-0.1,1.2,13.0,50.0,2.4,2.4,13.4,2.9,0,0
Kent Bazemore,2020,0.2,2.1,10.6,67.0,1.2,1.2,7.2,3.0,0,0
Kristaps Porziņģis,2020,1.4,1.7,21.3,43.0,3.2,1.2,20.1,7.0,0,0
Christian Wood,2020,1.1,1.4,20.0,41.0,4.8,2.0,21.0,7.8,0,0
Svi Mykhailiuk,2020,-0.2,1.1,10.4,66.0,0.8,1.3,8.5,2.1,0,0
Derrick Jones Jr.,2020,0.2,0.8,11.9,58.0,1.6,0.6,6.8,2.2,0,0
Lauri Markkanen,2020,0.7,1.3,15.2,51.0,1.8,1.0,13.6,4.6,0,0
Tomáš Satoranský,2020,0.5,1.1,13.8,58.0,1.4,1.7,7.7,1.9,0,0
Bogdan Bogdanović,2020,1.8,1.1,17.6,44.0,1.0,1.2,16.4,3.2,0,0
Talen Horton-Tucker,2020,0.3,2.2,12.9,65.0,2.0,1.6,9.0,2.2,0,0
Matisse Thybulle,2020,1.3,2.7,10.1,65.0,0.3,0.5,3.9,1.4,0,0
John Wall,2020,0.4,0.8,15.4,40.0,5.3,3.5,20.6,2.8,0,0
Tristan Thompson,2020,-0.2,1.4,14.2,54.0,2.2,1.1,7.6,5.0,0,0
Derrick Rose,2020,1.3,1.6,18.3,50.0,2.5,1.6,14.7,2.2,0,0
Terance Mann,2020,0.6,1.3,13.8,67.0,1.4,0.6,7.0,2.8,0,0
Grayson Allen,2020,0.6,1.2,12.8,50.0,1.8,1.0,10.6,2.8,0,0
Evan Fournier,2020,1.0,1.0,16.7,42.0,3.3,1.7,17.1,2.8,0,0
Alec Burks,2020,1.1,1.8,14.8,49.0,2.4,1.0,12.7,4.2,0,0
DeAndre Jordan,2020,0.9,1.5,17.1,57.0,1.6,1.5,7.5,5.4,0,0
Andre Drummond,2020,0.3,2.5,19.4,46.0,4.5,2.7,14.9,8.4,0,0
Luke Kennard,2020,0.6,1.1,12.7,63.0,0.5,0.8,8.3,2.3,0,0
Sterling Brown,2020,0.1,0.8,11.1,51.0,0.6,0.8,8.2,3.6,0,0
Hamidou Diallo,2020,0.0,1.3,14.3,52.0,3.8,1.5,11.6,4.1,0,0
Tyus Jones,2020,0.9,1.3,15.0,70.0,0.6,0.7,6.3,1.7,0,0
Danilo Gallinari,2020,1.0,1.0,16.3,51.0,3.4,0.8,13.3,3.8,0,0
Alex Caruso,2020,0.6,2.1,11.1,58.0,1.3,1.3,6.4,2.4,0,0
Malik Beasley,2020,0.6,0.4,14.6,37.0,2.2,1.6,19.6,3.6,0,0
Dean Wade,2020,0.2,0.9,11.3,63.0,0.6,0.5,6.0,2.8,0,0
Markieff Morris,2020,-0.2,1.8,9.3,61.0,0.8,0.9,6.7,3.6,0,0
Josh Okogie,2020,-0.4,0.8,9.1,59.0,1.8,0.7,5.4,1.6,0,0
Dwight Howard,2020,0.1,2.6,17.8,69.0,3.0,1.6,7.0,5.7,0,0
Monte Morris,2020,0.5,0.8,14.0,47.0,1.6,0.7,10.2,1.8,0,0
D'Angelo Russell,2020,1.1,0.6,17.6,42.0,3.5,2.7,19.0,2.3,0,0
Blake Griffin,2020,0.3,1.1,12.9,46.0,2.5,1.3,11.0,4.1,0,0
Shai Gilgeous-Alexander,2020,1.8,0.8,21.6,35.0,6.5,3.0,23.7,4.2,0,0
Aaron Holiday,2020,-0.7,0.8,9.2,66.0,1.3,1.0,7.2,1.1,0,0
Paul Millsap,2020,0.9,1.6,16.4,56.0,1.8,0.9,9.0,3.3,0,0
Anthony Davis,2020,2.0,2.4,22.1,36.0,5.9,2.1,21.8,6.2,0,0
Kevon Looney,2020,0.3,1.4,11.9,61.0,0.8,0.6,4.1,3.4,0,0
Kevin Durant,2020,2.7,1.2,26.4,35.0,6.8,3.4,26.9,6.7,0,0
Georges Niang,2020,0.5,1.4,11.4,72.0,0.3,0.7,6.9,2.1,0,0
Jarred Vanderbilt,2020,0.5,1.5,16.2,64.0,1.6,0.8,5.4,3.9,0,0
Grant Williams,2020,-0.5,1.0,7.5,63.0,0.8,0.9,4.7,2.1,0,0
Wesley Matthews,2020,0.1,1.5,7.2,58.0,0.7,0.4,4.8,1.3,0,0
D.J. Augustin,2020,0.0,0.5,12.1,57.0,1.6,1.1,7.7,1.3,0,0
JaMychal Green,2020,0.1,1.2,13.6,58.0,1.0,0.9,8.1,3.3,0,0
Marvin Bagley III,2020,-0.3,0.5,16.3,43.0,3.1,1.4,14.1,4.9,0,0
Juan Toscano-Anderson,2020,0.8,1.6,12.6,53.0,0.6,1.2,5.7,3.9,0,0
Anfernee Simons,2020,0.3,0.3,12.3,64.0,0.9,0.7,7.8,2.0,0,0
Larry Nance Jr.,2020,0.7,1.3,13.2,35.0,1.4,1.6,9.3,5.2,0,0
PJ Dozier,2020,-0.2,1.1,10.4,50.0,1.3,0.9,7.7,2.9,0,0
Victor Oladipo,2020,0.1,1.0,14.3,33.0,4.2,2.5,19.8,4.5,0,0
Gary Harris,2020,-0.6,0.6,9.1,39.0,2.0,0.9,9.9,1.5,0,0
Cameron Payne,2020,1.4,1.2,17.4,60.0,0.9,1.0,8.4,2.1,0,0
Damion Lee,2020,0.6,1.3,11.8,57.0,0.8,0.5,6.5,2.8,0,0
Terence Davis,2020,0.1,0.8,12.7,61.0,0.9,1.0,8.7,2.2,0,0
Derrick White,2020,0.9,0.9,15.0,36.0,3.2,1.3,15.4,2.6,0,0
Furkan Korkmaz,2020,0.5,1.5,12.8,55.0,1.5,0.8,9.1,1.7,0,0
Brad Wanamaker,2020,-0.5,1.0,9.5,61.0,1.7,1.2,5.5,1.4,0,0
Timothé Luwawu-Cabarrot,2020,-0.6,0.7,7.8,58.0,0.7,0.7,6.4,1.7,0,0
De'Anthony Melton,2020,1.1,1.5,15.2,52.0,1.0,1.3,9.1,2.5,0,0
James Johnson,2020,0.2,1.3,11.4,51.0,1.5,1.1,7.2,2.8,0,0
Derrick Favors,2020,1.2,2.2,19.7,68.0,1.2,0.5,5.4,3.5,0,0
Garrison Mathews,2020,0.1,0.6,9.7,64.0,1.5,0.2,5.5,1.1,0,0
Denzel Valentine,2020,-0.2,1.1,10.1,62.0,0.3,0.7,6.5,2.8,0,0
Wayne Ellington,2020,0.5,0.5,12.2,46.0,0.8,0.7,9.6,1.6,0,0
Nickeil Alexander-Walker,2020,0.2,1.0,12.5,46.0,1.4,1.5,11.0,2.8,0,0
Stanley Johnson,2020,-0.1,1.1,8.8,61.0,0.9,0.9,4.4,2.0,0,0
Cody Zeller,2020,0.4,1.1,18.2,48.0,2.5,1.1,9.4,4.4,0,0
Marc Gasol,2020,1.1,1.9,12.2,52.0,1.0,1.0,5.0,3.4,0,0
Tony Snell,2020,0.4,0.5,9.5,47.0,0.2,0.4,5.3,2.0,0,0
Jordan Poole,2020,0.4,0.9,15.1,51.0,2.3,1.0,12.0,1.5,0,0
James Ennis III,2020,-0.1,0.7,12.5,41.0,2.1,0.9,8.4,3.0,0,0
Robert Williams,2020,2.0,1.9,25.7,52.0,1.4,1.0,8.0,4.3,0,0
Aron Baynes,2020,-0.6,0.9,10.5,53.0,0.8,0.9,6.1,3.5,0,0
Alex Len,2020,0.5,1.3,16.4,64.0,1.8,0.9,6.6,2.8,0,0
DeAndre' Bembry,2020,0.0,1.1,11.2,51.0,1.3,1.4,5.7,2.2,0,0
Dwight Powell,2020,0.6,1.2,16.8,58.0,2.1,0.7,5.9,2.7,0,0
Jaxson Hayes,2020,0.6,1.0,19.1,60.0,2.0,0.7,7.5,2.8,0,0
Serge Ibaka,2020,0.8,1.3,18.2,41.0,1.3,1.1,11.1,4.9,0,0
Semi Ojeleye,2020,-0.1,0.6,8.3,56.0,0.6,0.4,4.6,2.1,0,0
Jeff Teague,2020,-0.1,0.8,12.3,55.0,1.9,1.2,6.7,1.3,0,0
Rodney Hood,2020,-1.0,0.3,5.6,55.0,0.5,0.7,4.5,1.5,0,0
Jordan McLaughlin,2020,0.1,0.6,12.0,51.0,0.6,1.0,5.0,1.7,0,0
Taj Gibson,2020,0.8,1.7,16.0,45.0,1.2,0.5,5.4,3.4,0,0
Danuel House Jr.,2020,-0.3,0.5,9.1,36.0,1.8,1.0,8.8,3.2,0,0
Ish Smith,2020,0.1,0.9,11.6,44.0,0.8,0.9,6.7,2.9,0,0
Moses Brown,2020,-0.1,1.3,18.8,43.0,2.9,1.0,8.6,5.3,0,0
Trey Burke,2020,0.0,0.7,12.6,62.0,0.9,0.5,6.6,0.7,0,0
Damyean Dotson,2020,-0.6,0.3,8.1,46.0,0.8,0.9,6.7,1.9,0,0
Willie Cauley-Stein,2020,0.2,1.2,14.3,53.0,1.5,0.5,5.3,3.2,0,0
Taurean Prince,2020,0.0,0.8,12.1,41.0,1.9,1.1,9.5,3.0,0,0
Ben McLemore,2020,-0.4,0.7,8.5,53.0,1.0,0.8,7.7,1.6,0,0
Jalen McDaniels,2020,-0.3,0.9,11.4,47.0,1.4,1.0,7.4,2.6,0,0
Juancho Hernangómez,2020,-0.2,0.5,12.1,52.0,1.9,0.5,7.2,3.1,0,0
Jusuf Nurkić,2020,1.0,1.2,20.5,37.0,3.1,2.0,11.5,6.6,0,0
Malik Monk,2020,0.0,0.5,13.6,42.0,1.7,1.3,11.7,2.1,0,0
Dario Šarić,2020,0.0,1.0,14.3,50.0,2.0,1.1,8.7,2.9,0,0
Sekou Doumbouya,2020,-1.0,0.7,6.9,56.0,1.1,0.8,5.1,1.9,0,0
Edmond Sumner,2020,-0.2,0.7,12.7,53.0,1.6,1.0,7.5,1.4,0,0
Mitchell Robinson,2020,0.7,1.7,17.7,31.0,1.7,0.8,8.3,4.5,0,0
Mike Scott,2020,-0.2,1.1,6.8,51.0,0.2,0.4,4.2,2.1,0,0
Cody Martin,2020,0.0,0.9,10.6,52.0,0.8,0.8,4.0,2.1,0,0
Willy Hernangómez,2020,0.4,1.0,19.6,47.0,2.0,0.7,7.8,4.6,0,0
Austin Rivers,2020,0.0,0.9,9.9,36.0,0.9,1.0,7.9,2.1,0,0
Trevor Ariza,2020,0.2,1.0,11.9,30.0,1.5,0.7,9.4,3.9,0,0
Chasson Randle,2020,-0.8,0.4,7.4,41.0,1.2,1.1,6.5,1.8,0,0
Kevin Porter Jr.,2020,-0.3,0.3,12.5,26.0,3.6,3.5,16.6,3.0,0,0
Patrick Beverley,2020,0.6,1.0,12.0,37.0,1.2,0.9,7.5,2.4,0,0
Caleb Martin,2020,-0.3,0.9,9.5,53.0,1.2,0.6,5.0,2.1,0,0
Torrey Craig,2020,0.5,1.1,14.2,50.0,0.4,0.5,5.5,2.8,0,0
Michael Carter-Williams,2020,-0.6,0.6,9.5,31.0,2.6,2.2,8.8,3.2,0,0
Daniel Gafford,2020,0.8,1.3,22.2,54.0,2.0,0.8,7.0,2.5,0,0
Eric Gordon,2020,0.2,0.2,14.4,27.0,4.2,1.9,17.8,1.9,0,0
Ty Jerome,2020,0.3,0.4,13.4,33.0,1.0,1.4,10.7,2.5,0,0
Al Horford,2020,1.1,0.9,17.4,28.0,0.8,1.0,14.2,5.7,0,0
Maurice Harkless,2020,-0.3,0.4,8.1,37.0,1.2,0.6,5.2,2.1,0,0
Rajon Rondo,2020,0.4,0.8,13.2,45.0,0.4,1.8,5.4,2.0,0,0
Mychal Mulder,2020,0.0,0.6,10.8,60.0,0.4,0.3,5.6,0.9,0,0
Jeremy Lamb,2020,0.7,0.9,15.8,36.0,2.1,0.6,10.1,2.9,0,0
Jaylen Nowell,2020,-0.2,0.4,12.3,42.0,1.3,0.7,9.0,1.8,0,0
Drew Eubanks,2020,0.4,1.1,17.9,54.0,2.0,0.8,5.8,3.1,0,0
Cam Reddish,2020,-0.2,0.7,9.3,26.0,3.2,1.3,11.2,3.2,0,0
Frank Jackson,2020,0.1,0.4,13.2,40.0,1.9,0.9,9.8,1.8,0,0
Mo Bamba,2020,0.4,1.1,19.3,46.0,1.4,0.8,8.0,4.1,0,0
Yuta Watanabe,2020,0.2,0.8,12.2,50.0,0.6,0.4,4.4,2.5,0,0
JJ Redick,2020,-0.3,0.3,9.9,44.0,1.2,0.8,7.4,1.4,0,0
Moritz Wagner,2020,-0.1,0.8,12.5,45.0,1.9,1.0,6.9,2.6,0,0
Jevon Carter,2020,0.5,0.8,12.2,60.0,0.1,0.3,4.1,1.3,0,0
Frank Kaminsky,2020,0.6,0.9,15.8,47.0,1.3,0.5,6.6,3.2,0,0
DeMarcus Cousins,2020,0.4,1.2,16.4,41.0,2.0,1.6,8.9,5.1,0,0
Eric Paschall,2020,-0.1,0.7,13.4,40.0,2.4,1.1,9.5,2.5,0,0
Tyler Johnson,2020,-0.2,0.3,8.2,39.0,0.5,0.4,5.4,1.8,0,0
Tony Bradley,2020,0.6,1.0,20.7,42.0,1.3,0.8,7.1,3.7,0,0
David Nwaba,2020,0.2,0.6,14.4,30.0,2.3,0.6,9.2,2.6,0,0
De'Andre Hunter,2020,0.5,0.6,15.7,23.0,3.7,1.3,15.0,4.0,0,0
JaVale McGee,2020,-0.1,1.1,17.0,46.0,1.5,1.3,7.3,3.5,0,0
LaMarcus Aldridge,2020,0.3,0.6,15.7,26.0,1.8,1.0,13.5,3.8,0,0
George Hill,2020,0.1,0.6,13.1,30.0,1.7,1.0,8.7,1.5,0,0
Gabe Vincent,2020,-0.6,0.5,7.6,50.0,0.5,0.7,4.8,0.9,0,0
Gary Clark,2020,-0.5,0.4,6.0,39.0,0.3,0.4,3.1,2.1,0,0
Mike Muscala,2020,0.3,0.4,14.7,35.0,1.0,0.6,9.7,3.2,0,0
Nassir Little,2020,-0.1,0.2,11.6,48.0,0.9,0.4,4.6,2.0,0,0
Jake Layman,2020,0.0,0.5,11.4,45.0,0.8,0.6,5.1,1.2,0,0
Kevin Love,2020,0.3,0.6,15.1,25.0,2.0,1.5,12.2,6.8,0,0
Brandon Goodwin,2020,-0.2,0.4,9.2,47.0,0.9,0.8,4.9,1.3,0,0
Otto Porter Jr.,2020,0.3,0.7,14.5,28.0,1.5,0.9,9.7,4.4,0,0
Avery Bradley,2020,-0.5,0.4,6.3,27.0,0.6,1.0,6.4,1.8,0,0
Nemanja Bjelica,2020,0.0,0.3,12.9,37.0,1.4,0.9,6.5,2.6,0,0
Nic Claxton,2020,0.4,0.9,16.9,32.0,2.0,0.6,6.6,3.8,0,0
Patrick Patterson,2020,0.2,0.5,10.9,38.0,0.4,0.3,5.2,1.5,0,0
Justin Jackson,2020,-0.2,0.3,10.4,34.0,1.1,0.9,7.2,1.8,0,0
John Konchar,2020,0.5,0.8,14.8,43.0,0.7,0.4,4.3,2.2,0,0
Nicolò Melli,2020,-0.2,0.5,7.9,45.0,0.6,0.3,3.0,2.1,0,0
Goga Bitadze,2020,0.1,0.8,16.3,45.0,1.4,0.4,5.1,2.0,0,0
Isaiah Hartenstein,2020,0.2,0.9,17.9,46.0,1.5,1.0,5.1,2.5,0,0
Gorgui Dieng,2020,0.7,0.8,19.2,38.0,1.8,0.8,6.8,2.6,0,0
Thanasis Antetokounmpo,2020,-0.2,0.6,10.3,57.0,0.9,0.8,2.9,1.2,0,0
Damian Jones,2020,0.1,0.5,14.6,39.0,1.5,0.7,4.7,2.2,0,0
Hassan Whiteside,2020,0.0,0.6,19.2,36.0,2.2,1.1,8.1,4.3,0,0
Wes Iwundu,2020,-0.6,0.4,4.3,41.0,0.8,0.5,2.4,1.8,0,0
Troy Brown Jr.,2020,-0.3,0.5,8.5,34.0,0.6,0.6,4.7,2.5,0,0
Miye Oni,2020,0.0,0.7,6.4,54.0,0.1,0.3,1.9,1.1,0,0
Oshae Brissett,2020,0.3,0.6,17.2,21.0,3.1,0.5,10.9,4.1,0,0
Max Strus,2020,0.0,0.3,12.1,39.0,0.6,0.2,6.1,0.9,0,0
Justise Winslow,2020,-0.5,0.6,6.2,26.0,1.3,1.4,6.8,3.8,0,0
Jarrett Culver,2020,-0.5,0.3,8.8,34.0,1.4,0.8,5.3,2.1,0,0
DaQuan Jeffries,2020,-0.3,0.2,7.9,31.0,0.3,0.5,4.1,1.7,0,0
Chimezie Metu,2020,-0.2,0.3,14.5,36.0,1.2,0.8,6.3,2.3,0,0
Javonte Green,2020,0.2,0.6,12.1,41.0,1.0,0.5,3.6,1.1,0,0
Kevin Knox,2020,0.1,0.6,9.1,42.0,0.5,0.4,3.9,1.2,0,0
Ryan Arcidiacono,2020,0.0,0.4,9.8,44.0,0.5,0.2,3.1,1.4,0,0
KZ Okpala,2020,-0.6,0.4,5.2,37.0,0.4,0.4,2.5,1.3,0,0
Langston Galloway,2020,0.1,0.3,12.1,40.0,0.6,0.3,4.8,0.9,0,0
Tyler Cook,2020,-0.1,0.3,12.8,32.0,1.1,0.7,4.9,2.1,0,0
Al-Farouq Aminu,2020,-0.2,0.5,8.9,23.0,1.0,1.2,4.4,3.8,0,0
D.J. Wilson,2020,-0.1,0.5,11.5,35.0,0.7,0.6,5.2,2.6,0,0
Isaac Bonga,2020,-0.4,0.4,4.0,40.0,0.2,0.6,2.0,1.2,0,0
Dennis Smith Jr.,2020,0.3,0.5,13.6,23.0,1.1,1.1,6.7,1.9,0,0
Amir Coffey,2020,0.0,0.3,10.1,44.0,0.9,0.3,3.2,0.8,0,0
E'Twaun Moore,2020,-0.1,0.4,10.4,27.0,0.5,0.9,4.9,1.1,0,0
Glenn Robinson III,2020,-0.2,0.0,9.0,23.0,1.0,0.5,5.3,1.5,0,0
Trey Lyles,2020,0.0,0.3,11.4,23.0,1.0,0.3,5.0,3.3,0,0
Abdel Nader,2020,0.2,0.4,13.4,24.0,1.5,0.8,6.7,2.3,0,0
Harry Giles,2020,-0.1,0.4,12.4,38.0,0.7,0.5,2.8,2.7,0,0
Luke Kornet,2020,0.3,0.5,13.3,31.0,0.2,0.2,3.4,1.7,0,0
Jahlil Okafor,2020,-0.1,0.3,13.1,27.0,0.9,0.8,5.4,1.6,0,0
Chandler Hutchison,2020,-0.3,0.4,6.8,25.0,1.0,0.8,4.3,2.9,0,0
Shaquille Harrison,2020,-0.2,0.4,6.8,34.0,0.6,0.3,2.1,1.2,0,0
Matt Thomas,2020,-0.2,0.2,9.1,45.0,0.3,0.3,3.1,0.8,0,0
Kelan Martin,2020,0.0,0.4,13.9,35.0,0.3,0.5,4.5,1.7,0,0
Frank Ntilikina,2020,0.0,0.5,7.7,33.0,0.5,0.3,2.7,0.8,0,0
Jaylen Hoard,2020,0.0,0.3,13.4,19.0,2.2,0.9,6.1,2.3,0,0
JaKarr Sampson,2020,-0.4,0.3,10.9,29.0,1.0,0.5,4.6,1.7,0,0
Justin James,2020,-0.2,0.0,11.3,36.0,1.0,0.4,3.9,0.6,0,0
Luka Šamanić,2020,-0.2,0.3,9.8,33.0,0.9,0.6,3.7,1.6,0,0
Jerome Robinson,2020,-0.4,0.3,4.1,17.0,1.2,1.1,4.9,2.0,0,0
Ed Davis,2020,0.0,0.4,13.1,23.0,0.5,0.3,2.1,3.0,0,0
Paul Watson,2020,0.1,0.2,10.9,27.0,0.3,0.3,4.1,1.5,0,0
Romeo Langford,2020,-0.2,0.2,5.1,18.0,0.7,0.6,3.1,1.3,0,0
Vlatko Čančar,2020,0.0,0.3,9.7,41.0,0.3,0.3,2.1,1.0,0,0
Mfiondu Kabengele,2020,-0.2,0.3,9.5,39.0,0.5,0.4,2.4,1.2,0,0
Carsen Edwards,2020,-0.2,0.2,10.2,31.0,0.4,0.2,4.0,0.7,0,0
Boban Marjanović,2020,0.1,0.3,22.6,33.0,1.2,0.4,4.7,2.5,0,0
Thomas Bryant,2020,0.2,0.2,18.7,10.0,2.4,1.1,14.3,4.3,0,0
Alfonzo McKinnie,2020,0.1,0.3,15.5,39.0,0.5,0.1,3.1,0.8,0,0
Jaren Jackson Jr.,2020,0.1,0.5,18.0,11.0,3.8,1.4,14.4,4.1,0,0
Ignas Brazdeikis,2020,-0.2,0.1,9.5,13.0,1.1,0.9,7.0,2.6,0,0
Justin Patton,2020,0.0,0.3,11.6,13.0,0.3,0.3,5.4,2.7,0,0
Keita Bates-Diop,2020,0.0,0.3,12.0,30.0,0.7,0.2,2.6,1.3,0,0
Wenyen Gabriel,2020,-0.1,0.3,9.8,21.0,0.8,0.7,3.4,1.6,0,0
Tremont Waters,2020,0.1,0.2,14.6,26.0,0.7,1.0,3.8,0.6,0,0
Mike James,2020,-0.1,0.1,11.9,13.0,2.1,1.5,7.7,2.2,0,0
Kyle Guy,2020,-0.2,0.1,8.5,31.0,0.6,0.4,2.8,1.0,0,0
Chris Chiozza,2020,0.1,0.2,12.9,22.0,0.8,0.7,4.0,1.0,0,0
Bruno Fernando,2020,-0.3,0.3,6.2,33.0,0.7,0.6,1.5,1.9,0,0
Matthew Dellavedova,2020,-0.3,0.1,7.3,13.0,0.3,0.5,2.8,1.4,0,0
Sindarius Thornwell,2020,-0.2,0.2,6.6,21.0,0.4,0.3,2.0,0.7,0,0
Markelle Fultz,2020,-0.1,0.1,12.0,8.0,2.4,2.3,12.9,2.5,0,0
Dewayne Dedmon,2020,0.2,0.4,24.5,16.0,1.7,0.8,7.1,3.6,0,0
Darius Miller,2020,0.3,0.2,15.9,18.0,0.7,0.4,4.1,1.2,0,0
Jordan Bone,2020,-0.1,0.1,8.9,14.0,0.0,0.2,4.0,1.4,0,0
Rodney McGruder,2020,0.1,0.2,16.1,16.0,0.5,0.4,5.7,0.9,0,0
Alize Johnson,2020,0.2,0.3,23.5,18.0,0.7,0.5,5.2,3.5,0,0
Donta Hall,2020,0.2,0.2,22.3,13.0,2.6,0.6,5.6,2.9,0,0
Jabari Parker,2020,0.0,0.1,14.7,13.0,1.0,0.8,5.5,2.5,0,0
Bol Bol,2020,-0.1,0.2,9.4,32.0,0.5,0.4,2.2,0.8,0,0
Quinn Cook,2020,0.0,0.1,12.7,23.0,0.3,0.3,3.3,0.7,0,0
Khyri Thomas,2020,0.2,0.1,21.3,5.0,1.8,1.2,16.4,2.2,0,0
Charlie Brown Jr.,2020,-0.3,0.1,4.1,9.0,1.1,0.7,4.4,1.6,0,0
Ersan İlyasova,2020,0.0,0.3,12.1,17.0,0.3,0.5,3.8,1.3,0,0
Juwan Morgan,2020,0.0,0.2,8.5,29.0,0.2,0.1,1.2,0.7,0,0
Jarrell Brantley,2020,0.1,0.2,16.6,28.0,0.1,0.3,2.3,0.6,0,0
Tacko Fall,2020,0.1,0.3,19.6,19.0,0.8,0.3,2.5,1.9,0,0
Yogi Ferrell,2020,0.1,0.2,14.4,10.0,0.9,0.3,5.6,1.4,0,0
Rodions Kurucs,2020,-0.1,0.2,6.3,21.0,0.2,0.6,1.5,0.9,0,0
Quinndary Weatherspoon,2020,-0.1,0.1,9.6,20.0,0.8,0.5,2.3,0.4,0,0
T.J. Warren,2020,-0.1,0.1,11.6,4.0,2.5,1.0,15.5,3.0,0,0
Dante Exum,2020,-0.1,0.1,5.9,6.0,0.3,1.2,3.8,2.5,0,0
Rondae Hollis-Jefferson,2020,0.1,0.1,14.4,11.0,1.5,0.2,2.5,1.4,0,0
Anthony Tolliver,2020,-0.1,0.1,4.0,11.0,0.5,0.3,1.5,0.6,0,0
Devontae Cacok,2020,0.0,0.2,17.2,20.0,0.6,0.3,2.0,1.0,0,0
Chris Silva,2020,-0.1,0.1,11.5,15.0,1.0,0.7,2.1,1.3,0,0
Justin Robinson,2020,-0.1,0.0,6.0,9.0,0.6,0.2,2.3,0.7,0,0
Louis King,2020,0.1,0.1,21.2,6.0,1.0,0.7,7.3,2.2,0,0
Cristiano Felício,2020,0.0,0.1,14.7,18.0,0.9,0.2,1.3,0.9,0,0
Alen Smailagić,2020,-0.1,0.1,8.9,15.0,0.4,0.3,1.9,0.7,0,0
Norvel Pelle,2020,0.0,0.1,11.6,13.0,0.5,0.2,1.5,1.0,0,0
Jordan Bell,2020,-0.1,0.1,8.0,6.0,0.3,0.7,2.5,2.8,0,0
Jared Dudley,2020,0.0,0.1,4.4,12.0,0.0,0.2,0.5,1.4,0,0
Frank Mason III,2020,-0.1,0.0,7.5,4.0,1.8,1.3,6.3,2.3,0,0
Thon Maker,2020,0.1,0.1,18.6,8.0,1.4,0.4,3.8,1.3,0,0
Jeremiah Martin,2020,-0.1,0.1,1.4,9.0,0.6,0.7,2.4,0.6,0,0
Rayjon Tucker,2020,0.0,0.1,15.1,14.0,1.4,0.3,2.4,0.7,0,0
Spencer Dinwiddie,2020,0.0,0.1,10.1,3.0,2.0,1.7,6.7,4.3,0,0
Andre Roberson,2020,-0.1,0.1,4.2,5.0,0.4,0.4,1.2,1.6,0,0
Tim Frazier,2020,-0.2,0.1,-0.5,5.0,1.2,0.8,1.6,1.6,0,0
Axel Toupane,2020,0.0,0.1,9.0,8.0,0.9,0.0,1.8,0.8,0,0
Kostas Antetokounmpo,2020,-0.1,0.1,0.0,15.0,0.9,0.7,0.8,1.0,0,0
Adam Mokoka,2020,-0.1,0.1,2.2,14.0,0.1,0.4,1.1,0.3,0,0
Terrance Ferguson,2020,-0.2,0.0,-7.1,13.0,0.0,0.3,0.2,0.1,0,0
James Nunnally,2020,0.0,0.0,8.3,9.0,0.2,0.2,1.7,0.8,0,0
Isaiah Thomas,2020,-0.1,0.0,2.4,3.0,0.7,2.0,7.7,1.0,0,0
Kris Dunn,2020,-0.1,0.1,-5.7,4.0,1.0,0.8,1.3,1.5,0,0
Gary Payton II,2020,0.1,0.1,29.2,10.0,0.4,0.1,2.5,0.9,0,0
Cameron Reynolds,2020,-0.1,0.0,6.5,5.0,0.0,0.0,3.0,0.6,0,0
Vincent Poirier,2020,-0.1,0.1,1.6,10.0,0.6,0.4,0.8,0.8,0,0
Henry Ellenson,2020,0.0,0.0,12.8,2.0,2.0,0.0,7.5,4.5,0,0
Bruno Caboclo,2020,-0.1,0.0,9.0,6.0,0.3,0.7,2.8,1.8,0,0
Anderson Varejão,2020,0.0,0.0,12.9,5.0,1.8,0.2,2.6,2.6,0,0
T.J. Leaf,2020,0.0,0.0,11.2,7.0,0.3,0.3,1.7,0.7,0,0
Theo Pinson,2020,-0.1,0.0,-8.1,17.0,0.0,0.1,0.1,0.3,0,0
Patrick McCaw,2020,0.0,0.0,12.0,5.0,0.6,0.0,1.0,0.4,0,0
Marques Bolden,2020,0.0,0.0,13.3,6.0,1.3,0.3,1.2,0.5,0,0
Meyers Leonard,2020,0.0,0.0,6.6,3.0,0.7,0.7,3.3,2.3,0,0
Marquese Chriss,2020,0.0,0.1,11.8,2.0,2.0,1.0,6.5,5.0,0,0
Ray Spalding,2020,-0.1,0.0,0.8,2.0,1.0,1.5,2.0,1.0,0,0
Jaylen Adams,2020,-0.1,0.0,-6.5,7.0,0.0,0.0,0.3,0.4,0,0
Jared Harper,2020,-0.1,0.0,-10.8,8.0,0.5,0.4,0.4,0.3,0,0
Brian Bowen,2020,0.0,0.0,1.0,6.0,0.2,0.0,0.5,0.5,0,0
Jalen Lecque,2020,0.0,0.0,4.7,4.0,0.8,0.0,1.3,0.8,0,0
Noah Vonleh,2020,-0.1,0.0,-19.0,4.0,0.0,0.5,0.0,0.3,0,0
Iman Shumpert,2020,0.0,0.0,-0.4,2.0,0.0,0.5,1.0,0.0,0,0
Anžejs Pasečņiks,2020,-0.1,0.0,-40.6,1.0,0.0,5.0,0.0,0.0,0,0
Udonis Haslem,2020,0.0,0.0,54.6,1.0,0.0,0.0,4.0,1.0,0,0
Mikal Bridges,2021,2.6,3.7,14.4,82.0,1.9,0.8,14.2,3.3,0,0
Miles Bridges,2021,2.5,2.3,17.9,80.0,4.2,1.9,20.2,5.9,0,0
DeMar DeRozan,2021,3.1,1.8,23.1,76.0,7.8,2.4,27.9,4.4,1,2
Jayson Tatum,2021,4.8,4.6,21.8,76.0,6.2,2.9,26.9,6.9,1,1
Saddiq Bey,2021,1.2,1.6,14.0,82.0,3.1,1.2,16.1,4.1,0,0
Tyrese Haliburton,2021,3.1,1.8,18.2,77.0,2.5,2.6,15.3,3.2,0,0
Russell Westbrook,2021,0.2,2.3,15.0,78.0,5.1,3.8,18.5,6.0,0,0
Trae Young,2021,4.8,1.0,25.4,76.0,7.3,4.0,28.4,3.1,1,3
Tyrese Maxey,2021,1.8,1.9,16.2,75.0,3.3,1.2,17.5,2.9,0,0
Dorian Finney-Smith,2021,1.9,3.2,12.5,80.0,1.0,1.0,11.0,3.2,0,0
Harrison Barnes,2021,1.4,1.0,15.7,77.0,5.4,1.5,16.4,4.5,0,0
Pascal Siakam,2021,3.6,3.2,20.3,68.0,5.6,2.7,22.8,6.6,1,3
Julius Randle,2021,1.6,3.4,15.7,72.0,5.6,3.4,20.1,8.2,0,0
Tobias Harris,2021,1.3,2.6,15.9,73.0,2.8,1.6,17.2,5.7,0,0
Jalen Brunson,2021,1.9,2.7,17.1,79.0,2.7,1.6,16.3,3.4,0,0
Buddy Hield,2021,0.5,1.1,12.9,81.0,1.6,1.9,15.6,3.5,0,0
Nikola Jokić,2021,9.8,4.5,32.8,74.0,6.3,3.8,27.1,11.0,1,1
Karl-Anthony Towns,2021,4.4,3.2,24.1,74.0,6.3,3.1,24.6,7.2,1,3
Anthony Edwards,2021,2.0,2.4,16.5,72.0,3.9,2.6,21.3,3.9,0,0
Fred VanVleet,2021,3.5,2.8,17.3,65.0,3.4,2.6,20.3,3.8,0,0
Terry Rozier,2021,2.3,1.6,17.6,73.0,2.4,1.3,19.3,3.5,0,0
Gary Trent Jr.,2021,1.3,2.5,14.7,70.0,2.9,1.0,18.3,2.4,0,0
Darius Garland,2021,2.8,2.5,19.0,68.0,3.5,3.6,21.7,2.7,0,0
LaMelo Ball,2021,3.3,2.5,19.7,75.0,3.2,3.3,20.1,5.2,0,0
James Harden,2021,3.7,2.7,20.9,65.0,8.2,4.4,22.0,6.8,0,0
Nikola Vučević,2021,1.8,3.2,18.2,73.0,1.7,1.9,17.6,9.1,0,0
RJ Barrett,2021,0.2,2.2,13.7,70.0,5.8,2.2,20.0,4.9,0,0
Royce O'Neale,2021,1.7,2.8,10.3,77.0,0.7,1.0,7.4,3.9,0,0
Keldon Johnson,2021,0.9,2.0,15.2,75.0,3.1,1.2,17.0,5.0,0,0
Aaron Gordon,2021,0.9,2.0,15.3,75.0,3.1,1.8,15.0,4.2,0,0
Dejounte Murray,2021,4.4,3.4,22.3,68.0,3.6,2.6,21.1,7.1,0,0
Evan Fournier,2021,0.7,2.2,12.3,80.0,1.4,1.3,14.1,2.2,0,0
Patty Mills,2021,0.2,0.9,10.4,81.0,0.7,0.9,11.4,1.7,0,0
Devin Booker,2021,3.6,3.3,21.3,68.0,5.3,2.4,26.8,4.4,1,1
Reggie Jackson,2021,-0.6,2.0,12.1,75.0,2.2,2.3,16.8,3.1,0,0
Kentavious Caldwell-Pope,2021,0.3,1.4,12.6,77.0,2.0,1.3,13.2,2.9,0,0
Andrew Wiggins,2021,1.4,3.4,15.0,73.0,3.2,1.5,17.2,3.3,0,0
Zach LaVine,2021,2.6,1.3,20.0,67.0,5.6,2.6,24.4,4.3,0,0
Alec Burks,2021,1.7,2.9,13.7,81.0,3.3,1.1,11.7,4.3,0,0
Terance Mann,2021,0.8,2.4,13.4,81.0,2.0,1.0,10.8,4.0,0,0
Luka Dončić,2021,5.9,3.8,25.1,65.0,7.5,4.5,28.4,8.3,1,1
Joel Embiid,2021,6.5,4.1,31.2,68.0,11.8,3.1,30.6,9.6,1,2
Marcus Smart,2021,1.5,3.7,13.6,71.0,2.5,2.2,12.1,3.2,0,0
Jordan Poole,2021,1.7,2.9,16.1,76.0,3.5,2.5,18.5,3.0,0,0
Will Barton,2021,0.9,1.9,13.4,71.0,1.8,1.8,14.7,4.2,0,0
Desmond Bane,2021,2.7,2.7,17.6,76.0,2.0,1.5,18.2,3.8,0,0
Donovan Mitchell,2021,3.6,2.5,21.6,67.0,4.7,3.0,25.9,3.4,0,0
Jonas Valančiūnas,2021,2.2,2.7,21.2,74.0,3.9,2.4,17.8,8.3,0,0
Monte Morris,2021,1.1,1.5,14.7,75.0,1.1,1.0,12.6,2.7,0,0
Jaylen Brown,2021,2.2,3.4,18.9,66.0,4.8,2.7,23.6,5.3,0,0
Stephen Curry,2021,4.4,3.4,21.4,64.0,4.7,3.2,25.5,4.7,1,2
Jrue Holiday,2021,2.9,2.4,19.8,67.0,2.7,2.7,18.3,3.5,0,0
Giannis Antetokounmpo,2021,7.4,3.7,32.1,67.0,11.4,3.3,29.9,9.6,1,1
Kyle Kuzma,2021,1.0,2.0,15.2,66.0,3.3,2.6,17.1,7.4,0,0
Derrick White,2021,1.6,2.3,14.8,75.0,3.1,1.6,13.2,3.0,0,0
Kevin Huerter,2021,0.4,1.0,11.9,74.0,0.7,1.2,12.1,3.0,0,0
Devonte' Graham,2021,0.5,1.2,12.1,76.0,1.8,1.4,11.9,1.8,0,0
Tyler Herro,2021,1.5,2.4,16.2,66.0,3.3,2.6,20.7,4.5,0,0
CJ McCollum,2021,2.1,1.0,18.3,62.0,2.7,2.0,22.1,3.5,0,0
Jordan Clarkson,2021,0.7,2.0,14.9,79.0,2.2,1.6,16.0,2.6,0,0
Khris Middleton,2021,1.9,2.2,18.1,66.0,4.4,2.9,20.1,4.8,0,0
Malik Monk,2021,0.8,1.4,14.4,76.0,1.5,1.6,13.8,2.9,0,0
Chris Paul,2021,4.0,3.6,20.8,65.0,3.1,2.4,14.7,4.0,1,3
Domantas Sabonis,2021,3.2,1.8,21.9,62.0,5.4,3.1,18.9,8.9,0,0
Seth Curry,2021,0.8,1.5,13.7,64.0,1.5,1.7,15.0,2.8,0,0
Kyle Lowry,2021,2.1,2.7,15.0,63.0,2.8,2.7,13.4,4.0,0,0
Bojan Bogdanović,2021,1.1,1.6,15.7,69.0,3.8,1.7,18.1,3.4,0,0
Jaren Jackson Jr.,2021,1.0,3.7,17.0,78.0,4.4,1.7,16.3,4.3,0,0
Rudy Gobert,2021,3.6,4.3,24.7,66.0,6.7,1.8,15.6,11.0,0,0
Christian Wood,2021,1.9,2.0,19.1,68.0,4.9,1.9,17.9,8.5,0,0
LeBron James,2021,5.1,2.3,26.2,56.0,6.0,3.5,30.3,7.1,1,3
De'Aaron Fox,2021,0.7,1.0,17.4,59.0,5.9,2.8,23.2,3.5,0,0
D'Angelo Russell,2021,1.4,1.5,16.3,65.0,3.7,2.5,18.1,2.9,0,0
Cole Anthony,2021,0.4,1.7,13.5,65.0,3.9,2.6,16.3,4.9,0,0
Mike Conley,2021,2.7,2.3,17.2,72.0,2.3,1.7,13.7,2.4,0,0
Justin Holiday,2021,-0.1,0.6,9.5,74.0,0.8,0.9,10.1,2.2,0,0
Jae'Sean Tate,2021,0.1,1.1,14.3,78.0,2.4,1.8,11.8,3.7,0,0
Kevin Durant,2021,4.8,2.0,25.6,55.0,7.4,3.5,29.9,6.9,1,2
Duncan Robinson,2021,0.7,2.0,10.6,79.0,0.8,0.8,10.9,2.3,0,0
Clint Capela,2021,2.1,2.7,21.4,74.0,2.3,0.6,11.1,8.1,0,0
Bobby Portis,2021,1.1,2.6,17.7,72.0,1.6,1.3,14.6,6.6,0,0
Al Horford,2021,3.2,3.8,16.7,69.0,1.4,0.9,10.2,6.1,0,0
Steven Adams,2021,2.0,3.0,17.6,76.0,2.6,1.5,6.9,5.4,0,0
Kelly Oubre Jr.,2021,0.3,1.4,14.9,76.0,2.5,0.9,15.0,2.9,0,0
Deni Avdija,2021,0.1,1.8,11.6,82.0,1.7,1.1,8.4,4.5,0,0
P.J. Tucker,2021,1.3,2.6,11.3,71.0,0.9,0.9,7.6,4.0,0,0
Isaac Okoro,2021,0.1,1.9,10.4,67.0,2.3,0.9,8.8,1.9,0,0
Spencer Dinwiddie,2021,1.1,1.4,15.1,67.0,3.8,1.6,13.7,3.5,0,0
Malik Beasley,2021,0.7,1.2,11.9,79.0,0.8,0.5,12.1,2.5,0,0
Jakob Poeltl,2021,1.7,2.5,20.8,68.0,2.8,1.6,13.5,5.5,0,0
Shai Gilgeous-Alexander,2021,2.7,1.8,20.9,56.0,7.2,2.8,24.5,4.3,0,0
Robert Covington,2021,1.1,2.4,12.4,71.0,1.0,1.1,8.5,4.7,0,0
Devin Vassell,2021,0.7,2.0,13.3,71.0,1.4,0.8,12.3,3.7,0,0
Jimmy Butler,2021,4.0,2.9,23.6,57.0,8.0,2.1,21.4,4.1,0,0
Darius Bazley,2021,0.1,2.2,12.6,69.0,2.5,1.3,10.8,5.3,0,0
Luke Kennard,2021,1.2,1.7,13.3,70.0,1.1,0.9,11.9,3.0,0,0
Kevin Porter Jr.,2021,0.2,0.8,13.5,61.0,3.2,3.1,15.6,3.7,0,0
Reggie Bullock,2021,0.3,2.0,9.2,68.0,0.7,0.6,8.6,3.1,0,0
Ja Morant,2021,3.9,2.1,24.4,57.0,7.3,3.4,27.4,4.4,1,2
Jae Crowder,2021,1.5,3.4,11.3,67.0,1.3,0.8,9.4,4.8,0,0
Jarred Vanderbilt,2021,1.1,2.9,15.3,74.0,1.8,1.0,6.9,5.5,0,0
Lauri Markkanen,2021,1.1,2.3,14.7,61.0,2.6,0.9,14.8,4.7,0,0
Grant Williams,2021,0.8,2.6,11.2,77.0,1.2,0.8,7.8,2.7,0,0
Brandon Ingram,2021,1.9,1.3,18.7,55.0,5.9,2.7,22.7,5.2,0,0
Cody Martin,2021,0.7,1.5,12.7,71.0,1.5,0.9,7.7,2.9,0,0
Ivica Zubac,2021,1.3,2.9,19.2,76.0,3.0,1.5,10.3,5.6,0,0
Wendell Carter Jr.,2021,1.7,2.4,18.4,62.0,3.3,1.9,15.0,8.2,0,0
Jeff Green,2021,-0.2,1.2,12.5,75.0,2.6,0.9,10.3,2.5,0,0
Mitchell Robinson,2021,2.0,3.2,20.7,72.0,2.5,0.8,8.5,4.5,0,0
Bogdan Bogdanović,2021,1.5,1.2,15.4,63.0,1.8,1.1,15.1,3.5,0,0
Dennis Schröder,2021,0.0,1.9,13.0,64.0,2.9,2.2,13.5,2.8,0,0
Bam Adebayo,2021,2.7,3.5,21.8,56.0,6.1,2.6,19.1,7.6,0,0
Mo Bamba,2021,1.2,2.7,16.5,71.0,1.0,1.1,10.6,6.0,0,0
Isaiah Stewart,2021,-0.6,1.8,14.0,71.0,1.5,1.2,8.3,5.5,0,0
Jarrett Allen,2021,2.7,3.0,23.0,56.0,4.2,1.7,16.1,7.3,0,0
Grayson Allen,2021,1.1,1.4,12.7,66.0,1.1,0.7,11.1,2.9,0,0
Robert Williams,2021,3.4,3.9,22.1,61.0,1.5,1.0,10.0,5.7,0,0
Jaden McDaniels,2021,-0.4,1.7,10.3,70.0,1.0,1.1,9.2,3.1,0,0
Immanuel Quickley,2021,1.0,1.8,14.6,78.0,2.6,1.3,11.3,2.8,0,0
Dwight Powell,2021,1.3,2.2,18.1,82.0,2.6,0.8,8.7,2.8,0,0
Mason Plumlee,2021,0.9,2.0,14.7,73.0,2.3,1.4,6.5,5.3,0,0
Carmelo Anthony,2021,0.7,1.4,14.8,69.0,2.3,0.9,13.3,3.3,0,0
Josh Hart,2021,1.3,1.5,16.1,54.0,3.9,2.1,14.9,6.0,0,0
Caris LeVert,2021,0.4,1.0,15.1,58.0,3.3,1.9,17.0,2.9,0,0
Bruce Brown,2021,1.2,2.0,15.0,72.0,1.8,0.8,9.0,3.4,0,0
P.J. Washington,2021,0.9,1.6,13.6,65.0,1.2,1.3,10.3,3.9,0,0
Chuma Okeke,2021,0.8,2.5,12.0,70.0,0.9,0.8,8.6,4.3,0,0
Georges Niang,2021,0.0,1.3,10.7,76.0,0.8,0.8,9.2,2.3,0,0
Kevon Looney,2021,1.3,3.2,15.7,82.0,1.5,0.8,6.0,4.7,0,0
Cameron Johnson,2021,2.1,2.4,15.2,66.0,1.7,0.7,12.5,3.5,0,0
Gary Harris,2021,-0.2,1.0,10.9,61.0,1.6,1.0,11.1,1.4,0,0
OG Anunoby,2021,1.1,1.9,14.8,48.0,2.5,1.7,17.1,4.0,0,0
Precious Achiuwa,2021,-0.2,2.1,12.7,73.0,1.8,1.2,9.1,4.5,0,0
Deandre Ayton,2021,2.1,3.1,21.9,58.0,2.4,1.6,17.2,7.7,0,0
Garrison Mathews,2021,-0.1,0.5,11.0,65.0,2.8,0.6,10.0,2.4,0,0
Pat Connaughton,2021,1.4,1.6,13.4,65.0,0.8,0.5,9.9,3.5,0,0
Chris Boucher,2021,0.9,2.4,17.9,80.0,2.4,0.5,9.4,3.9,0,0
Matisse Thybulle,2021,1.3,2.5,11.2,66.0,0.7,0.6,5.7,1.7,0,0
Anfernee Simons,2021,0.5,-0.1,15.3,57.0,2.0,2.0,17.3,2.2,0,0
Coby White,2021,0.0,0.8,12.6,61.0,1.5,1.1,12.7,2.7,0,0
Danilo Gallinari,2021,0.8,0.8,14.3,66.0,2.4,0.6,11.7,4.1,0,0
Eric Gordon,2021,-0.1,-0.1,12.1,57.0,2.4,1.9,13.4,1.7,0,0
Kevin Love,2021,2.7,2.5,19.6,74.0,2.7,1.3,13.6,6.1,0,0
Luguentz Dort,2021,-0.1,1.1,12.3,51.0,3.7,1.7,17.2,3.4,0,0
John Collins,2021,1.5,1.4,18.7,54.0,3.1,1.1,16.2,6.1,0,0
De'Anthony Melton,2021,1.6,2.8,15.2,73.0,1.6,1.5,10.8,3.6,0,0
KJ Martin,2021,0.4,0.6,14.3,79.0,1.6,0.8,8.8,2.7,0,0
Killian Hayes,2021,-0.6,1.5,9.3,66.0,1.1,1.7,6.9,2.6,0,0
Montrezl Harrell,2021,2.4,1.2,23.2,71.0,4.2,1.0,13.1,4.0,0,0
Lonnie Walker IV,2021,-0.2,1.1,12.3,70.0,2.1,1.0,12.1,2.3,0,0
Cory Joseph,2021,0.0,0.8,11.4,65.0,1.7,1.3,8.0,2.2,0,0
Josh Richardson,2021,0.9,2.0,12.8,65.0,1.7,1.0,10.2,2.2,0,0
Torrey Craig,2021,0.1,1.4,11.0,78.0,0.7,0.9,6.6,2.9,0,0
Gabe Vincent,2021,0.2,1.9,10.6,68.0,0.8,1.4,8.7,1.5,0,0
Max Strus,2021,1.2,1.7,12.7,68.0,0.8,0.8,10.6,2.6,0,0
Jusuf Nurkić,2021,0.9,1.7,20.0,56.0,4.8,2.6,15.0,8.1,0,0
De'Andre Hunter,2021,-0.8,0.7,10.6,53.0,3.1,1.3,13.4,2.8,0,0
Amir Coffey,2021,0.7,1.5,13.0,69.0,1.7,0.7,9.0,2.5,0,0
Oshae Brissett,2021,-0.1,0.9,12.9,67.0,2.4,0.8,9.1,3.7,0,0
Marcus Morris,2021,0.3,1.5,13.7,54.0,2.7,1.3,15.4,3.9,0,0
Gordon Hayward,2021,0.5,1.0,15.1,49.0,3.0,1.7,15.9,3.8,0,0
Tyus Jones,2021,1.4,1.6,16.5,73.0,0.9,0.6,8.7,2.2,0,0
Trey Lyles,2021,0.7,1.2,16.4,75.0,3.2,1.0,10.5,3.9,0,0
Javonte Green,2021,0.8,1.5,14.0,65.0,1.5,0.5,7.2,2.8,0,0
Talen Horton-Tucker,2021,-0.5,1.2,11.0,60.0,2.1,1.4,10.0,2.6,0,0
Jerami Grant,2021,1.2,1.1,16.1,47.0,5.5,1.8,19.2,3.5,0,0
Kyle Anderson,2021,1.2,2.5,14.4,69.0,1.5,1.0,7.6,4.3,0,0
Kristaps Porziņģis,2021,2.2,2.4,23.7,51.0,5.6,1.6,20.2,6.1,0,0
Austin Rivers,2021,-0.7,1.1,7.2,67.0,0.7,0.8,6.0,1.4,0,0
Patrick Beverley,2021,1.7,1.7,14.8,58.0,2.3,1.3,9.2,3.1,0,0
Nickeil Alexander-Walker,2021,-0.3,1.1,10.5,65.0,1.7,1.4,10.6,2.3,0,0
Cedi Osman,2021,0.8,1.6,13.3,66.0,2.0,1.0,10.7,1.8,0,0
Nicolas Batum,2021,1.6,2.1,13.5,59.0,0.6,0.7,8.3,3.8,0,0
Norman Powell,2021,0.6,0.4,16.3,45.0,5.2,1.5,19.0,2.8,0,0
Delon Wright,2021,1.6,1.5,13.8,77.0,0.8,0.6,4.4,2.2,0,0
Maxi Kleber,2021,0.6,2.3,11.0,59.0,1.1,0.8,7.0,4.7,0,0
Terrence Ross,2021,-0.6,0.9,10.0,63.0,2.1,1.2,10.0,2.2,0,0
Daniel Gafford,2021,1.3,1.6,21.8,72.0,2.1,0.9,9.4,3.5,0,0
Bradley Beal,2021,1.0,0.7,17.5,40.0,5.1,3.4,23.2,3.8,0,0
Landry Shamet,2021,0.3,1.5,10.2,69.0,1.2,0.6,8.3,1.6,0,0
Andre Drummond,2021,1.2,3.1,21.0,73.0,2.2,1.6,7.9,6.2,0,0
Furkan Korkmaz,2021,-0.4,1.1,10.2,67.0,1.3,0.7,7.6,2.3,0,0
Avery Bradley,2021,-0.6,0.9,7.8,62.0,0.3,0.6,6.4,1.7,0,0
Anthony Davis,2021,2.0,2.0,23.9,40.0,6.1,2.1,23.2,7.2,0,0
R.J. Hampton,2021,-0.7,1.1,8.5,64.0,1.8,1.4,7.6,2.7,0,0
Jaxson Hayes,2021,0.8,1.3,18.5,70.0,2.7,0.8,9.3,2.9,0,0
Otto Porter Jr.,2021,1.8,2.7,15.9,63.0,1.0,0.6,8.2,4.4,0,0
Raul Neto,2021,-0.4,0.8,12.4,70.0,1.5,1.1,7.5,1.7,0,0
Caleb Martin,2021,1.1,2.1,14.8,60.0,1.6,0.9,9.2,2.7,0,0
Eric Bledsoe,2021,0.4,1.8,12.5,54.0,2.2,2.1,9.9,2.9,0,0
Danny Green,2021,0.5,1.6,9.5,62.0,0.2,0.7,5.9,2.0,0,0
Draymond Green,2021,1.8,2.8,14.3,46.0,2.0,3.0,7.5,6.3,0,0
John Konchar,2021,1.2,1.8,14.0,72.0,0.7,0.4,4.8,3.4,0,0
Bryn Forbes,2021,-0.3,0.6,11.5,75.0,1.2,0.7,8.8,1.1,0,0
Ben McLemore,2021,-0.4,0.2,11.7,64.0,1.4,0.9,10.2,1.4,0,0
Chimezie Metu,2021,0.2,1.4,13.4,60.0,1.5,1.0,8.9,5.0,0,0
Cameron Payne,2021,0.7,1.8,13.8,58.0,1.5,1.8,10.8,2.6,0,0
Hamidou Diallo,2021,0.5,1.5,15.7,58.0,2.4,1.0,11.0,3.6,0,0
Damion Lee,2021,0.0,1.8,10.9,63.0,1.2,0.6,7.4,2.8,0,0
George Hill,2021,0.1,1.0,10.2,54.0,1.1,0.8,6.2,2.2,0,0
Gary Payton II,2021,1.8,2.6,17.8,71.0,0.8,0.6,7.1,2.5,0,0
Brandon Clarke,2021,2.0,1.9,23.7,64.0,2.0,0.5,10.4,3.2,0,0
Tim Hardaway Jr.,2021,0.6,1.5,12.7,42.0,2.5,0.8,14.2,3.4,0,0
Drew Eubanks,2021,0.2,1.1,18.0,71.0,1.8,1.1,7.7,3.5,0,0
Myles Turner,2021,1.1,1.4,17.4,42.0,2.5,1.3,12.9,5.5,0,0
Aleksej Pokusevski,2021,-0.2,1.5,12.0,61.0,0.8,1.5,7.6,4.0,0,0
Obi Toppin,2021,1.2,1.5,18.3,72.0,1.7,0.8,9.0,2.8,0,0
Doug McDermott,2021,-0.1,0.5,11.4,51.0,1.0,0.8,11.3,1.9,0,0
Isaiah Hartenstein,2021,2.0,2.2,22.0,68.0,1.9,1.2,8.3,3.2,0,0
Naz Reid,2021,0.6,1.6,17.2,77.0,1.9,1.1,8.3,2.6,0,0
Lonzo Ball,2021,1.4,1.4,14.5,35.0,0.8,2.3,13.0,4.4,0,0
Malcolm Brogdon,2021,1.3,0.4,18.0,36.0,4.6,2.1,19.1,4.2,0,0
James Johnson,2021,-0.1,1.1,10.3,62.0,0.9,0.8,5.5,2.6,0,0
Jordan Nwora,2021,-0.6,1.1,9.9,62.0,0.7,0.9,7.9,3.0,0,0
Facundo Campazzo,2021,0.4,1.3,11.1,65.0,1.2,1.0,5.1,1.4,0,0
Shake Milton,2021,-0.1,1.0,11.9,55.0,1.3,0.8,8.2,2.0,0,0
Taurean Prince,2021,0.3,1.2,12.4,69.0,1.2,0.8,7.3,2.1,0,0
CJ Elleby,2021,-1.0,0.5,9.2,58.0,1.4,1.0,5.8,2.8,0,0
JaVale McGee,2021,0.8,2.6,22.6,74.0,2.0,1.3,9.2,4.5,0,0
Frank Jackson,2021,-0.4,0.4,10.6,53.0,2.0,0.7,10.6,1.3,0,0
Hassan Whiteside,2021,1.2,2.3,22.9,65.0,2.6,0.8,8.2,5.0,0,0
Tre Jones,2021,0.4,0.9,15.0,69.0,1.3,0.7,6.0,1.8,0,0
Alex Caruso,2021,0.6,1.2,11.7,41.0,1.8,1.4,7.4,2.8,0,0
Marvin Bagley III,2021,-0.1,0.9,15.7,48.0,2.1,0.8,11.3,4.9,0,0
Nemanja Bjelica,2021,1.0,2.1,14.2,71.0,1.1,1.2,6.1,3.3,0,0
Ish Smith,2021,-0.2,0.9,12.5,65.0,0.4,1.2,6.3,1.8,0,0
Joe Ingles,2021,0.5,0.9,10.0,45.0,0.5,1.0,7.2,2.6,0,0
Garrett Temple,2021,-0.1,1.0,8.6,59.0,0.7,0.7,5.2,1.9,0,0
Stanley Johnson,2021,-0.2,0.9,10.5,48.0,1.5,0.7,6.7,2.5,0,0
Kyrie Irving,2021,1.4,0.9,21.4,29.0,4.4,2.5,27.4,3.8,0,0
Nassir Little,2021,0.2,0.6,13.5,42.0,2.2,1.0,9.8,4.2,0,0
JaMychal Green,2021,0.0,1.4,14.1,67.0,1.4,0.9,6.4,3.0,0,0
Paul George,2021,1.6,1.9,18.6,31.0,4.8,4.1,24.3,6.5,0,0
Richaun Holmes,2021,0.4,0.9,17.8,45.0,2.0,1.2,10.4,5.0,0,0
Kenrich Williams,2021,0.5,1.0,13.3,49.0,1.1,0.9,7.4,3.0,0,0
Dewayne Dedmon,2021,0.3,2.0,15.9,67.0,1.5,1.0,6.3,4.2,0,0
Damian Lillard,2021,0.9,0.1,18.5,29.0,6.2,2.9,24.0,3.7,0,0
Troy Brown Jr.,2021,0.1,0.9,10.1,66.0,0.4,0.4,4.3,2.5,0,0
LaMarcus Aldridge,2021,0.7,1.0,19.6,47.0,2.2,0.9,12.9,3.9,0,0
Larry Nance Jr.,2021,0.5,0.8,14.4,46.0,1.2,0.8,7.0,3.8,0,0
Josh Green,2021,0.3,1.4,11.9,67.0,0.7,0.7,4.8,1.6,0,0
Rudy Gay,2021,0.3,1.3,13.0,55.0,1.4,0.9,8.1,3.4,0,0
DeAndre' Bembry,2021,0.3,1.1,11.9,56.0,0.6,0.6,5.1,2.2,0,0
Aaron Holiday,2021,0.1,0.9,12.6,63.0,1.1,1.1,6.3,1.6,0,0
Damian Jones,2021,0.6,0.9,18.3,56.0,2.3,1.1,8.1,3.1,0,0
Lamar Stevens,2021,-0.2,1.2,11.3,63.0,1.2,0.7,6.1,1.9,0,0
Cam Reddish,2021,0.2,0.8,12.8,49.0,2.3,1.2,10.1,1.6,0,0
Donte DiVincenzo,2021,-0.1,0.9,11.3,42.0,2.0,1.7,9.0,3.1,0,0
Wesley Matthews,2021,-0.3,0.6,6.9,49.0,0.6,0.4,5.1,1.3,0,0
Payton Pritchard,2021,1.0,1.2,15.0,71.0,0.3,0.6,6.2,1.4,0,0
Juan Toscano-Anderson,2021,0.3,1.8,11.0,73.0,1.0,0.9,4.1,2.0,0,0
Onyeka Okongwu,2021,0.7,1.1,19.8,48.0,2.3,0.9,8.2,3.5,0,0
Khem Birch,2021,0.2,1.1,13.2,55.0,1.3,0.5,4.5,2.1,0,0
Dean Wade,2021,0.4,1.1,10.1,51.0,0.6,0.3,5.3,2.3,0,0
Daniel Theis,2021,0.0,1.0,13.2,47.0,1.5,1.0,8.2,3.6,0,0
Jaylen Nowell,2021,0.7,0.7,16.8,62.0,1.5,0.6,8.5,1.6,0,0
Nic Claxton,2021,0.6,1.2,18.6,47.0,2.0,0.8,8.7,3.7,0,0
Dwight Howard,2021,0.4,1.3,18.2,60.0,2.4,0.8,6.2,4.0,0,0
Ricky Rubio,2021,0.5,1.4,14.0,34.0,3.0,2.6,13.1,3.7,0,0
Moritz Wagner,2021,0.9,1.0,18.1,63.0,2.0,0.9,9.0,3.0,0,0
Blake Griffin,2021,0.3,0.9,13.7,56.0,1.4,0.6,6.4,3.0,0,0
Keita Bates-Diop,2021,-0.1,1.0,12.4,59.0,1.0,0.8,5.7,2.9,0,0
Isaiah Roby,2021,0.6,1.1,18.3,45.0,2.6,1.0,10.1,3.2,0,0
Kemba Walker,2021,0.6,0.9,13.9,37.0,1.9,1.3,11.6,2.6,0,0
Taj Gibson,2021,0.0,1.2,12.0,52.0,1.0,0.5,4.4,2.7,0,0
Rui Hachimura,2021,0.1,0.6,14.9,42.0,1.6,0.8,11.3,3.2,0,0
Klay Thompson,2021,0.7,1.2,16.7,32.0,1.6,1.3,20.4,3.4,0,0
Jeremy Lamb,2021,0.3,0.6,13.3,56.0,1.9,0.7,7.3,2.3,0,0
Jalen Smith,2021,0.3,1.1,18.4,51.0,2.0,0.8,9.2,4.0,0,0
Théo Maledon,2021,-0.6,0.8,10.6,51.0,2.0,1.3,7.1,2.2,0,0
Tomáš Satoranský,2021,-0.4,0.6,10.2,55.0,1.0,0.8,3.6,1.8,0,0
Jevon Carter,2021,-0.1,0.7,9.6,66.0,0.3,0.5,4.2,1.5,0,0
Jordan McLaughlin,2021,0.6,1.0,13.4,62.0,0.6,0.6,3.8,1.2,0,0
Derrick Jones Jr.,2021,0.2,0.8,13.0,51.0,1.4,0.6,5.6,2.1,0,0
Tristan Thompson,2021,-0.3,0.8,14.9,57.0,2.0,0.8,6.0,2.9,0,0
Jalen McDaniels,2021,-0.1,0.7,12.7,55.0,1.3,0.7,6.2,2.4,0,0
Dillon Brooks,2021,0.0,0.9,15.5,32.0,3.3,1.6,18.4,2.3,0,0
D.J. Augustin,2021,-0.4,0.1,9.7,55.0,0.8,1.0,5.3,1.0,0,0
Serge Ibaka,2021,0.1,1.1,14.4,54.0,0.8,0.8,6.8,3.5,0,0
Maurice Harkless,2021,-0.3,0.6,7.7,47.0,0.6,0.7,4.6,2.1,0,0
Thaddeus Young,2021,0.9,1.3,17.0,52.0,0.9,1.0,6.2,2.5,0,0
Armoni Brooks,2021,-0.4,0.4,8.4,54.0,0.4,0.5,5.3,1.5,0,0
Willy Hernangómez,2021,0.5,0.9,22.2,50.0,2.8,1.0,9.1,3.9,0,0
Josh Jackson,2021,-0.5,0.7,9.5,51.0,1.5,0.9,6.4,2.4,0,0
Tony Snell,2021,-0.5,0.2,6.3,53.0,0.1,0.4,3.5,1.6,0,0
Lance Stephenson,2021,-0.2,0.4,13.6,46.0,1.7,1.6,8.3,2.5,0,0
Wayne Ellington,2021,0.1,0.4,9.9,43.0,0.3,0.4,6.7,1.6,0,0
Dāvis Bertāns,2021,-0.1,0.7,9.4,56.0,0.7,0.3,5.6,1.9,0,0
Ty Jerome,2021,-0.1,0.5,11.3,48.0,1.0,0.8,7.1,1.2,0,0
Lou Williams,2021,-0.3,0.4,12.1,56.0,1.4,0.8,6.3,1.3,0,0
Justise Winslow,2021,0.1,1.1,13.1,48.0,1.4,1.0,5.7,3.2,0,0
Romeo Langford,2021,0.1,1.0,9.2,48.0,0.9,0.3,4.5,1.6,0,0
Trent Forrest,2021,0.2,0.8,10.9,60.0,0.8,0.8,3.3,1.3,0,0
Kelly Olynyk,2021,0.7,0.8,16.7,40.0,2.2,1.5,9.1,3.1,0,0
Rodney McGruder,2021,0.1,0.4,11.6,51.0,0.5,0.5,5.4,1.6,0,0
Eric Paschall,2021,0.3,0.5,13.9,58.0,1.5,0.5,5.8,1.3,0,0
Naji Marshall,2021,-0.2,0.7,12.3,55.0,1.7,0.8,5.7,1.9,0,0
Goga Bitadze,2021,0.2,0.6,18.0,50.0,1.9,0.9,7.0,2.0,0,0
Danuel House Jr.,2021,0.2,0.7,10.6,42.0,1.4,0.8,5.9,2.2,0,0
DeMarcus Cousins,2021,0.1,1.3,18.2,48.0,2.6,1.8,9.0,4.1,0,0
Svi Mykhailiuk,2021,-0.2,0.7,9.6,56.0,0.7,0.6,4.6,1.3,0,0
Rodney Hood,2021,-0.2,0.5,7.2,52.0,0.4,0.2,3.1,1.2,0,0
Xavier Tillman Sr.,2021,0.5,1.2,15.1,53.0,1.3,0.6,4.8,1.8,0,0
Zeke Nnaji,2021,0.0,0.6,13.5,41.0,1.6,0.6,6.6,2.2,0,0
Rajon Rondo,2021,0.1,0.8,10.9,39.0,0.7,1.7,4.8,2.4,0,0
Frank Ntilikina,2021,0.0,0.9,10.4,58.0,0.4,0.5,4.1,1.2,0,0
Timothé Luwawu-Cabarrot,2021,-0.2,0.3,9.3,52.0,0.8,0.4,4.4,1.3,0,0
Davon Reed,2021,0.3,0.7,12.2,48.0,0.3,0.3,4.4,2.0,0,0
Derrick Favors,2021,0.0,0.7,13.6,39.0,0.6,0.2,5.3,3.2,0,0
T.J. McConnell,2021,0.5,0.4,15.1,27.0,0.9,1.1,8.5,2.6,0,0
Dennis Smith Jr.,2021,0.1,0.5,13.2,37.0,1.7,1.4,5.6,1.8,0,0
Derrick Rose,2021,0.7,0.7,16.9,26.0,1.2,1.5,12.0,2.2,0,0
Sterling Brown,2021,-0.1,0.9,8.4,49.0,0.3,0.5,3.3,2.5,0,0
DeAndre Jordan,2021,0.1,1.0,17.2,48.0,0.8,0.8,4.3,3.8,0,0
Alex Len,2021,-0.1,0.5,13.1,39.0,1.6,1.1,6.0,2.8,0,0
Robin Lopez,2021,-0.3,0.3,13.7,36.0,1.5,1.2,7.1,1.6,0,0
Isaiah Joe,2021,-0.4,0.4,7.7,55.0,0.6,0.3,3.6,0.9,0,0
David Nwaba,2021,0.2,0.5,15.3,46.0,1.5,0.5,5.1,2.4,0,0
Saben Lee,2021,0.2,0.7,13.8,37.0,1.9,1.0,5.6,1.9,0,0
Andre Iguodala,2021,0.7,1.1,12.3,31.0,0.6,0.9,4.0,2.5,0,0
Mike Muscala,2021,1.1,0.7,19.7,43.0,1.3,0.3,8.0,2.5,0,0
Aaron Nesmith,2021,-0.3,0.9,7.3,52.0,0.5,0.6,3.8,1.4,0,0
Nerlens Noel,2021,0.3,1.0,11.8,25.0,1.2,0.8,3.4,3.7,0,0
Tony Bradley,2021,0.0,0.7,14.9,55.0,0.5,0.6,3.0,2.2,0,0
Elfrid Payton,2021,-0.2,0.8,7.9,50.0,0.6,0.9,3.0,1.3,0,0
Kent Bazemore,2021,-0.3,0.5,6.0,39.0,0.4,0.5,3.4,1.4,0,0
Malachi Flynn,2021,0.1,0.5,11.7,44.0,0.5,0.3,4.3,1.2,0,0
Ignas Brazdeikis,2021,-0.3,0.3,10.2,42.0,0.8,0.4,5.0,1.2,0,0
Terence Davis,2021,0.2,0.5,14.6,30.0,1.5,1.1,10.4,2.8,0,0
Josh Okogie,2021,-0.1,0.5,9.0,49.0,1.0,0.5,2.7,0.8,0,0
Bismack Biyombo,2021,0.1,0.9,17.3,36.0,2.0,0.7,5.8,2.9,0,0
Brandon Goodwin,2021,0.1,0.7,11.8,36.0,1.1,1.0,4.8,1.5,0,0
Zach Collins,2021,0.2,0.7,16.4,28.0,2.3,1.6,7.8,3.8,0,0
Goran Dragić,2021,-0.2,0.4,10.0,21.0,1.6,1.6,7.5,2.5,0,0
Thanasis Antetokounmpo,2021,-0.2,0.5,12.5,48.0,1.0,0.5,3.6,1.3,0,0
Admiral Schofield,2021,-0.4,0.3,7.5,38.0,0.4,0.6,3.8,1.9,0,0
Anthony Gill,2021,0.0,0.2,14.7,44.0,1.2,0.4,4.1,1.2,0,0
Trevor Ariza,2021,-0.2,0.4,7.0,24.0,0.8,0.5,4.0,3.0,0,0
Killian Tillie,2021,-0.1,0.6,7.6,36.0,0.2,0.4,3.3,1.1,0,0
Dylan Windler,2021,0.0,0.6,8.8,50.0,0.4,0.3,2.2,1.4,0,0
Matt Thomas,2021,-0.1,0.2,9.9,40.0,0.5,0.2,4.0,1.2,0,0
Kelan Martin,2021,-0.2,0.2,9.4,30.0,0.4,0.5,5.7,1.3,0,0
Yuta Watanabe,2021,0.0,0.6,11.5,38.0,1.1,0.5,4.3,1.9,0,0
Juancho Hernangómez,2021,0.2,0.6,11.5,40.0,0.9,0.4,3.3,1.8,0,0
Trey Burke,2021,-0.3,0.4,10.0,42.0,0.5,0.6,5.1,0.7,0,0
Thomas Bryant,2021,0.1,0.4,16.6,27.0,1.5,0.7,7.4,3.0,0,0
Elijah Hughes,2021,-0.5,0.3,5.4,36.0,0.3,0.5,3.5,1.4,0,0
Joe Harris,2021,0.1,0.2,9.6,14.0,0.4,1.1,11.3,3.6,0,0
Patrick Williams,2021,0.0,0.3,12.7,17.0,2.4,0.9,9.0,3.1,0,0
Enes Freedom,2021,0.1,0.7,15.0,35.0,0.8,0.6,3.7,2.8,0,0
Semi Ojeleye,2021,-0.4,0.3,6.7,30.0,1.0,0.3,3.3,1.6,0,0
Gary Clark,2021,0.2,0.4,11.4,38.0,0.3,0.3,2.7,1.8,0,0
Paul Millsap,2021,-0.1,0.5,10.8,33.0,0.7,0.6,3.5,2.2,0,0
Chris Chiozza,2021,-0.4,0.5,4.4,34.0,0.1,0.9,2.0,0.8,0,0
Gorgui Dieng,2021,0.4,0.4,17.3,44.0,0.6,0.5,3.5,2.0,0,0
Nick Richards,2021,-0.1,0.3,15.9,50.0,0.9,0.5,3.0,1.0,0,0
Markelle Fultz,2021,0.2,0.4,17.7,18.0,1.7,2.2,10.8,2.5,0,0
Wenyen Gabriel,2021,-0.4,0.3,12.5,26.0,1.6,0.6,5.4,2.2,0,0
Cody Zeller,2021,0.0,0.2,17.2,27.0,1.8,0.7,5.2,2.8,0,0
Keljin Blevins,2021,-0.6,0.1,4.8,31.0,0.4,0.5,3.1,0.9,0,0
Marquese Chriss,2021,-0.2,0.6,14.8,34.0,1.0,0.5,4.5,2.1,0,0
Moses Brown,2021,-0.1,0.7,18.5,40.0,1.8,0.5,4.3,2.4,0,0
Kira Lewis Jr.,2021,-0.2,0.2,9.8,24.0,0.5,1.1,5.9,1.3,0,0
PJ Dozier,2021,0.0,0.4,8.7,18.0,0.7,0.7,5.4,2.7,0,0
Jarrett Culver,2021,-0.3,0.5,8.7,37.0,0.9,0.5,3.5,0.9,0,0
Kris Dunn,2021,-0.3,0.3,12.5,14.0,1.3,2.3,7.6,2.9,0,0
Isaiah Thomas,2021,-0.2,0.1,12.0,22.0,1.2,0.7,8.4,1.1,0,0
Brad Wanamaker,2021,-0.3,0.1,7.5,23.0,1.1,1.0,3.6,1.4,0,0
Collin Sexton,2021,-0.2,0.3,11.2,11.0,3.5,2.8,16.0,2.1,0,0
Justin Anderson,2021,-0.1,0.2,10.4,16.0,1.2,0.5,6.4,2.6,0,0
Justin Robinson,2021,-0.4,0.2,3.6,25.0,0.3,0.7,3.1,0.7,0,0
Paul Reed,2021,0.3,0.7,21.4,38.0,0.4,0.3,3.1,1.3,0,0
Markieff Morris,2021,0.0,0.3,10.9,17.0,0.5,1.2,7.6,1.6,0,0
Brook Lopez,2021,0.1,0.3,16.0,13.0,1.8,0.9,12.4,2.6,0,0
Nathan Knight,2021,0.1,0.3,18.7,37.0,1.6,0.5,3.7,1.4,0,0
Michael Porter Jr.,2021,-0.1,0.3,7.5,9.0,1.0,1.3,9.9,5.6,0,0
KZ Okpala,2021,-0.1,0.3,10.4,21.0,0.5,0.2,3.7,1.4,0,0
Jaylen Hoard,2021,0.1,0.3,18.0,7.0,2.0,1.1,14.7,7.7,0,0
Mychal Mulder,2021,-0.3,0.1,3.7,17.0,0.2,0.5,4.1,1.3,0,0
Jake Layman,2021,-0.1,0.2,9.0,34.0,0.5,0.3,2.4,0.9,0,0
Denzel Valentine,2021,0.0,0.3,8.1,24.0,0.0,0.5,2.9,1.4,0,0
Kevin Knox,2021,-0.1,0.2,10.9,30.0,0.7,0.2,3.1,1.0,0,0
Skylar Mays,2021,0.0,0.1,11.7,28.0,0.3,0.4,2.9,0.7,0,0
Tim Frazier,2021,-0.3,0.1,3.3,12.0,0.8,1.3,3.3,1.2,0,0
Alfonzo McKinnie,2021,-0.4,0.1,5.6,17.0,0.5,0.4,3.5,1.2,0,0
Ed Davis,2021,0.0,0.3,9.3,31.0,0.5,0.2,0.9,1.6,0,0
Tyler Cook,2021,-0.1,0.2,13.0,20.0,1.6,0.4,3.4,1.9,0,0
Udoka Azubuike,2021,0.0,0.3,17.6,17.0,0.6,0.7,4.7,3.1,0,0
Greg Monroe,2021,0.1,0.3,19.5,14.0,1.6,0.9,5.4,2.4,0,0
Mamadi Diakite,2021,-0.1,0.3,11.6,13.0,0.8,0.5,4.3,3.2,0,0
Reggie Perry,2021,-0.1,0.2,15.6,10.0,1.5,1.1,9.2,3.2,0,0
Kyle Guy,2021,-0.1,0.2,9.5,19.0,0.6,0.7,3.9,0.7,0,0
Willie Cauley-Stein,2021,0.0,0.3,8.3,20.0,0.1,0.4,1.7,1.4,0,0
Frank Kaminsky,2021,0.3,0.3,21.3,9.0,2.2,0.6,10.6,3.3,0,0
Charlie Brown Jr.,2021,-0.1,0.2,6.5,22.0,0.5,0.2,1.4,0.8,0,0
Markus Howard,2021,0.0,0.2,16.1,31.0,0.7,0.2,4.1,0.3,0,0
Vlatko Čančar,2021,0.0,0.1,12.7,15.0,0.9,0.6,4.1,1.5,0,0
Victor Oladipo,2021,0.1,0.2,16.8,8.0,2.4,2.0,12.4,2.5,0,0
Alize Johnson,2021,-0.1,0.1,10.7,23.0,0.5,0.5,1.8,1.4,0,0
Haywood Highsmith,2021,-0.1,0.2,7.0,19.0,0.3,0.2,2.3,0.8,0,0
Paul Watson,2021,-0.1,0.1,5.7,9.0,0.2,0.4,3.4,2.7,0,0
Cassius Stanley,2021,-0.2,0.1,8.0,9.0,1.1,0.7,5.8,1.6,0,0
Bruno Fernando,2021,0.1,0.2,21.2,30.0,0.8,0.5,2.9,1.2,0,0
Theo Pinson,2021,0.1,0.2,11.9,19.0,0.5,0.3,2.5,1.0,0,0
Abdel Nader,2021,-0.1,0.3,4.9,14.0,0.7,0.8,2.4,1.6,0,0
Devin Cannady,2021,0.0,0.1,8.6,5.0,1.4,1.0,10.0,1.0,0,0
Solomon Hill,2021,-0.1,0.1,3.3,13.0,0.0,0.1,0.6,1.3,0,0
Jahmi'us Ramsey,2021,-0.2,0.0,7.9,19.0,0.7,0.3,3.2,0.5,0,0
Didi Louzada,2021,-0.2,0.0,6.4,9.0,0.2,0.6,3.9,1.3,0,0
Boban Marjanović,2021,-0.1,0.2,18.5,23.0,1.0,0.7,4.3,1.3,0,0
Jay Scrubb,2021,-0.1,0.1,9.3,18.0,0.6,0.4,2.7,0.8,0,0
Devontae Cacok,2021,0.2,0.3,20.2,15.0,0.5,0.2,3.1,2.3,0,0
Melvin Frazier,2021,-0.4,0.0,-0.4,3.0,2.3,1.0,10.7,2.7,0,0
Freddie Gillespie,2021,-0.1,0.2,9.5,9.0,0.8,0.6,2.3,2.6,0,0
Jabari Parker,2021,0.1,0.2,14.8,12.0,0.8,0.7,4.4,1.9,0,0
Derrick Walton,2021,-0.1,0.1,5.9,3.0,1.3,3.7,6.3,2.7,0,0
Langston Galloway,2021,-0.2,0.1,0.7,7.0,0.0,0.9,2.0,2.1,0,0
Louis King,2021,-0.1,0.0,8.1,10.0,1.0,0.0,4.5,1.2,0,0
Luke Kornet,2021,0.0,0.2,16.6,15.0,0.4,0.0,2.0,1.1,0,0
Chris Silva,2021,-0.1,0.1,11.6,10.0,1.2,0.8,2.6,2.3,0,0
Tyler Johnson,2021,0.0,0.1,7.1,6.0,0.0,0.3,2.8,1.5,0,0
Devon Dotson,2021,-0.1,0.0,9.8,11.0,0.8,0.5,2.6,0.7,0,0
Udonis Haslem,2021,-0.1,0.1,8.6,13.0,0.2,0.4,2.5,1.6,0,0
Wes Iwundu,2021,-0.1,0.0,7.1,3.0,1.3,0.3,7.3,3.3,0,0
Bol Bol,2021,0.0,0.1,13.5,14.0,0.4,0.3,2.4,1.1,0,0
Carsen Edwards,2021,-0.1,0.0,5.5,4.0,0.3,1.3,5.8,1.0,0,0
Ryan Arcidiacono,2021,-0.1,0.1,6.1,10.0,0.0,0.3,1.6,0.8,0,0
Tyrone Wallace,2021,-0.1,0.1,2.5,6.0,0.8,0.3,2.8,1.3,0,0
Quinndary Weatherspoon,2021,0.0,0.1,12.0,11.0,0.5,0.3,2.7,1.1,0,0
Rayjon Tucker,2021,0.1,0.1,17.7,5.0,1.4,0.2,4.2,1.0,0,0
Isaac Bonga,2021,0.0,0.1,8.7,15.0,0.5,0.1,0.8,0.2,0,0
Brandon Knight,2021,0.0,0.1,13.0,5.0,1.6,0.8,6.4,1.6,0,0
B.J. Johnson,2021,0.0,0.0,12.1,4.0,0.0,0.0,6.5,2.3,0,0
Malik Fitts,2021,0.0,0.1,10.7,15.0,0.0,0.1,1.4,1.0,0,0
Brodric Thomas,2021,0.0,0.1,10.0,12.0,0.4,0.5,1.8,0.7,0,0
Tacko Fall,2021,0.0,0.1,11.3,11.0,0.6,0.3,1.1,1.5,0,0
Sam Merrill,2021,-0.1,0.0,7.5,6.0,0.7,0.3,4.2,1.0,0,0
Gabriel Deck,2021,0.0,0.0,11.5,7.0,0.0,0.3,2.6,0.7,0,0
James Ennis III,2021,0.0,0.1,17.7,7.0,0.7,0.3,4.1,1.0,0,0
D.J. Wilson,2021,0.1,0.1,27.9,4.0,2.5,0.5,7.5,3.8,0,0
Mason Jones,2021,0.0,0.0,17.8,4.0,3.8,0.3,6.8,2.3,0,0
Tremont Waters,2021,-0.1,0.1,5.4,3.0,0.0,1.3,3.3,1.3,0,0
Miye Oni,2021,-0.1,0.0,0.4,16.0,0.1,0.1,0.3,0.4,0,0
Vernon Carey Jr.,2021,-0.1,0.0,15.8,7.0,1.9,0.4,2.9,0.6,0,0
Jared Harper,2021,0.2,0.1,36.9,5.0,0.8,0.4,7.4,0.0,0,0
Cameron Oliver,2021,0.0,0.0,21.4,2.0,1.5,0.0,11.5,2.0,0,0
Robert Woodard II,2021,-0.1,0.0,2.1,12.0,0.2,0.1,0.6,0.5,0,0
Cassius Winston,2021,-0.1,0.0,6.0,7.0,0.6,0.4,2.0,0.1,0,0
Nik Stauskas,2021,0.0,0.0,10.5,8.0,0.8,0.1,2.3,0.3,0,0
Darren Collison,2021,-0.1,0.0,-0.2,3.0,0.0,0.3,1.3,1.3,0,0
Justin Jackson,2021,0.0,0.0,7.7,7.0,0.3,0.1,2.1,0.9,0,0
Cheick Diallo,2021,0.0,0.0,12.3,3.0,2.0,0.3,3.7,2.7,0,0
Juwan Morgan,2021,0.0,0.0,8.3,2.0,0.0,0.0,2.5,1.0,0,0
Daniel Oturu,2021,0.0,0.0,13.4,3.0,1.7,0.0,3.0,1.3,0,0
Deividas Sirvydis,2021,0.0,0.1,0.1,3.0,0.0,0.0,1.0,2.0,0,0
Shaquille Harrison,2021,0.0,0.0,4.6,2.0,0.0,1.0,2.0,1.5,0,0
Chandler Hutchison,2021,0.0,0.0,1.0,6.0,0.3,0.7,0.7,0.8,0,0
Damyean Dotson,2021,0.0,0.0,6.4,2.0,0.0,0.0,2.0,1.0,0,0
George King,2021,-0.1,0.0,-12.3,4.0,0.5,0.3,0.3,1.3,0,0
Norvel Pelle,2021,0.0,0.0,12.2,3.0,0.0,0.7,2.0,1.0,0,0
Wayne Selden,2021,0.0,0.0,4.3,3.0,1.3,0.0,1.7,0.3,0,0
Emanuel Terry,2021,-0.1,0.0,-0.1,3.0,0.0,1.7,0.0,2.3,0,0
Scotty Hopson,2021,0.0,0.0,0.1,1.0,0.0,2.0,4.0,1.0,0,0
Dakota Mathias,2021,0.0,0.0,11.0,6.0,0.0,0.0,1.0,0.3,0,0
Jaylen Morris,2021,-0.1,0.0,-11.4,3.0,1.3,0.3,0.7,0.7,0,0
Sekou Doumbouya,2021,0.1,0.1,40.7,2.0,2.0,1.0,7.0,2.0,0,0
Jemerrio Jones,2021,0.0,0.0,14.8,2.0,0.0,0.0,2.0,0.5,0,0
Emmanuel Mudiay,2021,0.0,0.0,12.3,2.0,2.0,0.5,1.5,0.0,0,0
DaQuan Jeffries,2021,0.0,0.0,8.4,3.0,0.0,0.0,0.7,0.7,0,0
Anthony Lamb,2021,0.0,0.0,-0.5,2.0,0.0,0.0,0.0,0.5,0,0
Malik Newman,2021,0.0,0.0,28.6,1.0,2.0,1.0,8.0,1.0,0,0
Zylan Cheatham,2021,0.0,0.0,-23.8,1.0,0.0,0.0,0.0,0.0,0,0
Tyrell Terry,2021,0.0,0.0,20.0,2.0,0.0,0.0,1.0,0.0,0,0
Nate Hinton,2021,0.0,0.0,-45.2,2.0,0.0,0.5,0.0,0.0,0,0
Jordan Bell,2021,0.0,0.0,29.9,1.0,0.0,0.0,0.0,0.0,0,0
Joe Johnson,2021,0.0,0.0,38.7,1.0,0.0,0.0,2.0,0.0,0,0
C.J. Miles,2021,0.0,0.0,-7.8,1.0,0.0,0.0,0.0,0.0,0,0
Matt Mooney,2021,0.0,0.0,-20.0,1.0,0.0,1.0,0.0,0.0,0,0
Sam Dekker,2021,0.0,0.0,0.0,1.0,0.0,0.0,0.0,0.0,0,0
Mikal Bridges,2022,2.8,3.1,16.8,83.0,4.3,1.5,20.1,3.4,0,0
Anthony Edwards,2022,2.1,3.6,17.4,79.0,5.3,3.3,24.6,5.2,0,0
Zach LaVine,2022,2.7,2.9,19.0,77.0,5.6,2.5,24.8,3.9,0,0
Nikola Vučević,2022,3.2,4.4,19.1,82.0,1.9,1.7,17.6,9.1,0,0
Julius Randle,2022,3.9,3.1,20.3,77.0,6.9,2.8,25.1,8.1,1,3
Domantas Sabonis,2022,5.4,3.0,23.5,79.0,5.5,2.9,19.1,9.1,1,3
Jayson Tatum,2022,5.1,4.3,23.7,74.0,8.4,2.9,30.1,7.7,1,1
Spencer Dinwiddie,2022,1.8,1.8,16.0,79.0,4.2,1.8,17.3,3.1,0,0
Evan Mobley,2022,2.5,4.8,17.9,79.0,3.8,1.8,16.2,6.6,0,0
Dejounte Murray,2022,2.1,2.3,17.0,74.0,2.6,2.2,20.5,4.5,0,0
DeMar DeRozan,2022,2.6,3.2,20.6,74.0,7.1,2.1,24.5,4.2,0,0
Scottie Barnes,2022,1.6,2.7,15.5,77.0,3.2,2.0,15.3,4.3,0,0
Harrison Barnes,2022,0.7,1.4,14.1,82.0,5.0,1.0,15.0,3.4,0,0
Pascal Siakam,2022,3.4,2.6,20.3,71.0,6.7,2.4,24.2,6.0,0,0
CJ McCollum,2022,1.9,2.8,15.6,75.0,3.2,2.4,20.9,3.6,0,0
Franz Wagner,2022,1.3,2.3,15.9,80.0,4.0,2.1,18.6,3.2,0,0
Jalen Green,2022,0.0,0.5,14.5,76.0,6.1,2.6,22.1,3.2,0,0
Bam Adebayo,2022,2.3,3.8,20.1,75.0,5.4,2.5,20.4,6.7,0,0
Trae Young,2022,3.4,1.4,22.0,73.0,8.8,4.1,26.2,2.2,0,0
Fred VanVleet,2022,2.9,2.8,17.0,69.0,4.1,2.0,19.3,3.6,0,0
Buddy Hield,2022,2.4,1.6,15.4,80.0,1.6,1.7,16.8,4.2,0,0
RJ Barrett,2022,-0.7,1.8,12.9,73.0,5.4,2.2,19.6,4.2,0,0
Jordan Poole,2022,0.1,1.9,14.6,82.0,5.1,3.1,20.4,2.4,0,0
Josh Hart,2022,1.8,2.2,14.1,76.0,2.3,1.5,9.8,5.9,0,0
Trey Murphy III,2022,2.3,2.8,15.2,79.0,2.4,0.8,14.5,2.8,0,0
Darius Garland,2022,2.7,3.0,18.8,69.0,4.7,2.9,21.6,2.3,0,0
Tobias Harris,2022,1.7,2.8,14.8,74.0,1.7,1.2,14.7,4.8,0,0
De'Aaron Fox,2022,2.7,1.8,21.8,73.0,6.0,2.5,25.0,3.6,1,3
Donovan Mitchell,2022,5.0,3.5,22.9,68.0,5.4,2.6,28.3,3.3,1,2
Jaden McDaniels,2022,0.5,2.4,12.0,79.0,1.8,1.4,12.1,2.7,0,0
Shai Gilgeous-Alexander,2022,5.6,3.0,27.2,68.0,10.9,2.8,31.4,4.0,1,1
Royce O'Neale,2022,0.5,2.5,9.2,76.0,0.9,1.5,8.8,4.3,0,0
Jaylen Brown,2022,2.0,3.4,19.1,67.0,5.1,2.9,26.6,5.7,1,2
Luka Dončić,2022,6.6,2.9,28.7,66.0,10.5,3.6,32.4,7.8,1,1
OG Anunoby,2022,1.5,2.9,14.6,67.0,2.5,2.0,16.8,3.5,0,0
Kentavious Caldwell-Pope,2022,0.6,2.5,11.5,76.0,1.6,1.1,10.8,2.3,0,0
P.J. Washington,2022,0.4,2.2,12.9,73.0,2.4,1.5,15.7,3.9,0,0
Jalen Brunson,2022,3.5,1.8,21.2,68.0,5.8,2.1,24.0,3.0,0,0
Brook Lopez,2022,2.5,3.9,18.4,78.0,2.4,1.4,15.9,4.7,0,0
Josh Giddey,2022,1.9,2.7,17.1,76.0,1.9,2.8,16.6,5.9,0,0
Reggie Bullock,2022,-0.4,1.4,7.7,78.0,0.5,0.5,7.2,3.2,0,0
Immanuel Quickley,2022,2.1,2.3,16.3,81.0,3.1,1.2,14.9,3.4,0,0
Tyler Herro,2022,1.6,2.4,15.3,67.0,2.7,2.4,20.1,5.0,0,0
Patrick Williams,2022,0.4,3.0,11.2,82.0,1.3,1.2,10.2,3.0,0,0
Nikola Jokić,2022,8.8,3.8,31.5,69.0,6.0,3.6,24.5,9.4,1,2
Derrick White,2022,2.6,3.1,15.4,82.0,2.3,1.2,12.4,2.9,0,0
D'Angelo Russell,2022,2.0,1.9,16.3,71.0,3.0,2.6,17.8,2.5,0,0
Draymond Green,2022,1.6,3.1,12.2,73.0,1.5,2.8,8.5,6.3,0,0
KJ Martin,2022,0.7,0.7,15.4,82.0,2.7,1.1,12.7,4.0,0,0
Joel Embiid,2022,6.4,3.9,31.4,66.0,11.7,3.4,33.1,8.4,1,1
Bruce Brown,2022,0.9,2.6,13.3,80.0,1.9,1.5,11.5,3.3,0,0
Klay Thompson,2022,1.0,1.9,14.7,69.0,1.9,1.8,21.9,3.6,0,0
Lauri Markkanen,2022,3.3,1.9,22.1,66.0,6.0,1.9,25.6,6.7,0,0
Max Strus,2022,0.2,1.9,10.8,80.0,1.1,0.9,11.5,2.6,0,0
Luguentz Dort,2022,-0.6,2.1,11.3,74.0,3.5,1.2,13.7,2.9,0,0
Nic Claxton,2022,2.9,4.0,20.8,76.0,3.2,1.3,12.6,6.8,0,0
Jerami Grant,2022,1.0,1.0,16.0,63.0,5.4,1.8,20.5,3.7,0,0
Kyrie Irving,2022,3.5,2.0,22.4,60.0,4.6,2.1,27.1,4.1,0,0
Kyle Kuzma,2022,0.2,1.9,14.3,64.0,3.7,3.0,21.2,6.4,0,0
Caris LeVert,2022,1.0,3.1,12.4,74.0,2.4,1.6,12.1,3.1,0,0
Terry Rozier,2022,0.8,1.6,14.7,63.0,3.5,2.1,21.1,3.3,0,0
Jarrett Allen,2022,2.4,4.0,19.9,68.0,3.3,1.4,14.3,6.5,0,0
Dillon Brooks,2022,-1.1,2.4,9.4,73.0,2.1,1.4,14.3,2.7,0,0
Kevin Huerter,2022,1.7,1.7,15.2,75.0,1.7,1.3,15.2,2.8,0,0
Jrue Holiday,2022,2.8,2.8,19.2,67.0,2.6,2.9,19.3,3.9,0,0
Alperen Şengün,2022,1.9,1.8,19.7,75.0,3.8,2.6,14.8,5.8,0,0
Anfernee Simons,2022,0.5,0.3,14.8,62.0,2.9,2.1,21.1,2.3,0,0
Ivica Zubac,2022,0.6,2.9,16.7,76.0,3.1,1.5,10.8,6.8,0,0
Killian Hayes,2022,-1.0,1.4,10.2,76.0,1.5,2.3,10.3,2.5,0,0
Tim Hardaway Jr.,2022,0.1,1.3,12.1,71.0,2.3,0.8,14.4,3.2,0,0
De'Anthony Melton,2022,1.6,3.1,12.7,77.0,1.1,1.3,10.1,3.2,0,0
Rudy Gobert,2022,1.4,3.5,18.9,70.0,4.9,1.7,13.4,8.3,0,0
Jimmy Butler,2022,5.8,2.9,27.6,64.0,8.7,1.6,22.9,3.7,1,2
James Harden,2022,4.0,2.6,21.6,58.0,6.2,3.4,21.0,5.4,0,0
Jamal Murray,2022,1.8,1.9,18.0,65.0,3.3,2.2,20.0,3.2,0,0
John Collins,2022,0.4,2.1,13.6,71.0,2.5,1.1,13.1,5.4,0,0
Saddiq Bey,2022,0.9,1.2,14.6,77.0,3.1,0.9,13.8,3.4,0,0
De'Andre Hunter,2022,-0.7,1.2,11.5,67.0,3.1,1.2,15.4,3.6,0,0
Russell Westbrook,2022,1.2,2.6,16.1,73.0,4.3,3.5,15.9,4.6,0,0
Quentin Grimes,2022,1.0,1.6,11.7,71.0,1.4,1.0,11.3,2.5,0,0
Kristaps Porziņģis,2022,3.4,2.7,23.1,65.0,6.4,2.1,23.2,6.6,0,0
Gary Trent Jr.,2022,1.2,2.0,15.0,66.0,3.1,0.8,17.4,2.2,0,0
Damian Lillard,2022,4.9,0.8,26.7,58.0,9.6,3.3,32.2,4.0,1,3
Ayo Dosunmu,2022,-0.2,2.2,10.2,80.0,1.0,1.2,8.6,2.2,0,0
Corey Kispert,2022,0.2,0.9,11.5,74.0,1.2,0.7,11.1,2.4,0,0
Malik Beasley,2022,0.0,1.6,10.9,81.0,0.8,1.1,12.7,3.1,0,0
Caleb Martin,2022,0.4,2.5,11.4,71.0,1.6,1.1,9.6,3.6,0,0
Keldon Johnson,2022,0.1,0.5,15.3,63.0,5.2,2.1,22.0,4.2,0,0
Aaron Gordon,2022,2.1,2.2,19.5,68.0,4.6,1.4,16.3,4.1,0,0
Mason Plumlee,2022,2.2,2.4,19.6,79.0,4.0,1.5,10.8,6.0,0,0
Grant Williams,2022,0.5,2.6,10.3,79.0,1.5,1.0,8.1,3.5,0,0
Deandre Ayton,2022,1.5,3.0,19.9,67.0,3.0,1.8,18.0,7.4,0,0
Mike Conley,2022,1.5,1.4,14.7,67.0,2.5,1.5,11.9,2.2,0,0
Giannis Antetokounmpo,2022,5.4,3.7,29.0,63.0,12.3,3.9,31.1,9.6,1,1
Kevin Porter Jr.,2022,1.3,1.0,16.2,59.0,4.5,3.2,19.2,4.0,0,0
Deni Avdija,2022,-0.1,2.3,11.2,76.0,2.2,1.6,9.2,5.4,0,0
Tyrese Maxey,2022,1.3,1.6,17.0,60.0,3.6,1.3,20.3,2.6,0,0
Dorian Finney-Smith,2022,0.0,1.6,9.2,66.0,0.9,0.9,8.3,3.1,0,0
Jordan Clarkson,2022,0.3,0.8,14.7,61.0,4.0,3.0,20.8,2.9,0,0
Dennis Schröder,2022,-0.4,1.5,11.5,66.0,3.8,1.7,12.6,2.2,0,0
Tre Jones,2022,0.5,0.8,16.0,68.0,2.5,1.6,12.9,2.8,0,0
Grayson Allen,2022,1.0,2.2,12.3,72.0,1.8,1.0,10.4,2.4,0,0
Jonas Valančiūnas,2022,0.8,3.0,19.3,79.0,2.8,2.0,14.1,7.3,0,0
Eric Gordon,2022,0.1,0.5,11.8,69.0,2.5,1.5,12.4,1.7,0,0
Kevon Looney,2022,2.0,2.8,17.8,82.0,1.9,0.5,7.0,5.9,0,0
Kyle Anderson,2022,2.2,2.6,14.8,69.0,2.0,1.5,9.4,4.4,0,0
Marcus Smart,2022,0.5,2.7,12.1,61.0,1.9,2.3,11.5,2.4,0,0
LeBron James,2022,4.0,2.4,23.9,55.0,5.9,3.2,28.9,7.1,1,3
Herbert Jones,2022,0.8,2.7,12.1,66.0,2.4,1.3,9.8,2.6,0,0
Torrey Craig,2022,0.7,2.5,11.6,79.0,0.6,0.9,7.4,3.6,0,0
Ja Morant,2022,3.8,2.6,23.3,61.0,8.1,3.4,26.2,4.9,0,0
Kelly Olynyk,2022,1.2,1.9,14.4,68.0,3.4,2.5,12.5,5.0,0,0
Stephen Curry,2022,4.7,2.0,24.1,56.0,5.0,3.2,29.4,5.4,1,2
Tyus Jones,2022,1.7,2.3,16.0,80.0,1.3,0.9,10.3,2.2,0,0
Paul George,2022,2.3,2.3,19.6,56.0,5.3,3.1,23.8,5.3,0,0
Al Horford,2022,2.5,2.7,13.8,63.0,0.3,0.6,9.8,5.0,0,0
P.J. Tucker,2022,-0.5,1.7,5.7,75.0,0.3,0.6,3.5,2.7,0,0
Jalen McDaniels,2022,-0.1,2.2,11.8,80.0,1.7,1.2,9.4,3.5,0,0
Jakob Poeltl,2022,1.9,2.2,21.0,72.0,2.8,1.7,12.5,5.8,0,0
Anthony Davis,2022,4.0,3.4,27.8,56.0,7.9,2.2,25.9,9.1,0,0
Donte DiVincenzo,2022,1.3,2.3,12.8,72.0,1.0,1.6,9.4,3.4,0,0
Bojan Bogdanović,2022,1.4,0.4,17.4,59.0,5.1,2.3,21.6,3.2,0,0
Chris Paul,2022,2.5,2.5,17.7,59.0,2.7,1.9,13.9,3.8,0,0
Tyrese Haliburton,2022,4.4,1.2,23.6,56.0,3.6,2.5,20.7,3.1,0,0
Jarred Vanderbilt,2022,1.5,2.5,15.1,78.0,1.8,1.2,7.9,5.3,0,0
Terance Mann,2022,0.8,1.5,13.4,81.0,1.5,1.0,8.8,2.5,0,0
Troy Brown Jr.,2022,0.5,2.0,9.6,76.0,0.5,0.6,7.1,3.2,0,0
Onyeka Okongwu,2022,1.3,2.4,19.4,80.0,2.5,1.0,9.9,4.5,0,0
Austin Reaves,2022,1.2,1.4,14.9,64.0,4.1,1.5,13.0,2.5,0,0
Desmond Bane,2022,2.5,2.3,19.1,58.0,3.5,2.2,21.5,4.3,0,0
Devin Booker,2022,2.9,1.9,22.0,53.0,6.8,2.7,27.8,3.7,0,0
Marcus Morris,2022,0.0,1.6,10.5,65.0,1.3,0.9,11.2,3.5,0,0
Myles Turner,2022,1.9,2.0,20.0,62.0,4.5,1.7,18.0,6.1,0,0
Bobby Portis,2022,1.2,2.8,17.8,70.0,1.8,1.2,14.1,7.4,0,0
Aaron Nesmith,2022,-0.4,1.1,10.5,73.0,1.9,1.0,10.1,2.9,0,0
Patrick Beverley,2022,0.3,2.1,8.9,67.0,1.0,0.9,6.2,3.0,0,0
Jevon Carter,2022,0.6,2.3,10.9,81.0,0.5,1.0,8.0,2.1,0,0
Michael Porter Jr.,2022,1.0,1.8,16.8,62.0,1.9,1.1,17.4,4.5,0,0
Naji Marshall,2022,0.1,2.0,11.4,77.0,2.3,1.3,9.1,3.0,0,0
Jaren Jackson Jr.,2022,2.2,3.8,21.6,63.0,4.9,1.7,18.6,5.0,0,0
Markelle Fultz,2022,1.2,2.0,16.6,60.0,2.4,2.3,14.0,2.8,0,0
Gabe Vincent,2022,-0.6,1.7,9.0,68.0,1.1,1.4,9.4,1.7,0,0
Kawhi Leonard,2022,3.5,2.2,23.9,52.0,5.4,1.7,23.8,5.4,0,0
Malcolm Brogdon,2022,2.1,2.2,18.2,67.0,2.7,1.5,14.9,3.6,0,0
Christian Wood,2022,1.6,2.1,20.6,67.0,4.2,1.8,16.6,6.0,0,0
Coby White,2022,0.5,1.9,12.5,74.0,0.9,1.0,9.7,2.6,0,0
Clint Capela,2022,1.8,2.4,22.1,65.0,2.0,0.8,12.0,7.1,0,0
Malik Monk,2022,1.0,1.2,16.6,77.0,2.7,1.9,13.5,2.2,0,0
Kyle Lowry,2022,0.9,1.9,12.6,55.0,2.5,1.9,11.2,3.3,0,0
Nicolas Batum,2022,1.0,1.9,11.0,78.0,0.6,0.6,6.1,3.0,0,0
Monte Morris,2022,1.1,1.1,15.0,62.0,1.2,1.0,10.3,3.0,0,0
Wendell Carter Jr.,2022,1.3,2.0,17.3,57.0,3.4,1.9,15.2,6.6,0,0
Santi Aldama,2022,1.1,2.4,13.9,77.0,1.9,0.8,9.0,3.7,0,0
Bradley Beal,2022,1.6,1.2,19.7,50.0,4.6,2.9,23.2,3.1,0,0
Kevin Durant,2022,3.9,2.1,25.9,47.0,7.1,3.3,29.1,6.3,0,0
Reggie Jackson,2022,-0.8,1.2,10.0,68.0,1.1,1.7,10.2,1.8,0,0
Isaac Okoro,2022,0.7,2.3,10.7,76.0,1.4,0.6,6.4,1.8,0,0
Isaiah Hartenstein,2022,0.7,2.4,14.2,82.0,0.9,0.8,5.0,4.0,0,0
Daniel Gafford,2022,1.2,1.9,19.7,78.0,2.4,1.1,9.0,3.5,0,0
Mitchell Robinson,2022,1.7,2.6,18.9,59.0,2.1,0.7,7.4,4.9,0,0
Drew Eubanks,2022,0.8,1.6,16.2,78.0,1.6,0.9,6.6,3.7,0,0
Gordon Hayward,2022,0.2,1.1,13.5,50.0,3.2,2.0,14.7,3.6,0,0
Alex Caruso,2022,1.2,2.6,11.5,67.0,1.1,1.1,5.6,2.3,0,0
Shake Milton,2022,0.0,1.2,12.7,76.0,1.5,1.2,8.4,2.0,0,0
Norman Powell,2022,0.9,1.4,17.1,60.0,4.6,1.7,17.0,2.5,0,0
Cole Anthony,2022,1.3,1.7,16.0,60.0,2.8,1.5,13.0,4.0,0,0
Cedi Osman,2022,0.5,1.9,12.0,77.0,1.4,0.7,8.7,2.0,0,0
Kelly Oubre Jr.,2022,0.3,1.5,14.8,48.0,4.3,1.3,20.3,3.8,0,0
Josh Green,2022,-0.2,0.9,11.2,60.0,1.6,1.2,9.1,2.1,0,0
Brandon Ingram,2022,1.5,1.7,19.2,45.0,6.0,3.3,24.7,5.0,0,0
Josh Richardson,2022,0.3,1.1,12.3,65.0,1.2,1.3,10.1,2.1,0,0
Joe Harris,2022,0.3,1.1,10.6,74.0,0.4,0.6,7.6,1.9,0,0
T.J. McConnell,2022,1.0,1.2,16.8,75.0,0.9,1.9,8.7,2.5,0,0
Chris Boucher,2022,0.7,2.0,18.0,76.0,2.2,0.5,9.4,3.5,0,0
Georges Niang,2022,0.2,1.4,10.9,78.0,0.6,0.7,8.2,2.1,0,0
Bogdan Bogdanović,2022,0.9,1.0,14.2,54.0,1.4,1.2,14.0,2.6,0,0
Damion Lee,2022,0.1,1.4,10.7,74.0,1.4,1.1,8.2,2.5,0,0
Bol Bol,2022,0.4,2.2,14.4,70.0,1.5,1.6,9.1,4.8,0,0
John Konchar,2022,0.9,2.5,10.8,72.0,0.5,0.5,5.1,3.4,0,0
Rui Hachimura,2022,-0.1,1.3,13.2,63.0,1.9,0.8,11.2,3.7,0,0
Dwight Powell,2022,0.3,1.3,15.5,76.0,2.2,0.9,6.7,2.2,0,0
Keita Bates-Diop,2022,0.5,0.6,14.9,67.0,2.2,0.8,9.7,2.7,0,0
Davion Mitchell,2022,-0.3,0.8,9.4,80.0,0.4,0.8,5.6,1.1,0,0
Pat Connaughton,2022,0.3,1.8,10.0,61.0,0.7,0.5,7.6,3.8,0,0
Zach Collins,2022,0.6,1.0,16.4,63.0,2.3,2.0,11.6,4.5,0,0
Isaiah Stewart,2022,0.0,0.9,13.1,50.0,3.0,1.4,11.3,5.8,0,0
Isaiah Joe,2022,1.0,1.3,14.5,73.0,1.4,0.5,9.5,2.0,0,0
Jonathan Kuminga,2022,0.1,1.4,13.3,67.0,2.1,1.4,9.9,2.4,0,0
Jusuf Nurkić,2022,0.7,1.5,17.3,52.0,3.7,2.3,13.3,6.9,0,0
Dennis Smith Jr.,2022,-0.1,1.5,11.6,54.0,2.0,1.5,8.8,2.6,0,0
Larry Nance Jr.,2022,1.4,2.1,16.0,65.0,1.2,0.6,6.8,3.8,0,0
Josh Okogie,2022,0.6,1.7,13.3,72.0,2.7,0.9,7.3,2.0,0,0
Devonte' Graham,2022,0.6,1.0,12.5,73.0,1.8,0.7,7.4,1.4,0,0
Terrence Ross,2022,0.0,1.2,10.2,63.0,0.5,0.7,8.3,2.1,0,0
Luke Kennard,2022,0.8,1.2,13.0,59.0,0.7,0.8,9.3,2.4,0,0
Doug McDermott,2022,-0.4,0.0,11.1,64.0,1.1,0.9,10.2,1.8,0,0
Talen Horton-Tucker,2022,0.2,1.1,13.7,65.0,2.6,1.9,10.7,2.6,0,0
Jose Alvarado,2022,0.3,1.7,11.8,61.0,1.3,1.3,9.0,1.9,0,0
Aaron Wiggins,2022,0.0,1.2,12.2,70.0,1.0,0.8,6.8,2.0,0,0
Lonnie Walker IV,2022,0.2,1.0,12.2,56.0,1.9,0.8,11.7,1.7,0,0
Sam Hauser,2022,1.0,1.6,12.7,80.0,0.2,0.4,6.4,2.1,0,0
Jalen Smith,2022,0.0,1.1,15.9,68.0,2.0,1.1,9.4,3.9,0,0
LaMelo Ball,2022,1.4,1.2,17.9,36.0,3.4,3.6,23.3,5.3,0,0
Jaylen Nowell,2022,-0.2,1.2,13.7,65.0,1.5,1.0,10.8,2.1,0,0
Naz Reid,2022,1.0,1.9,18.5,68.0,1.9,1.4,11.5,3.8,0,0
Trey Lyles,2022,0.3,1.2,14.2,74.0,1.7,0.9,7.6,3.1,0,0
Jalen Suggs,2022,0.3,1.5,12.5,53.0,2.2,1.8,9.9,2.0,0,0
Kevin Love,2022,0.8,2.0,13.1,62.0,1.5,1.1,8.2,5.5,0,0
Cory Joseph,2022,0.2,0.3,12.1,62.0,1.2,0.9,6.9,1.4,0,0
Delon Wright,2022,1.7,1.6,16.3,50.0,1.2,0.9,7.4,2.4,0,0
Nick Richards,2022,0.2,1.5,18.3,65.0,2.8,0.9,8.2,4.1,0,0
Seth Curry,2022,0.0,0.9,12.3,61.0,0.9,0.8,9.2,1.4,0,0
Kenrich Williams,2022,0.8,1.3,14.4,53.0,0.7,0.6,8.0,3.1,0,0
Matisse Thybulle,2022,0.4,1.5,10.5,71.0,0.4,0.3,4.1,1.4,0,0
Isaiah Livers,2022,-0.1,0.5,8.4,52.0,0.8,0.6,6.7,2.2,0,0
Cameron Johnson,2022,1.4,1.4,17.1,42.0,2.9,0.9,15.5,3.6,0,0
Anthony Lamb,2022,0.3,1.2,10.9,62.0,1.0,0.9,6.7,2.6,0,0
Taurean Prince,2022,-0.4,1.0,10.0,54.0,1.4,1.3,9.1,2.2,0,0
Andrew Wiggins,2022,0.5,1.3,14.7,37.0,1.9,1.3,17.1,3.4,0,0
Jordan Nwora,2022,0.0,1.0,12.2,62.0,1.4,1.1,8.7,2.9,0,0
Gary Harris,2022,0.4,1.1,10.5,48.0,0.6,0.6,8.3,1.6,0,0
Tre Mann,2022,-0.6,1.1,10.0,67.0,0.8,0.9,7.7,1.9,0,0
Trendon Watford,2022,0.1,0.7,13.6,62.0,1.6,1.1,7.4,3.2,0,0
Xavier Tillman Sr.,2022,1.2,1.9,17.3,61.0,1.5,0.7,7.0,3.0,0,0
Devin Vassell,2022,0.7,0.5,15.5,38.0,2.6,1.5,18.5,3.7,0,0
Collin Sexton,2022,0.2,0.5,15.9,48.0,4.1,1.8,14.3,1.4,0,0
Precious Achiuwa,2022,-0.1,1.4,15.2,55.0,2.3,1.1,9.2,4.1,0,0
Steven Adams,2022,0.7,2.1,17.5,42.0,3.1,1.9,8.6,6.5,0,0
Alec Burks,2022,0.9,0.6,16.5,51.0,3.7,1.1,12.8,2.7,0,0
Lamar Stevens,2022,-0.2,1.6,9.5,62.0,0.9,0.4,5.3,2.6,0,0
Moritz Wagner,2022,0.7,1.3,17.4,57.0,3.2,1.2,10.5,3.3,0,0
Jordan Goodwin,2022,0.8,1.3,14.8,62.0,1.1,0.9,6.6,2.4,0,0
Victor Oladipo,2022,0.0,1.5,10.6,42.0,1.9,2.1,10.7,2.7,0,0
Ben Simmons,2022,0.7,1.7,13.4,42.0,1.4,2.3,6.9,5.3,0,0
Jeff Green,2022,-0.4,0.8,11.0,56.0,2.1,0.8,7.8,1.9,0,0
Brandon Clarke,2022,1.3,1.8,20.0,56.0,2.4,1.0,10.0,3.9,0,0
Bones Hyland,2022,0.3,1.1,14.9,56.0,1.8,1.5,11.8,2.1,0,0
Oshae Brissett,2022,-0.3,0.7,10.6,65.0,2.2,0.5,6.1,2.4,0,0
Thomas Bryant,2022,0.7,1.4,19.7,59.0,2.1,0.6,9.8,4.3,0,0
Obi Toppin,2022,0.4,1.0,13.6,67.0,0.7,0.6,7.4,2.4,0,0
Joe Ingles,2022,0.3,1.2,10.7,46.0,0.5,1.2,6.9,2.5,0,0
Jalen Johnson,2022,0.6,1.3,14.1,70.0,1.1,0.6,5.6,3.3,0,0
Isaiah Jackson,2022,0.3,1.2,17.5,63.0,2.3,0.8,7.2,2.7,0,0
Wenyen Gabriel,2022,-0.1,1.3,14.4,68.0,1.2,0.7,5.5,2.5,0,0
Austin Rivers,2022,-0.2,0.8,7.4,52.0,0.8,0.4,4.9,1.5,0,0
Hamidou Diallo,2022,0.1,0.9,15.7,56.0,2.6,1.3,9.3,2.4,0,0
Will Barton,2022,-0.2,0.8,10.0,56.0,0.8,0.9,6.8,2.2,0,0
Marvin Bagley III,2022,0.3,0.7,17.2,42.0,2.6,1.1,12.0,4.2,0,0
Cam Reddish,2022,-0.4,0.7,10.6,40.0,1.9,1.2,9.7,1.8,0,0
Jock Landale,2022,0.2,1.2,16.4,69.0,1.5,0.9,6.6,2.3,0,0
Nassir Little,2022,-0.3,0.4,10.2,54.0,0.9,0.7,6.6,2.1,0,0
Usman Garuba,2022,0.2,0.9,12.9,75.0,0.6,0.6,3.0,2.5,0,0
JT Thor,2022,-0.7,0.8,7.0,69.0,0.7,0.6,3.8,1.7,0,0
Haywood Highsmith,2022,-0.3,1.3,8.5,54.0,0.5,0.8,4.4,2.4,0,0
Cameron Payne,2022,0.2,1.0,13.2,48.0,1.3,1.7,10.3,2.0,0,0
Kendrick Nunn,2022,-0.4,0.8,11.1,70.0,0.6,0.9,7.1,1.3,0,0
Karl-Anthony Towns,2022,1.2,1.1,18.8,29.0,4.7,3.0,20.8,6.5,0,0
Zion Williamson,2022,1.9,1.2,25.2,29.0,8.6,3.4,26.0,5.0,0,0
Kevin Knox,2022,-0.4,0.5,11.1,63.0,1.0,0.8,6.6,2.3,0,0
Cam Thomas,2022,-0.2,0.7,14.7,57.0,3.1,1.1,10.6,1.5,0,0
Mike Muscala,2022,0.4,1.1,13.0,63.0,0.8,0.4,6.1,2.6,0,0
Maxi Kleber,2022,0.0,0.6,8.7,37.0,1.0,0.7,5.9,2.8,0,0
Yuta Watanabe,2022,0.3,0.9,12.1,58.0,0.8,0.4,5.6,1.9,0,0
Ish Wainright,2022,0.2,1.2,9.2,60.0,0.5,0.4,4.2,1.6,0,0
Daishen Nix,2022,-1.0,0.3,5.3,57.0,0.6,1.5,4.0,1.4,0,0
Chris Duarte,2022,-0.6,0.4,8.6,46.0,1.6,0.9,7.9,2.1,0,0
Derrick Jones Jr.,2022,0.3,1.2,13.8,64.0,1.3,0.4,5.0,1.5,0,0
Dean Wade,2022,0.3,1.4,8.5,44.0,0.5,0.4,4.7,3.0,0,0
Vlatko Čančar,2022,0.0,0.8,11.0,60.0,0.7,0.6,5.0,1.7,0,0
Nickeil Alexander-Walker,2022,0.2,0.8,11.6,59.0,1.0,0.9,6.2,1.5,0,0
Bismack Biyombo,2022,0.2,1.6,14.4,61.0,1.1,0.8,4.3,2.8,0,0
Goran Dragić,2022,-0.4,0.7,10.3,58.0,0.8,1.1,6.3,1.1,0,0
James Wiseman,2022,-0.3,0.7,15.6,45.0,2.2,1.1,10.0,4.3,0,0
Théo Maledon,2022,-0.1,0.9,11.6,44.0,1.7,1.3,6.7,2.5,0,0
Andre Drummond,2022,0.3,2.0,20.8,67.0,1.9,1.1,6.0,4.6,0,0
Aaron Holiday,2022,0.0,0.6,9.4,63.0,0.5,0.6,3.9,0.8,0,0
Romeo Langford,2022,-0.5,0.2,10.4,43.0,1.3,0.7,6.9,1.3,0,0
Terence Davis,2022,0.1,0.9,12.9,64.0,0.7,0.8,6.7,1.9,0,0
George Hill,2022,0.1,0.8,10.6,46.0,1.2,0.7,5.0,1.5,0,0
Robert Williams,2022,1.1,1.6,19.8,35.0,1.2,1.0,8.0,5.4,0,0
Wesley Matthews,2022,-0.1,0.9,7.0,52.0,0.5,0.3,3.4,1.5,0,0
Moses Moody,2022,-0.1,0.6,10.3,63.0,0.8,0.5,4.8,1.2,0,0
Rudy Gay,2022,-0.4,0.7,9.0,56.0,0.9,0.7,5.2,2.3,0,0
Ty Jerome,2022,0.3,0.7,12.8,45.0,0.9,0.7,6.9,1.6,0,0
Jeremiah Robinson-Earl,2022,0.1,0.8,13.0,43.0,1.0,0.4,6.8,2.5,0,0
Jericho Sims,2022,0.3,0.9,13.8,52.0,0.3,0.5,3.4,2.8,0,0
Danuel House Jr.,2022,-0.2,0.7,9.4,56.0,1.1,0.5,4.8,1.5,0,0
Landry Shamet,2022,0.1,0.7,10.9,40.0,1.3,0.9,8.7,1.4,0,0
Dario Šarić,2022,0.1,1.0,13.5,57.0,1.3,1.0,6.4,2.7,0,0
Luke Kornet,2022,0.6,1.2,16.7,69.0,0.6,0.4,3.8,1.6,0,0
Khris Middleton,2022,0.6,1.0,17.4,33.0,3.1,2.2,15.1,3.4,0,0
JaMychal Green,2022,0.3,1.0,15.5,57.0,1.2,0.9,6.4,2.3,0,0
Thaddeus Young,2022,0.4,1.1,14.1,54.0,0.5,0.8,4.4,1.8,0,0
Josh Christopher,2022,-0.5,0.3,11.5,64.0,0.9,0.9,5.8,0.8,0,0
Robert Covington,2022,0.7,1.2,14.2,48.0,0.8,0.7,6.0,2.8,0,0
Justise Winslow,2022,-0.2,0.5,9.3,29.0,1.0,1.5,6.8,3.3,0,0
Mo Bamba,2022,0.5,1.1,15.7,49.0,1.3,0.6,6.6,3.4,0,0
Miles McBride,2022,-0.1,0.7,8.4,64.0,0.7,0.4,3.5,0.6,0,0
Paul Reed,2022,0.4,1.6,19.2,69.0,0.7,0.7,4.2,2.2,0,0
John Wall,2022,0.1,0.7,13.6,34.0,3.3,2.4,11.4,2.3,0,0
R.J. Hampton,2022,-0.2,0.5,10.8,47.0,1.6,0.9,6.4,1.5,0,0
Edmond Sumner,2022,-0.1,0.7,14.0,53.0,2.0,0.9,7.1,1.2,0,0
Zeke Nnaji,2022,-0.3,0.7,12.5,53.0,1.2,0.6,5.2,1.4,0,0
Justin Holiday,2022,-0.3,0.5,6.6,46.0,0.2,0.5,4.5,1.1,0,0
Aleksej Pokusevski,2022,0.3,1.0,13.4,34.0,1.0,1.3,8.1,3.4,0,0
Juan Toscano-Anderson,2022,-0.3,0.6,7.2,52.0,0.5,0.7,3.0,1.8,0,0
Malachi Flynn,2022,-0.4,0.5,8.7,53.0,0.6,0.5,4.6,1.2,0,0
Duncan Robinson,2022,-0.5,0.6,7.8,42.0,0.8,0.7,6.4,1.5,0,0
Chimezie Metu,2022,0.3,0.8,17.3,66.0,1.1,0.5,4.9,2.3,0,0
T.J. Warren,2022,0.0,0.8,13.5,42.0,0.8,0.5,7.5,2.3,0,0
Garrison Mathews,2022,-0.1,0.3,9.7,54.0,1.0,0.4,4.8,1.1,0,0
Montrezl Harrell,2022,0.1,0.8,17.6,57.0,1.8,0.6,5.6,1.6,0,0
Jordan McLaughlin,2022,0.2,0.6,11.8,43.0,0.4,0.8,3.7,1.1,0,0
Jae'Sean Tate,2022,-0.3,0.3,12.2,31.0,2.2,1.5,9.1,2.5,0,0
Sandro Mamukelashvili,2022,-0.1,0.5,13.4,43.0,1.3,0.8,6.1,2.7,0,0
Eugene Omoruyi,2022,-0.4,0.5,10.9,40.0,1.9,0.9,7.0,1.7,0,0
Payton Pritchard,2022,-0.2,0.7,10.3,48.0,0.3,0.8,5.6,1.3,0,0
Amir Coffey,2022,-0.5,0.3,7.0,50.0,1.3,0.4,3.4,0.7,0,0
Anthony Gill,2022,-0.2,0.4,11.1,59.0,1.1,0.3,3.3,1.1,0,0
Darius Bazley,2022,0.2,0.9,13.1,43.0,1.6,0.6,5.2,2.4,0,0
Juancho Hernangómez,2022,-0.2,0.6,7.6,42.0,0.4,0.4,2.9,2.3,0,0
Jaxson Hayes,2022,0.1,0.9,13.7,47.0,1.8,0.7,5.0,2.0,0,0
Frank Ntilikina,2022,-0.7,0.4,5.2,47.0,0.7,0.6,2.9,1.2,0,0
DeAndre Jordan,2022,0.0,0.9,14.7,39.0,1.2,1.2,5.1,3.8,0,0
Blake Griffin,2022,0.3,0.8,13.1,41.0,0.8,0.5,4.1,2.6,0,0
Kris Dunn,2022,0.6,0.6,19.1,22.0,2.4,1.6,13.2,4.1,0,0
Patty Mills,2022,-0.2,0.4,10.6,40.0,0.8,0.8,6.2,0.9,0,0
Ricky Rubio,2022,-0.1,0.9,10.4,33.0,1.1,0.9,5.2,1.8,0,0
Ziaire Williams,2022,-0.5,0.6,7.4,37.0,0.6,1.0,5.7,1.7,0,0
Day'Ron Sharpe,2022,0.0,0.8,17.8,48.0,1.1,0.9,4.7,2.1,0,0
Kai Jones,2022,-0.3,0.7,10.8,46.0,0.6,0.7,3.4,1.9,0,0
Lindy Waters III,2022,0.3,0.5,11.8,41.0,0.5,0.2,5.2,1.4,0,0
Rodney McGruder,2022,0.1,0.2,10.7,32.0,0.7,0.3,5.7,1.7,0,0
Chuma Okeke,2022,0.1,0.6,9.1,27.0,0.8,0.6,4.7,2.6,0,0
James Bouknight,2022,-0.6,0.4,6.2,34.0,0.9,0.9,5.6,1.9,0,0
Charles Bassey,2022,0.3,0.6,18.8,35.0,1.1,1.2,5.7,3.4,0,0
Raul Neto,2022,0.2,0.6,12.6,48.0,0.7,0.5,3.3,0.8,0,0
Dāvis Bertāns,2022,0.1,0.3,11.9,45.0,0.3,0.2,4.6,1.0,0,0
Taj Gibson,2022,-0.1,0.5,11.4,49.0,0.9,0.5,3.4,1.2,0,0
Javonte Green,2022,0.4,0.8,14.5,32.0,1.4,0.6,5.2,1.9,0,0
Damian Jones,2022,0.0,0.5,12.9,41.0,0.7,0.6,3.5,2.0,0,0
Isaiah Roby,2022,-0.3,0.3,9.3,42.0,1.0,0.7,4.1,2.0,0,0
Stanley Johnson,2022,0.1,0.3,13.5,30.0,1.3,1.1,5.8,2.4,0,0
Svi Mykhailiuk,2022,0.2,0.3,14.0,32.0,1.2,0.8,6.9,1.2,0,0
Evan Fournier,2022,-0.2,0.4,6.9,27.0,0.8,0.8,6.1,1.7,0,0
Willy Hernangómez,2022,0.3,0.8,20.7,38.0,2.7,1.0,6.9,3.2,0,0
Goga Bitadze,2022,0.3,0.6,17.1,38.0,1.1,0.6,4.4,2.0,0,0
Admiral Schofield,2022,-0.1,0.3,10.1,37.0,0.6,0.4,4.2,1.1,0,0
Dewayne Dedmon,2022,0.0,0.7,15.5,38.0,1.3,0.7,5.2,2.6,0,0
Keon Johnson,2022,-0.4,0.2,9.0,40.0,1.0,1.1,4.7,0.8,0,0
Bruno Fernando,2022,0.0,0.4,16.6,39.0,1.3,0.6,3.9,2.1,0,0
Cade Cunningham,2022,0.1,0.2,14.0,12.0,3.6,3.3,19.9,5.2,0,0
Ish Smith,2022,-0.5,0.4,6.5,43.0,0.1,1.0,2.5,1.1,0,0
Duane Washington Jr.,2022,-0.3,0.3,9.3,31.0,0.8,1.1,7.9,1.1,0,0
Kessler Edwards,2022,-0.2,0.3,8.4,36.0,0.4,0.4,2.8,1.1,0,0
Saben Lee,2022,0.0,0.4,13.1,25.0,2.3,1.0,6.0,1.3,0,0
Gary Payton II,2022,0.2,0.4,13.3,22.0,0.3,0.7,4.6,2.0,0,0
Udoka Azubuike,2022,0.1,0.4,16.1,36.0,0.6,0.5,3.5,2.4,0,0
Gorgui Dieng,2022,-0.2,0.2,9.9,31.0,0.4,1.0,3.9,2.6,0,0
JaVale McGee,2022,-0.1,0.5,17.2,42.0,1.0,0.9,4.4,1.8,0,0
Markieff Morris,2022,-0.1,0.4,10.4,35.0,0.3,0.5,3.8,1.7,0,0
Furkan Korkmaz,2022,-0.2,0.3,9.3,37.0,1.0,0.6,3.8,1.0,0,0
Richaun Holmes,2022,-0.1,0.3,12.9,42.0,0.5,0.3,3.1,1.2,0,0
Davon Reed,2022,-0.3,0.4,6.2,43.0,0.6,0.5,2.1,1.1,0,0
Jae Crowder,2022,0.3,0.5,14.6,18.0,0.7,0.4,6.9,2.9,0,0
Derrick Rose,2022,-0.1,0.3,10.1,27.0,0.4,0.8,5.6,1.2,0,0
McKinley Wright IV,2022,-0.1,0.2,12.4,27.0,0.7,0.7,4.2,1.4,0,0
Theo Pinson,2022,-0.1,0.2,10.1,40.0,0.3,0.3,2.4,1.3,0,0
Matt Ryan,2022,-0.1,0.2,8.1,34.0,0.4,0.2,3.6,0.6,0,0
Robin Lopez,2022,-0.1,0.3,11.6,37.0,0.5,0.7,3.0,0.8,0,0
Moses Brown,2022,0.1,0.4,22.2,36.0,2.0,0.4,4.3,2.3,0,0
Nathan Knight,2022,-0.1,0.3,14.5,38.0,1.5,0.6,3.7,0.9,0,0
Dalano Banton,2022,0.1,0.4,14.9,31.0,0.8,0.6,4.6,1.1,0,0
Trent Forrest,2022,-0.2,0.2,6.1,23.0,0.1,0.7,2.3,1.4,0,0
Bryn Forbes,2022,-0.3,0.2,6.2,25.0,0.6,0.5,3.6,0.4,0,0
Terry Taylor,2022,-0.1,0.1,11.0,31.0,0.4,0.3,2.9,0.6,0,0
Jeff Dowtin,2022,0.0,0.2,9.9,25.0,0.4,0.2,2.4,0.7,0,0
KZ Okpala,2022,-0.1,0.2,6.2,35.0,0.2,0.2,1.3,0.8,0,0
Brandon Boston Jr.,2022,0.0,0.2,13.4,22.0,1.7,0.5,6.5,1.0,0,0
Luka Garza,2022,0.1,0.2,23.0,28.0,1.9,0.5,6.5,1.1,0,0
Kira Lewis Jr.,2022,0.1,0.3,14.5,25.0,0.9,0.4,4.6,1.1,0,0
Frank Kaminsky,2022,0.3,0.2,15.3,36.0,0.4,0.3,2.5,1.3,0,0
David Duke Jr.,2022,-0.3,0.2,8.3,23.0,0.7,0.8,3.7,0.8,0,0
Cody Zeller,2022,0.0,0.3,16.4,15.0,2.3,0.9,6.5,2.6,0,0
Matthew Dellavedova,2022,-0.2,0.1,6.7,32.0,0.2,0.3,1.5,0.4,0,0
Thanasis Antetokounmpo,2022,-0.3,0.2,6.7,37.0,0.6,0.3,1.4,0.8,0,0
Nerlens Noel,2022,-0.1,0.3,7.9,17.0,0.7,0.8,2.1,2.1,0,0
Skylar Mays,2022,0.1,0.1,19.4,6.0,2.2,1.7,15.3,2.8,0,0
Serge Ibaka,2022,-0.1,0.2,9.8,16.0,0.8,0.7,4.1,1.8,0,0
Mamadi Diakite,2022,-0.1,0.3,9.0,22.0,0.1,0.5,2.6,1.0,0,0
Ryan Arcidiacono,2022,-0.3,0.1,2.7,20.0,0.0,0.4,1.3,0.8,0,0
Boban Marjanović,2022,0.2,0.1,23.4,31.0,0.9,0.5,3.3,1.3,0,0
Noah Vonleh,2022,-0.2,0.3,5.9,23.0,0.1,0.5,1.1,1.3,0,0
Vit Krejci,2022,-0.1,0.1,7.7,29.0,0.1,0.2,1.2,0.7,0,0
Garrett Temple,2022,0.0,0.2,10.5,25.0,0.2,0.2,2.0,0.5,0,0
Khem Birch,2022,-0.1,0.2,9.4,20.0,0.3,0.4,2.2,0.9,0,0
James Johnson,2022,-0.1,0.2,8.4,18.0,0.4,0.4,2.8,1.4,0,0
Alex Len,2022,-0.1,0.2,12.8,26.0,0.6,0.6,1.7,1.4,0,0
Luka Šamanić,2022,0.0,0.2,11.0,7.0,1.9,1.4,9.9,4.3,0,0
Otto Porter Jr.,2022,0.1,0.2,14.0,8.0,1.0,0.5,5.5,1.6,0,0
Kemba Walker,2022,0.1,0.1,15.0,9.0,2.3,0.4,8.0,1.4,0,0
Danny Green,2022,0.0,0.2,10.8,11.0,0.1,0.9,5.5,1.0,0,0
Jarrett Culver,2022,-0.1,0.2,9.5,10.0,1.3,0.7,4.4,2.8,0,0
Cody Martin,2022,-0.1,0.1,8.7,7.0,1.0,0.3,5.0,2.3,0,0
Jonathan Isaac,2022,0.2,0.3,20.3,11.0,0.8,0.4,5.0,2.6,0,0
Shaquille Harrison,2022,0.1,0.2,17.9,5.0,3.0,1.2,8.8,4.2,0,0
Meyers Leonard,2022,-0.1,0.1,12.0,9.0,1.0,0.7,4.8,2.4,0,0
Olivier Sarr,2022,-0.1,0.1,11.5,9.0,0.8,0.4,4.0,2.1,0,0
Andre Iguodala,2022,0.0,0.1,7.3,8.0,0.4,1.1,2.1,1.8,0,0
Daniel Theis,2022,0.0,0.1,14.2,7.0,1.7,0.4,7.0,2.1,0,0
Justin Jackson,2022,0.0,0.2,6.3,23.0,0.1,0.1,0.9,0.7,0,0
Jay Huff,2022,0.1,0.1,22.3,7.0,2.3,0.7,7.3,2.1,0,0
Greg Brown III,2022,-0.2,0.1,5.8,16.0,0.8,0.4,1.8,1.1,0,0
Joshua Primo,2022,-0.1,0.0,6.1,4.0,2.3,2.8,7.0,2.8,0,0
Jaden Springer,2022,0.1,0.2,17.2,16.0,0.5,0.2,2.6,0.5,0,0
Lindell Wigginton,2022,-0.1,0.1,11.8,7.0,1.3,1.7,7.1,1.0,0,0
Omer Yurtseven,2022,0.0,0.1,16.7,9.0,0.7,0.4,4.4,1.7,0,0
PJ Dozier,2022,-0.1,0.1,5.2,16.0,0.0,0.3,1.4,0.8,0,0
Jared Butler,2022,0.0,0.1,13.0,6.0,0.0,0.8,6.2,0.5,0,0
Udonis Haslem,2022,-0.2,0.1,6.2,7.0,0.7,0.1,3.9,1.0,0,0
Trevelin Queen,2022,-0.1,0.1,6.0,7.0,0.7,1.0,3.0,1.3,0,0
Leandro Bolmaro,2022,-0.2,0.0,-5.0,14.0,0.0,0.5,0.4,0.2,0,0
Isaiah Todd,2022,-0.2,0.0,-1.0,6.0,0.3,0.3,1.5,1.7,0,0
Sam Merrill,2022,0.0,0.1,15.5,5.0,0.4,0.0,5.0,1.8,0,0
Carlik Jones,2022,0.0,0.1,11.1,7.0,1.1,0.3,2.9,0.6,0,0
Gabe York,2022,0.0,0.0,11.8,3.0,0.7,0.0,8.0,2.0,0,0
Devon Dotson,2022,0.0,0.1,4.8,6.0,0.0,0.5,0.5,0.7,0,0
Facundo Campazzo,2022,0.0,0.1,7.8,8.0,0.3,0.4,1.3,0.3,0,0
Micah Potter,2022,0.1,0.0,18.6,7.0,0.0,0.3,3.4,1.9,0,0
Joe Wieskamp,2022,-0.1,0.0,-0.4,9.0,0.0,0.1,1.0,0.4,0,0
Xavier Sneed,2022,0.0,0.0,9.5,4.0,1.0,0.8,4.3,1.3,0,0
Michael Carter-Williams,2022,0.0,0.0,9.0,4.0,1.8,1.0,4.3,1.0,0,0
Mac McClung,2022,0.0,0.0,19.2,2.0,2.5,1.5,12.5,3.5,0,0
Jarrell Brantley,2022,0.1,0.0,18.5,4.0,0.5,0.5,5.5,1.3,0,0
Mfiondu Kabengele,2022,-0.1,0.1,8.1,4.0,0.5,0.3,1.5,1.3,0,0
Justin Champagnie,2022,-0.1,0.0,10.3,5.0,0.0,0.0,2.2,1.0,0,0
Tony Bradley,2022,0.1,0.1,21.7,12.0,0.3,0.1,1.6,0.8,0,0
Alize Johnson,2022,-0.1,0.0,4.3,4.0,0.5,1.0,1.8,2.0,0,0
Jay Scrubb,2022,0.0,0.0,14.2,2.0,1.0,1.5,6.5,3.0,0,0
Neemias Queta,2022,0.0,0.0,17.0,5.0,0.4,0.2,2.4,1.2,0,0
Louis King,2022,0.0,0.0,21.3,1.0,1.0,2.0,20.0,2.0,0,0
Vernon Carey Jr.,2022,0.0,0.1,10.8,11.0,0.2,0.2,0.5,0.7,0,0
Kobi Simmons,2022,0.0,0.0,9.0,5.0,0.4,0.2,1.0,0.6,0,0
Sterling Brown,2022,0.0,0.1,7.0,4.0,0.0,0.0,0.0,1.3,0,0
Marko Simonovic,2022,-0.1,0.0,-0.1,7.0,0.3,0.0,0.9,0.1,0,0
Xavier Moon,2022,0.0,0.0,7.2,4.0,0.0,0.3,1.8,0.8,0,0
Dylan Windler,2022,0.0,0.0,19.0,3.0,0.0,0.3,1.7,0.0,0,0
Malcolm Hill,2022,0.0,0.0,15.4,5.0,0.0,0.0,1.0,0.6,0,0
Braxton Key,2022,0.0,0.0,18.6,3.0,0.7,0.0,1.3,0.3,0,0
Tyler Dorsey,2022,0.0,0.0,45.5,3.0,0.0,0.0,3.0,0.3,0,0
Deonte Burton,2022,0.0,0.0,-12.6,2.0,0.0,0.0,0.0,0.0,0,0
Jordan Schakel,2022,0.0,0.0,24.3,2.0,0.0,0.0,1.5,0.0,0,0
Frank Jackson,2022,0.0,0.0,-6.8,1.0,0.0,0.0,0.0,1.0,0,0
Chris Silva,2022,0.0,0.0,-2.2,1.0,0.0,1.0,2.0,0.0,0,0
DeMar DeRozan,2023,2.8,2.2,19.7,79.0,7.7,1.7,24.0,3.8,0,0
Domantas Sabonis,2023,6.2,4.0,23.2,82.0,5.1,3.3,19.4,10.1,1,3
Coby White,2023,0.9,1.6,14.5,79.0,3.3,2.1,19.1,4.0,0,0
Mikal Bridges,2023,1.2,2.1,14.9,82.0,3.9,2.0,19.6,3.7,0,0
Paolo Banchero,2023,2.3,4.0,17.3,80.0,7.0,3.1,22.6,5.9,0,0
Kevin Durant,2023,4.3,3.2,21.2,75.0,5.6,3.3,27.1,6.1,1,2
Dejounte Murray,2023,2.6,1.6,17.7,78.0,3.4,2.6,22.5,4.5,0,0
Anthony Edwards,2023,3.7,4.7,19.7,79.0,6.4,3.1,25.9,4.8,1,2
Nikola Jokić,2023,10.6,5.1,31.0,79.0,5.5,3.0,26.4,9.5,1,1
Jalen Brunson,2023,5.4,2.4,23.4,77.0,6.5,2.4,28.7,3.1,1,2
Josh Hart,2023,1.4,3.6,11.8,81.0,1.4,1.5,9.4,6.8,0,0
Anthony Davis,2023,4.9,4.7,25.8,76.0,6.8,2.1,24.7,9.5,1,2
Fred VanVleet,2023,3.6,3.1,16.7,73.0,3.1,1.7,17.4,3.4,0,0
De'Aaron Fox,2023,3.2,3.2,20.1,74.0,5.7,2.6,26.6,3.7,0,0
Pascal Siakam,2023,2.7,1.5,19.7,80.0,5.0,1.8,21.7,5.3,0,0
Jayson Tatum,2023,4.7,4.1,22.3,74.0,6.7,2.5,26.9,7.2,1,1
Austin Reaves,2023,1.6,2.0,15.5,82.0,3.3,2.1,15.9,3.6,0,0
Tyrese Maxey,2023,3.4,2.1,19.8,70.0,5.4,1.7,25.9,3.2,0,0
Luka Dončić,2023,8.0,3.5,28.1,70.0,8.7,4.0,33.9,8.4,1,1
Nikola Vučević,2023,1.4,2.8,17.7,76.0,1.7,1.6,18.0,7.8,0,0
Jalen Green,2023,1.0,2.9,14.7,82.0,4.3,2.3,19.6,4.7,0,0
Rudy Gobert,2023,2.5,5.8,19.3,76.0,5.1,1.6,14.0,9.2,0,0
Keegan Murray,2023,0.8,2.6,13.3,77.0,1.6,0.8,15.2,4.1,0,0
Miles Bridges,2023,0.6,1.4,15.4,69.0,3.1,2.0,21.0,6.3,0,0
Damian Lillard,2023,2.7,1.9,19.6,73.0,7.0,2.6,24.3,3.9,0,0
Giannis Antetokounmpo,2023,7.2,3.7,29.9,73.0,10.7,3.4,30.4,8.8,1,1
Michael Porter Jr.,2023,1.3,3.1,15.5,81.0,1.4,1.1,16.7,5.7,0,0
Shai Gilgeous-Alexander,2023,7.1,4.2,29.3,75.0,8.7,2.2,30.1,4.7,1,1
Grayson Allen,2023,2.0,2.2,13.8,75.0,2.0,1.3,13.5,3.3,0,0
LeBron James,2023,5.4,2.8,23.7,71.0,5.7,3.5,25.7,6.4,1,3
Paul George,2023,3.3,2.8,19.3,74.0,3.9,2.1,22.6,4.7,0,0
Dennis Schröder,2023,0.1,1.0,13.3,80.0,2.7,1.9,14.0,2.5,0,0
D'Angelo Russell,2023,1.8,1.8,16.0,76.0,2.5,2.1,18.0,2.7,0,0
James Harden,2023,3.8,2.5,18.6,72.0,4.8,2.6,16.6,4.7,0,0
Devin Booker,2023,3.1,2.0,21.9,68.0,6.7,2.6,27.1,3.7,1,3
Jarrett Allen,2023,3.1,3.9,21.8,77.0,4.1,1.6,16.5,7.4,0,0
Jabari Smith Jr.,2023,1.0,3.2,13.8,76.0,2.4,1.2,13.7,6.3,0,0
Stephen Curry,2023,4.4,2.0,20.6,74.0,4.4,2.8,26.4,4.0,1,3
Bam Adebayo,2023,2.7,4.3,19.8,71.0,5.5,2.3,19.3,8.1,0,0
Brook Lopez,2023,1.8,2.8,14.8,79.0,1.7,1.0,12.5,3.7,0,0
Kentavious Caldwell-Pope,2023,0.4,2.6,10.7,76.0,1.5,1.0,10.1,2.0,0,0
Bogdan Bogdanović,2023,1.4,1.2,14.7,79.0,2.1,1.4,16.9,2.8,0,0
Harrison Barnes,2023,0.1,1.5,11.9,82.0,2.4,0.7,12.2,2.2,0,0
Derrick White,2023,3.5,3.3,16.9,73.0,2.1,1.5,15.2,3.5,0,0
Tobias Harris,2023,1.7,2.7,16.5,70.0,3.0,1.3,17.2,5.3,0,0
Donte DiVincenzo,2023,3.2,3.0,16.0,81.0,1.4,1.4,15.5,2.9,0,0
Jordan Poole,2023,-1.2,0.8,12.1,78.0,2.8,2.4,17.4,2.3,0,0
Jaylen Brown,2023,1.6,3.2,18.6,70.0,4.3,2.4,23.0,4.3,0,0
Malik Beasley,2023,0.1,1.6,10.3,79.0,0.4,0.7,11.3,3.2,0,0
Franz Wagner,2023,1.9,3.2,17.6,72.0,4.4,1.9,19.7,4.3,0,0
Kawhi Leonard,2023,4.4,2.9,23.2,68.0,4.2,1.8,23.7,4.9,1,2
Herbert Jones,2023,1.6,3.0,13.2,76.0,2.1,1.2,11.0,2.6,0,0
Aaron Gordon,2023,1.9,2.6,16.8,73.0,3.7,1.4,13.9,4.1,0,0
Klay Thompson,2023,0.9,1.7,13.9,77.0,1.8,1.5,17.9,2.8,0,0
Kyle Kuzma,2023,0.5,1.1,15.7,70.0,3.4,2.7,22.2,5.7,0,0
Jrue Holiday,2023,2.4,3.0,14.4,69.0,1.0,1.8,12.5,4.2,0,0
Deni Avdija,2023,0.6,1.5,14.9,75.0,3.6,2.1,14.7,6.1,0,0
Devin Vassell,2023,1.1,1.6,15.7,68.0,3.0,1.6,19.5,3.4,0,0
Luguentz Dort,2023,0.2,2.5,11.1,79.0,2.0,0.9,10.9,2.7,0,0
Max Strus,2023,0.8,2.6,11.7,70.0,1.4,1.6,12.2,3.9,0,0
Dillon Brooks,2023,-0.9,2.1,9.4,72.0,2.0,1.2,12.7,2.7,0,0
Tyrese Haliburton,2023,5.0,1.5,23.3,69.0,3.3,2.3,20.1,3.4,1,3
Jalen Williams,2023,2.4,2.7,19.1,71.0,3.1,1.7,19.1,3.5,0,0
P.J. Washington,2023,-0.1,1.9,12.2,73.0,2.0,1.3,12.9,4.5,0,0
Jaden Ivey,2023,-0.6,1.0,12.4,77.0,3.9,2.5,15.4,2.3,0,0
Ayo Dosunmu,2023,0.7,1.5,13.4,76.0,1.4,1.4,12.2,2.1,0,0
Zion Williamson,2023,3.3,2.8,22.8,70.0,7.1,2.8,22.9,4.1,0,0
Mike Conley,2023,3.0,3.3,15.8,76.0,1.5,1.3,11.4,2.4,0,0
Jeremy Sochan,2023,-0.8,1.9,11.4,74.0,1.9,1.9,11.6,4.6,0,0
Buddy Hield,2023,1.3,1.6,13.3,84.0,0.7,1.2,12.1,2.5,0,0
CJ McCollum,2023,2.8,2.4,17.9,66.0,2.1,1.7,20.0,3.7,0,0
Spencer Dinwiddie,2023,0.1,1.3,11.7,76.0,2.8,1.2,10.5,2.3,0,0
Tre Jones,2023,0.9,1.6,14.7,77.0,1.5,1.5,10.0,3.0,0,0
Grant Williams,2023,-0.3,1.3,10.6,76.0,1.8,1.4,10.3,3.1,0,0
Jaren Jackson Jr.,2023,1.3,2.8,17.4,66.0,6.3,2.4,22.5,4.2,0,0
Tim Hardaway Jr.,2023,-0.5,1.4,12.1,79.0,2.1,0.9,14.4,2.9,0,0
Nic Claxton,2023,1.7,3.2,18.7,71.0,2.8,1.3,11.8,7.2,0,0
Taurean Prince,2023,-0.4,1.7,8.8,78.0,0.9,0.9,8.9,2.7,0,0
Jaden McDaniels,2023,-0.3,3.1,9.4,72.0,1.1,1.2,10.5,2.3,0,0
Brandon Ingram,2023,1.7,2.4,18.2,64.0,4.8,2.5,20.8,4.4,0,0
Scottie Barnes,2023,3.0,2.0,19.5,60.0,4.2,2.8,19.9,5.9,0,0
Jusuf Nurkić,2023,1.6,3.8,17.4,76.0,3.4,2.3,10.9,8.1,0,0
Myles Turner,2023,1.5,2.2,19.3,77.0,4.1,1.4,17.1,5.5,0,0
Collin Sexton,2023,2.0,0.3,19.9,78.0,4.7,2.1,18.7,1.7,0,0
Cam Thomas,2023,0.4,1.2,16.1,66.0,5.1,1.9,22.5,2.8,0,0
Cade Cunningham,2023,1.2,1.0,17.1,62.0,4.4,3.4,22.7,3.8,0,0
Corey Kispert,2023,-0.1,0.4,12.8,80.0,2.0,1.2,13.4,2.4,0,0
Saddiq Bey,2023,0.1,0.7,13.1,63.0,3.2,0.9,13.7,3.9,0,0
Kelly Oubre Jr.,2023,-0.1,2.4,13.5,68.0,3.4,1.3,15.4,3.6,0,0
Alperen Şengün,2023,3.5,3.1,22.0,63.0,5.6,2.6,21.1,6.4,0,0
Jimmy Butler,2023,3.4,2.7,22.0,60.0,7.7,1.7,20.8,3.6,0,0
Alex Caruso,2023,2.3,2.6,14.5,71.0,1.4,1.4,10.1,3.0,0,0
Terry Rozier,2023,1.8,1.6,17.3,61.0,3.2,1.7,19.8,3.5,0,0
Keldon Johnson,2023,0.2,1.5,14.2,69.0,3.2,1.4,15.7,4.1,0,0
Kyrie Irving,2023,3.6,2.0,21.9,58.0,3.6,1.8,25.6,4.2,0,0
Karl-Anthony Towns,2023,2.3,3.6,18.8,62.0,4.7,2.9,21.8,6.8,0,0
Jalen Suggs,2023,1.5,3.2,14.1,75.0,2.1,1.8,12.6,2.4,0,0
Josh Giddey,2023,1.8,2.9,16.6,80.0,1.6,2.1,12.3,5.0,0,0
Bobby Portis,2023,0.6,2.6,17.5,82.0,1.5,1.1,13.8,5.7,0,0
Aaron Nesmith,2023,0.8,1.3,12.8,72.0,1.9,0.9,12.2,2.9,0,0
Gary Trent Jr.,2023,-0.3,0.9,12.0,71.0,1.4,0.7,13.7,2.3,0,0
Norman Powell,2023,0.6,1.3,13.9,76.0,2.3,0.9,13.9,2.4,0,0
Immanuel Quickley,2023,1.7,1.2,16.7,68.0,3.6,1.5,17.0,3.6,0,0
Naz Reid,2023,1.7,3.8,16.0,81.0,1.8,1.4,13.5,4.3,0,0
Caris LeVert,2023,1.1,2.6,14.6,68.0,3.0,1.7,14.0,3.5,0,0
Royce O'Neale,2023,1.0,2.1,11.1,79.0,0.4,0.9,7.7,4.0,0,0
Jonathan Kuminga,2023,0.8,1.9,17.0,74.0,4.0,1.6,16.1,3.6,0,0
Donovan Mitchell,2023,3.9,2.9,22.1,55.0,5.8,2.8,26.6,4.3,0,0
Trae Young,2023,2.2,0.6,20.3,54.0,7.5,4.4,25.7,2.3,0,0
Dorian Finney-Smith,2023,0.0,1.6,10.1,68.0,0.7,0.9,8.5,3.1,0,0
Tyus Jones,2023,1.3,0.7,16.5,66.0,0.6,1.0,12.0,2.4,0,0
Jonas Valančiūnas,2023,1.6,3.1,19.8,82.0,2.5,1.4,12.2,6.5,0,0
Nickeil Alexander-Walker,2023,1.1,2.8,10.9,82.0,0.8,0.9,8.0,1.6,0,0
Andrew Wiggins,2023,-0.3,1.6,12.7,71.0,2.7,1.2,13.2,3.0,0,0
Duncan Robinson,2023,0.6,2.0,12.2,68.0,1.3,1.4,12.9,2.3,0,0
John Collins,2023,0.5,1.3,17.5,68.0,2.7,1.4,15.1,6.1,0,0
Darius Garland,2023,0.5,2.0,14.5,57.0,3.1,3.1,18.0,2.1,0,0
Isaiah Hartenstein,2023,2.6,3.5,18.9,75.0,2.1,1.2,7.8,5.1,0,0
Eric Gordon,2023,0.1,1.5,10.8,68.0,0.9,1.1,11.0,1.6,0,0
Jalen Johnson,2023,1.5,1.7,16.3,56.0,2.6,1.8,16.0,7.4,0,0
Isaac Okoro,2023,0.4,2.0,11.4,69.0,2.0,0.8,9.4,2.0,0,0
Clint Capela,2023,1.0,1.9,20.7,73.0,2.8,1.0,11.5,6.0,0,0
Terance Mann,2023,0.2,1.2,12.0,75.0,1.3,0.6,8.8,2.2,0,0
Malik Monk,2023,1.2,1.6,16.0,72.0,2.8,2.1,15.4,2.6,0,0
Bruce Brown,2023,-0.6,1.0,11.6,67.0,2.1,1.3,10.8,3.4,0,0
Jamal Murray,2023,2.9,2.1,20.7,59.0,3.1,2.1,21.2,3.4,0,0
RJ Barrett,2023,0.6,1.2,16.4,58.0,5.0,2.2,20.2,4.5,0,0
Georges Niang,2023,-0.4,2.0,9.9,82.0,0.7,0.9,9.4,3.1,0,0
Jerami Grant,2023,0.9,1.0,15.4,54.0,5.8,2.1,21.0,2.9,0,0
Rui Hachimura,2023,0.5,1.5,15.0,68.0,2.0,0.7,13.6,3.5,0,0
Payton Pritchard,2023,1.4,1.9,15.3,82.0,0.7,0.7,9.6,2.4,0,0
Lauri Markkanen,2023,2.6,0.9,21.5,55.0,5.0,1.4,23.2,5.9,0,0
Reggie Jackson,2023,-0.6,1.5,11.7,82.0,1.2,1.3,10.2,1.5,0,0
Cole Anthony,2023,1.0,2.7,14.6,81.0,2.7,1.6,11.6,3.0,0,0
Daniel Gafford,2023,2.1,2.5,21.7,74.0,2.4,1.0,11.0,5.0,0,0
Ivica Zubac,2023,1.3,2.3,19.3,68.0,2.4,1.2,11.7,6.3,0,0
Deandre Ayton,2023,1.0,2.1,18.9,55.0,1.4,1.8,16.7,7.9,0,0
Derrick Jones Jr.,2023,0.2,1.6,11.7,76.0,1.8,0.9,8.6,2.2,0,0
Kyle Anderson,2023,1.4,3.1,12.7,79.0,1.7,1.2,6.4,2.7,0,0
Jalen Duren,2023,0.9,1.8,18.7,61.0,3.0,2.1,13.8,8.5,0,0
Bradley Beal,2023,1.1,1.5,16.3,53.0,2.5,2.5,18.2,3.4,0,0
Nick Richards,2023,-0.1,1.3,16.7,67.0,2.7,1.1,9.7,5.5,0,0
Kelly Olynyk,2023,1.7,1.4,17.4,78.0,2.3,1.9,9.8,3.9,0,0
Caleb Martin,2023,0.0,2.2,10.8,64.0,1.5,1.2,10.0,3.2,0,0
Sam Hauser,2023,1.4,2.1,13.0,79.0,0.2,0.4,9.0,2.9,0,0
Al Horford,2023,2.5,2.7,15.0,65.0,0.5,0.7,8.6,5.1,0,0
Obi Toppin,2023,1.5,1.1,16.5,82.0,1.2,0.8,10.3,2.9,0,0
OG Anunoby,2023,0.6,1.5,12.8,50.0,1.8,1.6,14.7,3.2,0,0
Jabari Walker,2023,-0.6,1.6,13.0,72.0,2.4,0.9,8.9,5.0,0,0
Andrew Nembhard,2023,-0.1,0.7,11.3,68.0,0.8,1.5,9.2,1.5,0,0
Trey Murphy III,2023,1.9,2.0,16.3,57.0,2.6,0.6,14.8,4.2,0,0
Kristaps Porziņģis,2023,3.0,3.0,23.2,57.0,5.3,1.6,20.1,5.5,0,0
Kyle Lowry,2023,0.4,1.9,10.9,60.0,1.3,1.4,8.1,2.7,0,0
Jordan Clarkson,2023,-1.1,0.1,12.7,55.0,3.7,2.7,17.1,2.5,0,0
De'Andre Hunter,2023,-0.2,0.6,12.7,57.0,3.4,1.5,15.6,3.4,0,0
Pat Connaughton,2023,0.2,1.2,9.6,76.0,0.8,0.6,5.6,2.5,0,0
Christian Braun,2023,0.0,2.0,12.1,82.0,1.6,0.7,7.3,2.8,0,0
Simone Fontecchio,2023,0.4,0.6,12.1,66.0,1.0,1.0,10.5,2.8,0,0
Ochai Agbaji,2023,-1.0,0.6,7.7,78.0,0.7,0.8,5.8,1.8,0,0
Julius Randle,2023,1.6,1.9,18.9,46.0,6.6,3.5,24.0,7.0,0,0
Precious Achiuwa,2023,0.2,2.2,14.6,74.0,1.5,1.1,7.6,4.0,0,0
Santi Aldama,2023,0.7,2.0,13.1,61.0,1.4,1.1,10.7,4.6,0,0
Cameron Johnson,2023,1.0,1.3,14.5,58.0,1.9,1.0,13.4,3.4,0,0
Malaki Branham,2023,-1.5,0.6,8.7,75.0,0.8,1.2,9.2,1.6,0,0
Paul Reed,2023,0.9,2.6,17.4,82.0,1.0,0.8,7.3,3.6,0,0
Anfernee Simons,2023,0.8,0.5,15.9,46.0,3.9,2.7,22.6,3.2,0,0
Kevin Huerter,2023,0.5,1.4,12.4,64.0,0.7,0.8,10.2,2.9,0,0
Bennedict Mathurin,2023,-0.6,0.7,13.0,59.0,3.8,1.6,14.5,2.9,0,0
Evan Mobley,2023,1.9,2.7,20.1,50.0,3.4,1.8,15.7,7.1,0,0
Chris Paul,2023,1.2,1.7,14.7,58.0,0.9,1.3,9.2,3.6,0,0
Russell Westbrook,2023,1.0,1.9,16.2,68.0,2.4,2.1,11.1,3.7,0,0
Nicolas Batum,2023,0.6,1.6,10.2,60.0,0.4,0.7,5.3,3.0,0,0
Zach Collins,2023,0.0,1.5,14.3,69.0,2.3,1.9,11.2,3.7,0,0
Josh Green,2023,-0.3,1.2,9.9,57.0,1.0,1.1,8.2,2.5,0,0
Walker Kessler,2023,1.1,1.7,18.0,64.0,1.5,1.0,8.1,4.9,0,0
Draymond Green,2023,1.6,2.2,14.5,55.0,1.3,2.5,8.6,5.9,0,0
Peyton Watson,2023,-0.1,2.2,11.8,80.0,1.3,0.7,6.7,2.5,0,0
Matisse Thybulle,2023,0.9,1.8,10.4,65.0,0.4,0.6,5.4,1.6,0,0
Khris Middleton,2023,1.2,1.4,17.0,55.0,2.2,2.3,15.1,3.9,0,0
Bojan Bogdanović,2023,-0.4,0.7,12.6,57.0,2.6,1.8,15.2,2.3,0,0
Julian Champagnie,2023,0.0,1.3,10.6,74.0,1.2,0.8,6.8,2.2,0,0
Patrick Beverley,2023,0.3,1.5,11.6,73.0,1.2,0.9,6.2,2.6,0,0
Amir Coffey,2023,-0.1,1.0,10.0,70.0,1.0,0.5,6.6,1.7,0,0
Isaiah Joe,2023,1.0,1.6,13.4,78.0,0.7,0.6,8.2,1.9,0,0
Desmond Bane,2023,1.7,1.3,18.5,42.0,3.8,2.7,23.7,3.5,0,0
Vince Williams Jr.,2023,0.5,1.7,12.8,52.0,2.5,1.8,10.0,4.4,0,0
Isaiah Stewart,2023,-0.1,0.8,11.3,46.0,1.8,1.4,10.9,5.0,0,0
Moritz Wagner,2023,1.4,2.0,20.6,80.0,2.6,1.2,10.9,2.9,0,0
Tyler Herro,2023,1.0,1.6,15.7,42.0,2.6,2.2,20.8,4.8,0,0
Wendell Carter Jr.,2023,1.0,2.1,15.9,55.0,2.4,1.2,11.0,4.9,0,0
Onyeka Okongwu,2023,0.5,1.0,16.9,55.0,2.1,0.8,10.2,4.2,0,0
Haywood Highsmith,2023,0.5,1.9,11.1,66.0,0.5,0.5,6.1,2.2,0,0
Dyson Daniels,2023,0.9,2.2,12.0,61.0,0.9,1.0,5.8,2.9,0,0
Andre Drummond,2023,0.7,2.6,23.0,79.0,2.8,1.0,8.4,5.6,0,0
Miles McBride,2023,0.6,1.3,13.1,68.0,0.7,0.4,8.3,1.0,0,0
Jakob Poeltl,2023,0.9,1.4,18.9,50.0,2.1,1.5,11.1,5.7,0,0
Joel Embiid,2023,4.5,2.3,34.1,39.0,11.6,3.8,34.7,8.6,0,0
Jeff Green,2023,0.0,1.2,11.3,78.0,1.9,0.6,6.5,1.7,0,0
Cameron Payne,2023,0.3,1.0,12.8,78.0,0.9,0.8,7.4,1.2,0,0
Gary Harris,2023,0.3,1.5,9.4,54.0,0.8,0.6,6.9,1.2,0,0
T.J. McConnell,2023,1.6,1.1,20.9,71.0,0.9,1.5,10.2,2.2,0,0
Aaron Holiday,2023,0.2,1.2,11.5,78.0,0.8,0.7,6.6,1.3,0,0
Cedi Osman,2023,0.0,0.9,11.2,72.0,0.7,0.7,6.8,2.2,0,0
Naji Marshall,2023,0.4,1.6,12.7,66.0,1.3,1.0,7.1,2.8,0,0
Kris Dunn,2023,0.6,0.9,12.8,66.0,0.5,1.2,5.4,2.1,0,0
Gordon Hayward,2023,0.0,0.9,12.8,51.0,2.4,1.3,9.8,2.8,0,0
Aaron Wiggins,2023,0.8,1.6,15.6,78.0,0.9,0.7,6.9,1.6,0,0
Larry Nance Jr.,2023,1.2,1.9,14.9,61.0,1.0,0.8,5.7,3.5,0,0
Alec Burks,2023,-0.1,0.7,12.9,66.0,2.5,0.7,10.4,1.9,0,0
Kevon Looney,2023,0.8,1.6,15.1,74.0,1.1,0.7,4.5,3.7,0,0
David Roddy,2023,-0.9,1.0,8.7,65.0,1.0,0.9,6.5,2.4,0,0
Patrick Williams,2023,-0.1,1.0,11.0,43.0,1.5,1.3,10.0,2.8,0,0
John Konchar,2023,0.5,1.7,11.4,55.0,0.5,0.8,4.3,3.4,0,0
Drew Eubanks,2023,0.2,1.6,14.4,75.0,1.2,0.8,5.1,2.9,0,0
Joe Ingles,2023,0.5,1.5,10.6,68.0,0.5,1.0,4.4,1.8,0,0
Trey Lyles,2023,0.3,1.0,11.9,58.0,1.2,0.7,7.2,3.4,0,0
Moses Moody,2023,0.6,1.2,13.7,66.0,1.4,0.7,8.1,2.0,0,0
Jae Crowder,2023,-0.2,1.0,8.9,50.0,0.7,0.5,6.2,2.6,0,0
Malcolm Brogdon,2023,1.1,0.6,17.0,39.0,3.0,1.5,15.7,3.1,0,0
Dean Wade,2023,0.6,1.6,10.2,54.0,0.5,0.4,5.4,3.4,0,0
Josh Richardson,2023,0.2,1.2,11.4,43.0,1.3,0.8,9.9,2.4,0,0
Davion Mitchell,2023,-0.4,0.6,9.3,72.0,0.6,0.6,5.3,1.1,0,0
Dario Šarić,2023,0.9,1.2,15.3,64.0,1.5,1.2,8.0,3.3,0,0
James Wiseman,2023,-0.4,0.8,14.8,63.0,1.6,1.0,7.1,3.6,0,0
Dante Exum,2023,0.4,0.8,13.7,55.0,1.2,0.9,7.8,2.3,0,0
Sam Merrill,2023,0.7,0.9,13.1,61.0,0.5,0.3,8.0,1.6,0,0
Dennis Smith Jr.,2023,0.3,1.3,13.4,56.0,1.0,1.2,6.6,2.0,0,0
Shaedon Sharpe,2023,-0.2,0.6,11.4,32.0,3.7,2.3,15.9,3.7,0,0
Jordan Goodwin,2023,0.3,1.4,12.6,57.0,1.0,1.0,6.5,2.9,0,0
Marvin Bagley III,2023,0.4,0.7,19.4,50.0,2.5,1.2,11.7,3.6,0,0
Torrey Craig,2023,0.0,0.9,10.8,53.0,0.7,0.6,5.7,2.8,0,0
Jalen Smith,2023,1.2,0.9,20.7,61.0,1.7,0.7,9.9,3.7,0,0
Dalano Banton,2023,0.2,0.9,13.3,54.0,2.2,1.4,10.3,2.5,0,0
Ziaire Williams,2023,-0.6,1.1,9.3,51.0,1.5,1.3,8.2,2.8,0,0
Jae'Sean Tate,2023,-0.1,1.3,9.3,65.0,0.6,0.6,4.1,2.1,0,0
Kenrich Williams,2023,0.3,1.3,11.9,69.0,0.2,0.5,4.7,2.1,0,0
Jose Alvarado,2023,0.5,1.5,12.5,56.0,0.9,0.7,7.1,1.8,0,0
Quentin Grimes,2023,-0.1,1.0,8.9,51.0,0.9,0.5,7.0,1.7,0,0
De'Anthony Melton,2023,0.7,1.4,13.4,38.0,2.1,1.0,11.1,3.0,0,0
Daniel Theis,2023,0.1,1.2,14.4,60.0,0.8,0.7,6.3,2.7,0,0
Lonnie Walker IV,2023,0.2,0.9,13.1,58.0,1.0,0.9,9.7,2.0,0,0
Talen Horton-Tucker,2023,0.2,0.5,13.4,51.0,2.1,1.3,10.1,2.0,0,0
Killian Hayes,2023,-0.2,0.7,10.5,42.0,1.2,1.2,6.9,2.6,0,0
Jevon Carter,2023,-0.5,0.7,8.5,72.0,0.1,0.5,5.0,0.7,0,0
Luke Kennard,2023,0.4,0.7,13.1,39.0,1.2,1.4,11.0,2.6,0,0
Garrison Mathews,2023,-0.2,0.2,8.9,66.0,0.6,0.3,4.9,1.1,0,0
Jaden Hardy,2023,-0.5,0.7,11.2,73.0,1.0,0.8,7.3,1.5,0,0
Tre Mann,2023,0.2,0.8,13.7,41.0,1.4,1.6,9.3,3.1,0,0
Cam Reddish,2023,-0.3,0.9,7.7,48.0,1.1,0.6,5.4,1.5,0,0
Luke Kornet,2023,1.3,1.6,19.8,63.0,0.9,0.3,5.3,2.3,0,0
Keon Ellis,2023,0.8,1.2,12.0,57.0,0.6,0.6,5.4,1.6,0,0
Xavier Tillman Sr.,2023,0.2,1.6,12.2,54.0,0.9,0.6,5.3,2.6,0,0
Josh Okogie,2023,0.4,1.1,12.0,60.0,1.7,0.6,4.6,1.3,0,0
Goga Bitadze,2023,1.0,1.9,17.8,62.0,1.4,0.7,5.0,2.9,0,0
Max Christie,2023,-0.4,0.8,8.4,67.0,0.7,0.5,4.2,1.9,0,0
Kevin Love,2023,1.3,1.6,18.5,55.0,2.0,0.9,8.8,5.1,0,0
Day'Ron Sharpe,2023,0.5,1.3,20.0,61.0,2.0,1.1,6.8,3.7,0,0
Jonathan Isaac,2023,1.4,2.1,19.2,58.0,1.4,0.5,6.8,3.2,0,0
Markelle Fultz,2023,0.1,1.3,12.6,43.0,0.8,1.2,7.8,1.9,0,0
Doug McDermott,2023,-0.3,0.3,9.1,64.0,0.3,0.4,5.5,0.8,0,0
Jaylin Williams,2023,0.7,1.5,12.7,69.0,0.6,0.5,4.0,2.9,0,0
Nikola Jović,2023,0.5,1.3,12.8,46.0,1.0,0.9,7.7,3.6,0,0
Bryce McGowens,2023,-0.6,0.3,9.3,59.0,1.4,0.5,5.1,1.4,0,0
Jaxson Hayes,2023,0.0,1.1,14.0,70.0,1.2,0.6,4.3,2.0,0,0
Blake Wesley,2023,-0.4,0.6,10.1,61.0,1.3,0.9,4.4,1.2,0,0
Malachi Flynn,2023,0.0,0.6,11.9,69.0,1.0,0.9,5.5,1.3,0,0
Christian Wood,2023,-0.2,1.1,12.3,50.0,1.9,1.0,6.9,4.3,0,0
Zach LaVine,2023,0.5,0.6,15.1,25.0,4.1,2.1,19.5,4.8,0,0
Maxi Kleber,2023,0.2,0.8,8.8,43.0,1.1,0.7,4.4,2.6,0,0
Justin Holiday,2023,0.1,0.9,9.7,58.0,0.1,0.2,4.0,1.1,0,0
Chimezie Metu,2023,0.2,1.1,13.3,51.0,1.3,1.0,6.5,3.0,0,0
Trendon Watford,2023,0.3,0.9,15.7,63.0,1.5,1.0,6.9,2.3,0,0
Dwight Powell,2023,0.4,0.9,14.5,63.0,1.4,0.5,3.3,1.9,0,0
Troy Brown Jr.,2023,-0.1,0.9,8.8,59.0,0.6,0.5,4.2,2.0,0,0
Marcus Morris,2023,-0.4,0.8,9.9,49.0,0.9,0.6,6.4,2.3,0,0
Caleb Houstan,2023,0.0,0.8,8.3,59.0,0.4,0.3,4.3,0.9,0,0
Jake LaRavia,2023,-0.1,0.8,12.6,35.0,3.1,1.3,10.8,2.2,0,0
Bismack Biyombo,2023,-0.3,1.0,9.9,40.0,1.4,1.1,4.4,3.7,0,0
JT Thor,2023,-0.5,0.3,9.1,63.0,0.3,0.2,3.2,1.6,0,0
Isaiah Jackson,2023,0.7,1.1,21.5,59.0,1.7,0.7,6.5,2.4,0,0
Mitchell Robinson,2023,0.4,1.3,16.1,31.0,2.1,0.8,5.6,3.9,0,0
Jock Landale,2023,0.4,0.9,15.6,56.0,1.2,0.6,4.9,1.5,0,0
Cody Martin,2023,-0.3,0.5,9.2,28.0,1.2,1.6,7.5,3.2,0,0
KJ Martin,2023,-0.4,0.8,9.9,60.0,0.7,0.5,3.7,1.5,0,0
Delon Wright,2023,0.5,0.9,13.6,47.0,1.0,0.3,4.5,1.4,0,0
Ish Smith,2023,-0.9,0.2,6.8,43.0,0.1,1.1,3.2,1.5,0,0
Mo Bamba,2023,0.2,1.3,15.4,57.0,0.9,0.7,4.4,2.8,0,0
Landry Shamet,2023,-0.4,0.2,10.5,46.0,1.0,0.7,7.1,1.0,0,0
Chris Duarte,2023,-0.2,0.7,8.4,59.0,0.6,0.4,3.9,1.4,0,0
Jordan Nwora,2023,-0.1,0.6,13.7,52.0,1.0,1.0,7.0,2.3,0,0
LaMelo Ball,2023,1.0,0.5,20.8,22.0,4.7,3.8,23.9,3.8,0,0
Chris Boucher,2023,0.1,0.6,16.0,50.0,1.8,0.6,6.4,2.9,0,0
Jacob Gilyard,2023,0.1,0.6,11.1,41.0,0.0,0.7,4.2,0.9,0,0
Bruno Fernando,2023,-0.1,0.7,15.2,45.0,2.1,1.0,6.3,3.0,0,0
Dalen Terry,2023,0.0,0.7,10.2,59.0,0.7,0.5,3.1,1.4,0,0
Gary Payton II,2023,0.5,0.9,13.9,44.0,0.5,0.6,5.5,1.5,0,0
Mason Plumlee,2023,0.2,0.9,15.8,46.0,2.2,0.8,5.3,3.8,0,0
Dāvis Bertāns,2023,0.1,0.4,11.6,43.0,0.8,0.4,6.7,1.2,0,0
Keita Bates-Diop,2023,0.2,0.8,11.5,53.0,0.8,0.3,3.7,1.5,0,0
Oshae Brissett,2023,0.0,0.9,12.8,55.0,1.5,0.4,3.7,1.8,0,0
Danilo Gallinari,2023,0.0,0.3,13.4,49.0,2.0,0.5,5.7,1.8,0,0
Jordan McLaughlin,2023,1.0,1.1,15.5,56.0,0.3,0.3,3.5,1.0,0,0
Seth Curry,2023,-0.2,0.4,9.9,44.0,0.7,0.5,5.1,1.1,0,0
A.J. Green,2023,0.0,0.3,10.5,56.0,0.3,0.2,4.5,1.0,0,0
Johnny Davis,2023,-0.7,0.2,6.2,50.0,0.5,0.3,3.0,1.1,0,0
MarJon Beauchamp,2023,-0.2,0.5,9.7,48.0,0.6,0.6,4.4,1.6,0,0
Marcus Smart,2023,0.0,0.7,11.8,20.0,2.8,3.1,14.5,2.4,0,0
Mike Muscala,2023,-0.5,0.3,7.5,53.0,0.5,0.4,3.0,1.6,0,0
Jericho Sims,2023,0.0,0.7,10.9,45.0,0.5,0.4,2.0,2.0,0,0
Jarred Vanderbilt,2023,0.0,0.8,11.6,29.0,1.2,1.0,5.2,3.3,0,0
Shake Milton,2023,-0.3,0.8,9.2,48.0,1.0,0.6,4.5,1.3,0,0
Evan Fournier,2023,-0.3,0.4,8.5,32.0,1.1,0.7,6.9,1.7,0,0
Zeke Nnaji,2023,-0.2,0.8,12.4,58.0,1.1,0.5,3.2,1.1,0,0
Jared Butler,2023,0.0,0.3,14.1,40.0,0.9,1.3,6.3,1.2,0,0
Kevin Knox,2023,-0.4,0.2,9.9,31.0,0.7,0.7,7.2,1.8,0,0
Lamar Stevens,2023,0.0,0.8,14.6,38.0,1.4,0.6,7.2,2.4,0,0
Richaun Holmes,2023,-0.2,0.5,14.5,40.0,1.2,0.6,5.0,2.8,0,0
Tristan Thompson,2023,0.1,0.8,13.9,49.0,1.1,0.6,3.3,2.1,0,0
Omer Yurtseven,2023,-0.1,0.4,15.0,48.0,0.6,0.8,4.6,2.8,0,0
Vit Krejci,2023,-0.2,0.1,8.4,22.0,0.3,0.9,6.1,1.9,0,0
Bones Hyland,2023,-0.2,0.5,10.8,37.0,0.6,1.2,6.9,1.4,0,0
Jalen McDaniels,2023,-1.0,0.3,5.0,50.0,0.7,0.6,3.4,1.2,0,0
Scotty Pippen Jr.,2023,0.4,0.7,16.4,21.0,2.6,2.7,12.9,2.1,0,0
Danuel House Jr.,2023,-0.3,0.4,8.5,34.0,1.4,0.6,4.2,1.2,0,0
Mark Williams,2023,0.3,0.5,22.5,19.0,3.4,0.9,12.7,5.7,0,0
Jaden Springer,2023,-0.2,0.8,10.7,49.0,0.9,0.7,3.3,0.9,0,0
Patrick Baldwin Jr.,2023,-0.3,0.5,9.7,38.0,0.7,0.5,4.4,2.8,0,0
Robert Covington,2023,0.5,0.9,13.6,29.0,0.9,0.4,4.4,2.3,0,0
P.J. Tucker,2023,-0.2,0.5,5.9,31.0,0.1,0.3,1.7,1.8,0,0
Tari Eason,2023,0.4,1.0,17.1,22.0,1.5,0.9,9.8,4.9,0,0
Monte Morris,2023,0.3,0.7,13.2,33.0,0.6,0.2,5.0,1.5,0,0
Bol Bol,2023,0.5,0.7,18.7,43.0,0.4,0.4,5.2,2.4,0,0
Isaiah Livers,2023,-0.5,0.2,5.1,23.0,0.8,0.7,5.0,1.4,0,0
Anthony Gill,2023,-0.3,0.2,12.1,50.0,0.7,0.5,3.8,1.1,0,0
Yuta Watanabe,2023,-0.5,0.4,4.7,34.0,0.5,0.6,3.4,1.3,0,0
Nassir Little,2023,-0.1,0.4,9.9,45.0,0.4,0.3,3.4,1.4,0,0
Sandro Mamukelashvili,2023,0.2,0.4,15.8,46.0,0.7,0.4,4.1,2.2,0,0
Alex Len,2023,0.2,0.7,14.7,48.0,0.7,0.6,2.5,1.7,0,0
Thomas Bryant,2023,0.2,0.8,19.0,38.0,1.2,0.6,5.7,2.7,0,0
Thaddeus Young,2023,0.2,0.4,15.9,33.0,0.5,0.5,4.2,1.7,0,0
Skylar Mays,2023,0.0,0.3,12.0,38.0,0.4,0.5,4.1,0.9,0,0
Chuma Okeke,2023,-0.2,0.6,6.9,47.0,0.1,0.3,2.3,1.3,0,0
Dominick Barlow,2023,0.0,0.4,14.6,33.0,1.3,0.3,4.4,2.1,0,0
Reggie Bullock,2023,0.0,0.5,7.7,44.0,0.0,0.2,2.2,1.5,0,0
Patty Mills,2023,-0.3,0.4,7.2,32.0,0.3,0.5,4.0,0.8,0,0
Trent Forrest,2023,-0.3,0.1,8.9,38.0,0.4,0.5,2.2,1.1,0,0
Svi Mykhailiuk,2023,0.0,0.4,11.7,41.0,0.2,0.3,4.0,1.0,0,0
Wesley Matthews,2023,-0.1,0.3,8.2,36.0,0.7,0.2,3.1,1.2,0,0
Aleksej Pokusevski,2023,0.0,0.4,12.7,28.0,1.5,0.7,5.2,2.6,0,0
Luka Šamanić,2023,-0.6,0.2,8.9,43.0,1.3,0.7,4.1,1.9,0,0
Derrick Rose,2023,-0.1,0.3,13.1,24.0,1.1,1.3,8.0,1.6,0,0
DeAndre Jordan,2023,0.0,0.6,16.0,36.0,1.5,0.6,3.9,2.9,0,0
Lester Quiñones,2023,-0.1,0.3,10.3,37.0,0.8,0.5,4.4,1.4,0,0
Eugene Omoruyi,2023,0.0,0.4,16.0,43.0,1.1,0.5,4.8,1.2,0,0
Matt Ryan,2023,-0.1,0.3,9.0,28.0,0.5,0.7,5.4,1.2,0,0
Justin Minaya,2023,-0.3,0.2,5.8,34.0,0.3,0.3,1.8,0.8,0,0
Johnny Juzang,2023,-0.2,0.0,9.6,20.0,0.7,0.7,7.2,1.5,0,0
Ousmane Dieng,2023,-0.1,0.4,10.1,33.0,0.5,0.6,4.0,1.2,0,0
Jontay Porter,2023,0.3,0.4,14.9,26.0,0.7,0.8,4.4,2.2,0,0
Ben Simmons,2023,0.4,0.5,16.3,15.0,1.0,1.8,6.1,5.9,0,0
Brandon Boston Jr.,2023,-0.6,0.3,8.7,32.0,1.0,0.8,5.2,1.0,0,0
JaVale McGee,2023,0.1,0.6,19.0,46.0,1.0,0.7,4.0,1.8,0,0
Jeremiah Robinson-Earl,2023,0.0,0.4,11.8,39.0,0.4,0.4,2.9,1.4,0,0
Neemias Queta,2023,0.3,0.7,22.9,28.0,1.0,0.5,5.5,2.5,0,0
Cody Zeller,2023,0.0,0.4,12.8,43.0,0.9,0.4,1.8,1.5,0,0
Ja Morant,2023,0.4,0.3,20.6,9.0,7.1,3.0,25.1,4.9,0,0
Ashton Hagans,2023,-0.1,0.3,8.5,19.0,0.9,1.6,4.2,1.6,0,0
Devonte' Graham,2023,-0.1,0.2,9.4,23.0,0.7,0.7,5.0,1.3,0,0
A.J. Lawson,2023,-0.2,0.3,11.2,42.0,0.5,0.3,3.2,0.9,0,0
Stanley Umude,2023,0.0,0.2,11.4,24.0,1.3,0.6,5.3,1.8,0,0
Orlando Robinson,2023,0.1,0.5,14.0,36.0,0.7,0.5,2.8,1.6,0,0
Furkan Korkmaz,2023,-0.1,0.3,9.2,35.0,0.6,0.3,2.5,0.7,0,0
Cory Joseph,2023,-0.2,0.2,6.2,26.0,0.3,0.5,2.4,0.9,0,0
Garrett Temple,2023,-0.2,0.2,9.5,27.0,0.8,0.5,3.3,1.0,0,0
Lindy Waters III,2023,0.3,0.3,15.3,38.0,0.1,0.2,3.6,0.9,0,0
Kessler Edwards,2023,0.0,0.3,10.3,54.0,0.2,0.1,1.7,0.6,0,0
Damian Jones,2023,0.1,0.4,15.8,39.0,0.5,0.3,2.7,1.1,0,0
Kira Lewis Jr.,2023,-0.3,0.2,8.6,28.0,0.7,0.5,3.2,0.6,0,0
Jamal Cain,2023,0.0,0.3,11.5,26.0,0.9,0.3,3.7,0.8,0,0
Jared Rhoden,2023,0.0,0.2,10.3,17.0,0.5,0.4,4.9,1.8,0,0
Justin Champagnie,2023,0.0,0.2,13.6,15.0,1.0,0.7,5.9,2.3,0,0
Javonte Green,2023,0.2,0.3,20.2,9.0,1.4,0.8,12.2,5.2,0,0
Gabe Vincent,2023,-0.2,0.1,3.1,11.0,0.2,0.5,3.1,0.5,0,0
Markieff Morris,2023,-0.2,0.2,6.6,26.0,0.2,0.5,2.5,1.3,0,0
Jaylen Nowell,2023,-0.2,0.1,9.2,13.0,0.7,0.5,6.2,1.4,0,0
Théo Maledon,2023,-0.5,0.1,3.2,17.0,0.9,1.1,3.5,1.2,0,0
Charles Bassey,2023,0.2,0.4,17.7,19.0,0.3,0.8,3.3,2.8,0,0
Taj Gibson,2023,-0.2,0.2,5.9,20.0,0.1,0.3,1.7,1.3,0,0
Moses Brown,2023,-0.2,0.2,14.5,22.0,1.4,0.5,3.4,2.2,0,0
Kenneth Lofton Jr.,2023,0.1,0.2,14.7,21.0,1.2,0.7,4.6,1.2,0,0
Terry Taylor,2023,0.0,0.1,10.1,31.0,0.2,0.2,1.5,0.6,0,0
Micah Potter,2023,0.0,0.1,11.0,16.0,0.5,0.3,3.3,2.1,0,0
Saben Lee,2023,0.0,0.2,13.5,24.0,1.6,0.3,3.0,0.9,0,0
Otto Porter Jr.,2023,-0.1,0.1,8.7,15.0,0.2,0.1,2.6,1.5,0,0
AJ Griffin,2023,-0.3,0.0,1.2,20.0,0.1,0.4,2.4,0.8,0,0
Joe Harris,2023,-0.2,0.0,4.6,16.0,0.1,0.3,2.4,0.6,0,0
Trevelin Queen,2023,-0.1,0.3,8.3,14.0,0.9,0.5,2.9,1.2,0,0
Zavier Simpson,2023,-0.2,0.2,6.3,7.0,0.6,1.4,6.0,2.3,0,0
Thanasis Antetokounmpo,2023,-0.2,0.1,5.5,34.0,0.1,0.4,0.9,0.2,0,0
Darius Bazley,2023,0.1,0.1,13.9,9.0,1.3,0.9,5.3,2.2,0,0
DeJon Jarreau,2023,-0.1,0.2,9.6,9.0,1.2,1.0,4.8,4.0,0,0
Jeff Dowtin,2023,0.2,0.2,18.2,12.0,0.3,0.4,4.3,1.4,0,0
Brandon Clarke,2023,0.1,0.2,18.9,6.0,1.2,0.5,11.3,3.2,0,0
Dru Smith,2023,0.1,0.2,12.8,9.0,0.2,0.6,4.3,0.9,0,0
Jeenathan Williams,2023,0.0,0.1,15.6,22.0,0.6,0.2,2.9,0.5,0,0
T.J. Warren,2023,-0.1,0.2,9.2,11.0,0.4,0.4,3.7,1.5,0,0
Luka Garza,2023,0.0,0.2,21.8,25.0,1.0,0.2,4.0,0.5,0,0
Jahmi'us Ramsey,2023,-0.1,0.1,10.6,7.0,0.9,1.0,6.7,2.6,0,0
Marques Bolden,2023,0.0,0.1,16.0,11.0,0.4,0.3,3.4,2.2,0,0
Xavier Moon,2023,-0.1,0.1,8.1,14.0,0.1,0.4,2.4,0.7,0,0
Robert Williams,2023,0.1,0.2,17.2,6.0,1.5,1.2,6.8,4.5,0,0
Brandon Williams,2023,-0.1,0.1,9.3,17.0,1.0,0.4,3.2,0.5,0,0
Udoka Azubuike,2023,0.0,0.1,12.3,16.0,0.8,0.3,2.2,1.3,0,0
Dylan Windler,2023,0.1,0.0,14.2,17.0,0.0,0.1,2.5,0.8,0,0
Armoni Brooks,2023,-0.1,0.1,8.3,10.0,0.2,0.3,4.2,1.1,0,0
Harry Giles,2023,-0.1,0.1,14.8,23.0,0.6,0.3,2.4,0.8,0,0
Olivier Sarr,2023,0.0,0.2,14.8,15.0,1.0,0.2,2.3,1.7,0,0
Jamaree Bouyea,2023,-0.2,0.1,1.5,9.0,0.0,1.0,2.3,1.8,0,0
Josh Minott,2023,0.2,0.2,20.4,32.0,0.4,0.1,1.6,0.4,0,0
Cole Swider,2023,-0.1,0.1,7.1,18.0,0.1,0.4,2.3,0.3,0,0
Admiral Schofield,2023,-0.1,0.1,6.0,23.0,0.1,0.2,1.1,0.6,0,0
Buddy Boeheim,2023,0.0,0.0,9.1,10.0,1.0,0.0,3.4,0.7,0,0
Jerome Robinson,2023,-0.1,0.1,5.7,22.0,0.5,0.1,1.4,0.2,0,0
James Bouknight,2023,0.1,0.0,15.9,14.0,0.1,0.1,3.6,0.6,0,0
Wenyen Gabriel,2023,-0.2,0.1,2.3,5.0,1.0,1.6,3.4,3.6,0,0
Ryan Rollins,2023,0.2,0.1,22.0,13.0,1.3,0.6,3.4,0.8,0,0
R.J. Hampton,2023,-0.1,0.0,0.9,8.0,0.3,0.4,1.3,0.5,0,0
Wendell Moore Jr.,2023,0.0,0.2,8.6,25.0,0.0,0.2,0.7,0.5,0,0
Nate Hinton,2023,0.1,0.1,17.6,15.0,0.3,0.2,2.2,1.0,0,0
Isaiah Mobley,2023,-0.1,0.1,8.1,10.0,0.1,0.2,2.3,0.7,0,0
Boban Marjanović,2023,0.0,0.1,21.1,14.0,1.0,0.4,3.2,1.8,0,0
Jason Preston,2023,0.0,0.0,10.5,7.0,0.0,0.3,1.7,1.6,0,0
Kobi Simmons,2023,0.0,0.1,14.5,4.0,0.0,0.3,5.0,1.5,0,0
Robin Lopez,2023,-0.1,0.0,6.6,16.0,0.1,0.1,1.1,0.1,0,0
Moussa Diabaté,2023,0.1,0.1,24.7,11.0,1.3,0.2,2.6,0.8,0,0
Jack White,2023,-0.1,0.1,1.1,4.0,0.0,0.5,1.5,2.0,0,0
Kendall Brown,2023,-0.1,0.0,7.6,15.0,0.5,0.1,1.4,0.1,0,0
Ish Wainright,2023,0.0,0.1,8.9,11.0,0.2,0.2,2.1,1.0,0,0
Keon Johnson,2023,0.0,0.1,13.1,5.0,2.4,1.0,6.2,0.8,0,0
Braxton Key,2023,0.1,0.1,16.5,20.0,0.4,0.1,1.1,0.8,0,0
TyTy Washington Jr.,2023,-0.1,0.1,4.6,11.0,0.0,0.2,1.3,0.4,0,0
Dereon Seabron,2023,0.0,0.1,9.2,6.0,1.0,0.0,2.3,1.0,0,0
Juan Toscano-Anderson,2023,-0.1,0.1,2.5,11.0,0.0,0.2,0.6,0.9,0,0
David Duke Jr.,2023,0.0,0.0,16.2,4.0,0.8,0.8,6.5,2.0,0,0
Daishen Nix,2023,0.0,0.1,12.3,15.0,0.4,0.3,1.8,0.1,0,0
Jay Huff,2023,0.0,0.1,18.5,20.0,0.1,0.1,1.2,0.5,0,0
James Johnson,2023,0.0,0.1,5.0,9.0,0.2,0.6,0.9,0.3,0,0
DaQuan Jeffries,2023,-0.1,0.0,3.1,17.0,0.1,0.2,0.8,0.3,0,0
Ryan Arcidiacono,2023,-0.1,0.1,-2.0,20.0,0.0,0.1,0.0,0.4,0,0
Frank Ntilikina,2023,-0.1,0.0,0.0,5.0,0.4,0.2,1.0,1.0,0,0
Greg Brown III,2023,0.0,0.0,10.5,6.0,1.5,0.7,2.5,1.0,0,0
JD Davison,2023,0.1,0.1,18.8,8.0,0.5,0.3,2.0,1.0,0,0
RaiQuan Gray,2023,0.1,0.0,22.7,3.0,0.0,0.3,7.7,1.7,0,0
Charlie Brown Jr.,2023,-0.1,0.0,-3.2,8.0,0.0,0.3,0.8,0.1,0,0
Mason Jones,2023,0.0,0.0,5.8,5.0,0.4,0.4,1.4,0.8,0,0
Mamadi Diakite,2023,0.0,0.0,18.6,6.0,1.0,0.2,2.0,0.5,0,0
Isaiah Thomas,2023,0.0,0.0,6.7,6.0,0.0,0.0,1.3,0.0,0,0
Usman Garuba,2023,0.0,0.0,7.0,6.0,0.3,0.3,0.5,0.7,0,0
Danny Green,2023,0.0,0.0,0.7,2.0,0.0,0.0,0.0,1.0,0,0
Alondes Williams,2023,-0.1,0.0,-7.9,7.0,0.1,0.3,0.7,0.1,0,0
Ty Jerome,2023,0.0,0.0,7.6,2.0,0.0,0.5,2.0,0.0,0,0
D.J. Wilson,2023,0.1,0.0,31.6,2.0,0.0,0.0,5.0,0.5,0,0
Quenton Jackson,2023,0.0,0.0,16.1,3.0,0.7,0.0,0.7,1.3,0,0
Joshua Primo,2023,-0.1,0.0,-12.8,2.0,0.0,2.0,1.0,0.0,0,0
Lindell Wigginton,2023,0.0,0.0,5.6,3.0,0.7,0.3,2.0,0.0,0,0
Shaquille Harrison,2023,0.0,0.0,15.9,3.0,0.0,0.0,0.7,0.7,0,0
Kevon Harris,2023,0.0,0.0,11.1,2.0,0.0,0.5,2.0,1.0,0,0
Hamidou Diallo,2023,0.0,0.0,33.2,2.0,0.0,0.5,1.0,0.0,0,0
Ron Harper Jr.,2023,0.0,0.0,0.0,1.0,0.0,0.0,0.0,0.0,0,0
Justin Jackson,2023,0.0,0.0,0.0,2.0,0.0,0.0,0.0,0.0,0,0
Javonte Smart,2023,0.0,0.0,0.0,1.0,0.0,0.0,0.0,0.0,0,0
Mikal Bridges,2024,1.2,2.0,14.0,82.0,1.4,1.6,17.6,2.3,0,0
Josh Hart,2024,3.6,3.8,16.5,77.0,2.7,2.1,13.6,7.5,0,0
Anthony Edwards,2024,4.6,3.8,20.1,79.0,6.3,3.2,27.6,4.9,0,0
Devin Booker,2024,1.7,0.3,19.3,75.0,6.4,2.9,25.6,3.1,0,0
James Harden,2024,4.4,4.3,20.0,79.0,7.3,4.3,22.8,5.1,0,0
DeMar DeRozan,2024,1.3,1.4,17.7,77.0,5.7,1.4,22.2,3.2,0,0
Trae Young,2024,1.7,1.3,18.3,76.0,7.4,4.7,24.2,2.6,0,0
Tyler Herro,2024,3.5,2.7,19.7,77.0,4.2,2.6,23.9,4.7,0,0
OG Anunoby,2024,1.9,2.8,15.4,74.0,3.1,1.4,18.0,3.5,0,0
Jalen Green,2024,1.7,3.2,15.1,82.0,4.1,2.5,21.0,4.0,0,0
Christian Braun,2024,1.6,1.9,16.0,79.0,2.7,1.0,15.4,3.9,0,0
Bam Adebayo,2024,2.7,4.0,18.9,78.0,4.2,2.1,18.1,7.2,0,0
Ivica Zubac,2024,3.4,4.7,22.3,80.0,3.0,1.6,16.8,8.9,0,0
Jayson Tatum,2024,4.8,4.2,21.7,72.0,6.1,2.9,26.8,8.0,0,0
Jaden McDaniels,2024,1.4,3.9,13.3,82.0,1.6,1.2,12.2,4.2,0,0
Keegan Murray,2024,0.2,2.1,12.0,76.0,0.9,0.8,12.4,4.8,0,0
Zach LaVine,2024,1.8,1.4,17.3,74.0,3.9,2.8,23.3,4.0,0,0
Shai Gilgeous-Alexander,2024,8.9,4.8,30.7,76.0,8.8,2.4,32.7,4.1,0,0
Michael Porter Jr.,2024,1.2,1.8,16.2,77.0,2.5,1.4,18.2,5.2,0,0
Derrick White,2024,3.6,3.4,16.6,76.0,2.1,1.7,16.4,3.6,0,0
Dyson Daniels,2024,2.3,3.7,15.6,76.0,1.8,2.0,14.1,4.3,0,0
Nikola Jokić,2024,9.8,3.8,32.0,70.0,6.4,3.3,29.6,9.9,0,0
Austin Reaves,2024,2.6,2.1,18.1,73.0,5.0,2.4,20.2,3.7,0,0
Toumani Camara,2024,1.2,2.6,12.5,78.0,1.6,1.4,11.3,3.6,0,0
Pascal Siakam,2024,2.4,2.5,19.2,78.0,3.9,1.4,20.2,5.2,0,0
Brook Lopez,2024,1.8,2.9,14.8,80.0,1.7,1.1,13.0,3.6,0,0
Karl-Anthony Towns,2024,3.5,3.8,23.4,72.0,5.7,2.7,24.4,9.8,0,0
Cade Cunningham,2024,3.7,2.9,20.6,70.0,5.3,4.4,26.1,5.3,0,0
Tyrese Haliburton,2024,4.9,2.3,21.8,73.0,3.0,1.6,18.6,3.0,0,0
Coby White,2024,0.7,1.5,15.5,74.0,4.1,2.4,20.4,3.4,0,0
LeBron James,2024,4.7,2.8,22.7,70.0,4.7,3.7,24.4,6.8,0,0
Domantas Sabonis,2024,4.4,2.7,22.9,70.0,4.1,2.9,19.1,10.1,0,0
Jamal Murray,2024,1.7,1.6,17.8,67.0,3.7,2.1,21.4,3.2,0,0
Alperen Şengün,2024,3.9,4.2,21.4,76.0,5.6,2.6,19.1,6.9,0,0
Dillon Brooks,2024,0.4,2.5,11.0,75.0,1.6,1.0,14.0,2.7,0,0
Rudy Gobert,2024,2.4,4.0,18.3,72.0,3.8,1.2,12.0,7.2,0,0
Tobias Harris,2024,1.2,2.9,13.9,73.0,2.3,1.2,13.7,5.0,0,0
Darius Garland,2024,3.0,2.3,19.9,75.0,3.4,2.5,20.6,2.2,0,0
Jalen Brunson,2024,3.1,1.4,21.6,65.0,6.9,2.5,26.0,2.5,0,0
Jarrett Allen,2024,3.6,4.0,22.1,82.0,3.4,1.2,13.5,7.1,0,0
Chris Paul,2024,1.6,1.6,14.7,82.0,1.1,1.6,8.8,3.2,0,0
Anfernee Simons,2024,1.1,1.2,14.9,70.0,2.8,2.0,19.3,2.3,0,0
Giannis Antetokounmpo,2024,6.6,3.7,30.5,67.0,10.6,3.1,30.4,9.7,0,0
Malik Beasley,2024,1.6,1.8,14.4,82.0,1.7,1.0,16.3,2.0,0,0
Kentavious Caldwell-Pope,2024,0.3,3.1,9.9,77.0,1.2,0.8,8.7,1.8,0,0
Nikola Vučević,2024,2.7,2.6,20.3,73.0,2.0,1.6,18.5,7.6,0,0
Payton Pritchard,2024,3.2,2.5,17.6,80.0,1.1,1.0,14.3,2.6,0,0
Kevin Durant,2024,3.0,1.2,21.2,62.0,5.8,3.1,26.6,5.7,0,0
Shaedon Sharpe,2024,0.4,1.7,14.5,72.0,3.4,2.1,18.5,3.6,0,0
Stephen Curry,2024,4.8,2.7,21.5,70.0,4.3,2.9,24.5,3.9,0,0
De'Aaron Fox,2024,1.3,1.7,18.3,62.0,5.1,2.8,23.5,3.9,0,0
Jalen Williams,2024,3.4,4.1,20.3,69.0,4.3,2.2,21.6,4.5,0,0
Donovan Mitchell,2024,3.2,2.8,20.9,71.0,5.1,2.1,24.0,3.7,0,0
Harrison Barnes,2024,1.2,0.5,14.9,82.0,2.4,0.6,12.3,2.6,0,0
Julius Randle,2024,1.8,2.6,17.5,69.0,4.9,2.8,18.7,5.0,0,0
Amen Thompson,2024,3.4,3.9,18.7,69.0,3.6,2.0,14.1,5.4,0,0
Jaren Jackson Jr.,2024,2.4,3.2,19.6,74.0,5.4,2.1,22.2,4.4,0,0
Desmond Bane,2024,2.9,2.6,17.9,69.0,2.9,2.4,19.2,5.2,0,0
Naz Reid,2024,2.0,3.3,15.8,80.0,1.8,1.4,14.2,4.9,0,0
Tyus Jones,2024,1.1,0.3,14.5,81.0,0.7,1.1,10.2,1.9,0,0
Myles Turner,2024,1.3,2.9,16.1,72.0,3.3,1.7,15.6,5.3,0,0
Evan Mobley,2024,3.6,3.8,22.3,71.0,4.3,2.0,18.5,7.0,0,0
Taurean Prince,2024,0.1,2.2,9.8,80.0,0.6,1.0,8.2,3.2,0,0
Deni Avdija,2024,2.2,2.5,17.7,72.0,5.2,2.7,16.9,5.7,0,0
Jaylen Brown,2024,1.1,2.9,17.8,63.0,5.1,2.6,22.2,4.5,0,0
Tim Hardaway Jr.,2024,0.0,1.4,9.8,77.0,1.9,0.6,11.0,2.1,0,0
Bennedict Mathurin,2024,-0.5,1.8,13.6,72.0,4.6,1.9,16.1,4.1,0,0
Spencer Dinwiddie,2024,0.2,1.2,13.0,79.0,3.1,1.3,11.0,2.4,0,0
Scottie Barnes,2024,2.3,2.9,17.8,65.0,4.6,2.8,19.3,6.0,0,0
Max Christie,2024,-0.3,1.6,10.4,78.0,1.9,1.1,9.6,2.8,0,0
Josh Giddey,2024,2.7,2.5,18.1,70.0,3.2,2.9,14.6,6.3,0,0
Fred VanVleet,2024,1.5,2.8,12.8,60.0,2.3,1.5,14.1,3.2,0,0
Keyonte George,2024,-0.3,0.1,12.9,67.0,4.3,2.7,16.8,3.4,0,0
Dennis Schröder,2024,-0.1,1.7,12.7,75.0,2.9,1.9,13.1,2.3,0,0
Damian Lillard,2024,3.2,2.0,21.3,58.0,6.8,2.8,24.9,4.2,0,0
Russell Westbrook,2024,0.5,2.1,14.3,75.0,3.1,3.2,13.3,3.6,0,0
Kelly Oubre Jr.,2024,-0.1,1.4,13.5,60.0,3.1,1.3,15.1,4.5,0,0
Nickeil Alexander-Walker,2024,0.8,2.3,11.6,82.0,1.4,1.2,9.4,2.6,0,0
Luguentz Dort,2024,1.2,3.2,11.3,71.0,0.6,0.7,10.1,2.9,0,0
Onyeka Okongwu,2024,1.7,2.3,19.0,74.0,2.9,1.2,13.4,5.9,0,0
Malik Monk,2024,0.6,1.4,15.0,65.0,2.7,2.4,17.2,3.3,0,0
Jalen Duren,2024,2.7,3.4,21.4,78.0,3.1,1.7,11.8,6.8,0,0
Jalen Wilson,2024,-1.0,1.0,9.5,79.0,2.1,1.0,9.5,2.5,0,0
Miles Bridges,2024,2.0,1.8,17.7,64.0,4.0,2.1,20.3,6.4,0,0
Davion Mitchell,2024,-0.3,1.6,10.2,74.0,1.1,1.7,7.9,1.8,0,0
Franz Wagner,2024,2.6,3.1,20.1,60.0,5.2,2.3,24.2,4.8,0,0
Quentin Grimes,2024,1.2,1.4,15.9,75.0,2.9,1.9,14.6,3.5,0,0
Jordan Poole,2024,1.2,0.8,16.6,68.0,4.0,3.0,20.5,2.5,0,0
Draymond Green,2024,1.3,3.4,12.4,68.0,2.2,2.6,9.0,5.0,0,0
Devin Vassell,2024,0.4,1.3,14.2,64.0,1.9,1.4,16.3,3.5,0,0
Klay Thompson,2024,0.5,1.1,12.9,72.0,1.0,1.2,14.0,2.8,0,0
Tyrese Maxey,2024,2.0,1.0,19.5,52.0,5.6,2.4,26.3,3.1,0,0
Norman Powell,2024,1.8,2.3,17.5,60.0,4.4,1.8,21.8,2.8,0,0
Keon Ellis,2024,1.9,2.2,13.5,80.0,1.1,0.9,8.3,1.9,0,0
Bilal Coulibaly,2024,-0.8,0.9,10.8,59.0,3.1,2.1,12.3,3.4,0,0
Kyle Kuzma,2024,-1.4,1.3,10.6,65.0,3.1,2.2,14.8,4.9,0,0
Julian Champagnie,2024,0.4,1.2,12.2,82.0,1.1,0.9,9.9,3.1,0,0
Keon Johnson,2024,-0.6,1.9,10.4,79.0,1.8,1.5,10.6,3.0,0,0
Naji Marshall,2024,0.6,1.5,15.1,69.0,2.3,1.6,13.2,3.7,0,0
Jrue Holiday,2024,1.3,2.4,13.5,62.0,1.2,1.2,11.1,3.0,0,0
Guerschon Yabusele,2024,0.5,1.0,14.7,70.0,2.0,1.2,11.0,3.7,0,0
Gary Trent Jr.,2024,0.2,1.7,11.7,74.0,1.2,0.6,11.1,2.0,0,0
Anthony Black,2024,0.0,3.0,11.6,78.0,2.5,1.8,9.4,2.3,0,0
Josh Green,2024,-1.1,1.0,7.8,68.0,1.1,1.0,7.4,1.7,0,0
Nic Claxton,2024,1.1,2.5,16.5,70.0,2.2,1.2,10.3,5.1,0,0
Andrew Nembhard,2024,-0.1,1.7,11.7,65.0,2.1,1.7,10.0,2.8,0,0
Cason Wallace,2024,1.5,3.4,12.3,68.0,0.5,0.9,8.4,2.3,0,0
Derrick Jones Jr.,2024,0.8,2.6,13.5,77.0,1.5,0.9,10.1,2.2,0,0
Rui Hachimura,2024,0.6,1.5,13.6,59.0,1.9,0.8,13.1,3.7,0,0
RJ Barrett,2024,1.2,1.7,16.5,58.0,5.4,2.8,21.1,5.3,0,0
Buddy Hield,2024,0.5,2.2,12.3,82.0,0.8,1.1,11.1,2.6,0,0
Trey Murphy III,2024,1.3,0.5,17.3,53.0,4.3,1.9,21.2,4.2,0,0
Andrew Wiggins,2024,1.4,2.1,16.4,60.0,4.3,1.7,18.0,3.0,0,0
Keldon Johnson,2024,0.2,1.0,15.6,77.0,2.5,1.0,12.7,3.4,0,0
Royce O'Neale,2024,1.0,1.2,12.6,75.0,0.3,0.9,9.1,3.9,0,0
P.J. Washington,2024,0.5,2.1,14.0,57.0,3.5,2.1,14.7,6.3,0,0
CJ McCollum,2024,0.3,0.2,15.8,56.0,3.1,1.9,21.1,3.0,0,0
Haywood Highsmith,2024,0.1,2.1,9.9,74.0,0.6,0.7,6.5,2.4,0,0
Dorian Finney-Smith,2024,0.5,1.4,10.1,63.0,0.7,0.9,8.7,2.7,0,0
Kyrie Irving,2024,2.5,1.3,19.9,50.0,4.3,2.2,24.7,3.6,0,0
Cameron Johnson,2024,2.3,1.3,18.2,57.0,3.9,1.7,18.8,3.4,0,0
Duncan Robinson,2024,0.1,1.4,11.8,74.0,0.7,1.2,11.0,2.0,0,0
Kris Dunn,2024,1.2,3.2,11.3,74.0,0.3,1.0,6.4,2.7,0,0
Luka Dončić,2024,3.9,2.4,24.1,50.0,7.9,3.6,28.2,7.4,0,0
Scoot Henderson,2024,-0.1,1.4,12.5,66.0,3.1,2.7,12.7,2.2,0,0
Wendell Carter Jr.,2024,0.3,3.0,13.7,68.0,2.6,1.1,9.1,5.0,0,0
Collin Sexton,2024,0.6,-0.1,16.6,63.0,4.0,2.5,18.4,1.8,0,0
Mike Conley,2024,1.4,2.2,13.3,71.0,1.3,1.1,8.2,2.1,0,0
Amir Coffey,2024,0.1,1.7,11.2,72.0,1.8,0.6,9.7,1.8,0,0
Jimmy Butler,2024,3.0,2.0,22.4,55.0,7.1,1.3,17.5,3.1,0,0
Aaron Wiggins,2024,1.4,2.7,16.1,76.0,1.2,0.9,12.0,2.8,0,0
Walker Kessler,2024,1.7,1.8,20.0,58.0,2.6,1.5,11.1,7.6,0,0
De'Andre Hunter,2024,1.0,1.4,15.9,64.0,4.0,1.3,17.0,3.3,0,0
Ochai Agbaji,2024,0.5,1.5,12.0,64.0,0.8,0.8,10.4,2.8,0,0
Brandin Podziemski,2024,1.2,2.3,14.4,64.0,1.5,1.2,11.7,4.1,0,0
Jabari Smith Jr.,2024,0.6,2.2,12.6,57.0,2.2,1.1,12.2,5.2,0,0
Anthony Davis,2024,3.2,3.0,26.3,51.0,7.2,2.2,24.7,8.9,0,0
Bradley Beal,2024,0.4,0.6,15.2,53.0,2.6,1.9,17.0,2.7,0,0
Georges Niang,2024,-0.1,1.4,11.2,79.0,0.7,1.0,9.9,2.8,0,0
Jakob Poeltl,2024,1.7,2.5,20.0,57.0,2.5,1.9,14.5,6.3,0,0
Scotty Pippen Jr.,2024,1.7,2.3,15.8,79.0,2.2,1.7,9.9,2.5,0,0
Kevin Huerter,2024,0.0,1.3,11.3,69.0,0.7,1.0,9.9,2.5,0,0
Santi Aldama,2024,2.2,2.0,16.8,65.0,1.4,1.1,12.5,5.0,0,0
A.J. Green,2024,-0.1,1.3,9.2,73.0,0.4,0.5,7.4,2.1,0,0
Al Horford,2024,1.3,2.4,12.9,60.0,0.6,0.8,9.0,4.8,0,0
Terry Rozier,2024,-0.7,1.5,10.5,64.0,1.7,1.2,10.6,3.0,0,0
Peyton Watson,2024,0.1,1.5,11.4,68.0,2.0,0.8,8.1,2.7,0,0
Moses Moody,2024,0.5,1.8,12.4,74.0,1.8,0.7,9.8,1.9,0,0
Donte DiVincenzo,2024,1.6,2.2,14.1,62.0,1.0,1.6,11.7,3.2,0,0
Isaiah Joe,2024,1.4,2.2,14.0,74.0,0.8,0.5,10.2,2.1,0,0
Corey Kispert,2024,-0.7,0.1,11.0,61.0,1.4,1.0,11.6,2.4,0,0
Caris LeVert,2024,1.2,1.6,15.2,64.0,2.4,1.2,12.1,2.5,0,0
Miles McBride,2024,0.8,1.4,12.6,64.0,1.0,0.6,9.5,1.8,0,0
Isaiah Hartenstein,2024,2.1,3.6,18.9,57.0,2.1,1.7,11.2,7.9,0,0
Gradey Dick,2024,-0.5,1.2,10.9,54.0,2.9,1.5,14.4,2.8,0,0
Paolo Banchero,2024,2.2,2.4,20.0,46.0,8.4,3.0,25.9,6.4,0,0
Patrick Williams,2024,-0.7,1.3,9.0,63.0,1.3,1.4,9.0,3.1,0,0
Obi Toppin,2024,1.4,1.6,17.4,79.0,1.4,0.9,10.5,3.3,0,0
Grayson Allen,2024,0.7,0.6,13.7,64.0,1.8,1.2,10.6,2.5,0,0
Sam Hauser,2024,1.1,1.8,12.8,71.0,0.2,0.3,8.5,2.5,0,0
Ziaire Williams,2024,-0.1,1.6,11.9,63.0,2.0,1.1,10.0,3.6,0,0
Gabe Vincent,2024,-0.8,1.0,7.4,72.0,0.3,0.6,6.4,1.0,0,0
Victor Wembanyama,2024,3.3,2.8,24.2,46.0,4.1,3.2,24.3,9.2,0,0
Jerami Grant,2024,0.1,1.2,10.9,47.0,3.5,1.4,14.4,2.9,0,0
Jonas Valančiūnas,2024,1.0,1.7,20.8,81.0,2.0,1.5,10.4,5.4,0,0
Ja Morant,2024,1.7,1.5,19.3,50.0,6.4,3.7,23.2,3.4,0,0
LaMelo Ball,2024,2.0,1.1,19.1,47.0,4.9,3.6,25.2,3.9,0,0
Kevin Porter Jr.,2024,0.5,2.3,15.4,75.0,2.3,1.8,10.3,3.1,0,0
D'Angelo Russell,2024,0.6,1.3,14.0,58.0,2.5,1.9,12.6,2.4,0,0
Lauri Markkanen,2024,0.7,0.3,15.6,47.0,3.9,1.4,19.0,4.4,0,0
Luke Kennard,2024,1.2,1.3,13.6,65.0,0.9,1.1,8.9,2.2,0,0
Aaron Gordon,2024,1.2,0.7,17.0,51.0,3.5,1.4,14.7,3.3,0,0
Isaiah Stewart,2024,0.9,2.2,14.6,72.0,1.2,0.9,6.0,3.7,0,0
Brice Sensabaugh,2024,0.3,0.3,13.4,71.0,1.0,1.5,10.9,2.4,0,0
Goga Bitadze,2024,1.6,3.0,19.2,70.0,1.9,1.0,7.2,4.2,0,0
Tari Eason,2024,2.0,2.9,18.5,57.0,1.8,1.1,12.0,4.1,0,0
T.J. McConnell,2024,1.2,1.7,18.4,79.0,1.0,1.4,9.1,1.9,0,0
Terance Mann,2024,0.2,1.3,12.0,67.0,1.0,0.7,7.7,2.0,0,0
Sam Merrill,2024,0.8,1.5,11.1,71.0,0.4,0.5,7.2,1.7,0,0
Ayo Dosunmu,2024,0.1,1.0,12.8,46.0,1.7,1.5,12.3,2.9,0,0
Ty Jerome,2024,2.2,1.8,21.0,70.0,2.1,1.3,12.5,1.8,0,0
Julian Strawther,2024,-0.9,0.8,9.5,65.0,1.4,0.9,9.0,1.9,0,0
Nick Smith Jr.,2024,-1.3,0.3,8.3,60.0,0.8,1.4,9.9,1.9,0,0
Jaime Jaquez Jr.,2024,0.4,1.8,14.3,66.0,2.2,1.5,8.6,3.1,0,0
Nicolas Batum,2024,1.0,2.0,10.3,78.0,0.3,0.4,4.0,2.2,0,0
Jose Alvarado,2024,0.2,0.5,13.4,56.0,1.3,1.5,10.3,1.9,0,0
Jeremy Sochan,2024,0.3,1.1,15.9,54.0,2.3,1.6,11.4,4.2,0,0
Luke Kornet,2024,1.8,2.2,19.6,73.0,1.3,0.4,6.0,2.7,0,0
Trey Lyles,2024,0.4,1.2,12.3,69.0,1.2,0.6,6.5,3.4,0,0
Jake LaRavia,2024,0.8,1.5,12.6,66.0,1.7,1.3,6.9,2.6,0,0
Bogdan Bogdanović,2024,0.0,1.2,11.1,54.0,1.2,1.4,10.8,2.5,0,0
Justin Champagnie,2024,0.5,1.2,15.7,62.0,1.2,0.9,8.8,3.9,0,0
Paul George,2024,0.5,1.2,14.5,41.0,2.4,2.6,16.2,4.8,0,0
Ausar Thompson,2024,1.2,2.4,17.2,59.0,2.4,1.4,10.1,3.3,0,0
Jordan Hawkins,2024,-1.2,0.1,9.6,56.0,1.8,1.0,10.8,2.4,0,0
Tyrese Martin,2024,-0.2,0.9,10.9,60.0,1.0,1.2,8.7,2.7,0,0
Mason Plumlee,2024,0.5,1.3,14.8,74.0,1.7,0.8,4.5,4.6,0,0
Jalen Johnson,2024,1.2,1.6,17.3,36.0,3.5,2.9,18.9,8.3,0,0
Max Strus,2024,1.1,1.3,12.6,50.0,0.7,1.1,9.4,3.3,0,0
Johnny Juzang,2024,-0.1,0.3,11.8,64.0,0.8,0.6,8.9,2.2,0,0
Javonte Green,2024,-0.1,0.9,10.7,68.0,1.1,0.5,5.1,2.3,0,0
Nick Richards,2024,-0.4,1.2,16.6,57.0,2.8,1.4,9.3,5.6,0,0
Dean Wade,2024,0.7,1.7,10.1,59.0,0.5,0.4,5.4,3.4,0,0
Ricky Council IV,2024,-0.7,0.5,11.6,73.0,2.1,0.7,7.3,2.2,0,0
Bobby Portis,2024,0.7,1.9,17.7,49.0,1.5,1.2,13.9,6.6,0,0
Moussa Diabaté,2024,0.0,1.5,16.5,71.0,1.6,0.9,5.7,3.5,0,0
Jeremiah Robinson-Earl,2024,-0.2,0.5,12.9,66.0,0.8,0.8,6.3,3.1,0,0
Simone Fontecchio,2024,-0.3,1.2,9.7,75.0,1.1,0.7,5.9,2.2,0,0
Cole Anthony,2024,0.7,2.0,14.2,67.0,1.7,1.5,9.4,2.4,0,0
Ben Sheppard,2024,0.0,1.0,9.2,63.0,0.4,0.3,5.3,2.1,0,0
Daniel Gafford,2024,1.8,1.5,24.7,57.0,3.4,1.2,12.3,4.1,0,0
John Collins,2024,0.9,0.8,19.0,40.0,4.1,2.6,19.0,6.0,0,0
Caleb Martin,2024,-0.4,0.7,9.6,45.0,2.2,1.2,7.9,2.8,0,0
Kristaps Porziņģis,2024,2.1,2.0,22.3,42.0,4.7,1.3,19.5,5.1,0,0
Brandon Clarke,2024,0.9,1.7,17.6,64.0,1.4,0.6,8.3,3.1,0,0
Deandre Ayton,2024,0.4,1.6,17.7,40.0,1.5,1.7,14.4,7.1,0,0
Jarace Walker,2024,0.3,1.5,11.9,75.0,0.9,1.0,6.1,2.7,0,0
Kawhi Leonard,2024,1.5,1.9,20.5,37.0,3.3,1.9,21.5,5.0,0,0
Clint Capela,2024,0.3,1.5,17.7,55.0,1.8,0.9,8.9,5.4,0,0
Cody Martin,2024,0.1,1.2,11.3,53.0,1.2,1.0,6.8,3.2,0,0
Mark Williams,2024,1.6,1.6,23.9,44.0,3.7,1.6,15.3,7.2,0,0
Precious Achiuwa,2024,0.0,1.7,13.6,57.0,1.2,0.8,6.6,3.8,0,0
Nikola Jović,2024,0.7,1.3,13.8,46.0,1.9,1.3,10.7,3.3,0,0
Vit Krejci,2024,0.8,0.8,12.7,57.0,0.8,0.9,7.2,2.4,0,0
Jonathan Kuminga,2024,0.4,1.5,15.7,47.0,5.0,1.5,15.3,3.4,0,0
Kevon Looney,2024,0.7,2.1,17.0,76.0,1.3,0.5,4.5,3.6,0,0
Kenrich Williams,2024,0.7,1.9,13.7,69.0,0.6,0.6,6.3,2.6,0,0
Julian Phillips,2024,-0.3,0.8,10.2,79.0,1.0,0.3,4.6,1.3,0,0
Aaron Nesmith,2024,0.4,1.0,14.6,45.0,1.8,0.8,12.0,3.1,0,0
Dalano Banton,2024,0.3,1.1,12.9,67.0,1.9,1.3,8.3,1.6,0,0
Ben Simmons,2024,0.4,1.3,12.4,51.0,0.6,2.0,5.0,3.8,0,0
Jaxson Hayes,2024,0.5,1.4,15.8,56.0,1.8,0.8,6.8,3.4,0,0
Cameron Payne,2024,0.5,1.0,13.8,72.0,0.8,0.7,6.9,1.3,0,0
Jonathan Isaac,2024,0.7,2.5,16.6,71.0,1.5,0.5,5.4,2.7,0,0
DaQuan Jeffries,2024,-0.7,0.6,7.9,47.0,0.6,0.7,6.7,2.1,0,0
Jusuf Nurkić,2024,0.2,1.5,15.2,51.0,2.5,1.9,8.9,6.1,0,0
Seth Curry,2024,0.1,0.5,12.2,68.0,0.6,0.5,6.5,1.3,0,0
Isaac Okoro,2024,0.4,1.0,10.7,55.0,0.8,0.4,6.1,1.5,0,0
Jared Butler,2024,0.3,0.4,15.6,60.0,1.5,1.3,9.0,1.4,0,0
Noah Clowney,2024,-0.5,0.8,9.2,46.0,1.7,1.0,9.1,3.0,0,0
Alex Caruso,2024,1.6,2.3,15.9,54.0,0.9,0.7,7.1,2.2,0,0
Kris Murray,2024,-0.3,0.9,9.1,69.0,0.8,0.6,4.2,1.5,0,0
Dejounte Murray,2024,0.1,0.9,15.4,31.0,4.0,3.4,17.5,5.9,0,0
Jalen Suggs,2024,0.6,1.8,14.4,35.0,3.1,2.9,16.2,3.4,0,0
Kyle Anderson,2024,0.9,1.5,15.1,61.0,1.1,0.6,5.9,2.5,0,0
Brandon Boston Jr.,2024,-0.1,0.5,12.7,42.0,2.0,1.2,10.7,2.5,0,0
Dalen Terry,2024,-0.5,0.8,9.6,73.0,0.9,0.7,4.5,1.2,0,0
Andre Jackson Jr.,2024,-0.3,1.0,8.6,67.0,0.4,0.9,3.4,1.7,0,0
Zach Collins,2024,0.5,1.0,16.0,64.0,1.2,0.9,6.4,2.9,0,0
Trayce Jackson-Davis,2024,0.8,1.4,18.5,62.0,1.6,0.7,6.6,3.0,0,0
Thomas Bryant,2024,0.6,1.2,17.2,66.0,1.0,0.5,6.5,2.5,0,0
Jalen Smith,2024,0.7,1.3,18.7,64.0,1.4,0.6,8.2,4.2,0,0
Jordan Clarkson,2024,0.1,0.2,14.5,37.0,3.9,2.3,16.2,2.5,0,0
Gary Payton II,2024,0.8,1.5,16.2,62.0,0.6,0.6,6.5,2.1,0,0
Brandon Miller,2024,0.4,0.7,14.0,27.0,2.9,2.8,21.0,3.9,0,0
Bruce Brown,2024,-0.4,0.6,10.9,41.0,1.6,1.0,8.3,3.0,0,0
Immanuel Quickley,2024,1.0,0.6,17.5,33.0,3.9,1.8,17.1,3.1,0,0
Trendon Watford,2024,-0.3,0.8,13.0,44.0,2.8,1.9,10.2,2.8,0,0
KJ Martin,2024,-0.4,0.2,10.2,43.0,1.1,0.6,6.4,2.2,0,0
Jaden Hardy,2024,-0.6,0.5,10.4,57.0,1.5,1.4,8.7,1.4,0,0
Day'Ron Sharpe,2024,0.7,1.4,19.7,50.0,1.5,1.3,7.9,3.6,0,0
Tre Jones,2024,0.8,0.6,16.3,46.0,1.5,0.8,7.2,1.8,0,0
Jaden Ivey,2024,0.5,0.8,14.7,30.0,3.9,3.0,17.6,2.8,0,0
Kelly Olynyk,2024,0.3,0.7,14.9,44.0,2.5,1.7,8.7,3.3,0,0
Chet Holmgren,2024,1.0,2.0,19.2,32.0,4.2,1.8,15.0,6.5,0,0
Neemias Queta,2024,0.3,1.4,16.3,62.0,1.0,0.6,5.0,2.4,0,0
Alec Burks,2024,0.5,0.9,12.8,49.0,1.0,0.6,7.3,2.2,0,0
Chris Boucher,2024,0.9,1.0,18.7,50.0,1.7,0.6,10.0,3.1,0,0
Zion Williamson,2024,1.9,0.6,27.3,30.0,8.0,3.0,24.6,4.7,0,0
Khris Middleton,2024,0.6,0.8,16.7,37.0,2.3,1.5,11.9,3.4,0,0
Shake Milton,2024,0.0,0.5,11.9,57.0,1.0,0.7,5.5,1.3,0,0
Dereck Lively II,2024,1.1,1.0,20.1,36.0,2.0,1.1,8.7,4.6,0,0
Garrison Mathews,2024,0.1,0.5,11.2,47.0,1.7,0.7,7.5,1.6,0,0
Cam Whitmore,2024,0.5,1.2,15.5,51.0,1.4,0.9,9.4,2.3,0,0
Ryan Rollins,2024,0.3,1.0,14.0,56.0,0.8,0.9,6.2,1.6,0,0
Marcus Sasser,2024,0.3,0.8,14.0,57.0,0.9,0.9,6.6,0.9,0,0
Steven Adams,2024,0.5,1.3,16.6,58.0,1.6,0.9,3.9,2.8,0,0
Aaron Holiday,2024,0.3,0.8,12.2,62.0,0.7,0.6,5.5,1.0,0,0
Caleb Houstan,2024,0.0,0.9,9.4,58.0,0.3,0.2,4.1,1.0,0,0
Vasilije Micić,2024,-1.0,0.2,6.5,41.0,1.0,1.9,6.6,1.7,0,0
Jaylin Williams,2024,1.2,1.7,16.4,47.0,0.6,0.7,5.9,4.6,0,0
Cam Thomas,2024,0.5,0.4,18.0,25.0,6.0,2.5,24.0,2.7,0,0
Lindy Waters III,2024,-0.2,0.9,8.8,52.0,0.2,0.4,4.9,1.7,0,0
Lonzo Ball,2024,0.4,0.9,12.2,35.0,0.8,1.2,7.6,2.7,0,0
Orlando Robinson,2024,-0.3,0.8,12.9,44.0,1.6,1.1,6.9,3.0,0,0
Eric Gordon,2024,0.1,0.2,10.8,39.0,1.2,0.7,6.8,1.0,0,0
Gui Santos,2024,0.1,0.9,11.7,56.0,0.8,0.8,4.1,1.8,0,0
Landry Shamet,2024,-0.1,0.5,9.7,50.0,0.4,0.4,5.7,1.0,0,0
Svi Mykhailiuk,2024,-0.3,0.1,9.8,38.0,0.9,1.4,8.8,1.8,0,0
Andre Drummond,2024,-0.2,1.0,16.0,40.0,2.3,1.4,7.3,5.0,0,0
Jabari Walker,2024,0.2,1.0,15.0,60.0,1.2,0.6,5.2,2.5,0,0
Jay Huff,2024,1.1,1.0,18.2,64.0,0.9,0.5,6.9,1.5,0,0
Drew Eubanks,2024,0.3,0.7,15.6,61.0,1.2,0.7,4.6,2.7,0,0
Talen Horton-Tucker,2024,-0.1,0.5,13.8,58.0,1.7,0.7,6.5,1.4,0,0
Gary Harris,2024,-0.1,0.9,6.9,48.0,0.3,0.4,3.0,0.9,0,0
Micah Potter,2024,-0.3,0.3,8.5,38.0,0.5,0.8,4.3,3.2,0,0
Jett Howard,2024,-0.6,0.8,7.1,60.0,0.4,0.6,4.5,0.8,0,0
DeAndre Jordan,2024,0.2,0.9,15.4,56.0,1.1,0.7,3.7,3.6,0,0
Blake Wesley,2024,-0.4,0.4,9.9,58.0,1.1,0.9,3.7,0.8,0,0
Sandro Mamukelashvili,2024,0.7,0.6,19.7,61.0,1.0,0.4,6.3,2.0,0,0
Marcus Smart,2024,0.1,0.6,12.4,34.0,2.1,1.6,9.0,1.6,0,0
Jalen Pickett,2024,0.1,0.3,10.9,49.0,0.2,0.5,4.1,1.1,0,0
Tosan Evbuomwan,2024,-0.2,0.6,11.6,28.0,2.6,1.4,9.5,3.1,0,0
Kyle Lowry,2024,0.1,0.4,9.8,35.0,0.9,0.6,3.9,1.6,0,0
Herbert Jones,2024,-0.3,0.3,10.4,20.0,2.0,1.8,10.3,2.8,0,0
Maxi Kleber,2024,-0.3,0.4,5.6,34.0,0.6,0.7,3.0,2.1,0,0
Delon Wright,2024,0.1,0.7,9.2,40.0,0.6,0.6,3.1,1.0,0,0
Jericho Sims,2024,-0.2,0.7,10.0,53.0,0.2,0.6,1.8,2.4,0,0
Josh Okogie,2024,0.6,0.7,16.3,40.0,2.1,0.8,7.1,1.7,0,0
Jeff Dowtin,2024,0.3,0.3,16.1,41.0,1.1,0.4,7.0,1.2,0,0
Daniel Theis,2024,-0.2,0.4,12.1,38.0,1.0,0.7,4.3,3.2,0,0
Cory Joseph,2024,0.2,0.9,10.9,50.0,0.4,0.4,3.5,1.1,0,0
Zeke Nnaji,2024,0.1,0.6,12.0,57.0,0.8,0.2,3.2,1.0,0,0
Kessler Edwards,2024,0.1,0.6,11.3,40.0,0.3,0.4,4.2,2.3,0,0
Pat Connaughton,2024,0.0,0.6,12.1,41.0,0.8,0.6,5.3,2.2,0,0
Brandon Ingram,2024,0.3,0.2,16.0,18.0,3.1,3.8,22.2,4.6,0,0
Cam Reddish,2024,-0.1,0.6,7.4,33.0,0.8,0.4,3.2,1.5,0,0
Jae'Sean Tate,2024,0.2,0.8,12.3,52.0,0.9,0.4,3.6,1.3,0,0
Olivier-Maxence Prosper,2024,0.0,0.5,12.6,52.0,1.5,0.3,3.9,1.6,0,0
Jarred Vanderbilt,2024,0.2,0.9,13.2,36.0,1.0,0.8,4.1,3.2,0,0
Joel Embiid,2024,0.8,0.5,23.4,19.0,8.9,3.3,23.8,6.3,0,0
Monte Morris,2024,0.0,0.2,13.1,45.0,0.9,0.5,5.2,1.2,0,0
Moritz Wagner,2024,0.9,1.0,22.3,30.0,3.7,1.6,12.9,3.6,0,0
Malcolm Brogdon,2024,0.1,0.1,15.8,24.0,3.8,1.6,12.7,2.9,0,0
John Konchar,2024,0.5,0.9,12.1,46.0,0.2,0.3,2.4,2.5,0,0
Dwight Powell,2024,0.3,0.5,12.9,55.0,0.8,0.3,2.1,1.3,0,0
Jordan Goodwin,2024,0.2,0.7,12.1,29.0,0.4,0.9,5.6,2.6,0,0
Richaun Holmes,2024,0.4,0.4,19.8,31.0,1.9,0.7,7.4,3.7,0,0
Mouhamed Gueye,2024,0.2,0.8,14.4,33.0,1.3,0.5,6.0,2.9,0,0
Bismack Biyombo,2024,-0.2,0.6,12.2,28.0,0.9,1.0,5.1,4.1,0,0
Colby Jones,2024,-0.1,0.4,11.4,39.0,0.9,0.6,4.0,1.7,0,0
Craig Porter Jr.,2024,0.4,0.6,13.1,51.0,0.6,0.7,3.7,0.9,0,0
Tristan Vukcevic,2024,0.2,0.4,17.8,35.0,1.9,1.2,9.4,3.0,0,0
Elfrid Payton,2024,-0.6,0.3,8.5,24.0,0.3,2.5,3.5,2.7,0,0
Jamal Cain,2024,-0.2,0.2,11.4,37.0,1.4,0.6,5.3,1.6,0,0
Jock Landale,2024,0.3,0.7,16.0,42.0,1.0,0.5,4.8,1.9,0,0
Vince Williams Jr.,2024,-0.1,0.5,9.2,27.0,0.9,1.2,6.6,2.8,0,0
Wendell Moore Jr.,2024,-0.1,0.5,11.0,36.0,0.6,0.8,4.2,1.8,0,0
Brandon Williams,2024,0.4,0.4,18.3,33.0,2.0,1.2,8.3,1.4,0,0
A.J. Lawson,2024,-0.1,0.4,12.7,26.0,2.4,0.6,9.1,2.5,0,0
Grant Williams,2024,0.1,0.4,11.5,16.0,2.3,1.8,10.4,4.0,0,0
Lonnie Walker IV,2024,0.0,0.1,13.1,20.0,1.5,1.3,12.4,2.9,0,0
Duop Reath,2024,0.2,0.4,13.7,46.0,0.5,0.3,4.2,1.0,0,0
Kai Jones,2024,0.6,0.7,20.2,40.0,0.8,0.5,5.0,2.1,0,0
Larry Nance Jr.,2024,0.4,0.5,16.0,24.0,0.5,0.7,8.5,3.3,0,0
Collin Gillespie,2024,0.5,0.3,16.8,33.0,0.7,0.5,5.9,1.7,0,0
Rayan Rupert,2024,-0.3,0.4,8.1,52.0,0.6,0.6,3.0,0.8,0,0
GG Jackson II,2024,-0.4,0.4,9.3,29.0,1.4,1.1,7.2,2.2,0,0
Bol Bol,2024,0.3,0.3,18.4,36.0,0.7,0.6,6.8,2.3,0,0
Paul Reed,2024,0.5,1.0,18.6,45.0,0.9,0.6,4.1,1.8,0,0
Colin Castleton,2024,-0.3,0.4,11.3,26.0,1.5,0.9,4.7,2.7,0,0
Trevelin Queen,2024,0.2,0.8,11.9,31.0,0.7,0.7,4.9,0.9,0,0
Malaki Branham,2024,-0.1,0.2,12.0,47.0,0.7,0.7,5.0,0.9,0,0
Jordan Miller,2024,-0.1,0.5,10.5,37.0,0.9,0.7,4.1,0.9,0,0
Mo Bamba,2024,0.1,0.8,13.9,32.0,0.8,0.6,4.3,3.5,0,0
David Roddy,2024,0.1,0.4,11.9,33.0,0.8,0.7,4.6,2.2,0,0
Taj Gibson,2024,-0.3,0.4,10.8,37.0,0.5,0.7,2.9,1.9,0,0
Ousmane Dieng,2024,0.1,0.7,11.5,37.0,0.4,0.5,3.8,1.7,0,0
Jordan Walsh,2024,-0.2,0.5,6.9,52.0,0.2,0.3,1.6,0.9,0,0
Hunter Tyson,2024,-0.3,0.3,9.0,51.0,0.5,0.3,2.6,1.0,0,0
Anthony Gill,2024,-0.3,0.1,10.2,51.0,1.0,0.2,2.5,0.9,0,0
Jeff Green,2024,0.2,0.4,13.6,32.0,0.8,0.3,5.4,1.5,0,0
Trey Jemison,2024,-0.5,0.3,8.9,38.0,0.9,0.6,2.5,1.6,0,0
Reggie Jackson,2024,-0.2,0.2,9.8,31.0,0.3,0.5,4.4,1.1,0,0
Quenton Jackson,2024,0.2,0.4,14.7,28.0,1.4,0.6,5.8,1.1,0,0
Alex Len,2024,-0.1,0.4,10.6,46.0,0.4,0.4,1.6,1.2,0,0
Charles Bassey,2024,0.1,0.6,19.0,36.0,0.9,0.6,4.4,2.7,0,0
Dominick Barlow,2024,0.0,0.3,14.6,35.0,0.9,0.1,4.2,1.4,0,0
Dante Exum,2024,0.0,0.2,13.6,20.0,1.6,1.1,8.7,1.5,0,0
Jaden Springer,2024,-0.1,0.4,10.7,43.0,0.9,0.4,2.5,1.0,0,0
Robert Williams,2024,0.4,0.7,18.9,20.0,0.9,0.9,5.8,4.2,0,0
Doug McDermott,2024,-0.1,0.1,9.5,42.0,0.1,0.1,3.5,0.5,0,0
Christian Koloko,2024,-0.1,0.4,13.0,37.0,0.4,0.3,2.4,1.5,0,0
Tristan Thompson,2024,-0.2,0.5,9.1,40.0,0.8,0.4,1.7,2.6,0,0
Maxwell Lewis,2024,-0.2,0.3,9.9,28.0,0.4,0.5,4.1,1.3,0,0
Jevon Carter,2024,0.0,0.3,12.2,36.0,0.3,0.3,4.3,1.0,0,0
Patty Mills,2024,-0.1,0.1,8.4,29.0,0.5,0.6,3.8,0.6,0,0
Tre Mann,2024,0.0,0.1,13.3,13.0,1.6,1.9,14.1,2.0,0,0
Jalen Hood-Schifino,2024,-0.4,0.1,7.9,15.0,1.4,1.2,7.1,1.6,0,0
Torrey Craig,2024,0.1,0.4,12.9,26.0,0.5,0.3,4.2,1.8,0,0
Jordan McLaughlin,2024,0.0,0.2,12.3,46.0,0.5,0.3,2.1,0.5,0,0
Matisse Thybulle,2024,0.6,0.6,17.0,15.0,1.0,0.9,7.5,2.5,0,0
Mitchell Robinson,2024,0.4,0.5,20.4,17.0,1.1,0.6,5.1,2.9,0,0
Josh Minott,2024,0.3,0.5,15.5,46.0,0.4,0.2,2.6,0.8,0,0
Kobe Brown,2024,0.0,0.4,10.8,40.0,0.2,0.3,1.9,1.2,0,0
Dru Smith,2024,0.3,0.4,13.3,14.0,0.9,1.2,6.2,1.7,0,0
Isaiah Wong,2024,-0.1,0.1,10.9,20.0,1.7,0.9,6.0,0.9,0,0
Marvin Bagley III,2024,0.1,0.2,18.4,31.0,1.1,0.4,4.4,1.5,0,0
Oscar Tshiebwe,2024,0.0,0.3,21.0,14.0,2.2,0.7,7.6,5.4,0,0
Kevin Love,2024,0.2,0.5,16.2,23.0,1.0,0.6,5.3,3.1,0,0
Pat Spencer,2024,0.0,0.4,12.6,39.0,0.4,0.5,2.5,0.8,0,0
JT Thor,2024,-0.2,0.2,10.0,20.0,1.1,0.5,3.6,1.4,0,0
Dariq Whitehead,2024,-0.1,0.1,9.4,20.0,0.3,0.8,5.7,1.3,0,0
Johnny Davis,2024,0.0,0.2,10.2,34.0,0.4,0.2,2.4,0.8,0,0
Bones Hyland,2024,0.3,0.4,16.0,24.0,1.1,1.0,6.2,0.8,0,0
Xavier Tillman Sr.,2024,-0.4,0.4,2.4,33.0,0.1,0.4,1.0,1.0,0,0
Garrett Temple,2024,-0.1,0.3,8.5,28.0,0.4,0.4,1.9,0.7,0,0
Jared Rhoden,2024,0.1,0.2,16.4,14.0,1.8,0.6,8.4,2.0,0,0
Luka Garza,2024,0.0,0.3,18.8,39.0,0.9,0.3,3.5,0.6,0,0
Dario Šarić,2024,-0.1,0.2,7.7,16.0,0.6,0.9,3.5,2.3,0,0
Adam Flagler,2024,-0.4,0.3,3.7,37.0,0.1,0.1,1.8,0.5,0,0
Chuma Okeke,2024,0.1,0.1,15.3,9.0,0.3,0.3,5.9,2.9,0,0
Drew Peterson,2024,0.1,0.3,10.5,25.0,0.4,0.3,2.2,1.2,0,0
Markelle Fultz,2024,-0.1,0.2,8.9,21.0,0.0,0.7,2.9,0.7,0,0
Lester Quiñones,2024,-0.2,0.0,9.5,13.0,1.0,1.1,6.6,1.2,0,0
Cole Swider,2024,-0.2,0.1,6.5,10.0,0.1,0.4,5.9,2.2,0,0
Jaylen Nowell,2024,-0.2,0.0,7.5,8.0,1.4,1.0,8.4,1.8,0,0
Markieff Morris,2024,-0.2,0.1,6.0,15.0,0.4,0.3,3.7,1.3,0,0
Killian Hayes,2024,0.1,0.1,12.7,6.0,2.0,1.5,9.0,2.2,0,0
MarJon Beauchamp,2024,-0.1,0.2,12.3,35.0,0.6,0.4,2.3,0.9,0,0
Lamar Stevens,2024,-0.1,0.2,11.5,17.0,0.6,0.6,4.4,2.0,0,0
Josh Richardson,2024,-0.2,0.2,4.4,8.0,0.5,1.0,4.0,0.8,0,0
Jeenathan Williams,2024,-0.1,0.2,8.6,20.0,0.4,0.7,3.3,0.4,0,0
Bruno Fernando,2024,0.1,0.2,15.3,17.0,0.5,0.8,3.4,1.8,0,0
Damion Lee,2024,-0.1,0.1,11.9,25.0,0.8,0.4,3.3,0.7,0,0
Oshae Brissett,2024,-0.1,0.1,9.8,6.0,2.3,1.3,8.7,2.5,0,0
Pete Nance,2024,-0.1,0.1,8.5,13.0,0.2,0.3,2.9,1.2,0,0
Vlatko Čančar,2024,-0.2,0.1,4.6,13.0,0.0,0.8,1.8,2.0,0,0
Kobe Bufkin,2024,-0.1,0.1,10.5,10.0,1.8,0.8,5.3,1.6,0,0
De'Anthony Melton,2024,0.0,0.2,13.3,6.0,1.3,1.7,10.3,2.3,0,0
Moses Brown,2024,0.1,0.2,22.4,13.0,0.8,0.8,5.8,2.5,0,0
TyTy Washington Jr.,2024,-0.2,0.0,6.5,16.0,0.4,0.2,2.2,0.6,0,0
Joe Ingles,2024,-0.1,0.1,2.4,19.0,0.0,0.5,0.8,0.5,0,0
Sidy Cissoko,2024,-0.1,0.1,6.7,22.0,0.4,0.5,1.5,0.6,0,0
Tony Bradley,2024,0.1,0.2,23.2,14.0,0.4,0.4,4.4,1.7,0,0
Patrick Baldwin Jr.,2024,0.1,0.1,16.2,24.0,0.2,0.2,2.2,0.8,0,0
Chris Livingston,2024,-0.1,0.2,9.8,21.0,0.8,0.3,1.4,1.2,0,0
Jae Crowder,2024,-0.1,0.1,6.6,9.0,0.7,0.4,2.6,1.6,0,0
Justin Minaya,2024,-0.1,0.1,5.0,19.0,0.1,0.3,0.9,0.3,0,0
JD Davison,2024,-0.1,0.1,6.5,16.0,0.4,0.8,2.1,0.7,0,0
Stanley Umude,2024,-0.1,0.1,3.4,22.0,0.2,0.1,0.7,0.6,0,0
Kevin Knox,2024,0.0,0.1,17.1,14.0,0.6,0.3,3.3,0.7,0,0
Isaiah Jackson,2024,0.1,0.1,18.2,5.0,2.8,1.0,7.0,3.4,0,0
Marcus Garrett,2024,-0.1,0.1,8.7,4.0,1.0,1.5,7.0,1.3,0,0
Jacob Toppin,2024,0.0,0.1,9.2,17.0,0.0,0.2,1.4,0.7,0,0
Emoni Bates,2024,0.0,0.1,9.8,10.0,0.0,0.2,3.7,0.7,0,0
Taylor Hendricks,2024,0.0,0.1,7.1,3.0,1.3,0.7,4.7,3.3,0,0
Chris Duarte,2024,0.1,0.0,16.5,17.0,0.5,0.1,2.1,0.9,0,0
Josh Christopher,2024,-0.1,0.1,9.4,14.0,0.4,0.4,2.0,0.6,0,0
Matt Ryan,2024,-0.1,0.1,6.1,19.0,0.1,0.2,1.5,0.4,0,0
Jamaree Bouyea,2024,0.0,0.1,9.7,5.0,1.2,1.6,3.4,0.8,0,0
P.J. Tucker,2024,-0.1,0.0,5.5,3.0,0.0,0.3,3.0,1.3,0,0
E.J. Liddell,2024,0.0,0.0,11.1,12.0,0.2,0.2,1.8,0.5,0,0
Mason Jones,2024,0.1,0.0,20.6,10.0,0.5,0.1,2.3,0.7,0,0
Malachi Flynn,2024,0.0,0.0,12.4,4.0,1.5,1.0,4.0,1.0,0,0
James Johnson,2024,-0.1,0.0,0.0,12.0,0.1,0.3,0.7,0.5,0,0
PJ Dozier,2024,0.0,0.0,9.5,9.0,0.7,0.1,0.8,0.4,0,0
David Duke Jr.,2024,0.0,0.0,12.2,6.0,0.3,0.3,2.7,0.7,0,0
D.J. Carton,2024,-0.1,0.0,-2.6,4.0,0.3,1.0,0.8,1.0,0,0
Bryce McGowens,2024,-0.1,0.0,1.7,13.0,0.5,0.3,1.0,0.1,0,0
Leonard Miller,2024,0.0,0.1,19.9,13.0,0.6,0.2,1.5,0.6,0,0
Adama Sanogo,2024,0.0,0.0,15.2,4.0,0.0,0.3,2.0,0.3,0,0
Taze Moore,2024,0.0,0.0,7.1,2.0,1.0,1.0,3.0,2.0,0,0
Ron Harper Jr.,2024,0.0,0.0,7.9,1.0,2.0,0.0,4.0,3.0,0,0
Isaiah Mobley,2024,0.0,0.0,17.2,1.0,2.0,0.0,6.0,3.0,0,0
Daishen Nix,2024,0.0,0.0,-7.0,3.0,0.7,1.3,0.3,1.3,0,0
Skal Labissière,2024,0.0,0.0,15.9,4.0,0.0,0.0,1.3,0.5,0,0
Braxton Key,2024,0.0,0.0,1.1,3.0,2.0,0.3,1.0,0.3,0,0
Mac McClung,2024,0.0,0.0,-0.3,2.0,0.0,0.0,0.0,0.5,0,0
Terence Davis,2024,0.0,0.0,-4.0,1.0,0.0,0.0,0.0,1.0,0,0
Jalen McDaniels,2024,0.0,0.0,10.9,4.0,0.0,0.0,0.0,0.0,0,0
Terry Taylor,2024,0.0,0.0,9.8,3.0,0.0,0.0,0.0,0.0,0,0
James Wiseman,2024,0.0,0.0,31.2,1.0,2.0,0.0,6.0,1.0,0,0
Alondes Williams,2024,0.0,0.0,53.4,1.0,0.0,0.0,5.0,0.0,0,0
Jahlil Okafor,2024,0.0,0.0,13.8,1.0,0.0,0.0,0.0,1.0,0,0
