Player,Season,VORP,DWS,PER,G,FTA,TOV,PTS,DRB,RookieNBA,ClassRookie,Rookie
Willie Anderson,1988,2.3,2.8,16.6,81.0,3.6,3.2,18.6,3.3,1,1,1
Mitch Richmond,1988,1.3,1.9,17.2,79.0,6.4,3.4,22.0,3.9,1,1,1
Hersey Hawkins,1988,1.2,1.3,14.2,79.0,3.7,2.0,15.1,2.2,1,1,1
Grant Long,1988,0.5,2.7,13.7,82.0,5.0,2.5,11.9,3.7,0,0,1
Kevin Edwards,1988,0.1,2.2,12.6,79.0,2.4,3.1,13.8,2.2,0,0,1
Brian Shaw,1988,0.8,1.7,12.2,82.0,1.6,2.3,8.6,3.1,0,0,1
Rex Chapman,1988,-0.7,0.4,12.6,75.0,2.6,1.5,16.9,1.5,0,0,1
Charles Smith,1988,0.2,1.6,15.6,71.0,5.5,2.1,16.3,4.1,1,1,1
Chris Morris,1988,0.9,2.0,15.0,76.0,3.3,2.5,14.1,2.8,0,0,1
Vernon Maxwell,1988,-0.3,1.4,12.1,79.0,3.1,2.3,11.7,1.9,0,0,1
Rik Smits,1988,0.6,1.9,15.6,82.0,3.1,1.6,11.7,3.8,1,1,1
Rony Seikaly,1988,-1.9,2.2,10.8,78.0,4.5,2.6,10.9,4.4,0,0,1
Gary Grant,1988,0.0,1.6,14.1,71.0,2.3,3.6,11.9,2.2,0,0,1
Vinny Del Negro,1988,0.3,1.0,12.7,80.0,1.3,1.0,7.1,1.5,0,0,1
Derrick Chievous,1988,-0.5,1.6,11.6,81.0,3.0,1.7,9.3,1.8,0,0,1
Tom Garrick,1988,-0.2,0.9,11.0,71.0,1.8,1.6,6.4,1.7,0,0,1
Ledell Eackles,1988,0.1,0.8,15.2,80.0,4.3,1.6,11.5,1.0,0,0,1
Ricky Berry,1988,0.1,0.8,13.1,64.0,2.6,1.3,11.0,2.2,0,0,1
Scott Brooks,1988,1.1,0.6,14.0,82.0,0.8,0.8,5.2,0.9,0,0,1
Rod Strickland,1988,1.4,1.5,18.0,81.0,2.9,1.8,8.9,1.3,0,0,1
Dan Majerle,1988,0.8,1.7,11.3,54.0,2.4,0.9,8.6,2.7,0,0,1
Sylvester Gray,1988,-0.2,1.1,11.2,55.0,2.8,1.9,8.0,3.1,0,0,1
Harvey Grant,1988,0.0,0.9,10.6,71.0,0.8,0.4,5.6,1.2,0,0,1
Danny Manning,1988,0.2,0.7,13.4,26.0,4.0,3.6,16.7,3.9,0,0,1
John Shasky,1988,-0.1,0.7,12.7,65.0,2.6,0.7,5.5,2.1,0,0,1
Mark Bryant,1988,-0.5,0.7,9.1,56.0,1.2,0.7,5.0,2.0,0,0,1
Jim Les,1988,-0.3,1.1,7.9,82.0,0.9,1.1,1.7,0.8,0,0,1
Eric Leckner,1988,-0.6,1.4,9.7,75.0,1.5,0.9,4.3,2.0,0,0,1
Michael Anderson,1988,-0.1,0.6,10.5,36.0,2.3,2.3,5.7,1.3,0,0,1
Shelton Jones,1988,-0.2,0.4,10.4,51.0,1.6,0.9,4.8,1.6,0,0,1
Kelvin Upshaw,1988,-0.2,0.4,10.3,32.0,0.8,1.7,6.8,1.2,0,0,1
Tim Perry,1988,0.4,0.8,14.4,62.0,1.0,0.6,4.1,1.1,0,0,1
Jerome Lane,1988,-0.4,0.7,12.3,54.0,2.1,0.9,4.8,2.1,0,0,1
Ron Grandison,1988,-0.1,0.3,10.1,72.0,1.1,0.5,2.5,0.6,0,0,1
Andrew Lang,1988,0.1,0.9,11.6,62.0,1.0,0.5,2.6,1.5,0,0,1
Craig Neal,1988,-0.4,0.3,6.7,53.0,0.4,1.0,2.2,0.4,0,0,1
Charles Shackleford,1988,-0.1,0.6,13.9,60.0,0.7,0.5,3.1,1.7,0,0,1
David Rivers,1988,-0.2,0.5,9.8,47.0,0.9,1.3,2.9,0.6,0,0,1
Anthony Bowie,1988,-0.2,0.3,10.6,18.0,0.8,1.2,8.6,1.7,0,0,1
Morlon Wiley,1988,0.0,0.5,10.3,51.0,0.3,0.7,2.2,0.7,0,0,1
Anthony Taylor,1988,0.0,0.3,11.1,21.0,1.5,1.0,6.9,1.1,0,0,1
Micheal Williams,1988,-0.3,0.4,7.7,49.0,1.0,0.9,2.6,0.4,0,0,1
Todd Mitchell,1988,-0.3,0.3,7.5,24.0,2.7,1.4,5.1,1.3,0,0,1
Corey Gaines,1988,-0.1,0.2,9.1,32.0,0.5,0.6,2.1,0.5,0,0,1
Randolph Keys,1988,-0.3,0.5,11.5,42.0,0.7,0.5,4.0,0.8,0,0,1
José Ortiz,1988,-0.4,0.5,8.1,51.0,1.0,0.7,2.8,0.5,0,0,1
John Starks,1988,-0.1,0.3,10.3,36.0,1.4,1.1,4.1,0.7,0,0,1
Anthony Frederick,1988,-0.1,0.2,11.9,46.0,0.7,0.7,3.3,0.6,0,0,1
Bill Jones,1988,0.1,0.3,13.9,37.0,1.2,0.5,3.5,0.7,0,0,1
Avery Johnson,1988,0.1,0.3,10.8,43.0,0.4,0.4,1.6,0.3,0,0,1
Jack Haley,1988,-0.3,0.3,9.9,51.0,0.9,0.5,2.2,1.0,0,0,1
Mark Davis,1988,0.1,0.3,15.0,33.0,1.0,0.4,3.8,0.6,0,0,1
Duane Ferrell,1988,-0.1,0.2,12.0,41.0,1.1,0.3,2.4,0.5,0,0,1
Everette Stephens,1988,-0.2,0.1,6.4,35.0,0.6,0.8,1.9,0.3,0,0,1
Jeff Grayer,1988,0.0,0.2,12.6,11.0,1.8,1.7,7.4,1.9,0,0,1
Will Perdue,1988,-0.3,0.2,7.2,30.0,0.5,0.5,2.2,0.9,0,0,1
Steve Kerr,1988,0.2,0.2,12.7,26.0,0.3,0.2,2.1,0.5,0,0,1
Greg Butler,1988,-0.3,0.1,4.7,33.0,0.6,0.5,1.7,0.6,0,0,1
Dominic Pressley,1988,-0.1,0.1,5.3,13.0,0.7,0.8,1.8,0.9,0,0,1
Tom Tolbert,1988,0.0,0.1,10.0,14.0,0.9,0.1,2.9,1.0,0,0,1
Tito Horford,1988,-0.3,0.1,3.6,25.0,0.8,0.6,1.7,0.5,0,0,1
Rob Lock,1988,-0.2,0.1,5.3,20.0,0.8,0.7,1.5,0.9,0,0,1
Dave Popson,1988,-0.1,0.1,6.4,17.0,0.2,0.6,2.0,0.9,0,0,1
Ramón Rivas,1988,-0.1,0.1,9.3,28.0,0.9,0.3,1.4,0.5,0,0,1
Ben Gillery,1988,-0.2,0.1,5.0,24.0,1.0,0.2,1.0,0.7,0,0,1
Fennis Dembo,1988,-0.2,0.1,7.8,31.0,0.3,0.2,1.2,0.5,0,0,1
Wayne Engelstad,1988,-0.1,0.1,12.4,11.0,0.9,0.3,2.5,1.0,0,0,1
Randy Allen,1988,-0.1,0.0,6.9,7.0,0.3,0.3,2.4,0.6,0,0,1
Rolando Ferreira,1988,-0.2,0.0,-7.6,12.0,0.7,0.5,0.8,0.8,0,0,1
Orlando Graham,1988,-0.1,0.0,6.7,7.0,0.6,0.3,1.1,0.4,0,0,1
Jim Rowinski,1988,0.0,0.0,17.9,9.0,0.7,0.0,0.8,0.4,0,0,1
Keith Smart,1988,0.0,0.0,0.0,2.0,1.0,1.0,1.0,0.5,0,0,1
Richard Morton,1988,0.0,0.0,12.9,2.0,0.0,0.5,3.0,0.0,0,0,1
Mike Champion,1988,-0.1,0.0,-43.7,2.0,0.0,0.5,0.0,0.0,0,0,1
Rob Rose,1988,0.0,0.0,5.0,2.0,0.0,0.0,0.0,0.5,0,0,1
David Wood,1988,0.0,0.0,0.0,2.0,0.0,0.0,0.0,0.0,0,0,1
Barry Sumpter,1988,0.0,0.0,-30.2,1.0,0.0,0.0,0.0,0.0,0,0,1
David Robinson,1989,6.8,7.2,26.3,82.0,10.2,3.1,24.3,8.3,1,1,1
J.R. Reid,1989,-1.5,2.8,10.2,82.0,3.5,2.1,11.1,6.0,1,2,1
Charles Smith,1989,2.7,3.1,19.5,78.0,7.3,2.1,21.1,4.4,0,0,1
Tim Hardaway,1989,1.2,1.4,16.0,79.0,3.5,3.3,14.7,3.2,1,1,1
Pooh Richardson,1989,2.2,2.4,15.8,82.0,1.3,1.7,11.4,2.0,1,1,1
Sherman Douglas,1989,2.1,2.1,17.0,81.0,4.0,3.0,14.3,1.7,1,1,1
Sam Mitchell,1989,-0.3,2.3,13.7,80.0,4.4,1.2,12.7,3.5,0,0,1
Glen Rice,1989,-0.7,1.8,11.3,77.0,1.6,1.5,13.6,3.3,1,2,1
Sean Elliott,1989,0.4,2.0,12.5,81.0,2.7,1.4,10.0,2.1,1,2,1
Blue Edwards,1989,-0.1,2.4,10.7,82.0,2.5,1.9,8.9,2.2,1,2,1
Nick Anderson,1989,0.5,0.7,14.9,81.0,3.3,1.7,11.5,2.6,0,0,1
Stacey King,1989,-0.4,1.4,13.8,82.0,3.3,1.5,8.9,2.6,1,2,1
Šarūnas Marčiulionis,1989,0.5,0.7,15.5,75.0,5.4,1.8,12.1,1.8,0,0,1
Dana Barros,1989,0.6,0.7,12.8,81.0,1.4,1.5,9.7,1.2,0,0,1
Vlade Divac,1989,1.1,3.2,17.5,82.0,2.6,1.3,8.5,4.2,1,1,1
Clifford Robinson,1989,-1.2,2.4,9.3,82.0,3.1,1.6,9.1,2.4,0,0,1
Jeff Martin,1989,-0.7,0.9,8.7,69.0,1.9,0.7,6.3,1.2,0,0,1
Chucky Brown,1989,-0.6,1.3,11.9,75.0,2.2,0.9,7.3,2.0,0,0,1
Todd Lichti,1989,-0.1,1.3,12.3,79.0,2.2,1.2,8.0,1.3,0,0,1
B.J. Armstrong,1989,-0.3,0.8,11.9,81.0,1.0,1.0,5.6,1.0,0,0,1
Mookie Blaylock,1989,0.0,1.3,11.5,50.0,1.6,2.2,10.1,2.0,0,0,1
Michael Ansley,1989,0.2,0.3,17.3,72.0,3.2,0.7,8.7,2.4,0,0,1
Shawn Kemp,1989,0.0,1.6,15.9,81.0,2.0,1.3,6.5,2.5,0,0,1
Winston Bennett,1989,-0.6,0.9,10.0,55.0,1.7,1.1,6.1,1.9,0,0,1
Dražen Petrović,1989,0.7,1.0,15.5,77.0,2.1,1.2,7.6,0.8,0,0,1
Alexander Volkov,1989,0.2,0.4,11.9,72.0,1.7,0.7,5.0,0.9,0,0,1
Terry Davis,1989,-0.8,0.9,9.0,63.0,1.4,1.1,4.7,2.2,0,0,1
Pervis Ellison,1989,-0.3,0.9,10.3,34.0,2.3,1.8,8.0,3.9,0,0,1
Delaney Rudd,1989,-0.6,0.7,8.6,77.0,0.7,1.1,3.5,0.6,0,0,1
Tom Hammonds,1989,-0.6,0.5,10.5,61.0,1.6,0.8,5.3,1.8,0,0,1
Donald Royal,1989,0.1,0.7,15.2,66.0,3.0,1.2,5.9,1.0,0,0,1
Kenny Battle,1989,0.4,1.0,12.2,59.0,1.4,0.5,4.1,1.4,0,0,1
Randy White,1989,-1.0,0.8,7.4,55.0,1.6,0.9,4.3,1.7,0,0,1
Greg Grant,1989,-0.2,0.7,9.7,67.0,0.9,1.1,3.1,0.6,0,0,1
Michael Smith,1989,-0.2,0.4,14.2,65.0,1.0,0.8,5.0,0.9,0,0,1
Scott Haffner,1989,-0.4,0.3,8.3,43.0,0.6,0.8,4.6,1.0,0,0,1
Byron Irvin,1989,0.4,0.7,15.6,50.0,1.8,0.8,5.2,0.9,0,0,1
Frank Kornet,1989,-0.4,0.4,6.1,57.0,0.7,0.4,2.0,0.8,0,0,1
George McCloud,1989,-0.5,0.3,4.6,44.0,0.4,0.8,2.7,0.7,0,0,1
Doug Roth,1989,-0.3,0.4,8.2,42.0,0.3,0.4,1.9,1.8,0,0,1
John Morton,1989,-0.6,0.4,5.9,37.0,1.7,1.4,3.9,0.7,0,0,1
Doug West,1989,-0.5,0.4,7.5,52.0,0.6,0.6,2.6,0.9,0,0,1
Ed Horton,1989,-0.3,0.3,14.5,45.0,1.5,0.9,4.5,1.1,0,0,1
Byron Dinkins,1989,0.0,0.5,10.9,33.0,0.9,1.1,3.5,0.8,0,0,1
Derrick Gervin,1989,0.4,0.4,22.9,21.0,4.2,0.6,12.0,1.7,0,0,1
Adrian Caldwell,1989,-0.2,0.7,9.5,51.0,0.5,0.6,1.9,1.4,0,0,1
Henry Turner,1989,0.0,0.3,14.2,36.0,1.8,0.7,4.3,0.8,0,0,1
Eric Johnson,1989,-0.3,0.4,4.6,48.0,0.4,0.5,1.1,0.4,0,0,1
Kenny Payne,1989,-0.2,0.2,10.7,35.0,0.5,0.6,3.3,0.4,0,0,1
Brian Quinnett,1989,-0.2,0.1,3.9,31.0,0.1,0.1,1.3,0.6,0,0,1
Jeff Sanders,1989,-0.4,0.1,2.5,31.0,0.1,0.5,0.9,0.7,0,0,1
Žarko Paspalj,1989,-0.4,0.2,4.3,28.0,0.8,0.8,2.6,0.5,0,0,1
Roy Marble,1989,-0.2,0.1,5.5,24.0,1.2,0.6,2.1,0.4,0,0,1
Jaren Jackson,1989,0.0,0.2,10.8,28.0,0.8,0.6,2.4,0.3,0,0,1
Mike Morrison,1989,-0.3,0.1,4.2,36.0,0.8,0.6,2.0,0.4,0,0,1
Scott Meents,1989,0.0,0.1,11.9,26.0,0.9,0.3,2.1,0.9,0,0,1
Stanley Brundy,1989,0.0,0.1,10.1,16.0,1.1,0.4,2.3,0.7,0,0,1
Gary Leonard,1989,-0.2,0.2,6.2,22.0,0.6,0.4,1.5,0.8,0,0,1
Jay Taylor,1989,0.0,0.1,9.5,17.0,0.5,0.6,3.0,0.4,0,0,1
Lanard Copeland,1989,-0.2,0.0,10.0,23.0,0.6,0.8,3.2,0.3,0,0,1
Dyron Nix,1989,-0.1,0.1,8.2,20.0,0.8,0.4,2.0,0.9,0,0,1
Anthony Mason,1989,-0.2,0.1,6.9,21.0,0.7,0.5,1.8,1.1,0,0,1
Carlton McKinney,1989,-0.2,0.1,0.6,7.0,0.6,1.0,2.6,1.1,0,0,1
Mike Williams,1989,-0.1,0.1,3.5,21.0,0.3,0.1,0.7,0.9,0,0,1
Terry Dozier,1989,-0.1,0.1,5.1,9.0,0.9,0.8,2.4,0.9,0,0,1
Nate Johnston,1989,-0.1,0.2,14.1,21.0,0.6,0.3,2.2,0.5,0,0,1
Tim Legler,1989,-0.1,0.1,6.7,11.0,0.5,0.4,2.5,0.4,0,0,1
Steve Bucknall,1989,-0.2,0.0,0.0,18.0,0.3,0.6,1.3,0.1,0,0,1
Mel McCants,1989,-0.1,0.1,5.1,13.0,0.6,0.1,1.7,0.4,0,0,1
Bob McCann,1989,0.0,0.1,12.4,10.0,1.4,0.6,2.6,0.8,0,0,1
Raymond Brown,1989,-0.2,0.0,-0.9,16.0,0.1,0.4,1.0,0.3,0,0,1
Stan Kimbrough,1989,0.0,0.1,12.1,10.0,0.2,0.4,1.6,0.3,0,0,1
Mike Higgins,1989,0.0,0.1,10.9,11.0,0.9,0.1,1.3,0.2,0,0,1
Leonard Taylor,1989,-0.1,0.0,3.8,10.0,1.6,0.5,1.1,0.8,0,0,1
Jeff Lebo,1989,0.0,0.0,5.8,4.0,0.5,0.3,1.5,0.5,0,0,1
Clifford Lett,1989,-0.1,0.0,-9.0,4.0,0.0,0.5,1.0,0.0,0,0,1
Jay Edwards,1989,0.0,0.0,7.8,4.0,0.8,0.3,1.8,0.3,0,0,1
Dexter Shouse,1989,0.0,0.0,-6.8,3.0,0.0,0.7,0.0,0.0,0,0,1
Haywoode Workman,1989,0.1,0.0,26.1,6.0,0.3,0.0,1.0,0.5,0,0,1
Torgeir Bryn,1989,0.0,0.0,9.1,3.0,2.0,0.3,1.3,0.7,0,0,1
Gary Voce,1989,0.0,0.0,19.2,1.0,0.0,0.0,2.0,0.0,0,0,1
Lionel Simmons,1990,1.2,3.6,15.4,79.0,5.5,2.9,18.0,6.4,1,1,1
Derrick Coleman,1990,1.5,3.4,17.6,74.0,6.0,2.9,18.4,6.6,1,1,1
Dennis Scott,1990,0.3,1.2,13.0,82.0,2.5,1.5,15.7,2.1,1,1,1
Gary Payton,1990,1.6,2.4,13.2,82.0,1.2,2.2,7.2,1.6,1,2,1
Travis Mays,1990,0.0,1.3,12.3,64.0,5.2,2.5,14.3,1.9,1,2,1
Felton Spencer,1990,-0.3,2.1,13.8,81.0,3.1,1.0,7.1,4.6,1,2,1
Dee Brown,1990,0.5,1.8,13.2,82.0,1.9,1.7,8.7,1.7,1,1,1
Kendall Gill,1990,1.3,1.6,15.4,82.0,2.2,2.0,11.0,1.9,1,1,1
Willie Burton,1990,-0.7,1.6,11.5,76.0,3.9,1.9,12.0,2.0,1,2,1
Duane Causwell,1990,0.3,2.2,13.0,76.0,2.2,1.3,6.9,3.3,0,0,1
Danny Ferry,1990,-0.8,1.3,10.9,81.0,1.9,1.5,8.6,2.3,0,0,1
Mahmoud Abdul-Rauf,1990,-1.1,-0.3,12.2,67.0,1.5,1.6,14.1,1.3,1,2,1
A.J. English,1990,-0.7,0.7,10.6,70.0,2.2,1.6,8.8,1.2,0,0,1
Bimbo Coles,1990,-0.1,1.2,10.4,82.0,1.2,1.2,4.9,1.2,0,0,1
Alec Kessler,1990,-1.7,1.2,8.4,78.0,1.7,1.4,6.2,2.8,0,0,1
Tyrone Hill,1990,-0.8,1.1,10.5,74.0,2.1,1.0,5.3,3.1,0,0,1
Gerald Paddio,1990,-1.3,0.5,9.3,70.0,1.3,1.0,7.2,1.1,0,0,1
Loy Vaught,1990,-0.3,1.4,12.1,73.0,1.0,0.7,5.5,3.1,0,0,1
Marcus Liberty,1990,-0.7,0.1,10.4,76.0,1.2,0.9,6.7,1.4,0,0,1
Anthony Cook,1990,-0.6,0.5,10.7,58.0,2.2,0.9,5.3,3.3,0,0,1
Bo Kimble,1990,-1.0,0.8,7.7,62.0,1.9,1.2,6.9,1.2,0,0,1
Jud Buechler,1990,0.0,0.8,10.0,74.0,0.9,0.4,3.1,1.1,0,0,1
Jerrod Mustaf,1990,-0.6,0.8,8.3,62.0,1.4,1.0,4.3,1.9,0,0,1
Terry Mills,1990,-0.1,0.9,13.6,55.0,1.2,0.8,5.7,2.7,0,0,1
Brian Oliver,1990,-0.5,0.6,9.9,73.0,1.0,0.7,3.8,0.8,0,0,1
Negele Knight,1990,-0.1,0.6,12.1,64.0,1.8,1.2,5.3,0.8,0,0,1
Kevin Pritchard,1990,-0.6,0.4,6.9,62.0,1.2,1.0,3.9,0.8,0,0,1
Anthony Bonner,1990,0.0,0.8,12.2,34.0,2.2,1.2,7.4,3.0,0,0,1
Cedric Ceballos,1990,0.0,0.7,17.8,63.0,2.6,1.1,8.2,1.2,0,0,1
Tony Smith,1990,0.0,0.8,10.9,64.0,0.9,1.1,3.7,0.7,0,0,1
Steve Henson,1990,0.1,0.6,11.5,68.0,0.6,0.6,3.1,0.5,0,0,1
Rick Calloway,1990,-0.8,0.4,6.6,64.0,1.2,0.8,3.2,0.8,0,0,1
Rumeal Robinson,1990,-0.2,0.5,11.7,47.0,1.7,1.6,5.6,1.1,0,0,1
Mario Elie,1990,0.3,0.3,12.9,33.0,2.7,0.9,7.2,1.9,0,0,1
Kennard Winchester,1990,-0.3,0.6,8.8,64.0,0.7,0.5,3.7,0.5,0,0,1
Greg Foster,1990,-0.4,0.7,10.9,54.0,1.1,0.8,4.4,1.8,0,0,1
Gerald Glass,1990,0.1,0.4,15.9,51.0,1.5,0.8,6.9,0.9,0,0,1
Tate George,1990,-0.2,0.4,10.5,56.0,0.7,0.8,3.4,0.5,0,0,1
Kenny Williams,1990,-0.1,0.4,13.9,75.0,0.7,0.5,2.9,1.0,0,0,1
Jayson Williams,1990,-0.7,0.4,8.0,52.0,1.1,0.8,3.5,1.3,0,0,1
Henry James,1990,0.0,0.4,14.7,37.0,1.9,1.0,8.1,1.4,0,0,1
Andy Toolson,1990,-0.1,0.5,8.4,47.0,0.7,0.5,2.9,0.7,0,0,1
Sean Higgins,1990,-0.5,0.5,9.1,50.0,0.7,1.0,4.5,0.9,0,0,1
Larry Robinson,1990,-0.3,0.2,7.6,36.0,0.8,0.8,3.9,0.6,0,0,1
Dwayne Schintzius,1990,-0.3,0.8,10.1,42.0,1.0,0.8,3.8,2.2,0,0,1
Elden Campbell,1990,0.1,0.7,14.5,52.0,0.9,0.3,2.8,1.1,0,0,1
Scott Williams,1990,-0.1,0.5,14.7,51.0,0.5,0.5,2.5,1.1,0,0,1
Richard Coffey,1990,-0.4,0.1,7.9,52.0,0.4,0.1,1.3,0.7,0,0,1
Alaa Abdelnaby,1990,-0.2,0.5,13.1,43.0,1.0,0.5,3.1,1.4,0,0,1
Keith Askins,1990,0.1,0.4,13.5,39.0,0.6,0.3,2.2,1.0,0,0,1
Kurk Lee,1990,-0.3,0.2,5.6,48.0,0.6,0.4,1.4,0.5,0,0,1
Alan Ogg,1990,-0.2,0.3,7.4,31.0,0.3,0.3,1.7,1.1,0,0,1
Steve Scheffler,1990,0.0,0.1,12.4,39.0,0.5,0.1,1.5,0.6,0,0,1
Lance Blanks,1990,-0.1,0.3,7.5,38.0,0.4,0.5,1.7,0.4,0,0,1
Dave Jamerson,1990,-0.1,0.2,12.2,37.0,0.7,0.5,3.1,0.6,0,0,1
Jim Grandholm,1990,0.0,0.2,16.5,26.0,0.8,0.4,3.0,1.2,0,0,1
Stojko Vranković,1990,-0.2,0.3,8.8,31.0,0.6,0.8,1.9,1.2,0,0,1
Howard Wright,1990,-0.1,0.2,8.7,15.0,1.6,0.7,3.6,2.2,0,0,1
Trevor Wilson,1990,-0.3,0.1,4.9,25.0,1.0,0.7,2.2,1.0,0,0,1
Tony Massenburg,1990,-0.1,0.3,16.3,35.0,1.3,0.4,2.3,1.0,0,0,1
Irving Thomas,1990,-0.2,0.2,7.3,26.0,0.8,0.5,1.8,0.7,0,0,1
Les Jepsen,1990,-0.2,0.1,7.7,21.0,0.4,0.1,1.3,1.0,0,0,1
Walter Palmer,1990,-0.1,0.2,8.5,28.0,0.5,0.2,1.4,0.5,0,0,1
Dan O'Sullivan,1990,-0.1,0.1,6.0,21.0,0.5,0.2,1.0,0.6,0,0,1
Matt Bullard,1990,0.0,0.1,17.2,18.0,0.9,0.2,2.2,0.4,0,0,1
Miloš Babić,1990,-0.1,0.0,6.0,12.0,1.0,0.4,1.6,0.3,0,0,1
Tony Harris,1990,-0.1,0.0,-5.0,6.0,0.7,0.5,1.7,0.2,0,0,1
A.J. Wynder,1990,0.0,0.0,7.6,6.0,1.3,0.7,2.0,0.3,0,0,1
Chris Munk,1990,0.0,0.1,14.5,11.0,1.1,0.5,1.2,0.8,0,0,1
Cedric Ball,1990,0.0,0.0,10.8,7.0,0.3,0.3,1.1,0.9,0,0,1
Dan Godfread,1990,0.0,0.0,20.3,10.0,0.4,0.0,1.3,0.2,0,0,1
Tony Dawson,1990,0.0,0.0,16.0,4.0,0.0,0.3,2.3,0.0,0,0,1
Ian Lockhart,1990,0.0,0.0,76.3,1.0,2.0,0.0,4.0,0.0,0,0,1
Larry Johnson,1991,2.6,2.5,18.9,82.0,5.0,2.0,19.2,7.0,1,1,1
Dikembe Mutombo,1991,1.4,3.6,16.5,71.0,7.0,3.5,16.6,7.8,1,1,1
Billy Owens,1991,1.3,2.3,15.6,80.0,3.9,2.2,14.3,5.0,1,1,1
Stacey Augmon,1991,0.8,2.2,14.4,82.0,3.9,2.2,13.3,2.8,1,1,1
Mark Macon,1991,-1.4,2.3,8.3,76.0,2.4,2.0,10.6,1.8,1,2,1
Larry Stewart,1991,0.3,1.8,12.9,76.0,3.1,1.5,10.4,3.5,1,2,1
Steve Smith,1991,0.3,0.8,12.5,61.0,2.1,2.5,12.0,1.8,1,1,1
Paul Graham,1991,1.0,1.7,14.7,78.0,2.2,1.2,10.1,2.0,0,0,1
Doug Smith,1991,-0.6,1.6,11.9,76.0,1.6,1.3,8.8,3.4,0,0,1
Terrell Brandon,1991,-0.1,1.5,12.8,82.0,1.5,1.7,7.4,1.4,1,2,1
Rick Fox,1991,0.2,1.9,12.2,81.0,2.3,1.5,8.0,1.8,1,2,1
Greg Anthony,1991,0.0,2.0,10.6,82.0,1.9,1.2,5.5,1.3,0,0,1
Victor Alexander,1991,0.0,1.4,13.9,80.0,1.9,1.1,7.4,2.9,0,0,1
Dale Davis,1991,0.2,1.5,13.3,64.0,2.4,0.8,6.2,3.9,0,0,1
Mike Iuzzolino,1991,0.3,0.3,13.3,52.0,2.5,1.8,9.3,1.4,0,0,1
David Benoit,1991,-0.3,1.5,12.1,77.0,1.3,0.9,5.6,2.5,0,0,1
Stanley Roberts,1991,0.2,1.4,16.3,55.0,3.6,1.4,10.4,4.1,1,2,1
Kenny Anderson,1991,0.1,1.1,12.8,64.0,1.5,1.5,7.0,1.4,0,0,1
Donald Hodge,1991,-0.1,0.8,13.8,51.0,2.9,1.5,8.4,3.1,0,0,1
Luc Longley,1991,-0.6,1.1,10.1,66.0,1.2,1.3,4.3,2.9,0,0,1
Bison Dele,1991,0.3,1.2,17.1,48.0,3.0,1.8,9.1,3.3,0,0,1
Robert Pack,1991,-0.1,1.1,10.5,72.0,1.8,1.3,4.6,0.9,0,0,1
Kevin Lynch,1991,-0.6,0.4,7.7,55.0,0.8,0.8,4.1,1.0,0,0,1
Pete Chilcutt,1991,-0.2,0.7,11.2,69.0,0.4,0.6,3.6,1.6,0,0,1
Tracy Moore,1991,-0.1,0.4,11.6,42.0,1.9,1.0,8.5,1.2,0,0,1
Chris Corchiani,1991,0.0,0.6,12.1,51.0,2.0,1.5,5.0,1.2,0,0,1
LaBradford Smith,1991,-0.5,0.7,9.6,48.0,1.2,1.3,5.1,1.1,0,0,1
Chris Gatling,1991,0.4,0.8,18.2,54.0,2.0,0.8,5.7,2.0,0,0,1
Greg Sutton,1991,-0.5,0.8,7.8,67.0,0.7,1.0,3.7,0.6,0,0,1
Carl Herrera,1991,-0.1,0.6,10.9,43.0,1.0,0.9,4.4,1.5,0,0,1
Randy Brown,1991,0.0,0.5,11.5,56.0,1.0,0.8,3.4,0.8,0,0,1
Eric Murdock,1991,0.2,0.7,13.6,50.0,1.2,1.0,4.1,0.7,0,0,1
Mark Randall,1991,-0.1,0.1,12.3,54.0,0.8,0.5,3.2,0.6,0,0,1
Elliot Perry,1991,-0.2,0.4,8.6,50.0,0.8,1.0,2.5,0.5,0,0,1
Marty Conlon,1991,-0.2,0.2,9.3,45.0,0.7,0.6,2.7,0.8,0,0,1
John Turner,1991,-0.5,0.3,7.8,42.0,1.4,0.8,2.8,1.0,0,0,1
Corey Crowder,1991,-0.1,0.3,8.4,51.0,0.4,0.3,2.2,0.5,0,0,1
Brian Howard,1991,0.0,0.2,13.0,27.0,1.1,0.6,4.9,1.3,0,0,1
Rodney Monroe,1991,-0.3,0.2,8.8,38.0,0.6,0.6,3.4,0.6,0,0,1
Doug Lee,1991,-0.1,0.2,10.4,46.0,0.4,0.3,2.6,0.4,0,0,1
Kevin Brooks,1991,-0.1,0.2,10.2,37.0,0.6,0.5,2.8,0.7,0,0,1
Sean Green,1991,-0.4,0.2,9.9,35.0,0.8,0.8,4.0,0.6,0,0,1
Tharon Mayes,1991,-0.2,0.2,6.4,24.0,1.5,1.3,4.1,0.5,0,0,1
Jimmy Oliver,1991,-0.2,0.2,10.1,27.0,0.8,0.3,3.6,0.7,0,0,1
Rich King,1991,-0.2,0.2,10.1,40.0,1.1,0.5,2.2,0.7,0,0,1
Charles Thomas,1991,-0.2,0.2,6.1,36.0,0.4,0.5,1.3,0.4,0,0,1
Tom Copa,1991,-0.1,0.2,10.7,33.0,0.4,0.2,1.5,0.7,0,0,1
Isaac Austin,1991,-0.1,0.2,15.0,31.0,1.0,0.3,2.0,0.8,0,0,1
LeRon Ellis,1991,-0.2,0.2,8.6,29.0,0.7,0.4,1.5,0.4,0,0,1
Stephen Thompson,1991,0.0,0.1,11.5,19.0,0.4,0.3,1.6,0.4,0,0,1
Keith Owens,1991,-0.1,0.1,10.3,20.0,0.5,0.1,1.3,0.4,0,0,1
Bobby Phills,1991,-0.1,0.1,10.0,10.0,1.1,0.8,3.1,0.4,0,0,1
Demetrius Calip,1991,-0.1,0.0,1.8,7.0,0.4,0.7,1.6,0.6,0,0,1
Carl Thomas,1991,-0.1,0.0,6.4,1.0,2.0,1.0,12.0,0.0,0,0,1
Myron Brown,1991,0.0,0.0,14.7,4.0,0.0,1.0,2.3,0.8,0,0,1
Lamont Strothers,1991,0.0,0.0,6.0,4.0,1.0,0.5,2.5,0.0,0,0,1
Patrick Eddie,1991,-0.1,0.0,-8.8,4.0,0.0,0.0,1.0,0.3,0,0,1
Derek Strong,1991,0.0,0.0,3.2,1.0,4.0,1.0,3.0,4.0,0,0,1
João Vianna,1991,0.0,0.0,1.0,1.0,0.0,1.0,2.0,0.0,0,0,1
Steve Bardo,1991,0.0,0.0,32.3,1.0,0.0,0.0,0.0,0.0,0,0,1
Cedric Hunter,1991,0.0,0.0,0.0,1.0,0.0,0.0,0.0,0.0,0,0,1
Shaquille O'Neal,1992,4.3,6.0,22.9,81.0,8.9,3.8,23.4,9.6,1,1,1
Christian Laettner,1992,1.3,2.8,17.3,81.0,6.8,3.4,18.2,6.6,1,1,1
Tom Gugliotta,1992,0.8,3.2,14.6,81.0,3.5,2.8,14.7,6.9,1,1,1
LaPhonso Ellis,1992,2.0,3.8,16.6,82.0,3.9,1.9,14.7,5.7,1,1,1
Latrell Sprewell,1992,1.5,1.8,13.6,77.0,3.7,2.6,15.4,2.5,1,2,1
Clarence Weatherspoon,1992,0.1,2.2,15.0,82.0,5.0,2.1,15.6,5.0,1,2,1
Alonzo Mourning,1992,1.9,3.4,20.8,78.0,8.1,3.0,21.0,6.9,1,1,1
Robert Horry,1992,0.8,3.2,12.1,79.0,2.5,2.0,10.1,3.5,1,2,1
Anthony Avent,1992,-2.0,1.8,10.2,82.0,2.1,1.7,9.8,4.0,0,0,1
Sean Rooks,1992,-0.2,0.7,14.7,72.0,5.4,2.2,13.5,4.7,0,0,1
Todd Day,1992,0.2,1.1,14.5,71.0,4.2,1.7,13.8,2.1,0,0,1
Walt Williams,1992,0.5,1.2,15.0,59.0,5.1,3.0,17.0,2.5,1,2,1
Anthony Peeler,1992,0.6,1.0,13.9,77.0,2.7,1.6,10.4,1.5,0,0,1
Walter Bond,1992,-1.2,0.4,9.0,74.0,2.3,1.5,8.0,1.9,0,0,1
Lloyd Daniels,1992,0.4,1.3,12.9,77.0,1.3,1.3,9.1,1.7,0,0,1
Adam Keefe,1992,-0.1,1.4,13.6,82.0,2.9,1.2,6.6,3.2,0,0,1
Lee Mayberry,1992,-0.1,0.6,11.0,82.0,0.8,1.0,5.2,1.1,0,0,1
Harold Miner,1992,0.0,0.7,14.3,73.0,2.9,1.3,10.3,1.0,0,0,1
Richard Dumas,1992,1.2,1.9,18.6,48.0,4.5,1.9,15.8,2.6,1,2,1
Byron Houston,1992,-0.5,1.3,10.6,79.0,2.5,1.1,5.3,2.5,0,0,1
Chris Smith,1992,0.0,0.4,11.1,80.0,1.5,0.9,4.3,0.8,0,0,1
Oliver Miller,1992,0.8,1.9,12.7,56.0,1.8,1.9,5.6,3.7,0,0,1
Doug Overton,1992,-0.2,0.4,11.8,45.0,1.8,1.6,8.1,1.8,0,0,1
Jim Jackson,1992,-0.6,0.2,11.0,28.0,3.3,4.1,16.3,2.9,0,0,1
Dexter Cambridge,1992,-0.5,0.0,12.1,53.0,1.9,1.2,7.0,1.5,0,0,1
Bryant Stith,1992,0.0,0.8,11.7,39.0,3.1,1.1,8.9,2.2,0,0,1
Brent Price,1992,-0.6,0.7,9.3,68.0,1.0,1.3,3.9,1.1,0,0,1
Tony Bennett,1992,-0.2,0.4,9.3,75.0,0.5,0.7,3.7,0.7,0,0,1
Hubert Davis,1992,-0.1,1.2,8.7,50.0,1.1,0.9,5.4,0.9,0,0,1
Don MacLean,1992,-0.5,0.3,14.0,62.0,1.8,0.7,6.6,1.4,0,0,1
Malik Sealy,1992,-0.1,0.5,12.7,58.0,1.3,1.0,5.7,0.9,0,0,1
Duane Cooper,1992,-0.6,0.3,7.6,65.0,0.5,1.1,2.4,0.6,0,0,1
Litterial Green,1992,-0.1,0.5,11.6,52.0,1.8,0.8,4.5,0.4,0,0,1
Matt Geiger,1992,-0.3,0.6,11.8,48.0,1.9,0.8,4.5,1.5,0,0,1
Jon Barry,1992,-0.3,0.4,9.6,47.0,1.0,0.9,4.4,0.7,0,0,1
Marlon Maxey,1992,-0.2,0.4,15.8,43.0,1.6,0.9,5.4,2.3,0,0,1
Tracy Murray,1992,-0.2,0.4,11.9,48.0,0.8,0.6,5.7,0.9,0,0,1
Andre Spencer,1992,-0.1,0.3,12.8,20.0,2.7,1.3,9.4,2.2,0,0,1
Dave Johnson,1992,-0.5,0.3,8.1,42.0,1.4,0.7,3.7,0.7,0,0,1
Doug Christie,1992,0.0,0.4,12.4,23.0,2.9,2.2,6.2,1.2,0,0,1
Melvin Newbern,1992,0.0,0.4,11.5,33.0,1.8,1.0,3.6,0.5,0,0,1
Elmore Spencer,1992,-0.2,0.4,9.7,44.0,0.7,0.6,2.4,1.0,0,0,1
Sam Mack,1992,-0.1,0.4,13.7,40.0,1.5,0.6,3.6,0.8,0,0,1
Stephen Howard,1992,-0.3,0.4,9.8,49.0,1.1,0.5,2.1,0.7,0,0,1
John Crotty,1992,0.0,0.2,13.2,40.0,1.0,0.8,2.6,0.3,0,0,1
Corey Williams,1992,-0.2,0.1,9.3,35.0,0.6,0.3,2.3,0.3,0,0,1
Jay Guidinger,1992,-0.2,0.4,9.6,32.0,0.8,0.3,1.6,1.2,0,0,1
Lorenzo Williams,1992,0.0,0.3,10.9,27.0,0.3,0.3,1.3,1.4,0,0,1
Randy Woods,1992,0.0,0.2,12.3,41.0,0.6,0.4,1.7,0.2,0,0,1
Radisav Ćurčić,1992,0.0,0.1,13.5,20.0,1.8,0.4,2.9,1.6,0,0,1
Robert Werdann,1992,-0.2,0.2,7.7,28.0,1.1,0.4,1.9,1.0,0,0,1
Keith Jennings,1992,0.2,0.1,18.5,8.0,2.3,0.9,8.6,1.1,0,0,1
Alex Blackwell,1992,-0.1,0.1,8.2,27.0,0.3,0.2,1.3,0.5,0,0,1
Thomas Jordan,1992,-0.2,0.1,6.9,4.0,4.3,3.0,11.0,3.5,0,0,1
Joe Courtney,1992,-0.1,0.1,8.8,12.0,0.8,0.5,2.8,1.3,0,0,1
Isaiah Morris,1992,-0.1,0.1,10.6,25.0,0.2,0.3,2.2,0.2,0,0,1
Gundars Vētra,1992,0.0,0.0,13.6,13.0,0.5,0.2,3.5,0.3,0,0,1
Pat Durham,1992,-0.2,0.0,2.9,5.0,2.4,1.4,4.2,1.8,0,0,1
Reggie Smith,1992,-0.1,0.1,7.6,23.0,0.6,0.2,1.0,0.3,0,0,1
Marcus Webb,1992,0.0,0.0,20.1,9.0,2.3,0.6,4.3,0.6,0,0,1
Eric Anderson,1992,0.0,0.1,11.3,16.0,0.8,0.3,1.3,0.5,0,0,1
Matt Othick,1992,0.0,0.0,5.9,4.0,0.5,1.0,2.0,0.3,0,0,1
Anthony Pullard,1992,-0.1,0.0,9.2,8.0,0.4,0.6,2.1,0.8,0,0,1
Jo Jo English,1992,-0.1,0.1,1.9,6.0,0.3,0.7,1.0,0.7,0,0,1
Ricky Blanton,1992,0.0,0.0,19.3,2.0,0.0,0.5,3.0,0.5,0,0,1
Barry Stevens,1992,0.0,0.0,15.2,2.0,0.0,0.0,1.0,0.0,0,0,1
Anfernee Hardaway,1993,3.8,3.3,17.4,82.0,4.0,3.6,16.0,3.0,1,1,1
Jamal Mashburn,1993,-0.3,1.0,13.2,79.0,5.5,3.1,19.2,3.1,1,1,1
Nick Van Exel,1993,0.6,0.7,13.6,81.0,2.4,1.8,13.6,2.4,1,2,1
Vin Baker,1993,0.5,1.7,16.1,82.0,5.0,2.0,13.5,4.2,1,1,1
Chris Webber,1993,3.6,3.2,21.7,76.0,4.7,2.7,17.5,5.1,1,1,1
Isaiah Rider,1993,0.2,0.8,14.2,79.0,3.4,2.8,16.6,2.5,1,1,1
Dino Radja,1993,1.2,2.2,18.2,80.0,3.8,1.9,15.1,4.8,1,2,1
Lindsey Hunter,1993,-0.1,1.0,12.0,82.0,1.7,2.2,10.3,1.7,1,2,1
Chris Mills,1993,0.3,2.4,12.6,79.0,2.2,1.1,9.4,3.4,0,0,1
P.J. Brown,1993,1.0,2.8,12.2,79.0,1.9,0.9,5.7,3.9,0,0,1
Toni Kukoč,1993,1.4,2.7,15.4,75.0,2.8,2.2,10.9,2.7,1,2,1
Popeye Jones,1993,-0.1,1.6,14.1,81.0,1.3,1.2,5.8,3.8,0,0,1
George Lynch,1993,0.9,1.5,16.1,71.0,2.3,1.2,9.6,2.7,0,0,1
Antonio Davis,1993,0.9,2.8,15.2,81.0,3.7,1.3,7.7,3.9,0,0,1
Calbert Cheaney,1993,-0.2,0.2,14.0,65.0,2.5,1.7,12.0,1.6,0,0,1
Allan Houston,1993,-1.5,0.1,9.0,79.0,1.4,1.3,8.5,1.3,0,0,1
Rodney Rogers,1993,0.5,2.1,12.9,79.0,2.4,1.7,8.1,1.7,0,0,1
Shawn Bradley,1993,-0.5,1.6,11.6,49.0,3.4,3.0,10.3,4.2,1,2,1
Mitchell Butler,1993,-0.1,0.4,13.0,75.0,2.4,1.2,6.9,1.6,0,0,1
Lucious Harris,1993,-0.3,0.7,11.0,77.0,1.5,1.0,5.4,1.5,0,0,1
Acie Earl,1993,-1.3,0.9,9.2,74.0,2.2,1.0,5.5,2.2,0,0,1
Sam Cassell,1993,0.4,1.8,13.1,66.0,1.6,1.4,6.7,1.7,0,0,1
Bryon Russell,1993,0.3,1.7,11.1,67.0,1.5,0.8,5.0,1.8,0,0,1
Harold Ellis,1993,0.7,0.8,17.2,49.0,3.0,0.9,8.7,1.2,0,0,1
Greg Graham,1993,-0.4,0.6,11.4,70.0,1.6,0.9,4.8,0.9,0,0,1
Warren Kidd,1993,-0.5,0.6,11.3,68.0,1.3,0.6,3.6,2.3,0,0,1
Bo Outlaw,1993,0.5,0.9,14.3,37.0,2.8,0.8,6.9,3.5,0,0,1
Scott Burrell,1993,-0.1,0.7,10.4,51.0,1.4,0.9,4.8,1.7,0,0,1
Terry Dehere,1993,-0.7,0.2,9.5,64.0,1.3,1.0,5.3,0.7,0,0,1
Corie Blount,1993,0.0,1.2,12.3,67.0,1.1,0.8,3.0,1.8,0,0,1
James Robinson,1993,0.0,0.7,10.0,58.0,1.2,0.9,4.8,0.8,0,0,1
Mike Peplowski,1993,-0.4,0.7,9.6,55.0,0.8,0.6,3.2,2.2,0,0,1
Gheorghe Mureșan,1993,0.0,0.7,17.4,54.0,1.3,1.0,5.6,2.3,0,0,1
David Wesley,1993,0.2,0.7,13.0,60.0,0.9,0.9,3.1,0.6,0,0,1
Bob Martin,1993,-0.5,0.4,6.9,53.0,1.0,0.5,2.1,1.5,0,0,1
Bobby Hurley,1993,-0.6,0.1,8.4,19.0,1.6,2.5,7.1,1.5,0,0,1
Rex Walters,1993,0.2,0.4,16.2,48.0,0.7,0.6,3.4,0.7,0,0,1
Josh Grant,1993,0.0,0.5,11.7,53.0,0.5,0.6,3.0,1.2,0,0,1
Brian Davis,1993,-0.3,0.2,9.2,68.0,1.0,0.3,1.9,0.5,0,0,1
Darren Morningstar,1993,-0.2,0.3,8.9,23.0,1.3,0.8,4.2,2.2,0,0,1
Chris Whitney,1993,-0.5,0.3,3.5,40.0,0.4,0.9,1.8,0.6,0,0,1
Darnell Mee,1993,-0.1,0.4,6.3,38.0,0.7,0.5,1.9,0.5,0,0,1
Ervin Johnson,1993,-0.2,0.7,16.1,45.0,1.0,0.5,2.6,1.6,0,0,1
Reggie Jordan,1993,0.3,0.2,20.1,23.0,2.2,0.6,5.4,0.9,0,0,1
Antonio Harvey,1993,-0.3,0.2,8.0,27.0,1.0,0.6,2.6,1.2,0,0,1
Eric Riley,1993,-0.1,0.4,13.4,47.0,0.8,0.3,1.9,0.7,0,0,1
Scott Haskin,1993,0.0,0.3,11.3,27.0,0.7,0.5,2.0,1.4,0,0,1
Gerald Madkins,1993,-0.1,0.2,7.4,22.0,0.5,0.6,1.6,0.5,0,0,1
Evers Burns,1993,-0.1,0.1,9.7,23.0,1.0,0.3,2.4,0.7,0,0,1
Doug Edwards,1993,-0.2,0.1,9.4,16.0,1.0,0.4,2.7,0.7,0,0,1
Richard Petruška,1993,-0.1,0.2,12.3,22.0,0.4,0.7,2.4,1.0,0,0,1
Stanley Jackson,1993,0.1,0.1,17.8,17.0,0.2,0.6,2.2,0.9,0,0,1
Luther Wright,1993,-0.2,0.1,-0.4,15.0,0.3,0.4,1.3,0.3,0,0,1
Chris King,1993,-0.1,0.1,13.1,15.0,1.7,0.8,3.7,0.7,0,0,1
Adonis Jordan,1993,-0.1,0.0,5.6,6.0,0.0,1.0,2.5,0.5,0,0,1
Chris Jent,1993,0.0,0.1,11.0,3.0,0.7,1.7,10.3,3.7,0,0,1
Andrew Gaze,1993,0.0,0.0,10.5,7.0,0.3,0.4,3.1,0.9,0,0,1
Malcolm Mackey,1993,-0.1,0.1,12.6,22.0,0.4,0.1,1.5,0.5,0,0,1
Kevin Thompson,1993,-0.1,0.0,4.9,14.0,0.1,0.4,0.9,0.4,0,0,1
Gary Alexander,1993,-0.1,0.1,8.6,11.0,0.8,0.7,1.7,0.7,0,0,1
Bill Edwards,1993,-0.1,0.1,-0.4,3.0,1.7,1.3,2.0,3.0,0,0,1
Michael Curry,1993,-0.1,0.0,-3.9,10.0,0.4,0.3,0.9,0.1,0,0,1
Matt Wenstrom,1993,0.0,0.0,15.6,11.0,0.9,0.4,1.6,0.5,0,0,1
Andrés Guibert,1993,-0.1,0.0,6.1,5.0,1.2,1.2,3.0,1.2,0,0,1
Keith Tower,1993,0.0,0.0,5.5,11.0,0.0,0.0,0.7,0.5,0,0,1
Alphonso Ford,1993,0.0,0.0,28.9,6.0,0.3,0.2,2.7,0.0,0,0,1
Skeeter Henry,1993,0.0,0.0,5.6,4.0,1.0,0.3,1.0,0.5,0,0,1
Aaron Williams,1993,-0.1,0.0,-7.0,6.0,0.2,0.2,0.7,0.3,0,0,1
Dell Demps,1993,0.0,0.0,4.5,2.0,1.0,0.5,2.0,0.0,0,0,1
Ricky Grace,1993,0.0,0.0,10.8,3.0,0.7,0.0,1.3,0.3,0,0,1
Chad Gallagher,1993,0.0,0.0,66.8,2.0,0.0,0.0,3.0,0.0,0,0,1
Geert Hammink,1993,0.0,0.0,20.0,1.0,0.0,0.0,2.0,0.0,0,0,1
Glenn Robinson,1994,0.8,2.2,16.6,80.0,6.2,3.9,21.9,4.3,1,1,1
Grant Hill,1994,2.7,1.8,19.0,70.0,7.3,2.9,19.9,4.6,1,1,1
Jason Kidd,1994,2.1,2.6,15.1,79.0,3.5,3.2,11.7,3.5,1,1,1
Lamond Murray,1994,-0.9,1.1,11.6,81.0,3.3,2.0,14.1,2.7,0,0,1
Juwan Howard,1994,-0.1,1.5,15.0,65.0,4.5,2.6,17.0,5.6,1,2,1
Eric Montross,1994,-0.6,1.8,12.1,78.0,3.4,1.4,10.0,4.7,1,2,1
Brian Grant,1994,1.0,3.4,16.5,80.0,4.5,2.0,13.2,4.9,1,1,1
Donyell Marshall,1994,-0.7,1.2,12.5,72.0,3.1,1.6,12.6,3.7,0,0,1
Sharone Wright,1994,-0.9,1.9,14.0,79.0,3.6,1.9,11.4,3.6,0,0,1
Eddie Jones,1994,2.1,2.1,16.3,64.0,2.6,1.2,14.0,2.7,1,1,1
Wesley Person,1994,0.9,0.8,14.2,78.0,1.3,1.0,10.4,1.7,1,2,1
Jalen Rose,1994,1.1,1.5,15.1,81.0,2.9,2.0,8.2,2.0,1,2,1
Michael Smith,1994,0.5,2.8,13.5,82.0,3.2,1.3,6.9,3.8,0,0,1
Clifford Rozier,1994,-0.9,1.2,11.5,66.0,2.3,1.3,6.8,4.3,0,0,1
Khalid Reeves,1994,1.4,1.4,16.9,67.0,2.9,2.0,9.2,2.0,0,0,1
Eric Piatkowski,1994,0.4,0.4,13.9,81.0,1.4,0.8,7.0,0.9,0,0,1
Derrick Alston,1994,-0.2,1.0,11.6,64.0,1.9,0.8,4.7,1.9,0,0,1
Chris Childs,1994,-0.1,0.8,11.2,53.0,1.4,1.4,5.8,1.0,0,0,1
Carlos Rogers,1994,-0.3,0.8,14.3,49.0,3.0,1.7,8.9,3.5,0,0,1
Anthony Tucker,1994,-0.3,0.9,9.2,62.0,1.3,0.9,3.9,2.0,0,0,1
Greg Minor,1994,0.5,0.6,14.7,63.0,1.2,0.7,6.0,1.4,0,0,1
Aaron McKie,1994,0.5,1.2,13.3,45.0,1.6,0.9,6.5,2.1,0,0,1
B.J. Tyler,1994,-0.6,0.5,8.5,55.0,0.9,1.8,3.5,0.9,0,0,1
Darrick Martin,1994,-0.5,0.3,10.3,34.0,1.9,1.8,7.5,1.5,0,0,1
Jamie Watson,1994,0.1,0.9,9.6,60.0,0.9,0.9,3.3,1.0,0,0,1
Ryan Lorthridge,1994,-0.1,0.2,12.9,37.0,2.4,1.5,7.4,1.3,0,0,1
Tony Dumas,1994,-0.4,0.2,8.8,58.0,1.3,0.9,4.6,0.5,0,0,1
Bill Curley,1994,-0.5,0.4,9.0,53.0,0.7,0.5,2.7,1.3,0,0,1
Eric Mobley,1994,0.1,0.5,14.3,46.0,1.0,0.5,3.9,2.1,0,0,1
Dickey Simpkins,1994,-0.4,0.8,11.0,59.0,1.2,0.8,3.5,1.5,0,0,1
Howard Eisley,1994,-0.7,0.2,6.1,49.0,0.8,1.0,2.4,0.7,0,0,1
Jim McIlvaine,1994,0.0,0.6,10.0,55.0,0.7,0.3,1.7,1.2,0,0,1
Anthony Miller,1994,0.0,0.6,14.7,46.0,1.7,0.8,4.1,1.8,0,0,1
Monty Williams,1994,-0.2,0.8,8.4,41.0,0.9,1.0,3.3,1.4,0,0,1
Darrin Hancock,1994,0.0,0.5,11.2,46.0,0.8,0.7,3.3,0.8,0,0,1
Dwayne Morton,1994,-0.1,0.2,11.0,41.0,2.1,0.7,4.1,0.9,0,0,1
Matt Fish,1994,-0.2,0.3,10.6,26.0,1.4,1.1,4.7,2.0,0,0,1
Tim Breaux,1994,-0.3,0.2,8.9,42.0,1.2,0.4,3.0,0.4,0,0,1
Ivano Newbill,1994,-0.3,0.2,7.3,34.0,0.6,0.4,1.2,1.2,0,0,1
Trevor Ruffin,1994,0.0,0.2,15.5,49.0,0.8,1.0,4.8,0.3,0,0,1
Brooks Thompson,1994,-0.2,0.2,10.5,38.0,0.3,0.7,3.1,0.4,0,0,1
Reggie Slater,1994,0.0,0.3,14.5,25.0,2.2,1.0,4.8,1.4,0,0,1
Žan Tabak,1994,-0.3,0.2,11.2,37.0,1.2,0.5,2.0,0.9,0,0,1
Jerome Harmon,1994,0.0,0.1,10.1,10.0,0.6,0.7,4.6,1.4,0,0,1
Askia Jones,1994,-0.2,0.0,8.3,11.0,1.5,0.8,4.1,0.5,0,0,1
Julius Nwosu,1994,-0.2,0.1,6.8,23.0,0.7,0.4,1.3,0.6,0,0,1
Dontonio Wingfield,1994,-0.2,0.2,14.2,20.0,0.5,0.4,2.3,1.0,0,0,1
James Blackwell,1994,0.1,0.1,11.6,13.0,0.2,0.4,1.4,0.7,0,0,1
Sergei Bazarevich,1994,0.0,0.1,13.6,10.0,0.9,0.7,3.0,0.6,0,0,1
Antonio Lang,1994,-0.1,0.0,0.3,12.0,0.3,0.4,0.9,0.1,0,0,1
Aaron Swinson,1994,-0.1,0.0,11.7,9.0,0.6,0.6,2.7,0.6,0,0,1
Charlie Ward,1994,-0.1,0.1,-2.1,10.0,1.0,0.8,1.6,0.5,0,0,1
Fred Vinson,1994,-0.1,0.0,-6.5,5.0,0.2,0.4,0.8,0.0,0,0,1
Elmer Bennett,1994,0.1,0.1,32.5,4.0,1.0,0.8,3.8,0.3,0,0,1
Eldridge Recasner,1994,0.0,0.0,15.3,3.0,1.3,0.7,2.0,0.7,0,0,1
Mark Strickland,1994,0.0,0.0,13.8,4.0,0.5,0.3,0.8,0.5,0,0,1
Darrell Armstrong,1994,0.0,0.0,40.2,3.0,0.7,0.3,3.3,0.0,0,0,1
Derrick Phelps,1994,0.0,0.0,-17.3,3.0,0.7,0.0,0.0,0.0,0,0,1
Tom Hovasse,1994,0.0,0.0,0.2,2.0,0.0,0.0,0.0,0.0,0,0,1
Yinka Dare,1994,0.0,0.0,-33.9,1.0,0.0,1.0,0.0,1.0,0,0,1
Michael Finley,1995,1.5,1.3,14.0,82.0,3.9,1.6,15.0,2.9,0,0,1
Damon Stoudamire,1995,1.6,0.6,16.7,70.0,4.2,3.8,19.0,3.2,1,1,1
Joe Smith,1995,0.9,2.7,17.2,82.0,4.8,1.7,15.3,5.1,1,1,1
Jerry Stackhouse,1995,0.7,0.4,14.8,72.0,7.2,3.5,19.2,2.4,1,1,1
Tyus Edney,1995,0.1,1.2,12.7,80.0,3.2,2.4,10.8,1.7,1,2,1
Bryant Reeves,1995,-1.0,2.3,13.4,77.0,3.9,2.0,13.3,5.1,1,2,1
Kevin Garnett,1995,1.7,2.6,15.8,80.0,1.9,1.4,10.4,4.1,1,2,1
Antonio McDyess,1995,0.0,2.7,15.6,76.0,3.2,2.0,13.4,4.5,1,1,1
Brent Barry,1995,2.0,1.2,15.9,79.0,1.7,1.5,10.1,1.6,1,2,1
Rasheed Wallace,1995,0.3,1.8,11.8,65.0,1.8,1.6,10.1,3.2,1,2,1
Arvydas Sabonis,1995,3.8,3.9,24.7,73.0,4.2,2.1,14.5,6.0,0,0,1
Kurt Thomas,1995,0.1,3.0,13.5,74.0,2.4,1.3,9.0,4.3,0,0,1
Eric Williams,1995,-0.3,0.9,13.3,64.0,4.7,1.4,10.7,2.0,0,0,1
Alan Henderson,1995,-0.8,1.6,12.9,79.0,2.5,1.1,6.4,2.4,0,0,1
Theo Ratliff,1995,0.9,2.2,14.0,75.0,1.6,0.7,4.5,2.5,0,0,1
Loren Meyer,1995,-1.3,0.8,9.4,72.0,1.4,0.9,5.0,2.8,0,0,1
Ed O'Bannon,1995,-0.4,1.1,9.2,64.0,1.7,1.0,6.2,1.6,0,0,1
Gary Trent,1995,-0.3,1.6,12.4,69.0,2.0,1.3,7.5,2.2,0,0,1
Bob Sura,1995,0.6,1.5,15.0,79.0,1.8,1.5,5.3,1.3,0,0,1
Ashraf Amaya,1995,-0.8,1.1,11.8,54.0,2.8,1.1,6.3,3.5,0,0,1
Don Reid,1995,0.3,1.8,12.1,69.0,1.1,0.6,3.8,1.8,0,0,1
George Zídek,1995,-1.2,0.3,8.0,71.0,1.3,0.5,4.0,1.6,0,0,1
Cherokee Parks,1995,-0.4,0.8,10.9,64.0,1.0,0.5,3.9,2.3,0,0,1
Jimmy King,1995,-0.6,0.1,9.9,62.0,1.2,1.0,4.5,1.1,0,0,1
Shawn Respert,1995,0.0,0.3,10.8,62.0,0.7,0.7,4.9,0.7,0,0,1
Greg Ostertag,1995,0.0,1.1,13.2,57.0,0.9,0.4,3.6,2.1,0,0,1
Anthony Goldwire,1995,-0.3,0.1,10.4,42.0,1.4,1.5,5.5,0.8,0,0,1
Corliss Williamson,1995,-1.1,0.3,8.5,53.0,1.6,1.4,5.6,1.1,0,0,1
Chris Carr,1995,-0.5,0.3,10.5,60.0,1.0,0.7,4.0,1.3,0,0,1
Lawrence Moten,1995,0.4,0.4,15.7,44.0,1.7,1.0,6.6,0.6,0,0,1
Travis Best,1995,0.0,0.5,11.5,59.0,1.5,1.1,3.7,0.6,0,0,1
Mark Davis,1995,-0.2,0.8,10.9,57.0,2.0,1.2,3.3,1.2,0,0,1
Cory Alexander,1995,-0.3,0.7,8.7,60.0,0.4,1.1,2.8,0.6,0,0,1
Jason Caffey,1995,-0.7,0.8,7.9,57.0,1.2,0.8,3.2,1.1,0,0,1
Sasha Danilović,1995,0.3,0.6,14.4,19.0,3.8,1.9,13.4,1.8,0,0,1
Junior Burrough,1995,-0.7,0.4,9.0,61.0,1.5,0.7,3.1,1.0,0,0,1
Terrence Rencher,1995,-0.2,0.5,6.5,36.0,1.3,1.2,2.9,1.0,0,0,1
Eric Snow,1995,0.0,0.7,10.7,43.0,1.1,0.9,2.7,0.8,0,0,1
Lou Roe,1995,-0.1,0.5,9.0,49.0,0.7,0.3,1.8,1.0,0,0,1
Marques Bragg,1995,-0.3,0.3,9.8,53.0,0.8,0.5,2.5,0.8,0,0,1
Jerome Allen,1995,-0.2,0.3,7.8,41.0,0.9,0.8,2.6,0.5,0,0,1
John Amaechi,1995,-0.6,0.4,3.1,28.0,1.2,1.2,2.8,1.4,0,0,1
Voshon Lenard,1995,0.4,0.4,15.9,30.0,1.4,0.8,5.9,1.3,0,0,1
Rich Manning,1995,-0.5,0.2,7.6,29.0,0.5,0.6,3.7,1.3,0,0,1
Vincenzo Esposito,1995,-0.5,0.0,5.2,30.0,1.3,1.3,3.9,0.4,0,0,1
David Vaughn,1995,-0.6,0.4,6.0,33.0,0.5,0.5,1.9,1.4,0,0,1
Randolph Childress,1995,-0.2,0.3,6.7,28.0,1.0,1.0,3.0,0.6,0,0,1
Mario Bennett,1995,0.0,0.3,13.3,19.0,2.2,0.6,4.5,1.5,0,0,1
Donny Marshall,1995,-0.2,0.2,10.5,34.0,1.0,0.2,2.3,0.5,0,0,1
Andrew DeClercq,1995,0.0,0.1,12.1,22.0,0.9,0.2,2.7,1.0,0,0,1
Martin Lewis,1995,-0.2,0.1,11.2,16.0,1.6,0.9,4.7,0.9,0,0,1
Todd Mundt,1995,-0.2,0.1,7.0,33.0,0.2,0.1,1.1,0.5,0,0,1
Sherell Ford,1995,-0.1,0.2,16.4,28.0,1.2,0.2,3.2,0.4,0,0,1
Melvin Booker,1995,-0.3,0.1,6.2,11.0,1.0,1.1,4.0,0.7,0,0,1
Dwayne Whitfield,1995,-0.2,0.0,9.3,8.0,2.8,1.0,5.0,2.0,0,0,1
Fred Hoiberg,1995,0.1,0.1,14.4,15.0,1.2,0.5,2.1,0.3,0,0,1
Clint McDaniel,1995,0.1,0.1,15.6,12.0,1.3,0.2,2.5,0.6,0,0,1
Thomas Hamilton,1995,-0.2,0.1,4.3,11.0,1.6,0.8,2.3,1.1,0,0,1
Jeff Webster,1995,0.0,0.1,7.0,11.0,0.0,0.3,1.6,0.5,0,0,1
Rastko Cvetković,1995,-0.1,0.1,2.1,14.0,0.3,0.2,0.7,0.5,0,0,1
Donnie Boyce,1995,0.0,0.1,17.7,8.0,0.5,0.8,3.0,0.6,0,0,1
Corey Beck,1995,-0.1,0.0,0.8,5.0,0.4,0.8,1.0,0.8,0,0,1
Logan Vander Velden,1995,-0.1,0.0,1.8,15.0,0.3,0.0,0.6,0.3,0,0,1
Stefano Rusconi,1995,-0.1,0.0,2.4,7.0,0.7,0.4,1.1,0.4,0,0,1
Darryl Johnson,1995,0.0,0.0,9.7,11.0,0.2,0.1,1.1,0.0,0,0,1
Frankie King,1995,-0.1,0.0,0.7,6.0,0.5,0.3,1.2,0.2,0,0,1
Robert Churchwell,1995,0.0,0.0,1.2,4.0,0.0,0.5,1.5,0.8,0,0,1
Cuonzo Martin,1995,0.1,0.0,20.6,4.0,0.5,0.3,2.3,0.3,0,0,1
Howard Nathan,1995,0.0,0.0,11.3,5.0,0.8,1.6,2.6,0.0,0,0,1
Alvin Heggs,1995,0.0,0.0,20.7,4.0,0.8,0.0,2.0,0.3,0,0,1
John Coker,1995,0.0,0.0,37.3,5.0,0.0,0.0,1.6,0.0,0,0,1
Charles Claxton,1995,0.0,0.0,0.2,3.0,0.7,0.3,0.7,0.0,0,0,1
Cedric Lewis,1995,0.0,0.0,62.7,3.0,0.0,0.0,1.3,0.0,0,0,1
Larry Sykes,1995,0.0,0.0,0.0,1.0,0.0,1.0,0.0,1.0,0,0,1
Allen Iverson,1996,2.2,1.0,18.0,76.0,7.2,4.4,23.5,2.6,1,1,1
Kerry Kittles,1996,2.9,1.8,16.0,82.0,2.8,1.5,16.4,2.6,1,2,1
Antoine Walker,1996,-0.1,1.7,15.5,82.0,4.5,2.8,17.5,5.5,1,1,1
Shareef Abdur-Rahim,1996,0.2,1.2,17.4,80.0,6.5,2.8,18.7,4.2,1,1,1
Ray Allen,1996,1.2,1.5,14.6,82.0,3.0,1.8,13.4,2.8,1,2,1
Matt Maloney,1996,1.3,2.1,12.3,82.0,1.1,1.5,9.4,1.7,1,2,1
Stephon Marbury,1996,1.2,1.2,16.1,67.0,5.0,3.1,15.8,1.9,1,1,1
Lorenzen Wright,1996,-0.5,1.7,12.5,77.0,1.9,1.0,7.3,3.4,0,0,1
Marcus Camby,1996,0.9,2.3,17.8,63.0,4.2,2.1,14.8,4.2,1,1,1
Roy Rogers,1996,-0.8,1.1,12.6,82.0,1.1,1.0,6.6,3.0,0,0,1
Dean Garrett,1996,1.3,2.5,17.7,68.0,2.0,0.5,8.0,5.1,0,0,1
Vitaly Potapenko,1996,-1.4,1.7,9.5,80.0,1.6,1.4,5.8,1.4,0,0,1
Travis Knight,1996,0.1,1.8,14.1,71.0,1.4,0.7,4.8,2.7,1,2,1
Kobe Bryant,1996,0.5,1.3,14.4,71.0,2.3,1.6,7.6,1.2,1,2,1
Shandon Anderson,1996,-0.4,1.2,10.4,65.0,1.5,1.1,5.9,2.0,0,0,1
Erick Dampier,1996,-0.4,1.9,11.8,72.0,2.3,1.2,5.1,2.8,0,0,1
Randy Livingston,1996,-0.4,1.1,8.3,64.0,1.0,1.6,3.9,1.0,0,0,1
Todd Fuller,1996,-0.9,0.3,10.4,75.0,1.5,0.7,4.1,1.9,0,0,1
Derek Fisher,1996,-0.1,1.0,11.0,80.0,1.5,0.9,3.9,0.9,0,0,1
Tony Delk,1996,0.5,0.6,14.2,61.0,0.8,1.1,5.4,1.1,0,0,1
Othella Harrington,1996,-0.6,1.0,10.8,57.0,1.4,1.0,4.8,2.2,0,0,1
John Wallace,1996,0.1,1.4,13.0,68.0,1.6,1.1,4.8,1.5,0,0,1
Erick Strickland,1996,-0.2,0.5,11.0,28.0,2.9,2.4,10.6,2.5,0,0,1
Steve Nash,1996,-0.2,0.3,10.8,65.0,0.8,1.0,3.3,0.7,0,0,1
Chris Robinson,1996,-0.2,0.2,9.4,41.0,0.6,0.8,4.6,1.2,0,0,1
Brett Szabo,1996,-0.7,0.5,8.8,70.0,0.9,0.6,2.2,1.6,0,0,1
Jamie Feick,1996,-0.6,0.5,11.1,41.0,1.6,0.8,3.7,3.2,0,0,1
Samaki Walker,1996,-0.4,0.7,12.2,43.0,1.7,0.9,5.0,2.3,0,0,1
Ray Owes,1996,-0.4,0.4,11.1,57.0,0.8,0.4,3.1,1.7,0,0,1
Malik Rose,1996,-0.2,0.8,13.7,54.0,1.1,0.8,3.0,1.7,0,0,1
Jermaine O'Neal,1996,-0.2,0.7,13.7,45.0,1.7,0.6,4.1,1.9,0,0,1
Martin Müürsepp,1996,0.0,0.3,14.9,42.0,1.7,0.4,3.7,0.8,0,0,1
Michael Hawkins,1996,-0.2,0.1,10.6,29.0,0.5,1.0,2.8,0.8,0,0,1
Darvin Ham,1996,-0.2,0.1,8.5,36.0,1.0,0.6,2.3,0.8,0,0,1
Mark Hendrickson,1996,-0.2,0.2,11.5,29.0,0.9,0.5,2.9,2.0,0,0,1
Steve Hamer,1996,-0.3,0.1,8.9,35.0,0.8,0.4,2.2,1.2,0,0,1
Donald Whiteside,1996,-0.1,0.1,7.6,27.0,0.6,0.6,2.2,0.4,0,0,1
Mark Bradtke,1996,-0.2,0.1,9.6,36.0,0.4,0.3,1.6,1.2,0,0,1
Reggie Geary,1996,0.0,0.4,8.7,39.0,0.3,0.4,1.5,0.3,0,0,1
Shane Heal,1996,-0.3,0.1,5.0,43.0,0.1,0.4,1.7,0.4,0,0,1
Emanual Davis,1996,0.0,0.3,9.7,13.0,0.6,1.3,5.0,1.5,0,0,1
Ben Wallace,1996,-0.3,0.3,6.0,34.0,0.6,0.5,1.1,1.0,0,0,1
Walter McCarty,1996,-0.1,0.3,6.4,35.0,0.4,0.5,1.8,0.4,0,0,1
Marcus Brown,1996,0.0,0.2,12.9,21.0,0.9,0.6,3.9,0.5,0,0,1
Priest Lauderdale,1996,-0.3,0.3,13.6,35.0,0.7,1.1,3.2,0.8,0,0,1
Jerome Williams,1996,0.0,0.4,12.6,33.0,0.5,0.4,1.5,0.8,0,0,1
Kevin Salvadori,1996,-0.2,0.2,8.3,23.0,0.8,0.5,1.6,0.8,0,0,1
Nate Driggers,1996,-0.2,0.0,6.8,15.0,0.9,0.4,2.4,0.7,0,0,1
Jeff McInnis,1996,0.1,0.0,14.8,13.0,0.8,1.0,5.0,0.3,0,0,1
Ruben Nembhard,1996,0.1,0.2,13.3,10.0,1.0,0.8,4.0,0.5,0,0,1
Amal McCaskill,1996,-0.1,0.2,6.1,17.0,0.7,0.6,1.6,1.1,0,0,1
Horacio Llamas,1996,-0.1,0.2,10.5,20.0,0.4,0.6,1.7,0.7,0,0,1
Ben Davis,1996,-0.1,0.1,9.4,20.0,1.0,0.2,1.5,0.8,0,0,1
Moochie Norris,1996,-0.1,0.0,8.2,8.0,0.6,0.6,1.5,1.1,0,0,1
Jason Sasser,1996,-0.1,0.0,5.8,8.0,0.0,0.3,2.4,0.9,0,0,1
Aleksandar Djordjevic,1996,0.1,0.0,12.5,8.0,0.6,0.6,3.1,0.5,0,0,1
Stevin Smith,1996,-0.1,0.0,3.3,8.0,0.1,0.5,1.8,1.0,0,0,1
Brian Evans,1996,0.0,0.1,11.7,14.0,0.0,0.1,1.4,0.5,0,0,1
Brent Scott,1996,-0.1,0.1,7.0,16.0,0.4,0.3,1.2,0.4,0,0,1
Shawnelle Scott,1996,0.0,0.1,18.7,16.0,0.7,0.0,1.3,0.5,0,0,1
Devin Gray,1996,-0.2,0.1,4.6,6.0,0.8,0.8,3.0,1.3,0,0,1
Dexter Boney,1996,0.0,0.0,10.2,8.0,1.0,0.1,2.4,0.4,0,0,1
Evric Gray,1996,-0.1,0.0,2.8,5.0,0.8,0.6,2.6,0.4,0,0,1
Gaylon Nickerson,1996,0.0,0.0,12.9,4.0,1.8,0.3,3.8,1.0,0,0,1
James Scott,1996,-0.1,0.1,-4.1,8.0,0.3,0.3,0.1,0.6,0,0,1
Jimmy Carruth,1996,0.0,0.0,9.7,4.0,0.3,0.3,1.3,1.0,0,0,1
Matt Steigenga,1996,0.0,0.0,7.0,2.0,1.0,1.0,1.5,1.5,0,0,1
Joe Stephens,1996,0.0,0.0,3.0,2.0,0.0,1.5,1.5,0.5,0,0,1
Bruce Bowen,1996,0.0,0.0,37.7,1.0,0.0,0.0,0.0,0.0,0,0,1
Tim Duncan,1997,5.3,7.2,22.6,82.0,5.9,3.4,21.1,8.6,1,1,1
Ron Mercer,1997,0.4,1.9,14.1,80.0,2.8,1.7,15.3,2.1,1,1,1
Cedric Henderson,1997,0.3,4.0,10.7,82.0,2.3,2.0,10.1,3.1,1,2,1
Brevin Knight,1997,3.5,4.9,17.1,80.0,3.1,2.4,9.0,2.3,1,1,1
Zydrunas Ilgauskas,1997,2.1,4.9,19.7,82.0,3.7,1.8,13.9,5.4,1,1,1
Keith Van Horn,1997,0.7,1.6,15.7,62.0,4.9,2.6,19.7,4.3,1,1,1
Anthony Johnson,1997,-1.4,0.8,8.6,77.0,1.4,1.6,7.5,1.6,0,0,1
Chauncey Billups,1997,0.5,0.9,13.6,80.0,3.3,2.2,11.2,1.6,0,0,1
Bobby Jackson,1997,-0.3,0.7,13.6,68.0,2.7,2.7,11.6,3.3,1,2,1
Antonio Daniels,1997,-1.5,-0.4,9.9,74.0,2.3,2.2,7.8,1.6,0,0,1
Derek Anderson,1997,1.7,2.8,15.3,66.0,4.8,1.9,11.7,2.0,1,2,1
Danny Fortson,1997,-1.4,0.4,14.3,80.0,4.2,2.0,10.2,3.3,0,0,1
Tim Thomas,1997,0.7,1.3,14.8,77.0,3.0,1.5,11.0,2.4,1,2,1
Michael Stewart,1997,0.2,2.6,12.9,81.0,1.8,1.0,4.6,4.2,0,0,1
Eric Washington,1997,-0.8,-0.2,9.6,66.0,1.3,1.1,7.7,1.2,0,0,1
Maurice Taylor,1997,-0.7,0.3,16.1,71.0,3.4,1.5,11.5,2.5,1,2,1
Tony Battie,1997,-0.7,0.8,13.3,65.0,1.6,1.5,8.4,3.3,0,0,1
Tracy McGrady,1997,0.8,0.7,17.4,64.0,1.7,1.0,7.0,2.6,0,0,1
Lawrence Funderburke,1997,0.4,0.7,16.2,52.0,3.1,1.2,9.5,3.0,0,0,1
Alvin Williams,1997,-0.2,0.8,10.3,54.0,1.7,1.1,6.0,1.1,0,0,1
Rodrick Rhodes,1997,-0.9,0.6,7.7,58.0,3.1,1.7,5.8,0.7,0,0,1
Kelvin Cato,1997,0.4,2.0,13.3,74.0,1.7,0.6,3.8,2.2,0,0,1
Tariq Abdul-Wahad,1997,-0.7,0.6,10.1,59.0,2.1,1.1,6.4,1.2,0,0,1
Keith Closs,1997,0.0,0.5,14.0,58.0,1.3,0.7,4.0,1.8,0,0,1
Chris Anstey,1997,-0.1,0.9,13.2,41.0,1.8,1.0,5.9,2.5,0,0,1
Adonal Foyle,1997,-0.6,0.9,9.2,55.0,1.1,0.9,3.0,2.0,0,0,1
Rick Brunson,1997,-0.1,0.7,9.6,38.0,1.6,1.4,4.3,1.1,0,0,1
John Thomas,1997,-0.4,0.4,9.1,54.0,1.0,0.9,2.8,1.1,0,0,1
Jerald Honeycutt,1997,-0.1,0.5,11.8,38.0,1.5,1.3,6.4,1.7,0,0,1
Ed Gray,1997,0.1,0.4,13.0,30.0,2.2,1.0,7.6,1.2,0,0,1
Kevin Ollie,1997,-0.3,0.2,8.9,35.0,2.0,1.3,3.5,0.9,0,0,1
Jacque Vaughn,1997,-0.6,0.2,6.9,45.0,1.5,1.2,3.1,0.8,0,0,1
Bubba Wells,1997,-0.2,0.3,11.1,39.0,1.1,0.8,3.3,1.2,0,0,1
Travis Williams,1997,-0.1,0.4,13.7,39.0,1.2,0.8,3.5,1.0,0,0,1
Scot Pollard,1997,0.0,0.4,13.3,33.0,0.7,0.4,2.7,1.2,0,0,1
Chris Garner,1997,-0.4,0.1,5.6,38.0,0.2,0.7,1.4,0.4,0,0,1
Charles Smith,1997,-0.2,0.0,9.8,34.0,0.3,0.8,3.5,0.4,0,0,1
Chris Crawford,1997,0.1,0.3,20.4,40.0,1.7,0.5,3.8,0.5,0,0,1
Drew Barry,1997,-0.1,0.3,10.7,27.0,0.5,1.1,2.1,1.1,0,0,1
Austin Croshere,1997,-0.3,0.4,7.7,26.0,0.5,0.5,2.9,1.3,0,0,1
Charles O'Bannon,1997,0.0,0.2,10.5,30.0,0.5,0.3,2.1,0.6,0,0,1
Kiwane Lemorris Garris,1997,-0.2,0.0,8.7,28.0,0.9,0.5,2.4,0.6,0,0,1
Anthony Parker,1997,0.1,0.2,14.0,37.0,0.5,0.3,1.9,0.5,0,0,1
Mark Pope,1997,-0.3,0.2,3.4,28.0,0.6,0.4,1.4,0.6,0,0,1
Tony Farmer,1997,0.0,0.2,13.9,27.0,1.4,0.3,2.5,0.6,0,0,1
Marko Milič,1997,0.1,0.2,18.4,33.0,0.5,0.6,2.8,0.5,0,0,1
DeJuan Wheat,1997,0.1,0.1,13.5,34.0,0.4,0.3,1.7,0.2,0,0,1
God Shammgod,1997,-0.2,0.1,9.2,20.0,1.5,1.1,3.1,0.3,0,0,1
Rusty LaRue,1997,-0.1,0.1,7.3,14.0,0.6,0.4,3.5,0.5,0,0,1
Brandon Williams,1997,-0.3,0.1,2.9,9.0,0.4,1.0,4.1,1.2,0,0,1
Kebu Stewart,1997,0.0,0.2,14.0,15.0,1.7,0.5,2.7,1.5,0,0,1
Johnny Taylor,1997,-0.2,0.1,4.4,12.0,1.3,0.7,3.2,0.8,0,0,1
James Collins,1997,0.0,0.0,15.3,23.0,0.6,0.3,2.6,0.3,0,0,1
Dontae' Jones,1997,-0.2,0.1,3.8,15.0,0.0,0.7,2.9,0.4,0,0,1
Jason Lawson,1997,0.1,0.2,21.5,17.0,0.6,0.1,1.5,1.1,0,0,1
Jeff Nordgaard,1997,0.0,0.1,11.6,13.0,0.7,0.2,1.4,0.8,0,0,1
William Cunningham,1997,0.0,0.1,9.3,7.0,0.0,0.0,1.1,0.9,0,0,1
Derek Grimm,1997,0.0,0.1,7.9,9.0,0.2,0.3,1.6,0.4,0,0,1
James Cotton,1997,-0.1,0.0,12.5,9.0,1.0,0.7,2.7,0.4,0,0,1
Reggie Hanson,1997,0.0,0.0,6.9,8.0,0.0,0.4,0.8,0.4,0,0,1
Troy Hudson,1997,0.0,0.0,19.1,8.0,0.0,0.1,1.5,0.1,0,0,1
Keith Booth,1997,0.0,0.0,13.8,6.0,1.0,0.5,1.7,0.3,0,0,1
Ed Stokes,1997,0.0,0.0,6.4,4.0,0.5,0.5,0.8,0.8,0,0,1
Etdrick Bohannon,1997,-0.1,0.0,-10.3,5.0,0.0,0.6,0.0,0.8,0,0,1
Shea Seals,1997,0.0,0.0,4.9,4.0,1.0,0.0,1.0,0.3,0,0,1
Michael McDonald,1997,0.0,0.0,-22.1,1.0,0.0,2.0,0.0,0.0,0,0,1
Jason Williams,1998,0.5,1.3,12.8,50.0,2.1,2.9,12.8,2.8,1,1,1
Vince Carter,1998,2.1,1.4,19.6,50.0,5.4,2.2,18.3,3.8,1,1,1
Mike Bibby,1998,0.1,0.2,14.8,50.0,3.4,2.9,13.2,2.1,1,1,1
Paul Pierce,1998,2.3,2.0,19.2,48.0,4.1,2.4,16.5,4.0,1,1,1
Michael Dickerson,1998,0.0,0.2,11.5,50.0,1.4,1.3,10.9,1.1,1,2,1
Cuttino Mobley,1998,0.4,0.8,12.2,49.0,2.2,1.6,9.9,1.8,1,2,1
Tyrone Nesby,1998,1.2,0.4,17.0,50.0,2.7,1.1,10.1,2.4,0,0,1
Michael Olowokandi,1998,-1.0,0.5,11.8,45.0,2.6,1.9,8.9,5.3,1,2,1
Felipe López,1998,-0.4,0.2,11.8,47.0,2.9,1.7,9.3,2.1,0,0,1
Matt Harpring,1998,0.1,1.5,13.0,50.0,2.9,1.5,8.2,2.5,1,1,1
Antawn Jamison,1998,0.5,1.4,16.6,47.0,3.3,1.4,9.6,3.6,1,2,1
Peja Stojaković,1998,0.5,0.7,13.5,48.0,1.5,1.1,8.4,2.1,0,0,1
Larry Hughes,1998,0.9,1.5,16.7,50.0,3.0,1.4,9.1,2.1,0,0,1
Dirk Nowitzki,1998,-0.1,0.7,12.8,47.0,2.7,1.6,8.2,2.6,0,0,1
Kornél Dávid,1998,-0.1,0.7,13.6,50.0,2.2,1.0,6.2,2.1,0,0,1
Robert Traylor,1998,0.6,1.2,17.0,49.0,1.6,0.9,5.3,2.1,0,0,1
Michael Doleac,1998,0.0,1.1,13.7,49.0,1.6,0.5,6.2,1.7,1,2,1
Cory Carr,1998,-1.0,0.4,5.1,42.0,0.8,1.1,4.1,1.0,0,0,1
Ricky Davis,1998,0.0,0.5,12.9,46.0,1.3,1.2,4.5,1.0,0,0,1
Pat Garrity,1998,-0.1,0.2,13.0,39.0,1.4,0.5,5.6,1.3,0,0,1
Charles Jones,1998,-0.4,0.3,6.5,29.0,0.8,1.0,3.7,1.1,0,0,1
Brad Miller,1998,0.4,0.5,21.2,38.0,2.7,0.8,6.3,2.2,0,0,1
Bryce Drew,1998,-0.4,0.2,6.6,34.0,0.2,0.9,3.5,0.9,0,0,1
Keon Clark,1998,-0.1,0.2,11.3,28.0,1.3,0.8,3.3,2.1,0,0,1
Raef LaFrentz,1998,0.3,0.1,18.9,12.0,4.0,0.8,13.8,4.8,0,0,1
Roshown McLeod,1998,-0.2,0.4,11.3,34.0,1.3,0.7,4.8,1.1,0,0,1
Damon Jones,1998,0.2,0.3,13.7,24.0,0.7,0.7,5.2,1.6,0,0,1
J.R. Henderson,1998,-0.2,0.0,9.0,30.0,1.5,0.6,3.2,0.9,0,0,1
Jelani McCoy,1998,0.4,0.3,21.1,26.0,1.6,0.4,5.1,2.0,0,0,1
Corey Benjamin,1998,-0.3,0.3,8.3,31.0,1.3,0.7,3.8,0.8,0,0,1
Vladimir Stepania,1998,-0.3,0.3,11.3,23.0,1.7,1.4,5.5,2.1,0,0,1
Andrae Patterson,1998,0.0,0.5,14.5,35.0,1.0,0.6,3.3,1.0,0,0,1
Randell Jackson,1998,-0.2,0.1,11.6,27.0,1.2,1.0,4.2,0.9,0,0,1
Brian Skinner,1998,0.0,0.1,13.2,21.0,1.6,0.9,4.1,1.6,0,0,1
Toby Bailey,1998,-0.1,0.2,11.3,27.0,0.5,0.4,2.9,1.1,0,0,1
Gerald Brown,1998,-0.3,0.1,7.3,33.0,0.4,0.7,2.4,0.5,0,0,1
Earl Boykins,1998,-0.3,0.1,7.2,22.0,0.1,0.9,3.0,0.5,0,0,1
Marlon Garnett,1998,-0.2,0.1,6.5,24.0,0.8,0.5,2.1,0.8,0,0,1
Ryan Stack,1998,-0.2,0.1,9.7,18.0,1.1,0.5,2.6,0.8,0,0,1
Jahidi White,1998,-0.2,0.2,9.4,20.0,1.8,0.8,2.5,1.8,0,0,1
Tyronn Lue,1998,-0.1,0.0,11.2,15.0,1.4,0.7,5.0,0.3,0,0,1
Jeff Sheppard,1998,0.0,0.2,8.7,18.0,0.7,0.4,2.2,0.9,0,0,1
Al Harrington,1998,-0.3,0.1,6.4,21.0,0.7,0.5,2.1,0.9,0,0,1
Rashard Lewis,1998,-0.3,0.1,4.5,20.0,0.7,1.0,2.4,0.6,0,0,1
Ruben Patterson,1998,-0.1,0.1,14.3,24.0,1.3,0.5,2.7,0.5,0,0,1
Nazr Mohammed,1998,-0.2,0.2,10.0,26.0,0.8,0.5,1.6,0.7,0,0,1
Gerard King,1998,0.0,0.1,13.6,19.0,0.9,0.2,1.2,0.4,0,0,1
Jerome James,1998,-0.1,0.1,11.4,16.0,0.8,0.6,1.5,0.7,0,0,1
Bonzi Wells,1998,0.0,0.1,26.3,7.0,2.6,0.9,4.4,0.7,0,0,1
Rasho Nesterović,1998,-0.1,0.0,3.5,2.0,1.0,0.5,4.0,2.5,0,0,1
Sean Marks,1998,0.0,0.0,7.8,8.0,0.3,0.4,1.4,0.1,0,0,1
Makhtar N'Diaye,1998,-0.1,0.0,3.9,4.0,1.0,0.3,1.3,0.5,0,0,1
Alvin Sims,1998,0.0,0.0,10.9,4.0,1.3,1.5,2.8,0.3,0,0,1
Miles Simon,1998,-0.1,0.0,-7.2,5.0,0.0,0.6,0.4,0.2,0,0,1
Korleone Young,1998,0.0,0.0,31.3,3.0,0.7,0.3,4.3,0.7,0,0,1
Casey Shaw,1998,-0.1,0.0,-14.9,9.0,0.0,0.2,0.2,0.0,0,0,1
Paul Grant,1998,-0.1,0.0,-4.6,6.0,0.0,0.3,0.7,0.0,0,0,1
Sam Jacobson,1998,0.0,0.0,20.6,2.0,1.0,0.5,4.0,1.5,0,0,1
Bruno Šundov,1998,0.0,0.0,-8.8,3.0,0.0,0.3,1.3,0.0,0,0,1
Mikki Moore,1998,0.0,0.0,35.7,2.0,1.0,0.0,2.0,0.5,0,0,1
Peter Aluma,1998,0.0,0.0,3.1,2.0,0.0,1.0,1.0,0.5,0,0,1
Jonathan Kerner,1998,0.0,0.0,-15.2,1.0,0.0,0.0,0.0,0.0,0,0,1
Trevor Winter,1998,0.0,0.0,-4.3,1.0,0.0,0.0,0.0,2.0,0,0,1
Kelly McCarty,1998,0.0,0.0,31.7,2.0,0.0,1.0,2.0,0.5,0,0,1
Shammond Williams,1998,0.0,0.0,33.8,2.0,2.0,0.0,1.5,0.0,0,0,1
Tyson Wheeler,1998,0.0,0.0,76.1,1.0,2.0,0.0,4.0,0.0,0,0,1
Mark Baker,1998,0.0,0.0,-46.6,1.0,0.0,1.0,0.0,0.0,0,0,1
Elton Brand,1999,2.5,3.3,20.6,81.0,6.6,2.8,20.1,5.7,1,1,1
Steve Francis,1999,2.8,2.0,18.4,77.0,4.7,4.0,18.0,3.3,1,1,1
Lamar Odom,1999,1.8,1.5,16.8,76.0,5.5,3.4,16.6,5.7,1,1,1
Metta World Peace,1999,1.0,2.6,13.4,72.0,3.9,2.3,12.0,3.4,1,2,1
Wally Szczerbiak,1999,1.6,1.7,15.4,73.0,2.2,1.1,11.6,2.5,1,1,1
Andre Miller,1999,2.1,1.8,17.9,82.0,3.6,2.0,11.1,2.4,1,1,1
James Posey,1999,1.4,1.9,13.0,81.0,1.9,1.2,8.2,2.9,1,2,1
Adrian Griffin,1999,1.3,2.1,12.6,72.0,2.2,1.3,6.7,3.4,0,0,1
Jason Terry,1999,0.5,0.9,13.9,81.0,1.7,1.9,8.1,1.8,1,2,1
Anthony Carter,1999,-0.4,2.4,11.0,79.0,1.6,2.2,6.3,1.9,0,0,1
Kenny Thomas,1999,-0.3,1.6,12.0,72.0,2.9,1.6,8.3,4.0,0,0,1
Vonteego Cummings,1999,0.2,0.7,12.9,75.0,2.3,1.8,9.4,1.7,0,0,1
Chucky Atkins,1999,0.5,1.3,14.4,82.0,1.6,1.7,9.5,1.3,1,2,1
Baron Davis,1999,0.5,2.2,12.9,82.0,1.9,1.7,5.9,1.4,0,0,1
Richard Hamilton,1999,-0.6,0.3,11.6,71.0,1.9,1.2,9.0,1.3,0,0,1
Corey Maggette,1999,-0.2,1.4,14.1,77.0,3.4,1.8,8.4,2.3,0,0,1
Shawn Marion,1999,1.0,2.4,17.1,51.0,1.7,1.0,10.2,4.5,1,2,1
Eddie Robinson,1999,0.7,1.5,16.4,67.0,1.0,0.6,7.0,1.9,0,0,1
Michael Ruffin,1999,-0.8,1.0,7.8,71.0,1.2,0.8,2.2,1.9,0,0,1
Greg Buckner,1999,0.1,0.8,12.1,48.0,1.3,0.8,5.7,2.5,0,0,1
Quincy Lewis,1999,-0.8,0.9,6.6,74.0,0.7,0.6,3.8,0.9,0,0,1
Chris Herren,1999,-0.3,0.2,8.9,45.0,0.9,0.9,3.1,0.9,0,0,1
Ryan Bowen,1999,0.3,0.6,11.8,52.0,1.0,0.3,2.5,0.8,0,0,1
Todd MacCulloch,1999,0.3,1.0,16.1,56.0,1.0,0.5,3.7,1.8,0,0,1
Dedric Willoughby,1999,0.1,0.4,12.2,25.0,2.0,1.5,7.6,1.6,0,0,1
William Avery,1999,-0.5,0.3,6.7,59.0,0.6,0.7,2.6,0.5,0,0,1
Dion Glover,1999,-0.1,0.1,12.4,30.0,2.3,0.9,6.5,0.8,0,0,1
Scott Padgett,1999,-0.3,0.6,7.6,47.0,0.6,0.5,2.6,1.4,0,0,1
Cal Bowdler,1999,-0.2,0.3,10.0,46.0,0.8,0.5,2.7,1.4,0,0,1
Milt Palacio,1999,-0.2,0.2,8.8,53.0,0.7,0.8,2.0,0.6,0,0,1
Rodney Buford,1999,-0.1,0.5,11.2,34.0,0.6,0.3,4.3,1.1,0,0,1
Evan Eschmeyer,1999,-0.1,0.4,11.8,31.0,1.0,0.7,2.9,2.2,0,0,1
Rafer Alston,1999,-0.5,0.0,4.3,27.0,0.1,1.1,2.2,0.7,0,0,1
Obinna Ekezie,1999,-0.2,0.2,11.8,39.0,1.6,0.7,3.2,1.5,0,0,1
Devean George,1999,-0.1,0.6,12.1,49.0,0.8,0.4,3.2,0.9,0,0,1
Laron Profit,1999,-0.2,0.1,4.4,33.0,0.3,0.6,1.5,0.7,0,0,1
Rick Hughes,1999,-0.2,0.1,10.9,21.0,1.2,0.7,3.9,1.2,0,0,1
John Celestand,1999,-0.3,0.2,2.7,16.0,0.4,1.0,2.3,0.6,0,0,1
Lazaro Borrell,1999,0.0,0.2,15.0,17.0,0.6,0.4,3.6,1.5,0,0,1
Trajan Langdon,1999,0.0,0.1,10.9,10.0,1.1,0.6,4.9,1.1,0,0,1
Calvin Booth,1999,-0.1,0.2,11.9,11.0,1.3,0.5,3.8,1.5,0,0,1
Jumaine Jones,1999,0.0,0.3,12.6,33.0,0.5,0.4,1.7,0.7,0,0,1
Tim Young,1999,-0.1,0.0,11.7,25.0,1.4,0.4,2.2,0.9,0,0,1
Lari Ketner,1999,-0.2,0.2,7.1,22.0,0.5,0.5,1.5,1.0,0,0,1
Jonathan Bender,1999,-0.3,0.1,7.6,24.0,1.0,0.3,2.7,0.7,0,0,1
Derrick Dial,1999,-0.1,0.1,12.0,8.0,0.6,0.8,5.0,1.5,0,0,1
Mirsad Türkcan,1999,-0.1,0.1,11.1,17.0,0.5,0.5,1.9,1.2,0,0,1
Jeff Foster,1999,0.1,0.2,25.6,19.0,1.3,0.1,2.3,1.1,0,0,1
Harold Jamison,1999,-0.1,0.1,6.6,12.0,1.5,0.3,1.5,0.4,0,0,1
Jermaine Jackson,1999,-0.1,0.1,-1.5,7.0,1.1,1.0,1.0,1.4,0,0,1
A.J. Bramlett,1999,-0.2,0.1,-0.4,8.0,0.0,0.4,1.0,1.3,0,0,1
Jamel Thomas,1999,0.0,0.0,9.1,7.0,0.1,0.7,2.4,0.6,0,0,1
Wayne Turner,1999,-0.1,0.0,-1.7,3.0,2.0,1.0,1.3,0.7,0,0,1
DeMarco Johnson,1999,-0.1,0.0,0.5,5.0,0.0,0.6,1.2,0.8,0,0,1
Ryan Robertson,1999,0.0,0.0,2.6,1.0,1.0,0.0,5.0,0.0,0,0,1
Aleksandar Radojević,1999,-0.1,0.1,2.4,3.0,2.0,1.7,2.3,2.0,0,0,1
Tim James,1999,0.0,0.0,12.6,4.0,0.8,0.5,2.8,0.3,0,0,1
Ira Bowman,1999,0.0,0.0,13.3,11.0,0.2,0.1,0.5,0.2,0,0,1
Derek Hood,1999,0.0,0.0,-24.2,2.0,0.0,0.0,0.0,0.5,0,0,1
Jason Miskiri,1999,0.0,0.0,-12.4,1.0,0.0,0.0,0.0,0.0,0,0,1
Mike Miller,2000,1.0,1.9,13.2,82.0,1.6,1.2,11.9,3.2,1,1,1
Kenyon Martin,2000,0.2,2.5,13.4,68.0,2.8,2.0,12.0,5.4,1,1,1
Darius Miles,2000,0.8,2.6,14.7,81.0,2.9,1.8,9.4,4.3,1,1,1
Morris Peterson,2000,0.5,1.3,14.1,80.0,1.8,1.0,9.3,1.8,1,1,1
Stephen Jackson,2000,0.2,1.3,12.1,77.0,1.8,1.7,8.2,2.2,0,0,1
Marcus Fizer,2000,-1.6,0.6,11.0,72.0,2.2,1.7,9.5,3.3,1,2,1
Desmond Mason,2000,-0.3,0.8,10.5,78.0,1.2,0.7,5.9,2.3,1,2,1
Marc Jackson,2000,0.2,0.7,16.1,48.0,4.0,1.9,13.2,5.0,1,1,1
Courtney Alexander,2000,-0.8,0.5,11.6,65.0,2.3,1.2,9.5,1.6,1,2,1
Quentin Richardson,2000,0.9,1.0,16.5,76.0,2.1,0.8,8.1,2.0,0,0,1
DerMarr Johnson,2000,-0.5,0.9,8.4,78.0,1.1,1.2,5.1,1.6,0,0,1
Stromile Swift,2000,0.0,1.6,13.1,80.0,1.8,0.8,4.9,2.2,0,0,1
Mateen Cleaves,2000,-1.0,1.2,9.0,78.0,1.8,1.8,5.4,1.4,0,0,1
Hedo Türkoğlu,2000,0.4,1.8,11.7,74.0,1.5,0.7,5.3,2.2,1,2,1
Keyon Dooling,2000,-0.2,0.7,12.6,76.0,2.4,1.2,5.9,1.1,0,0,1
Chris Mihm,2000,-0.7,1.0,12.6,59.0,2.1,1.4,7.6,2.9,1,2,1
Chris Porter,2000,-0.7,0.3,11.1,51.0,2.8,1.2,8.6,2.0,0,0,1
Mark Blount,2000,-0.3,1.4,11.1,64.0,1.0,1.0,3.9,2.1,0,0,1
Jamaal Magloire,2000,-0.1,2.0,13.4,74.0,2.0,0.8,4.6,2.6,0,0,1
Jamal Crawford,2000,-0.6,0.4,8.5,61.0,0.6,1.4,4.6,1.3,0,0,1
Hanno Möttölä,2000,-1.1,0.5,7.5,73.0,1.2,0.9,4.4,1.7,0,0,1
Jake Tsakalidis,2000,-0.5,1.6,9.6,57.0,1.6,1.2,4.5,2.8,0,0,1
Khalid El-Amin,2000,-0.1,0.4,12.2,50.0,1.4,1.1,6.3,1.2,0,0,1
Mike Penberthy,2000,0.1,0.2,11.2,53.0,0.6,0.6,5.0,1.0,0,0,1
Mark Madsen,2000,-0.4,0.3,9.2,70.0,0.5,0.4,2.0,1.1,0,0,1
A.J. Guyton,2000,-0.3,-0.1,10.3,33.0,0.5,0.7,6.0,0.8,0,0,1
Dragan Tarlać,2000,-0.8,0.2,5.6,43.0,0.8,0.9,2.4,2.0,0,0,1
Paul McPherson,2000,0.0,0.5,13.6,55.0,1.1,0.9,4.8,0.7,0,0,1
Daniel Santiago,2000,-0.4,0.9,7.9,54.0,1.1,0.9,3.1,1.2,0,0,1
Eddie House,2000,-0.2,0.6,11.6,50.0,0.7,0.7,5.0,0.7,0,0,1
Lee Nailon,2000,-0.1,0.6,11.7,42.0,1.0,0.6,3.9,1.5,0,0,1
Eduardo Nájera,2000,0.2,0.4,14.0,40.0,0.8,0.4,3.3,1.4,0,0,1
David Vanterpool,2000,-0.2,0.2,10.9,22.0,2.3,1.7,5.5,1.0,0,0,1
Rubén Wolkowyski,2000,-0.3,0.2,6.4,34.0,1.0,0.4,2.2,1.0,0,0,1
DeShawn Stevenson,2000,-0.4,0.2,4.3,40.0,1.0,0.7,2.2,0.5,0,0,1
Joel Przybilla,2000,-0.3,0.3,5.9,33.0,0.3,0.4,0.8,1.3,0,0,1
Dalibor Bagarić,2000,-0.5,0.2,3.3,35.0,0.8,0.6,1.3,1.0,0,0,1
Dan Langhi,2000,-0.3,0.2,9.4,33.0,0.9,0.2,2.7,0.8,0,0,1
Soumaila Samake,2000,-0.1,0.2,9.0,34.0,0.7,0.1,1.4,0.9,0,0,1
Jason Collier,2000,-0.2,0.1,7.4,23.0,1.0,0.5,3.1,1.1,0,0,1
Olumide Oyedeji,2000,-0.1,0.3,10.6,30.0,0.4,0.4,1.5,1.4,0,0,1
Ira Newble,2000,-0.1,0.2,8.9,27.0,0.6,0.3,2.0,0.8,0,0,1
Mike Smith,2000,-0.1,0.0,8.1,17.0,0.9,0.4,3.0,0.7,0,0,1
Lavor Postell,2000,-0.1,0.2,7.2,26.0,1.0,0.7,2.3,0.7,0,0,1
Eddie Gill,2000,-0.1,0.0,8.9,8.0,0.6,1.3,4.9,1.1,0,0,1
Pepe Sánchez,2000,0.1,0.2,12.6,29.0,0.1,0.2,0.7,0.4,0,0,1
Jake Voskuhl,2000,-0.3,0.1,5.8,16.0,0.9,0.8,1.9,1.4,0,0,1
Jérôme Moïso,2000,-0.3,0.2,3.2,24.0,1.1,0.8,1.5,1.3,0,0,1
Steve Goodrich,2000,-0.2,0.0,4.1,12.0,0.6,0.7,1.6,1.2,0,0,1
Brian Cardinal,2000,-0.1,0.2,4.7,15.0,1.2,0.6,2.1,1.0,0,0,1
Rubén Garcés,2000,-0.1,0.1,9.7,13.0,0.6,0.4,1.2,1.0,0,0,1
Jamal Robinson,2000,-0.1,0.2,-1.9,6.0,0.0,0.5,1.0,1.3,0,0,1
Jabari Smith,2000,0.0,0.1,14.7,9.0,0.7,0.3,2.9,0.8,0,0,1
Donnell Harvey,2000,-0.1,0.1,9.8,18.0,0.9,0.4,1.2,0.8,0,0,1
Dan McClintock,2000,-0.1,0.0,9.9,6.0,0.8,0.5,3.0,1.2,0,0,1
Sean Colson,2000,-0.1,0.0,6.8,13.0,0.3,0.2,1.2,0.3,0,0,1
Stanislav Medvedenko,2000,0.0,0.0,21.8,7.0,1.7,0.4,4.6,1.1,0,0,1
Erick Barkley,2000,-0.1,0.0,10.3,8.0,0.0,0.6,2.4,0.4,0,0,1
Wang Zhizhi,2000,-0.1,0.0,14.9,5.0,2.0,0.2,4.8,1.2,0,0,1
Michael Redd,2000,-0.1,0.0,3.4,6.0,1.0,0.2,2.2,0.2,0,0,1
Raja Bell,2000,-0.1,0.0,-0.6,5.0,0.0,0.4,1.0,0.2,0,0,1
Art Long,2000,-0.1,0.1,-3.6,9.0,0.2,0.2,0.0,0.7,0,0,1
Zendon Hamilton,2000,-0.1,0.0,5.7,3.0,2.7,0.7,3.0,1.7,0,0,1
Garth Joseph,2000,-0.1,0.0,-5.0,4.0,0.5,0.5,0.5,0.0,0,0,1
Terrance Roberson,2000,-0.1,0.0,-15.0,3.0,0.0,0.7,0.0,0.3,0,0,1
Mamadou N'Diaye,2000,0.0,0.0,6.6,3.0,0.7,0.0,1.3,0.3,0,0,1
Jason Hart,2000,0.0,0.0,1.7,1.0,0.0,2.0,2.0,0.0,0,0,1
Andy Panko,2000,0.0,0.0,0.0,1.0,0.0,0.0,0.0,0.0,0,0,1
Shane Battier,2001,1.9,2.1,13.9,78.0,3.6,2.0,14.4,3.1,1,1,1
Pau Gasol,2001,2.8,2.8,19.5,82.0,5.8,2.7,17.6,6.0,1,1,1
Jason Richardson,2001,0.7,0.9,13.8,80.0,2.6,2.0,14.4,2.7,1,1,1
Jamaal Tinsley,2001,1.0,2.9,13.4,80.0,2.3,3.4,9.4,2.8,1,2,1
Tony Parker,2001,0.6,2.9,11.7,77.0,2.1,2.0,9.2,2.1,1,1,1
Trenton Hassell,2001,-0.4,0.9,10.4,78.0,1.5,1.3,8.7,2.4,0,0,1
Andrei Kirilenko,2001,3.1,3.3,18.8,82.0,4.5,1.3,10.7,3.1,1,1,1
Richard Jefferson,2001,0.8,2.9,13.4,79.0,3.4,1.4,9.4,2.6,1,2,1
Joe Johnson,2001,0.6,1.9,11.8,77.0,0.7,0.9,7.5,2.4,0,0,1
Eddie Griffin,2001,0.5,1.4,13.8,73.0,1.2,0.6,8.8,4.1,1,2,1
Speedy Claxton,2001,0.6,2.4,12.6,67.0,2.0,1.4,7.2,1.7,0,0,1
Troy Murphy,2001,-0.8,0.7,10.3,82.0,1.9,1.0,5.9,2.7,0,0,1
Jarron Collins,2001,-0.5,1.0,11.5,70.0,2.6,0.8,6.4,2.3,0,0,1
Jason Collins,2001,0.0,2.0,10.7,77.0,2.1,0.9,4.5,2.2,0,0,1
Tyson Chandler,2001,-0.5,1.4,13.0,71.0,3.1,1.4,6.1,3.2,0,0,1
Brendan Haywood,2001,0.2,1.4,13.7,62.0,2.6,0.8,5.1,2.9,0,0,1
Vladimir Radmanović,2001,0.8,1.5,12.7,61.0,1.2,1.2,6.7,3.0,0,0,1
Željko Rebrača,2001,-0.1,1.9,16.2,74.0,2.4,1.1,6.9,2.8,1,2,1
Predrag Drobnjak,2001,-0.4,0.8,12.7,64.0,1.1,0.8,6.8,2.3,0,0,1
Gilbert Arenas,2001,0.9,0.7,17.0,47.0,3.4,2.1,10.9,1.9,0,0,1
Eddy Curry,2001,-0.7,0.8,14.4,72.0,2.2,1.0,6.7,2.2,0,0,1
Terence Morris,2001,-0.4,0.4,9.5,68.0,0.4,0.7,3.8,2.0,0,0,1
Óscar Torres,2001,-0.2,0.1,11.4,65.0,1.6,0.8,6.0,1.2,0,0,1
Earl Watson,2001,0.4,0.8,11.6,64.0,0.6,0.8,3.6,0.8,0,0,1
Will Solomon,2001,-0.5,0.5,8.8,62.0,1.2,1.0,5.2,0.9,0,0,1
Kwame Brown,2001,-0.4,0.8,11.2,57.0,1.7,0.8,4.5,2.4,0,0,1
Etan Thomas,2001,0.1,0.9,15.7,47.0,1.6,0.6,4.3,2.7,0,0,1
Kenny Satterfield,2001,-0.2,0.3,11.5,36.0,1.3,1.5,5.3,1.0,0,0,1
Loren Woods,2001,-0.1,0.7,9.9,60.0,1.0,0.6,1.8,1.3,0,0,1
Steven Hunter,2001,-0.3,0.5,12.9,53.0,1.8,0.3,3.6,1.1,0,0,1
Alton Ford,2001,-0.5,0.5,10.0,53.0,1.1,0.6,3.1,1.4,0,0,1
Gerald Wallace,2001,0.0,0.6,13.3,54.0,0.9,0.4,3.2,0.7,0,0,1
Mengke Bateer,2001,-0.6,0.3,8.0,27.0,1.4,1.2,5.1,2.4,0,0,1
Tierre Brown,2001,-0.1,0.2,12.4,40.0,0.7,1.0,3.1,0.8,0,0,1
Carlos Arroyo,2001,-0.1,0.1,12.4,37.0,0.5,0.6,3.0,0.8,0,0,1
Bobby Simmons,2001,0.2,0.2,13.2,30.0,1.0,0.5,3.7,0.9,0,0,1
Tremaine Fowlkes,2001,0.0,0.2,9.5,22.0,1.4,0.6,3.4,1.5,0,0,1
Antonis Fotsis,2001,-0.1,0.2,11.3,28.0,0.7,0.8,3.9,1.3,0,0,1
Brian Scalabrine,2001,-0.3,0.4,4.2,28.0,0.5,0.9,2.1,1.4,0,0,1
Chris Andersen,2001,-0.1,0.3,13.8,24.0,1.2,0.5,3.0,1.6,0,0,1
Ruben Boumtje-Boumtje,2001,-0.2,0.3,6.5,33.0,0.8,0.4,1.2,1.0,0,0,1
Kedrick Brown,2001,0.2,0.5,11.9,29.0,0.7,0.2,2.2,1.3,0,0,1
Zach Randolph,2001,-0.1,0.3,16.9,41.0,0.7,0.4,2.8,0.9,0,0,1
Brandon Armstrong,2001,-0.3,0.2,3.8,35.0,0.3,0.2,1.8,0.2,0,0,1
Samuel Dalembert,2001,-0.1,0.4,13.2,34.0,0.5,0.4,1.5,1.3,0,0,1
Malik Allen,2001,0.0,0.3,15.0,12.0,0.8,0.2,4.3,1.9,0,0,1
Primož Brezec,2001,-0.1,0.1,9.8,22.0,1.1,0.3,2.0,0.5,0,0,1
Joe Crispin,2001,0.2,0.1,17.1,21.0,0.6,0.5,3.8,0.4,0,0,1
Ansu Sesay,2001,0.0,0.1,15.5,9.0,2.2,0.2,6.4,1.4,0,0,1
Dean Oliver,2001,-0.3,0.0,6.0,20.0,0.5,0.6,2.1,0.4,0,0,1
Rodney White,2001,-0.1,0.2,11.0,16.0,0.9,0.9,3.5,1.0,0,0,1
Alvin Jones,2001,-0.2,0.3,6.2,23.0,0.9,0.5,1.1,1.0,0,0,1
Mike James,2001,0.0,0.2,9.4,15.0,0.5,0.9,2.8,0.8,0,0,1
Michael Bradley,2001,-0.1,0.1,9.9,26.0,0.3,0.2,1.2,0.7,0,0,1
DeSagana Diop,2001,-0.2,0.1,3.2,18.0,0.3,0.7,1.4,0.7,0,0,1
Leon Smith,2001,0.0,0.1,14.0,14.0,1.2,0.2,2.2,1.5,0,0,1
Tang Hamilton,2001,0.0,0.2,10.9,9.0,0.1,0.2,2.2,1.3,0,0,1
Kirk Haston,2001,-0.2,0.1,4.0,15.0,0.5,0.2,1.7,1.0,0,0,1
Jeff Trepagnier,2001,0.0,0.1,8.4,12.0,0.6,0.9,1.5,0.8,0,0,1
Isaac Fontaine,2001,-0.1,0.0,-0.9,6.0,1.0,0.7,1.8,0.8,0,0,1
Damone Brown,2001,-0.1,0.1,1.6,17.0,0.5,0.5,1.4,0.1,0,0,1
Norm Richardson,2001,-0.1,0.0,10.3,11.0,0.8,0.3,2.7,0.5,0,0,1
Maurice Evans,2001,0.0,0.0,11.5,10.0,0.4,0.2,2.1,0.1,0,0,1
Charlie Bell,2001,-0.1,0.0,-1.8,7.0,0.3,0.7,1.1,0.4,0,0,1
Jamison Brewer,2001,0.0,0.1,10.0,13.0,0.0,0.2,0.3,0.5,0,0,1
Joseph Forte,2001,0.0,0.1,2.8,8.0,0.5,0.4,0.8,0.6,0,0,1
Jeryl Sasser,2001,0.0,0.1,7.0,7.0,0.7,0.3,1.4,0.6,0,0,1
Ernest Brown,2001,-0.1,0.0,-9.7,3.0,1.3,1.0,1.0,1.7,0,0,1
Ratko Varda,2001,0.0,0.0,15.0,1.0,1.0,1.0,5.0,1.0,0,0,1
Caron Butler,2002,1.8,3.6,15.1,78.0,4.8,2.5,15.4,3.4,1,1,1
Amar'e Stoudemire,2002,0.4,3.6,16.2,82.0,5.9,2.3,13.5,5.7,1,1,1
Yao Ming,2002,2.5,3.5,20.6,82.0,4.5,2.1,13.5,5.8,1,1,1
Nenê,2002,1.6,3.8,15.4,80.0,4.3,2.3,10.5,3.5,0,0,1
Gordan Giriček,2002,-0.5,0.7,12.1,76.0,2.4,1.9,12.3,2.7,1,2,1
Carlos Boozer,2002,1.0,1.8,17.9,81.0,2.4,1.3,10.0,5.0,1,2,1
Junior Harrington,2002,-1.6,2.4,6.4,82.0,1.4,1.9,5.1,2.5,0,0,1
Jay Williams,2002,0.0,1.3,12.2,75.0,2.1,2.3,9.5,2.2,1,2,1
Drew Gooden,2002,-0.4,1.3,15.0,70.0,3.0,2.1,12.5,4.2,1,1,1
Rasual Butler,2002,-0.2,1.4,9.5,72.0,1.4,1.1,7.5,2.2,0,0,1
J.R. Bremer,2002,0.6,1.2,12.7,64.0,1.7,0.9,8.3,2.0,1,2,1
Manu Ginóbili,2002,1.4,2.4,14.7,69.0,2.5,1.4,7.6,1.7,1,2,1
Dajuan Wagner,2002,-0.9,0.1,10.9,47.0,3.4,1.8,13.4,1.3,0,0,1
Vincent Yarbrough,2002,-0.1,1.7,9.5,59.0,1.1,1.4,6.9,2.1,0,0,1
Marko Jarić,2002,0.8,1.3,14.4,66.0,1.6,1.6,7.4,1.9,0,0,1
Mehmet Okur,2002,0.5,2.1,14.8,72.0,1.8,0.9,6.9,3.0,0,0,1
Reggie Evans,2002,-0.3,1.7,10.4,67.0,2.3,0.8,3.2,4.1,0,0,1
Nikoloz Tskitishvili,2002,-1.2,1.3,4.9,81.0,0.8,1.0,3.9,1.4,0,0,1
Mike Dunleavy,2002,0.4,0.4,12.5,82.0,1.2,1.0,5.7,1.8,0,0,1
Mike Batiste,2002,-0.5,0.7,12.2,75.0,1.2,0.9,6.4,2.3,0,0,1
Casey Jacobsen,2002,-0.1,0.7,9.2,72.0,1.5,0.8,5.1,0.8,0,0,1
Smush Parker,2002,-0.4,0.5,11.3,66.0,1.8,2.0,6.2,1.4,0,0,1
Kareem Rush,2002,-0.9,0.3,5.8,76.0,0.3,0.8,3.0,0.9,0,0,1
Melvin Ely,2002,-0.4,0.4,10.8,52.0,1.4,1.0,4.5,2.1,0,0,1
Pat Burke,2002,-0.9,0.6,8.3,62.0,0.9,0.8,4.3,1.4,0,0,1
Dan Gadzuric,2002,-0.3,0.7,11.2,49.0,1.1,0.6,3.4,2.7,0,0,1
Mike Wilks,2002,0.0,0.4,9.3,46.0,1.0,0.6,3.2,1.1,0,0,1
Juaquin Hawkins,2002,-0.1,0.7,7.3,58.0,0.3,0.5,2.3,1.1,0,0,1
Lonny Baxter,2002,-0.6,0.5,11.3,55.0,1.9,0.8,4.8,1.8,0,0,1
Chris Jefferies,2002,-0.7,0.2,6.8,51.0,0.8,0.9,3.9,0.8,0,0,1
Juan Dixon,2002,-0.3,0.5,11.0,42.0,1.1,1.0,6.4,1.4,0,0,1
Dan Dickau,2002,-0.4,0.1,9.9,50.0,0.5,1.1,3.7,0.7,0,0,1
John Salmons,2002,0.1,0.4,9.5,64.0,0.5,0.5,2.1,0.7,0,0,1
Sean Lampley,2002,0.0,0.4,12.4,35.0,2.3,0.7,4.8,1.6,0,0,1
Chris Wilcox,2002,-0.1,0.3,12.5,46.0,1.1,0.6,3.7,1.6,0,0,1
Ryan Humphrey,2002,-0.8,0.4,4.1,48.0,0.8,0.5,1.9,1.4,0,0,1
Marcus Haislip,2002,-0.4,0.1,9.6,39.0,1.0,0.5,4.1,0.8,0,0,1
Tayshaun Prince,2002,0.2,0.6,11.7,42.0,0.4,0.5,3.3,1.0,0,0,1
Jannero Pargo,2002,-0.3,0.2,7.3,34.0,0.1,0.7,2.5,0.8,0,0,1
Qyntel Woods,2002,-0.2,0.4,11.2,53.0,0.4,0.4,2.4,0.7,0,0,1
Jared Jeffries,2002,0.0,0.2,11.1,20.0,1.5,1.1,4.0,1.6,0,0,1
Tamar Slay,2002,-0.2,0.5,7.1,36.0,0.3,0.6,2.6,0.6,0,0,1
Predrag Savović,2002,-0.2,0.3,6.0,27.0,1.1,0.8,3.1,0.6,0,0,1
Igor Rakočević,2002,-0.2,0.1,8.4,42.0,0.9,0.5,1.9,0.3,0,0,1
Jiří Welsch,2002,-0.3,0.0,4.5,37.0,0.8,0.5,1.6,0.4,0,0,1
Frank Williams,2002,-0.1,0.1,6.4,21.0,0.3,0.8,1.3,0.7,0,0,1
Ken Johnson,2002,-0.2,0.2,6.1,16.0,0.4,0.4,2.0,1.8,0,0,1
Efthimios Rentzias,2002,-0.1,0.2,10.6,35.0,0.3,0.1,1.5,0.5,0,0,1
Fred Jones,2002,0.0,0.1,5.5,19.0,0.2,0.3,1.2,0.3,0,0,1
Roger Mason,2002,-0.1,0.1,7.4,17.0,0.1,0.3,1.8,0.6,0,0,1
Adam Harrington,2002,-0.1,0.1,7.4,19.0,0.2,0.1,1.6,0.4,0,0,1
Maceo Baston,2002,0.1,0.2,18.0,16.0,0.8,0.4,2.5,1.2,0,0,1
Devin Brown,2002,-0.1,0.1,6.9,10.0,0.8,0.9,3.0,1.0,0,0,1
Antoine Rigaudeau,2002,-0.3,0.1,-2.4,11.0,0.0,0.5,1.5,0.4,0,0,1
Cezary Trybański,2002,-0.2,0.0,-1.4,15.0,0.7,0.5,0.9,0.5,0,0,1
Boštjan Nachbar,2002,-0.1,0.1,5.8,14.0,0.7,0.4,2.1,0.6,0,0,1
Nate Huffman,2002,-0.1,0.1,11.8,7.0,1.1,0.4,3.3,2.0,0,0,1
Robert Archibald,2002,-0.2,0.0,2.4,12.0,1.5,0.6,1.6,0.9,0,0,1
Ronald Murray,2002,-0.1,0.0,6.6,14.0,0.6,0.6,1.9,0.3,0,0,1
Tito Maddox,2002,0.0,0.1,11.2,9.0,0.9,0.3,1.2,0.7,0,0,1
Jamal Sampson,2002,0.0,0.0,8.4,5.0,0.0,0.0,0.0,0.2,0,0,1
Chris Owens,2002,0.0,0.0,20.1,1.0,0.0,1.0,4.0,0.0,0,0,1
Paul Shirley,2002,0.0,0.0,-28.0,2.0,0.0,0.0,0.0,0.5,0,0,1
Guy Rucker,2002,0.0,0.0,7.8,3.0,0.0,0.0,0.0,0.3,0,0,1
LeBron James,2003,2.9,2.6,18.3,79.0,5.8,3.5,20.9,4.2,1,1,1
Carmelo Anthony,2003,1.6,2.4,17.6,82.0,6.4,3.0,21.0,3.8,1,1,1
Kirk Hinrich,2003,0.8,1.9,13.1,76.0,2.2,2.7,12.0,2.9,1,1,1
Chris Bosh,2003,0.8,3.8,15.1,75.0,3.8,1.4,11.5,4.9,1,1,1
Dwyane Wade,2003,1.9,2.3,17.6,61.0,5.1,3.2,16.2,2.7,1,1,1
Jarvis Hayes,2003,-1.1,1.1,9.4,70.0,1.4,1.6,9.6,2.8,1,2,1
Boris Diaw,2003,-0.2,1.1,8.8,76.0,1.2,1.7,4.5,3.0,0,0,1
Chris Kaman,2003,-1.0,0.9,9.6,82.0,1.7,1.9,6.1,4.1,0,0,1
Udonis Haslem,2003,0.0,2.1,13.7,75.0,2.4,1.0,7.3,3.8,1,2,1
Keith Bogans,2003,-0.2,0.0,11.0,73.0,1.4,1.0,6.8,2.9,0,0,1
Raül López,2003,-0.3,1.2,12.0,82.0,1.4,2.1,7.0,1.6,0,0,1
Josh Howard,2003,0.8,1.2,15.7,67.0,2.1,1.0,8.6,3.3,1,2,1
Leandro Barbosa,2003,0.5,1.0,12.7,70.0,0.9,1.7,7.9,1.4,0,0,1
T.J. Ford,2003,-0.1,0.9,12.1,55.0,1.8,2.5,7.1,2.5,1,2,1
Steve Blake,2003,-0.2,0.7,10.9,75.0,0.9,1.7,5.9,1.3,0,0,1
Marcus Banks,2003,-0.4,1.4,11.0,81.0,1.6,1.5,5.9,1.3,0,0,1
Sasha Pavlović,2003,-0.6,1.1,8.7,79.0,1.1,0.8,4.8,1.5,0,0,1
Luke Ridnour,2003,0.2,0.2,13.1,69.0,1.1,1.2,5.5,1.1,0,0,1
Marquis Daniels,2003,1.1,0.4,20.1,56.0,1.4,0.8,8.5,1.4,1,2,1
Darius Songaila,2003,0.2,0.9,14.6,73.0,1.2,0.6,4.6,1.8,0,0,1
David West,2003,0.4,1.3,15.9,71.0,1.1,0.7,3.8,2.5,0,0,1
Ronald Dupree,2003,-0.5,0.9,9.7,47.0,2.2,1.1,6.2,2.4,0,0,1
Kyle Korver,2003,0.3,0.8,10.1,74.0,0.3,0.6,4.5,1.1,0,0,1
Francisco Elson,2003,0.0,1.2,11.2,62.0,0.7,0.6,3.5,2.2,0,0,1
Mo Williams,2003,-0.4,0.5,9.4,57.0,1.0,0.9,5.0,0.9,0,0,1
Willie Green,2003,-0.3,0.6,10.8,53.0,1.5,1.1,6.9,0.9,0,0,1
Mickaël Piétrus,2003,0.3,0.7,12.9,53.0,1.4,0.8,5.3,1.3,0,0,1
Linton Johnson,2003,-0.2,1.1,9.6,41.0,0.9,0.9,4.2,3.0,0,0,1
Luke Walton,2003,0.5,0.9,12.7,72.0,0.6,0.6,2.4,1.2,0,0,1
Matt Barnes,2003,0.0,0.3,10.6,38.0,1.6,1.2,4.5,2.6,0,0,1
Zaza Pachulia,2003,-0.6,0.2,10.8,59.0,1.5,0.6,3.3,1.8,0,0,1
Žarko Čabarkapa,2003,-0.5,0.3,8.4,49.0,1.1,1.1,4.1,1.5,0,0,1
Travis Hansen,2003,-0.5,0.1,7.2,41.0,0.7,0.4,3.0,1.0,0,0,1
Mike Sweetney,2003,0.1,0.7,17.2,42.0,1.4,0.8,4.3,2.1,0,0,1
Zoran Planinić,2003,-0.2,0.6,10.0,49.0,1.2,0.7,3.1,0.8,0,0,1
Richie Frahm,2003,0.4,0.1,15.7,54.0,0.5,0.1,3.4,0.8,0,0,1
Brian Cook,2003,0.1,0.7,14.0,35.0,0.8,0.5,4.4,2.0,0,0,1
Jason Kapono,2003,-0.1,0.2,10.2,41.0,0.6,0.5,3.5,0.9,0,0,1
Brandon Hunter,2003,0.0,0.4,12.6,36.0,1.2,0.6,3.5,1.9,0,0,1
Keith McLeod,2003,-0.2,0.5,8.1,33.0,1.3,0.9,2.7,0.9,0,0,1
Reece Gaines,2003,-0.4,0.0,6.1,38.0,0.7,0.5,1.8,0.8,0,0,1
Britton Johnsen,2003,-0.4,0.0,2.6,20.0,0.8,0.7,2.1,1.5,0,0,1
Curtis Borchardt,2003,-0.1,0.3,7.9,16.0,1.1,1.1,3.6,2.6,0,0,1
Maciej Lampe,2003,-0.2,0.1,12.2,21.0,0.6,0.7,4.6,1.7,0,0,1
Theron Smith,2003,-0.1,0.2,8.4,20.0,0.4,0.7,2.2,1.4,0,0,1
Ben Handlogten,2003,0.0,0.2,17.1,17.0,1.6,0.6,4.0,1.9,0,0,1
Darko Miličić,2003,-0.3,0.5,6.1,34.0,0.7,0.4,1.4,0.9,0,0,1
Dahntay Jones,2003,-0.2,0.2,2.5,20.0,0.6,0.6,1.8,0.8,0,0,1
Torraye Braggs,2003,-0.1,0.2,9.5,15.0,0.8,0.9,2.7,1.4,0,0,1
Omar Cook,2003,-0.1,0.1,4.7,17.0,0.0,0.6,0.8,0.2,0,0,1
Maurice Carter,2003,-0.2,0.0,5.8,10.0,2.0,0.9,4.2,0.9,0,0,1
Desmond Penigar,2003,-0.1,0.0,12.9,10.0,0.4,0.6,3.2,1.8,0,0,1
Matt Carroll,2003,-0.1,0.0,3.8,16.0,0.4,0.4,1.2,0.3,0,0,1
Hiram Fuller,2003,-0.1,0.0,3.6,4.0,1.5,1.0,2.0,1.8,0,0,1
Kendrick Perkins,2003,0.0,0.0,22.8,10.0,0.9,0.5,2.2,0.9,0,0,1
Troy Bell,2003,-0.2,0.0,-4.5,6.0,0.5,1.0,1.8,0.2,0,0,1
Ndudi Ebi,2003,0.0,0.0,9.3,17.0,0.2,0.2,0.8,0.1,0,0,1
Desmond Ferguson,2003,0.0,0.0,11.3,7.0,0.3,0.1,1.9,0.6,0,0,1
Ime Udoka,2003,0.0,0.1,6.7,4.0,1.0,0.8,2.0,1.0,0,0,1
James Jones,2003,0.0,0.0,4.9,6.0,0.3,0.0,1.2,0.3,0,0,1
Josh Davis,2003,0.0,0.0,2.1,4.0,0.3,0.5,1.3,1.0,0,0,1
Travis Outlaw,2003,0.0,0.0,16.4,8.0,0.5,0.1,1.0,0.3,0,0,1
Kirk Penney,2003,-0.1,0.0,-7.2,2.0,0.0,1.5,1.5,0.5,0,0,1
Alex Garcia,2003,0.0,0.0,-4.7,2.0,1.0,0.5,1.5,0.0,0,0,1
Kaniel Dickens,2003,0.0,0.0,23.1,3.0,0.7,0.3,2.3,0.0,0,0,1
Jerome Beasley,2003,0.0,0.0,5.9,2.0,0.0,0.0,1.0,0.5,0,0,1
Slavko Vraneš,2003,0.0,0.0,-20.4,1.0,0.0,0.0,0.0,0.0,0,0,1
Andre Iguodala,2004,2.3,4.0,13.5,82.0,2.6,1.7,9.0,4.6,1,1,1
Dwight Howard,2004,1.4,3.5,17.2,82.0,5.0,2.0,12.0,6.5,1,1,1
Emeka Okafor,2004,0.0,3.1,16.3,73.0,4.7,1.7,15.1,7.1,1,1,1
Josh Childress,2004,0.8,0.9,15.2,80.0,2.9,1.3,10.1,3.6,1,2,1
Chris Duhon,2004,0.7,3.3,9.8,82.0,0.8,1.5,5.9,2.3,0,0,1
Josh Smith,2004,0.8,1.8,15.4,74.0,3.2,1.8,9.7,4.2,1,2,1
Ben Gordon,2004,1.4,2.7,14.9,82.0,3.3,2.3,15.1,2.0,1,1,1
Nenad Krstić,2004,-0.6,2.5,13.4,75.0,3.4,1.5,10.0,3.2,1,2,1
Andrés Nocioni,2004,0.0,3.3,10.1,81.0,2.7,1.7,8.4,3.9,0,0,1
J.R. Smith,2004,-0.4,0.9,10.9,76.0,2.1,1.4,10.3,1.5,0,0,1
Luol Deng,2004,1.3,2.9,14.2,61.0,2.7,1.9,11.7,3.8,1,1,1
Quinton Ross,2004,-0.3,1.3,8.9,78.0,1.4,0.7,5.1,1.9,0,0,1
Jameer Nelson,2004,0.5,1.3,14.5,79.0,1.4,1.5,8.7,1.8,1,2,1
Matt Bonner,2004,0.5,0.9,14.7,82.0,0.9,0.5,7.2,2.2,0,0,1
Nick Collison,2004,0.1,1.2,15.0,82.0,1.4,0.8,5.6,2.7,0,0,1
Trevor Ariza,2004,0.5,1.3,13.3,80.0,2.2,0.9,5.9,1.9,0,0,1
Sebastian Telfair,2004,-1.3,0.5,9.7,68.0,2.0,1.8,6.8,1.4,0,0,1
Tony Allen,2004,0.7,1.6,14.7,77.0,2.0,1.0,6.4,1.8,0,0,1
Devin Harris,2004,1.2,1.6,14.7,76.0,1.4,1.1,5.7,1.0,0,0,1
Beno Udrih,2004,0.9,1.8,14.3,80.0,1.1,1.0,5.9,0.8,0,0,1
Al Jefferson,2004,-0.1,1.4,16.6,71.0,1.9,0.9,6.7,2.7,1,2,1
Kirk Snyder,2004,-0.5,0.4,8.6,68.0,1.4,0.9,5.0,1.0,0,0,1
Kris Humphries,2004,-0.6,0.7,9.5,67.0,1.5,0.8,4.1,1.9,0,0,1
Anderson Varejão,2004,0.5,1.4,17.0,54.0,2.4,0.5,4.9,2.7,0,0,1
Shaun Livingston,2004,-0.1,0.7,10.4,30.0,2.0,2.5,7.4,2.2,0,0,1
Royal Ivey,2004,-0.7,0.4,8.9,62.0,1.1,0.9,3.5,1.0,0,0,1
David Harrison,2004,-0.2,1.1,12.9,43.0,2.1,1.2,6.1,2.0,0,0,1
Rafael Araújo,2004,-1.0,0.7,7.1,59.0,0.9,0.9,3.3,2.1,0,0,1
Jackson Vroman,2004,-0.5,0.8,9.6,46.0,1.6,1.4,4.6,2.4,0,0,1
Viktor Khryapa,2004,-0.3,0.6,9.0,32.0,1.3,1.0,4.2,2.5,0,0,1
Damien Wilkins,2004,0.3,0.3,13.4,29.0,1.2,0.6,6.3,1.3,0,0,1
Delonte West,2004,0.2,0.5,12.3,39.0,0.7,0.6,4.5,1.3,0,0,1
Andre Barrett,2004,-0.1,0.5,8.6,38.0,0.5,0.7,3.1,0.8,0,0,1
Carlos Delfino,2004,-0.1,0.8,8.6,30.0,1.3,0.8,3.9,1.4,0,0,1
Kevin Martin,2004,-0.2,0.2,8.7,45.0,1.2,0.5,2.9,0.6,0,0,1
Matt Freije,2004,-0.4,0.3,4.1,23.0,0.3,0.7,4.0,2.0,0,0,1
Donta Smith,2004,-0.2,0.2,10.6,38.0,1.3,0.7,3.3,0.9,0,0,1
Lionel Chalmers,2004,-0.4,0.2,6.5,36.0,0.7,0.7,3.1,0.8,0,0,1
Sasha Vujačić,2004,-0.2,0.1,8.9,35.0,0.5,0.4,2.9,1.4,0,0,1
Andris Biedriņš,2004,0.0,0.6,14.8,30.0,1.3,0.4,3.6,2.4,0,0,1
Mario Kasun,2004,-0.3,0.4,12.0,45.0,1.0,0.6,2.6,1.7,0,0,1
Billy Thomas,2004,-0.1,0.4,8.2,25.0,0.4,0.4,3.7,1.2,0,0,1
Bernard Robinson,2004,-0.1,0.2,9.8,31.0,0.8,0.6,3.0,1.1,0,0,1
Pape Sow,2004,-0.2,0.3,7.8,27.0,1.0,0.4,2.3,1.4,0,0,1
Antonio Burks,2004,0.1,0.3,12.8,24.0,0.8,0.5,3.0,0.5,0,0,1
John Edwards,2004,-0.2,0.1,5.1,25.0,0.6,0.3,1.2,0.4,0,0,1
Jared Reiner,2004,-0.2,0.3,2.3,19.0,0.2,0.5,1.1,1.3,0,0,1
Justin Reed,2004,0.0,0.1,13.7,23.0,0.7,0.2,1.8,0.3,0,0,1
James Thomas,2004,0.0,0.1,14.0,11.0,0.5,0.6,2.4,1.8,0,0,1
Mark Jones,2004,-0.1,0.1,4.4,10.0,1.0,0.3,2.3,0.7,0,0,1
Corsley Edwards,2004,-0.1,0.1,8.6,10.0,1.2,0.2,2.7,1.3,0,0,1
Ha Seung-Jin,2004,-0.3,0.1,2.5,19.0,0.6,0.6,1.4,0.6,0,0,1
Horace Jenkins,2004,-0.1,0.2,10.2,15.0,0.9,0.5,2.8,0.4,0,0,1
Luis Flores,2004,0.0,0.0,10.1,16.0,0.1,0.7,2.2,0.1,0,0,1
Erik Daniels,2004,-0.1,0.1,4.6,21.0,0.0,0.3,0.6,0.5,0,0,1
Robert Swift,2004,-0.1,0.1,5.2,16.0,0.6,0.3,0.9,0.3,0,0,1
D.J. Mbenga,2004,-0.1,0.1,3.8,15.0,0.3,0.3,1.0,0.3,0,0,1
Luke Jackson,2004,0.0,0.0,16.3,10.0,0.6,0.2,2.9,0.4,0,0,1
Awvee Storey,2004,0.0,0.0,6.9,9.0,0.2,0.0,0.9,0.1,0,0,1
Andre Emmett,2004,-0.1,0.0,0.9,8.0,0.6,0.1,0.9,0.3,0,0,1
Dorell Wright,2004,0.0,0.1,5.2,3.0,0.3,1.0,2.3,0.3,0,0,1
Peter John Ramos,2004,0.0,0.0,8.2,6.0,0.3,0.5,1.8,0.5,0,0,1
Maurice Baker,2004,0.0,0.0,-0.2,5.0,0.0,0.2,0.0,0.2,0,0,1
Yuta Tabuse,2004,0.0,0.0,15.6,4.0,1.0,0.3,1.8,0.5,0,0,1
Geno Carlisle,2004,0.0,0.0,18.1,6.0,1.0,0.2,1.3,0.0,0,0,1
Ibo Kutluay,2004,-0.1,0.0,-12.9,5.0,0.0,0.4,0.0,0.2,0,0,1
Tony Bobbitt,2004,0.0,0.0,11.7,2.0,0.0,0.0,2.5,1.5,0,0,1
Pavel Podkolzin,2004,0.0,0.0,-12.1,5.0,0.4,0.4,0.2,0.4,0,0,1
Jackie Butler,2004,0.1,0.0,90.3,3.0,0.7,0.3,3.3,0.0,0,0,1
Brandin Knight,2004,0.0,0.0,-1.2,1.0,0.0,0.0,0.0,0.0,0,0,1
Chris Paul,2005,5.1,3.6,22.1,78.0,6.0,2.3,16.1,4.3,1,1,1
Raymond Felton,2005,0.8,1.8,14.2,80.0,2.8,2.3,11.9,2.4,1,2,1
Charlie Villanueva,2005,0.6,1.0,16.4,81.0,2.0,1.2,13.0,4.2,1,1,1
Andrew Bogut,2005,1.4,2.4,15.2,82.0,2.4,1.5,9.4,4.7,1,1,1
Luther Head,2005,1.1,2.9,11.2,80.0,1.5,1.5,8.8,2.9,1,2,1
Deron Williams,2005,0.2,1.3,12.4,80.0,1.7,1.8,10.8,2.0,1,1,1
Marvin Williams,2005,-0.7,0.7,12.2,79.0,3.2,1.1,8.5,3.3,1,2,1
Danny Granger,2005,1.4,3.0,14.7,78.0,1.9,1.0,7.5,3.2,1,2,1
Jarrett Jack,2005,-0.4,0.1,12.3,79.0,2.0,1.3,6.7,1.8,0,0,1
Joey Graham,2005,-0.7,0.3,10.2,80.0,1.7,1.2,6.7,2.3,0,0,1
Channing Frye,2005,0.5,0.9,18.1,65.0,3.5,1.5,12.3,3.6,1,1,1
Šarūnas Jasikevičius,2005,0.9,1.7,12.9,75.0,1.8,1.5,7.3,1.8,0,0,1
Nate Robinson,2005,-0.1,0.5,12.6,72.0,2.8,1.6,9.3,1.5,0,0,1
José Calderón,2005,-0.3,0.0,11.4,64.0,1.4,1.6,5.5,1.7,0,0,1
Ryan Gomes,2005,0.3,1.2,14.0,61.0,2.4,0.9,7.6,3.2,1,2,1
Rashad McCants,2005,0.1,1.4,12.6,79.0,1.3,1.1,7.9,1.4,0,0,1
Francisco García,2005,0.4,1.6,10.3,67.0,1.5,1.1,5.6,2.2,0,0,1
Johan Petro,2005,-0.9,0.2,10.4,68.0,1.1,0.9,5.2,2.8,0,0,1
Salim Stoudamire,2005,-0.2,0.0,12.5,61.0,1.8,1.3,9.7,1.7,0,0,1
Orien Greene,2005,-0.8,1.4,6.4,80.0,0.9,1.4,3.2,1.4,0,0,1
David Lee,2005,0.6,0.8,15.4,67.0,1.8,0.8,5.1,2.9,0,0,1
Martell Webster,2005,-0.1,0.1,11.6,61.0,1.2,0.7,6.6,1.7,0,0,1
Ike Diogu,2005,0.0,1.0,15.8,69.0,2.4,1.1,7.0,1.9,0,0,1
Daniel Ewing,2005,-0.3,1.0,7.6,66.0,0.7,0.9,3.8,0.9,0,0,1
Monta Ellis,2005,0.1,0.8,11.1,49.0,1.2,1.2,6.8,1.7,0,0,1
James Singleton,2005,0.4,1.1,13.6,59.0,0.8,0.5,3.4,2.3,0,0,1
Hakim Warrick,2005,-0.5,1.1,11.0,68.0,1.7,0.8,4.1,1.5,0,0,1
Alan Anderson,2005,-0.2,0.3,10.4,36.0,1.1,0.9,5.8,1.3,0,0,1
Chuck Hayes,2005,0.5,1.1,18.0,40.0,1.1,0.3,3.7,2.8,0,0,1
Linas Kleiza,2005,-0.2,0.6,13.2,61.0,1.3,0.3,3.5,1.3,0,0,1
Esteban Batista,2005,-0.7,0.3,7.1,57.0,0.9,0.7,1.8,1.5,0,0,1
Fabricio Oberto,2005,-0.2,0.9,9.3,59.0,0.5,0.5,1.7,1.1,0,0,1
Shavlik Randolph,2005,-0.1,0.5,12.6,57.0,1.2,0.4,2.3,1.4,0,0,1
Donell Taylor,2005,0.0,0.5,10.1,51.0,0.8,0.7,2.7,0.7,0,0,1
Josh Powell,2005,-0.2,0.4,9.2,37.0,1.2,0.6,3.0,1.4,0,0,1
Wayne Simien,2005,-0.2,0.5,11.5,43.0,0.8,0.6,3.4,1.2,0,0,1
Sean May,2005,0.0,0.5,15.3,23.0,2.8,1.4,8.2,2.9,0,0,1
Gerald Green,2005,-0.1,0.3,13.1,32.0,1.2,0.7,5.2,1.0,0,0,1
Antoine Wright,2005,-0.6,0.3,0.7,39.0,0.6,0.5,1.8,0.6,0,0,1
Sergei Monia,2005,-0.3,0.1,6.3,26.0,0.5,0.5,3.0,1.6,0,0,1
Kevin Burleson,2005,-0.4,0.4,5.1,39.0,0.4,0.6,1.8,0.6,0,0,1
Andrew Bynum,2005,-0.4,0.4,7.4,46.0,0.6,0.4,1.6,1.0,0,0,1
Brandon Bass,2005,-0.2,0.3,9.1,29.0,0.7,0.4,2.3,1.7,0,0,1
Travis Diener,2005,0.2,0.1,12.6,23.0,0.3,0.4,3.8,0.7,0,0,1
Rawle Marshall,2005,0.0,0.3,10.1,23.0,1.3,0.7,3.1,1.0,0,0,1
Gerald Fitch,2005,-0.1,0.3,10.2,18.0,1.3,0.8,4.7,1.3,0,0,1
Robert Whaley,2005,-0.2,0.3,7.6,23.0,0.3,0.6,2.1,1.2,0,0,1
Andre Owens,2005,-0.3,0.1,5.2,23.0,0.8,0.6,3.0,0.4,0,0,1
C.J. Miles,2005,0.0,0.2,13.8,23.0,1.0,0.4,3.4,0.9,0,0,1
Lawrence Roberts,2005,-0.1,0.3,13.8,33.0,0.7,0.2,1.5,0.7,0,0,1
Andray Blatche,2005,-0.1,0.2,10.1,29.0,0.4,0.4,2.2,0.9,0,0,1
Stephen Graham,2005,-0.2,0.2,6.9,22.0,0.7,0.6,2.6,1.0,0,0,1
Will Bynum,2005,-0.1,0.1,8.7,15.0,1.1,0.9,3.6,0.6,0,0,1
Ronny Turiaf,2005,0.0,0.2,12.2,23.0,1.2,0.3,2.0,1.1,0,0,1
Jason Maxiell,2005,-0.3,0.2,8.0,26.0,1.6,0.4,2.3,0.6,0,0,1
Boniface N'Dong,2005,-0.1,0.2,11.0,23.0,0.4,0.3,2.2,1.0,0,0,1
Ronnie Price,2005,0.0,0.1,10.5,29.0,0.4,0.3,2.1,0.3,0,0,1
Luke Schenscher,2005,0.0,0.2,9.3,20.0,0.7,0.3,1.8,1.1,0,0,1
Lou Williams,2005,-0.2,0.1,9.0,30.0,0.4,0.4,1.9,0.5,0,0,1
Chris Taft,2005,0.0,0.1,15.6,17.0,0.4,0.1,2.8,1.0,0,0,1
Eddie Basden,2005,0.0,0.3,10.3,19.0,0.5,0.5,2.1,1.1,0,0,1
Devin Green,2005,-0.2,0.1,4.7,27.0,0.8,0.2,0.9,0.5,0,0,1
Arvydas Macijauskas,2005,-0.1,0.1,8.3,19.0,0.8,0.4,2.3,0.4,0,0,1
Bracey Wright,2005,0.0,0.1,12.1,7.0,2.3,1.1,8.9,2.1,0,0,1
Yaroslav Korolev,2005,-0.1,0.1,4.8,24.0,0.4,0.3,1.1,0.3,0,0,1
Aaron Miles,2005,-0.1,0.1,6.0,19.0,0.2,0.6,0.8,0.7,0,0,1
Melvin Sanders,2005,-0.1,0.2,10.5,16.0,0.6,0.5,2.6,1.2,0,0,1
Anthony Grundy,2005,0.0,0.1,16.6,12.0,1.2,0.8,4.3,1.3,0,0,1
John Lucas III,2005,-0.1,0.1,7.7,13.0,0.0,0.5,2.3,0.2,0,0,1
Anthony Roberson,2005,0.0,0.1,11.7,16.0,0.1,0.2,2.2,0.4,0,0,1
Dwayne Jones,2005,-0.1,0.1,9.2,14.0,0.9,0.2,1.0,1.5,0,0,1
Noel Felix,2005,-0.2,0.0,-1.1,12.0,0.7,0.7,1.5,0.8,0,0,1
Von Wafer,2005,-0.2,0.1,-1.6,16.0,0.5,0.1,1.3,0.2,0,0,1
Earl Barron,2005,-0.2,0.0,-2.8,8.0,0.5,0.6,1.6,1.0,0,0,1
Dijon Thompson,2005,0.1,0.1,22.0,10.0,0.2,0.2,2.8,0.7,0,0,1
Amir Johnson,2005,0.0,0.0,20.3,3.0,1.3,1.3,6.7,0.3,0,0,1
Alex Acker,2005,-0.1,0.0,-2.4,5.0,0.0,0.8,1.8,0.8,0,0,1
Julius Hodge,2005,-0.1,0.0,4.2,14.0,0.6,0.6,0.9,0.1,0,0,1
Derrick Zimmerman,2005,-0.1,0.0,5.5,2.0,0.0,2.0,2.0,1.5,0,0,1
Sharrod Ford,2005,0.0,0.0,0.6,3.0,0.0,0.7,1.3,0.7,0,0,1
Randy Holcomb,2005,0.0,0.0,8.2,4.0,0.0,0.0,0.5,0.0,0,0,1
Martynas Andriuškevičius,2005,0.0,0.0,15.5,6.0,0.0,0.0,0.0,0.5,0,0,1
Deng Gai,2005,0.0,0.0,0.0,2.0,0.0,0.0,0.0,0.0,0,0,1
Matt Walsh,2005,0.0,0.0,-2.4,2.0,1.0,0.5,1.0,0.0,0,0,1
Alex Scales,2005,0.0,0.0,,1.0,0.0,0.0,0.0,0.0,0,0,1
Adam Morrison,2006,-1.8,0.8,7.9,78.0,2.2,1.7,11.8,2.3,1,2,1
Rudy Gay,2006,-0.1,1.0,12.4,78.0,2.7,1.8,10.8,3.3,1,1,1
Brandon Roy,2006,2.0,1.0,18.0,57.0,4.2,2.0,16.8,3.4,1,1,1
Jorge Garbajosa,2006,1.1,2.4,12.1,67.0,1.2,1.0,8.5,4.2,0,0,1
Randy Foye,2006,0.5,1.3,14.0,82.0,2.3,1.9,10.1,2.1,1,1,1
Rajon Rondo,2006,0.8,2.6,13.1,78.0,2.4,1.8,6.4,2.8,0,0,1
Andrea Bargnani,2006,0.1,1.7,12.8,65.0,2.2,1.6,11.6,3.1,1,1,1
Craig Smith,2006,0.1,1.7,15.7,82.0,2.3,0.9,7.4,3.3,1,2,1
Shelden Williams,2006,-0.5,1.9,12.3,81.0,1.8,1.2,5.5,3.8,0,0,1
Paul Millsap,2006,0.9,2.3,17.6,82.0,2.5,1.1,6.8,2.9,1,2,1
LaMarcus Aldridge,2006,0.2,1.0,17.1,63.0,1.8,0.7,9.0,2.7,0,0,1
Marcus Williams,2006,-0.6,1.0,11.5,79.0,1.1,1.8,6.8,1.7,0,0,1
Mickaël Gelabale,2006,-0.2,0.4,9.8,70.0,1.2,0.7,4.6,1.6,0,0,1
Yakhouba Diawara,2006,-0.6,0.8,5.3,64.0,0.8,0.6,4.4,1.3,0,0,1
Rodney Carney,2006,-0.1,1.0,11.4,67.0,1.3,0.6,6.6,1.3,0,0,1
Jordan Farmar,2006,0.1,0.7,10.8,72.0,0.5,1.0,4.4,1.3,0,0,1
Renaldo Balkman,2006,0.9,1.7,16.1,68.0,1.3,0.7,4.9,2.9,0,0,1
Daniel Gibson,2006,0.3,1.2,9.4,60.0,0.7,0.7,4.6,1.1,0,0,1
Ersan İlyasova,2006,-0.2,0.5,12.1,66.0,1.3,0.8,6.1,2.0,0,0,1
Tarence Kinsey,2006,0.0,0.3,13.0,48.0,2.0,1.0,7.7,1.4,0,0,1
Tyrus Thomas,2006,0.2,2.6,14.8,72.0,2.4,1.3,5.2,2.5,1,2,1
Walter Herrmann,2006,0.7,0.6,16.1,48.0,1.1,0.7,9.2,2.3,0,0,1
Thabo Sefolosha,2006,-0.1,1.7,8.5,71.0,0.6,0.8,3.6,1.7,0,0,1
Sergio Rodríguez,2006,0.2,0.4,14.1,67.0,0.4,1.1,3.7,1.1,0,0,1
David Noel,2006,-0.2,0.3,9.0,68.0,0.6,0.6,2.7,1.2,0,0,1
Mardy Collins,2006,-0.2,0.6,9.2,52.0,1.6,1.1,4.5,1.5,0,0,1
Alexander Johnson,2006,-0.3,0.6,13.2,59.0,2.0,0.8,4.4,2.2,0,0,1
Leon Powe,2006,-0.3,0.8,14.6,63.0,2.3,0.7,4.2,1.9,0,0,1
Allan Ray,2006,-0.1,0.5,10.0,47.0,1.2,0.9,6.2,1.1,0,0,1
Ronnie Brewer,2006,0.6,0.7,15.2,56.0,1.5,0.4,4.6,0.7,0,0,1
Josh Boone,2006,-0.2,0.8,14.6,61.0,1.7,0.5,4.2,1.8,0,0,1
Kelenna Azubuike,2006,0.2,0.5,13.4,41.0,1.9,1.0,7.1,1.7,0,0,1
Solomon Jones,2006,-0.2,0.7,12.3,58.0,1.3,0.4,3.3,1.5,0,0,1
Hilton Armstrong,2006,-0.1,0.7,12.2,56.0,1.2,0.6,3.1,1.6,0,0,1
JJ Redick,2006,0.3,0.5,13.0,42.0,1.4,0.5,6.0,1.0,0,0,1
Shawne Williams,2006,-0.1,0.4,9.7,46.0,0.4,0.5,3.9,1.1,0,0,1
Cedric Simmons,2006,-0.3,0.5,8.0,43.0,0.8,0.5,2.9,1.5,0,0,1
Hassan Adams,2006,0.1,0.5,13.0,61.0,0.6,0.4,2.9,0.7,0,0,1
Dee Brown,2006,0.0,0.5,8.6,49.0,0.8,0.6,1.9,0.7,0,0,1
Lynn Greer,2006,0.1,0.1,14.0,41.0,0.8,0.4,4.1,0.6,0,0,1
Chris Quinn,2006,0.0,0.3,12.3,42.0,0.9,0.5,3.4,0.6,0,0,1
Quincy Douby,2006,-0.2,0.3,9.0,42.0,0.4,0.4,2.8,0.6,0,0,1
Bobby Jones,2006,-0.2,0.3,9.4,44.0,0.9,0.4,2.5,0.8,0,0,1
Justin Williams,2006,-0.1,0.4,17.3,26.0,2.4,0.6,5.0,2.5,0,0,1
Vassilis Spanoulis,2006,-0.3,0.4,5.4,31.0,1.4,0.9,2.7,0.5,0,0,1
Andre Brown,2006,-0.2,0.2,11.1,38.0,0.4,0.8,2.4,1.3,0,0,1
Maurice Ager,2006,-0.4,0.2,2.9,32.0,1.0,0.5,2.2,0.6,0,0,1
Shannon Brown,2006,-0.2,0.3,7.5,23.0,0.6,0.6,3.2,0.7,0,0,1
Cedric Bozeman,2006,-0.3,0.1,-0.1,23.0,0.3,0.4,1.1,0.9,0,0,1
Steve Novak,2006,0.0,0.3,7.7,35.0,0.1,0.1,1.5,0.6,0,0,1
J.J. Barea,2006,-0.2,0.2,9.6,33.0,0.7,0.4,2.4,0.5,0,0,1
Ryan Hollins,2006,-0.2,0.2,8.5,27.0,1.5,0.6,2.4,0.7,0,0,1
Paul Davis,2006,-0.1,0.2,11.2,31.0,0.3,0.3,1.6,0.7,0,0,1
Kyle Lowry,2006,0.3,0.2,18.3,10.0,2.8,1.2,5.6,1.9,0,0,1
Damir Markota,2006,-0.3,0.0,5.0,30.0,0.4,0.5,1.7,0.7,0,0,1
Mouhamed Sene,2006,-0.3,0.2,8.5,28.0,1.0,0.4,1.9,1.0,0,0,1
Will Blalock,2006,-0.2,0.1,4.5,14.0,0.4,0.9,1.8,0.6,0,0,1
James White,2006,-0.1,0.2,12.1,6.0,2.5,0.8,8.3,2.8,0,0,1
Robert Hite,2006,-0.1,0.1,7.4,12.0,1.0,0.5,4.3,1.0,0,0,1
Patrick O'Bryant,2006,-0.1,0.2,7.3,16.0,1.1,0.5,1.9,0.9,0,0,1
Marcus Vinicius,2006,0.0,0.1,6.9,13.0,0.5,0.5,1.7,0.7,0,0,1
Kevinn Pinkney,2006,0.0,0.1,11.6,6.0,1.5,0.7,5.2,1.3,0,0,1
Lou Amundson,2006,-0.1,0.1,9.6,11.0,0.9,0.5,1.5,1.4,0,0,1
P.J. Tucker,2006,0.0,0.1,12.8,17.0,0.8,0.4,1.8,0.7,0,0,1
Andreas Glyniadakis,2006,-0.2,0.0,-3.3,13.0,0.2,0.7,1.3,0.5,0,0,1
Uroš Slokar,2006,-0.1,0.1,13.9,20.0,0.7,0.5,1.9,0.4,0,0,1
Pops Mensah-Bonsu,2006,-0.1,0.1,11.6,12.0,1.5,0.8,2.4,1.0,0,0,1
James Lang,2006,-0.1,0.0,6.6,11.0,0.5,0.2,1.0,0.5,0,0,1
Will Conroy,2006,-0.1,0.0,1.1,7.0,0.6,0.3,0.0,0.6,0,0,1
Randolph Morris,2006,0.0,0.1,1.5,5.0,1.2,0.4,0.8,1.6,0,0,1
Ivan McFarlin,2006,0.0,0.0,12.2,11.0,0.6,0.1,1.4,0.4,0,0,1
Desmon Farmer,2006,0.0,0.0,15.4,8.0,0.1,0.1,1.6,0.1,0,0,1
Steven Smith,2006,-0.1,0.0,-1.8,8.0,0.3,0.3,0.6,0.6,0,0,1
Renaldo Major,2006,-0.1,0.0,-3.7,1.0,2.0,1.0,5.0,2.0,0,0,1
Jeremy Richardson,2006,0.0,0.0,13.8,6.0,0.0,0.2,1.3,0.2,0,0,1
Roger Powell,2006,-0.1,0.0,-8.3,3.0,0.7,1.0,0.7,0.0,0,0,1
Mike Hall,2006,0.0,0.0,3.1,2.0,0.0,0.0,1.0,0.5,0,0,1
Chris McCray,2006,-0.1,0.0,-20.7,5.0,0.0,0.4,0.0,0.0,0,0,1
James Augustine,2006,0.0,0.0,16.6,2.0,0.0,0.0,1.0,1.0,0,0,1
Mile Ilić,2006,-0.1,0.0,-48.6,5.0,0.0,0.6,0.0,0.2,0,0,1
Kevin Durant,2007,1.3,1.9,15.8,80.0,5.6,2.9,20.3,3.5,1,1,1
Al Horford,2007,0.3,3.0,14.7,81.0,2.6,1.7,10.1,6.6,1,1,1
Jeff Green,2007,-1.2,1.5,9.8,80.0,3.0,2.0,10.5,3.5,1,1,1
Jamario Moon,2007,2.2,3.6,15.0,78.0,1.1,0.7,8.5,5.0,1,2,1
Al Thornton,2007,-0.8,1.6,12.7,79.0,3.6,1.6,12.7,3.3,1,1,1
Juan Carlos Navarro,2007,-0.2,0.4,11.9,82.0,1.8,1.6,10.9,2.1,1,2,1
Luis Scola,2007,1.0,3.7,16.1,82.0,2.9,1.3,10.3,4.3,1,1,1
Corey Brewer,2007,-1.0,1.2,8.3,79.0,1.4,1.1,5.8,2.7,0,0,1
Yi Jianlian,2007,-0.8,0.9,11.3,66.0,2.2,1.4,8.6,3.6,0,0,1
Thaddeus Young,2007,1.0,2.0,16.5,74.0,1.4,0.9,8.2,2.6,1,2,1
Joakim Noah,2007,0.7,2.3,15.5,74.0,2.6,1.2,6.6,3.3,0,0,1
Daequan Cook,2007,-1.2,0.6,7.9,59.0,1.0,1.1,8.8,2.7,0,0,1
Jared Dudley,2007,0.4,1.1,13.6,73.0,1.6,0.7,5.8,2.3,0,0,1
Mike Conley,2007,-0.3,0.5,12.6,53.0,2.3,1.7,9.4,2.2,0,0,1
Sean Williams,2007,-0.1,1.7,13.9,73.0,1.8,1.0,5.6,2.8,0,0,1
Nick Young,2007,-0.8,0.6,11.6,75.0,1.7,1.3,7.5,1.2,0,0,1
Jason Smith,2007,-0.4,1.4,10.7,76.0,1.1,0.6,4.5,2.0,0,0,1
Rodney Stuckey,2007,0.3,1.6,13.8,57.0,2.7,1.4,7.6,1.7,1,2,1
Arron Afflalo,2007,0.1,1.4,10.2,75.0,1.2,0.5,3.7,1.3,0,0,1
Glen Davis,2007,-0.2,1.9,11.3,69.0,2.2,0.9,4.5,1.6,0,0,1
Spencer Hawes,2007,-0.5,0.8,11.6,71.0,0.8,0.8,4.7,2.3,0,0,1
Acie Law,2007,-0.7,0.4,7.7,56.0,0.9,1.0,4.2,0.8,0,0,1
Marcus Williams,2007,-0.1,0.5,11.0,53.0,0.9,1.4,5.9,1.6,0,0,1
Carl Landry,2007,0.6,1.2,21.4,42.0,2.6,0.6,8.1,2.6,1,2,1
Dominic McGuire,2007,-0.4,0.6,6.6,70.0,0.5,0.6,1.3,1.2,0,0,1
Wilson Chandler,2007,-0.3,0.4,11.7,35.0,1.5,0.8,7.3,2.5,0,0,1
Javaris Crittenton,2007,-0.4,0.4,11.0,50.0,2.1,1.1,5.6,1.7,0,0,1
Julian Wright,2007,0.6,0.9,15.4,57.0,0.9,0.6,3.9,1.5,0,0,1
Aaron Gray,2007,-0.2,0.8,13.9,61.0,1.6,0.9,4.3,1.6,0,0,1
Aaron Brooks,2007,0.3,0.8,13.1,51.0,1.0,0.9,5.2,0.8,0,0,1
Chris Richard,2007,-0.5,0.3,7.9,52.0,0.5,0.5,1.9,1.6,0,0,1
Joel Anthony,2007,-0.4,0.4,8.8,24.0,2.0,0.7,3.5,2.3,0,0,1
Ramon Sessions,2007,0.1,0.2,16.2,17.0,2.4,2.1,8.1,2.9,0,0,1
Brandan Wright,2007,0.2,0.3,17.2,38.0,1.1,0.3,4.0,1.6,0,0,1
C.J. Watson,2007,-0.1,0.1,11.0,32.0,0.9,0.6,3.7,0.6,0,0,1
Jermareo Davidson,2007,-0.3,0.3,9.8,38.0,0.7,0.4,3.2,1.1,0,0,1
Oleksiy Pecherov,2007,-0.3,0.2,9.6,35.0,0.9,0.5,3.6,1.3,0,0,1
Kasib Powell,2007,-0.1,0.2,9.0,11.0,0.8,0.5,7.6,3.3,0,0,1
Stéphane Lasme,2007,-0.2,0.3,11.7,16.0,2.0,0.9,5.2,1.7,0,0,1
D.J. Strawberry,2007,-0.2,0.2,6.2,33.0,0.6,0.3,2.2,0.6,0,0,1
Mario West,2007,-0.1,0.2,8.6,64.0,0.4,0.1,0.9,0.3,0,0,1
Nick Fazekas,2007,0.2,0.4,19.6,26.0,0.8,0.5,4.1,2.1,0,0,1
Marco Belinelli,2007,-0.2,0.0,8.2,33.0,0.3,0.4,2.9,0.3,0,0,1
Blake Ahearn,2007,-0.1,0.1,9.0,12.0,2.6,1.3,5.8,1.5,0,0,1
Mike Harris,2007,0.1,0.3,17.1,17.0,0.8,0.5,3.6,1.8,0,0,1
Darius Washington,2007,-0.1,0.2,9.0,18.0,0.7,0.8,2.9,0.9,0,0,1
Gabe Pruitt,2007,-0.1,0.2,8.3,15.0,0.1,0.3,2.1,0.5,0,0,1
Taurean Green,2007,-0.1,0.1,7.0,17.0,0.7,0.5,1.6,0.6,0,0,1
Coby Karl,2007,0.0,0.1,15.8,17.0,0.6,0.3,1.8,0.6,0,0,1
Darryl Watkins,2007,-0.2,0.0,0.5,9.0,0.6,0.8,1.3,0.8,0,0,1
Kyrylo Fesenko,2007,-0.2,0.1,4.0,9.0,0.4,0.9,1.6,1.2,0,0,1
Alando Tucker,2007,-0.1,0.0,11.8,6.0,1.0,0.0,3.7,0.7,0,0,1
Thomas Gardner,2007,-0.1,0.0,4.4,4.0,0.5,1.0,5.3,0.3,0,0,1
Demetris Nichols,2007,-0.1,0.0,-1.9,14.0,0.0,0.3,1.1,0.4,0,0,1
Marcin Gortat,2007,0.0,0.1,19.8,6.0,0.5,0.3,3.0,1.3,0,0,1
Morris Almond,2007,-0.1,0.0,2.0,9.0,0.7,0.2,1.4,0.2,0,0,1
Kosta Perović,2007,0.0,0.0,10.3,7.0,0.9,0.1,1.4,1.0,0,0,1
Cheikh Samb,2007,0.0,0.1,12.0,4.0,0.5,0.3,1.8,1.0,0,0,1
Josh McRoberts,2007,0.0,0.0,20.3,8.0,0.0,0.3,1.5,1.0,0,0,1
Ian Mahinmi,2007,0.0,0.1,35.3,6.0,1.5,0.3,3.5,0.8,0,0,1
Guillermo Díaz,2007,0.0,0.0,9.9,6.0,0.8,0.0,0.8,0.0,0,0,1
Courtney Sims,2007,0.0,0.0,1.1,3.0,0.0,0.0,0.0,0.3,0,0,1
Lance Allred,2007,0.0,0.0,-1.0,3.0,0.7,0.0,1.0,0.3,0,0,1
Keith Langford,2007,0.0,0.0,-2.4,2.0,0.0,0.0,1.0,1.0,0,0,1
O.J. Mayo,2008,0.6,1.8,14.2,82.0,3.4,2.8,18.5,3.1,1,1,1
Derrick Rose,2008,1.2,1.5,16.0,81.0,3.1,2.5,16.8,2.7,1,1,1
Eric Gordon,2008,1.0,0.7,14.9,78.0,4.5,2.1,16.1,2.0,1,2,1
Russell Westbrook,2008,0.7,2.0,15.2,82.0,5.2,3.3,15.3,2.7,1,1,1
Mario Chalmers,2008,1.0,3.1,13.3,82.0,2.4,2.0,10.0,2.3,1,2,1
Marc Gasol,2008,1.2,2.7,16.7,82.0,4.6,2.0,11.9,4.9,1,2,1
Brook Lopez,2008,0.9,2.7,17.9,82.0,2.6,1.8,13.0,5.4,1,1,1
Jason Thompson,2008,-1.3,0.9,13.9,82.0,3.5,1.8,11.1,4.5,0,0,1
Luc Mbah a Moute,2008,0.6,2.8,12.3,82.0,2.3,1.2,7.2,3.6,0,0,1
Kevin Love,2008,0.4,1.9,18.3,81.0,4.1,1.5,11.1,5.7,1,2,1
Michael Beasley,2008,0.1,2.2,17.2,81.0,3.0,1.5,13.9,4.1,1,1,1
Rudy Fernández,2008,2.5,1.8,15.5,78.0,1.8,1.1,10.4,2.1,0,0,1
Courtney Lee,2008,0.9,3.1,10.7,77.0,1.2,0.9,8.4,2.1,0,0,1
D.J. Augustin,2008,1.4,1.5,14.9,72.0,3.2,1.7,11.8,1.6,0,0,1
Brandon Rush,2008,-0.3,1.3,9.0,75.0,0.9,1.0,8.1,2.7,0,0,1
Anthony Morrow,2008,0.7,0.0,14.7,67.0,1.4,0.8,10.1,1.8,0,0,1
Darrell Arthur,2008,-0.5,1.8,11.3,76.0,0.8,0.6,5.6,3.1,0,0,1
Nicolas Batum,2008,1.2,1.6,12.9,79.0,0.7,0.6,5.4,1.7,0,0,1
Greg Oden,2008,0.3,2.0,18.1,61.0,3.7,1.4,8.9,4.2,0,0,1
Ryan Anderson,2008,0.3,1.2,13.6,66.0,1.8,1.0,7.4,3.1,0,0,1
George Hill,2008,0.1,2.0,11.6,77.0,1.9,1.0,5.7,1.7,0,0,1
Marreese Speights,2008,0.2,1.5,17.9,79.0,1.7,0.6,7.7,2.2,0,0,1
Kyle Weaver,2008,0.2,1.0,10.2,56.0,1.0,1.2,5.3,1.8,0,0,1
JaVale McGee,2008,-0.3,0.9,17.0,75.0,2.2,0.8,6.5,2.3,0,0,1
Anthony Randolph,2008,-0.1,1.2,16.9,63.0,2.2,1.3,7.9,3.7,0,0,1
Roy Hibbert,2008,-0.3,1.2,16.1,70.0,2.1,0.8,7.1,1.8,0,0,1
Bobby Brown,2008,-0.7,-0.1,8.9,68.0,0.6,0.9,5.3,0.6,0,0,1
Roko Ukić,2008,-0.6,0.4,9.8,72.0,0.8,0.8,4.2,0.7,0,0,1
DeAndre Jordan,2008,-0.3,0.9,14.1,53.0,2.1,0.8,4.3,3.1,0,0,1
Mike Taylor,2008,-0.6,0.4,10.1,51.0,1.6,1.4,5.7,1.3,0,0,1
Goran Dragić,2008,-0.4,0.4,9.8,55.0,1.2,1.3,4.5,1.3,0,0,1
Donté Greene,2008,-0.9,0.1,5.2,55.0,0.6,0.7,3.8,1.2,0,0,1
Joe Alexander,2008,-0.3,0.7,10.1,59.0,1.4,0.9,4.7,1.2,0,0,1
J.J. Hickson,2008,-0.2,1.3,12.5,62.0,1.1,0.7,4.0,1.8,0,0,1
Jerryd Bayless,2008,-0.5,0.5,8.2,53.0,1.9,1.1,4.3,0.9,0,0,1
Robin Lopez,2008,-0.2,0.4,11.6,60.0,1.1,0.5,3.2,1.1,0,0,1
Chris Douglas-Roberts,2008,-0.1,0.2,12.2,44.0,1.4,0.7,4.9,0.8,0,0,1
Kosta Koufos,2008,0.1,0.7,15.2,48.0,1.1,0.5,4.7,1.8,0,0,1
Rob Kurz,2008,-0.1,0.2,11.8,40.0,1.3,0.4,3.9,1.2,0,0,1
Darnell Jackson,2008,-0.4,0.7,7.2,51.0,0.7,0.3,1.9,1.1,0,0,1
Danilo Gallinari,2008,0.3,0.3,13.4,28.0,1.0,0.5,6.1,1.5,0,0,1
Sean Singletary,2008,-0.2,0.2,6.7,37.0,0.6,0.6,2.4,0.7,0,0,1
Cartier Martin,2008,-0.1,0.3,9.2,33.0,0.8,0.3,2.6,0.8,0,0,1
Henry Walker,2008,-0.1,0.3,10.9,29.0,0.8,0.6,3.0,0.7,0,0,1
Anthony Tolliver,2008,-0.1,0.3,7.6,19.0,0.5,0.4,2.7,1.5,0,0,1
Alexis Ajinça,2008,-0.3,0.3,7.0,31.0,0.9,0.4,2.3,0.7,0,0,1
DeMarcus Nelson,2008,-0.2,0.1,6.5,13.0,1.1,1.2,4.1,1.4,0,0,1
Malik Hairston,2008,0.0,0.3,12.0,15.0,0.5,0.8,3.3,1.1,0,0,1
D.J. White,2008,0.1,0.1,19.8,7.0,1.9,0.4,8.9,3.1,0,0,1
Hamed Haddadi,2008,0.1,0.2,19.7,19.0,1.6,0.5,2.5,1.6,0,0,1
Othello Hunter,2008,0.0,0.1,12.1,16.0,0.3,0.1,1.4,0.9,0,0,1
Dontell Jefferson,2008,0.0,0.1,12.7,6.0,1.5,1.0,4.8,1.8,0,0,1
Sonny Weems,2008,-0.2,0.0,-3.9,12.0,0.7,0.5,1.6,0.3,0,0,1
Sun Yue,2008,-0.1,0.0,-8.6,10.0,0.0,0.3,0.6,0.0,0,0,1
Joe Crawford,2008,0.0,0.0,10.8,2.0,1.0,0.0,4.5,1.5,0,0,1
Jawad Williams,2008,0.0,0.0,14.1,10.0,0.0,0.1,1.2,0.1,0,0,1
Walter Sharpe,2008,0.0,0.0,4.8,8.0,0.3,0.0,1.0,0.4,0,0,1
Nathan Jawai,2008,-0.1,0.0,-7.6,6.0,0.0,0.3,0.3,0.2,0,0,1
Trey Johnson,2008,-0.1,0.0,-9.3,4.0,1.0,0.3,1.0,0.3,0,0,1
J.R. Giddens,2008,0.0,0.0,26.0,6.0,0.0,0.2,0.7,0.2,0,0,1
Joey Dorsey,2008,0.0,0.0,16.1,3.0,0.0,0.0,0.7,0.3,0,0,1
Steven Hill,2008,0.0,0.0,88.3,1.0,0.0,0.0,2.0,1.0,0,0,1
Stephen Curry,2009,2.0,1.6,16.3,80.0,2.5,3.0,17.5,3.9,1,1,1
Tyreke Evans,2009,2.2,2.1,18.2,72.0,6.5,3.0,20.1,4.4,1,1,1
Brandon Jennings,2009,1.8,3.9,14.5,82.0,3.3,2.4,15.5,2.8,1,1,1
Jonny Flynn,2009,-0.5,0.7,13.0,81.0,3.3,2.9,13.5,2.1,1,2,1
Jonas Jerebko,2009,0.4,1.5,13.9,80.0,2.2,1.0,9.3,3.6,1,2,1
Taj Gibson,2009,0.0,3.5,13.8,82.0,2.1,1.4,9.0,4.7,1,1,1
Darren Collison,2009,0.6,1.1,16.5,76.0,2.3,2.7,12.4,2.0,1,1,1
Wesley Matthews,2009,0.8,1.9,12.3,82.0,2.4,1.1,9.4,1.7,0,0,1
Omri Casspi,2009,0.4,1.4,13.0,77.0,2.3,1.3,10.3,3.6,0,0,1
Marcus Thornton,2009,1.4,0.9,17.4,73.0,2.4,1.0,14.5,1.9,1,2,1
Jrue Holiday,2009,0.1,1.0,12.3,73.0,1.2,2.1,8.0,1.8,0,0,1
Terrence Williams,2009,-0.4,1.3,11.5,78.0,1.8,1.6,8.4,3.9,0,0,1
James Harden,2009,1.1,2.5,14.0,76.0,3.2,1.4,9.9,2.6,1,2,1
DeMar DeRozan,2009,-0.3,0.3,12.5,77.0,2.5,0.8,8.6,2.0,0,0,1
DeJuan Blair,2009,0.5,2.8,17.7,82.0,2.0,1.4,7.8,4.0,1,2,1
Chase Budinger,2009,0.9,1.2,14.1,74.0,1.2,0.6,8.9,2.5,0,0,1
Wayne Ellington,2009,-0.5,0.1,9.6,76.0,0.9,1.0,6.6,1.7,0,0,1
Serge Ibaka,2009,0.2,2.4,15.2,73.0,1.3,0.9,6.3,3.5,0,0,1
Sam Young,2009,-0.4,0.7,13.0,80.0,2.2,1.2,7.4,1.6,0,0,1
Ty Lawson,2009,1.0,0.9,16.4,65.0,2.2,1.3,8.3,1.3,0,0,1
Eric Maynor,2009,0.1,1.4,11.8,81.0,0.9,1.0,4.7,1.3,0,0,1
Toney Douglas,2009,0.5,0.4,14.9,56.0,1.2,1.0,8.6,1.2,0,0,1
Austin Daye,2009,0.1,0.7,12.8,69.0,0.8,0.7,5.1,2.0,0,0,1
David Andersen,2009,-0.1,0.9,12.1,63.0,1.1,0.6,5.8,2.4,0,0,1
Hasheem Thabeet,2009,0.2,1.2,12.9,68.0,1.4,0.6,3.1,2.3,0,0,1
A.J. Price,2009,0.3,0.8,14.0,56.0,1.3,1.1,7.3,1.4,0,0,1
DeMarre Carroll,2009,-0.4,0.6,8.5,71.0,0.7,0.3,2.9,1.4,0,0,1
Chris Hunter,2009,-0.4,0.4,12.2,60.0,1.2,0.5,4.5,1.9,0,0,1
Reggie Williams,2009,0.3,0.3,16.1,24.0,2.6,1.2,15.2,3.8,0,0,1
James Johnson,2009,-0.1,1.1,10.4,65.0,1.1,1.0,3.9,1.4,0,0,1
Jeff Teague,2009,-0.3,0.8,11.0,71.0,0.7,0.7,3.2,0.9,0,0,1
Jodie Meeks,2009,0.0,0.8,10.8,60.0,0.7,0.4,4.7,1.5,0,0,1
Dante Cunningham,2009,0.0,1.0,14.3,63.0,0.8,0.2,3.9,1.7,0,0,1
Rodrigue Beaubois,2009,0.6,0.8,18.5,56.0,0.9,1.0,7.1,1.2,0,0,1
Jon Brockman,2009,-0.2,0.5,12.4,52.0,1.2,0.4,2.8,2.1,0,0,1
Jordan Hill,2009,-0.2,0.6,15.0,47.0,1.4,0.6,5.2,2.1,0,0,1
Derrick Brown,2009,0.2,0.8,12.6,57.0,1.3,0.3,3.3,0.8,0,0,1
Tyler Hansbrough,2009,-0.2,0.6,14.6,29.0,3.9,0.7,8.5,2.7,0,0,1
DaJuan Summers,2009,-0.3,0.1,7.5,44.0,0.9,0.4,3.0,0.7,0,0,1
Jeff Ayres,2009,-0.1,0.6,12.1,39.0,0.5,0.3,2.7,1.9,0,0,1
Earl Clark,2009,-0.3,0.2,8.5,51.0,0.7,0.5,2.7,0.9,0,0,1
Gerald Henderson,2009,0.0,0.5,9.7,43.0,1.1,0.3,2.6,0.9,0,0,1
Garrett Temple,2009,-0.1,0.4,10.5,27.0,1.9,1.0,5.0,0.9,0,0,1
Jermaine Taylor,2009,-0.2,0.2,11.4,31.0,1.5,0.6,4.1,0.8,0,0,1
Sundiata Gaines,2009,0.2,0.3,17.3,32.0,1.4,0.4,3.3,0.7,0,0,1
Alonzo Gee,2009,0.2,0.1,16.2,11.0,2.6,0.9,7.4,1.6,0,0,1
Lester Hudson,2009,0.0,0.2,13.2,25.0,0.5,0.6,2.3,0.4,0,0,1
Danny Green,2009,0.1,0.2,12.3,20.0,0.3,0.3,2.0,0.5,0,0,1
Marcus Landry,2009,-0.1,0.0,7.2,18.0,0.3,0.3,2.4,0.8,0,0,1
Cedric Jackson,2009,-0.1,0.1,5.5,12.0,1.0,0.9,1.7,0.5,0,0,1
Othyus Jeffers,2009,0.0,0.1,13.6,14.0,1.4,0.4,2.6,0.8,0,0,1
Byron Mullens,2009,-0.1,0.1,0.7,13.0,0.0,0.3,1.1,0.5,0,0,1
Patty Mills,2009,-0.1,0.0,11.9,10.0,0.7,0.4,2.6,0.1,0,0,1
Taylor Griffin,2009,-0.1,0.0,5.2,8.0,0.5,0.1,1.3,0.3,0,0,1
Oliver Lafayette,2009,0.0,0.0,12.8,1.0,0.0,1.0,7.0,3.0,0,0,1
Antonio Anderson,2009,0.0,0.0,-1.7,1.0,0.0,1.0,2.0,0.0,0,0,1
Trey Gilder,2009,0.0,0.0,30.9,2.0,0.0,0.0,1.0,0.5,0,0,1
JamesOn Curry,2009,0.0,0.0,,1.0,0.0,0.0,0.0,0.0,0,0,1
Blake Griffin,2010,3.6,3.4,21.9,82.0,8.5,2.7,22.5,8.8,1,1,1
John Wall,2010,0.8,1.9,15.8,69.0,5.7,3.8,16.4,4.1,1,1,1
Landry Fields,2010,1.4,1.8,13.5,82.0,1.8,1.3,9.7,5.1,1,1,1
DeMarcus Cousins,2010,-0.4,2.9,14.6,81.0,5.0,3.3,14.1,6.0,1,1,1
Greg Monroe,2010,1.4,1.9,18.0,80.0,2.9,1.0,9.4,4.4,1,2,1
Wesley Johnson,2010,0.2,0.9,10.2,79.0,1.2,1.2,9.0,2.4,1,2,1
Eric Bledsoe,2010,-0.1,1.6,10.8,81.0,1.6,2.4,6.7,1.9,1,2,1
Evan Turner,2010,-0.1,2.2,10.8,78.0,1.6,1.0,7.2,3.4,0,0,1
Gary Neal,2010,0.7,1.4,13.1,80.0,1.3,1.0,9.8,2.2,1,1,1
Ed Davis,2010,0.4,1.1,15.8,65.0,2.0,0.7,7.7,4.5,0,0,1
Derrick Favors,2010,-0.5,1.4,13.9,78.0,2.2,1.0,6.8,3.1,1,2,1
Al-Farouq Aminu,2010,-0.3,1.4,9.6,81.0,1.5,1.3,5.6,2.4,0,0,1
Paul George,2010,0.6,1.9,13.0,61.0,1.7,1.1,7.8,3.1,1,2,1
Gordon Hayward,2010,-0.1,0.4,10.7,72.0,1.3,1.0,5.4,1.4,0,0,1
Trevor Booker,2010,0.3,0.8,15.3,65.0,1.6,0.6,5.3,2.4,0,0,1
Ekpe Udoh,2010,-0.5,0.7,9.7,58.0,1.1,0.8,4.1,1.7,0,0,1
Jordan Crawford,2010,-0.5,0.5,11.8,42.0,2.0,2.0,11.7,1.8,0,0,1
Ömer Aşık,2010,0.1,2.2,11.8,82.0,1.8,0.8,2.8,2.4,0,0,1
Christian Eyenga,2010,-0.5,0.5,9.0,44.0,0.6,1.1,6.9,2.2,0,0,1
Manny Harris,2010,-0.4,0.4,10.4,54.0,1.7,1.2,5.9,1.9,0,0,1
Nikola Peković,2010,-0.8,0.5,11.2,65.0,1.8,1.4,5.5,1.6,0,0,1
Larry Sanders,2010,-0.3,1.8,11.0,60.0,0.8,0.6,4.3,2.0,0,0,1
Patrick Patterson,2010,0.5,0.7,16.7,52.0,0.8,0.6,6.3,2.2,0,0,1
Greivis Vásquez,2010,-0.3,0.7,9.4,70.0,0.6,1.0,3.6,0.9,0,0,1
Eugene Jeter,2010,-0.3,0.5,11.1,62.0,0.7,0.8,4.1,1.0,0,0,1
Gary Forbes,2010,-0.2,0.7,11.7,63.0,1.4,0.7,5.2,1.4,0,0,1
Tiago Splitter,2010,0.2,1.1,16.0,60.0,2.3,0.5,4.6,2.2,0,0,1
Quincy Pondexter,2010,-0.1,0.7,8.5,66.0,0.5,0.2,2.8,1.0,0,0,1
Samardo Samuels,2010,-0.7,0.3,11.7,37.0,3.0,1.4,7.8,2.2,0,0,1
Luke Harangody,2010,-0.3,0.7,10.1,49.0,0.5,0.3,3.9,2.1,0,0,1
Kevin Séraphin,2010,-0.8,0.5,8.4,58.0,0.5,0.7,2.7,1.2,0,0,1
Semih Erden,2010,-0.1,1.1,10.3,41.0,1.5,0.8,4.0,2.0,0,0,1
Xavier Henry,2010,-0.4,0.3,7.0,38.0,1.4,0.3,4.3,0.7,0,0,1
Timofey Mozgov,2010,-0.3,0.5,10.8,45.0,1.2,0.8,3.6,1.7,0,0,1
Jeremy Evans,2010,0.5,0.4,18.8,49.0,0.8,0.4,3.6,1.2,0,0,1
Ish Smith,2010,-0.3,0.4,7.6,43.0,0.5,0.8,2.3,0.9,0,0,1
Ben Uzoh,2010,0.2,0.2,14.7,42.0,1.3,0.6,3.8,0.7,0,0,1
Lazar Hayward,2010,-0.1,0.2,10.8,42.0,1.0,0.5,3.8,1.1,0,0,1
Damion James,2010,-0.1,0.5,10.1,25.0,1.1,1.0,4.4,2.7,0,0,1
Zabian Dowdell,2010,-0.1,0.2,11.7,24.0,0.7,1.2,5.0,0.6,0,0,1
James Anderson,2010,0.0,0.2,8.5,26.0,0.7,0.5,3.6,0.8,0,0,1
Jeremy Lin,2010,0.3,0.4,14.8,29.0,0.9,0.6,2.6,0.8,0,0,1
Armon Johnson,2010,-0.2,0.2,9.3,38.0,0.6,1.0,2.9,0.7,0,0,1
Derrick Caracter,2010,-0.3,0.3,10.0,41.0,0.6,0.5,2.0,0.6,0,0,1
Jeff Adrien,2010,-0.2,0.1,11.3,23.0,0.8,0.4,2.5,1.5,0,0,1
Avery Bradley,2010,-0.4,0.3,2.2,31.0,0.4,0.5,1.7,0.4,0,0,1
Mustafa Shakur,2010,-0.2,0.1,6.8,22.0,0.7,0.8,2.3,0.7,0,0,1
Larry Owens,2010,0.1,0.2,11.2,12.0,0.8,0.4,3.3,1.2,0,0,1
Cole Aldrich,2010,-0.1,0.2,7.0,18.0,0.2,0.4,1.0,1.2,0,0,1
Chris Johnson,2010,-0.1,0.2,10.2,14.0,1.4,0.7,2.4,1.4,0,0,1
Luke Babbitt,2010,-0.3,0.1,1.0,24.0,0.4,0.3,1.5,1.0,0,0,1
Dominique Jones,2010,0.0,0.2,10.6,18.0,0.9,0.6,2.3,1.1,0,0,1
Willie Warren,2010,0.0,0.1,10.8,19.0,0.4,0.4,1.9,0.6,0,0,1
Devin Ebanks,2010,0.0,0.2,19.4,20.0,1.2,0.3,3.1,0.6,0,0,1
Lance Stephenson,2010,-0.2,0.1,5.5,12.0,1.2,1.3,3.1,1.4,0,0,1
Garret Siler,2010,-0.1,0.1,13.5,21.0,1.0,0.5,2.1,0.6,0,0,1
Hamady N'Diaye,2010,-0.1,0.0,5.3,16.0,0.8,0.2,0.9,0.3,0,0,1
Sherron Collins,2010,-0.1,0.0,3.6,20.0,0.1,0.2,0.9,0.3,0,0,1
Solomon Alabi,2010,-0.1,0.0,2.0,12.0,0.2,0.3,0.5,0.6,0,0,1
Craig Brackins,2010,-0.1,0.0,0.1,3.0,0.0,0.0,2.7,0.7,0,0,1
Andy Rautins,2010,-0.1,0.0,-1.2,5.0,0.4,1.4,1.6,0.2,0,0,1
Pape Sy,2010,0.0,0.0,9.2,3.0,1.0,1.0,2.3,0.3,0,0,1
Patrick Ewing,2010,0.0,0.0,0.6,7.0,0.6,0.1,0.4,0.1,0,0,1
Marcus Cousin,2010,0.0,0.0,7.8,4.0,0.0,0.3,1.0,0.8,0,0,1
Dexter Pittman,2010,0.0,0.0,-6.4,2.0,0.0,1.0,1.0,1.0,0,0,1
Gani Lawal,2010,0.0,0.0,-9.1,1.0,0.0,0.0,0.0,0.0,0,0,1
Hassan Whiteside,2010,0.0,0.0,-17.9,1.0,0.0,0.0,0.0,0.0,0,0,1
Brandon Knight,2011,-0.3,1.0,11.7,66.0,2.1,2.6,12.8,2.7,0,0,1
Chandler Parsons,2011,1.3,1.8,13.3,63.0,1.2,1.3,9.5,3.3,1,2,1
Kemba Walker,2011,0.6,0.5,14.9,66.0,3.2,1.8,12.1,3.1,0,0,1
Iman Shumpert,2011,0.2,2.5,10.8,59.0,1.8,1.9,9.5,2.4,0,0,1
Isaiah Thomas,2011,1.2,0.0,17.6,65.0,2.8,1.6,11.5,1.8,1,2,1
MarShon Brooks,2011,-0.2,0.3,12.9,56.0,2.6,2.1,12.6,2.3,1,2,1
Klay Thompson,2011,0.2,0.3,14.9,66.0,1.4,1.6,12.5,2.1,1,1,1
Kyrie Irving,2011,2.4,0.6,21.4,51.0,3.8,3.1,18.5,2.9,1,1,1
Kawhi Leonard,2011,2.1,2.4,16.6,64.0,1.4,0.7,7.9,3.5,0,0,1
Bismack Biyombo,2011,-1.0,1.1,10.6,63.0,2.3,1.1,5.2,4.0,0,0,1
Chris Singleton,2011,-0.1,1.5,8.3,66.0,0.7,0.6,4.6,2.9,0,0,1
Tristan Thompson,2011,-1.0,0.9,13.3,60.0,3.2,1.4,8.2,3.4,1,2,1
Derrick Williams,2011,0.0,1.2,12.9,66.0,3.0,1.2,8.8,3.5,1,2,1
Ricky Rubio,2011,1.1,1.5,14.6,41.0,3.8,3.2,10.6,3.7,1,1,1
Norris Cole,2011,-1.4,1.4,7.9,65.0,1.3,1.6,6.8,1.1,0,0,1
Markieff Morris,2011,0.0,1.4,12.1,63.0,1.7,1.1,7.4,3.3,0,0,1
Jimmer Fredette,2011,-0.4,-0.2,10.8,61.0,0.8,1.1,7.6,0.9,0,0,1
Gustavo Ayón,2011,1.2,1.7,16.7,54.0,1.2,0.9,5.9,3.3,0,0,1
Jan Veselý,2011,-0.2,1.0,11.5,57.0,1.1,1.1,4.7,2.6,0,0,1
Kenneth Faried,2011,1.1,1.3,21.9,46.0,3.6,1.2,10.2,4.6,1,1,1
Alec Burks,2011,0.0,0.4,14.0,59.0,2.4,0.9,7.2,1.3,0,0,1
Ivan Johnson,2011,0.0,1.7,14.3,56.0,1.8,1.2,6.4,2.9,0,0,1
Charles Jenkins,2011,-0.5,0.1,12.4,51.0,0.8,1.2,5.8,1.2,0,0,1
Enes Freedom,2011,-0.2,0.8,14.5,66.0,1.6,0.8,4.6,2.6,0,0,1
Nikola Vučević,2011,0.0,1.6,14.3,51.0,0.7,0.6,5.5,3.1,0,0,1
Shelvin Mack,2011,-0.1,0.5,11.9,64.0,0.9,0.8,3.6,1.3,0,0,1
Greg Stiemsma,2011,0.7,2.2,13.6,55.0,0.7,0.6,2.9,2.3,0,0,1
Donald Sloan,2011,-0.6,0.1,8.9,33.0,0.9,1.5,5.5,1.5,0,0,1
Jordan Williams,2011,0.0,0.4,14.5,43.0,1.5,0.5,4.6,2.1,0,0,1
Lance Thomas,2011,-0.4,0.4,10.1,42.0,1.5,0.6,4.0,1.8,0,0,1
Lavoy Allen,2011,0.0,1.2,12.7,41.0,0.3,0.5,4.1,3.0,0,0,1
Jeremy Tyler,2011,-0.8,0.4,10.4,42.0,1.2,0.9,4.9,2.0,0,0,1
Jon Leuer,2011,0.2,0.5,15.3,46.0,0.6,0.4,4.7,1.6,0,0,1
Nolan Smith,2011,-0.5,0.3,7.8,44.0,0.6,1.0,3.8,0.9,0,0,1
Josh Harrellson,2011,0.3,1.0,13.7,37.0,0.7,0.5,4.4,2.6,0,0,1
Reggie Jackson,2011,-0.2,0.5,9.2,45.0,0.6,0.8,3.1,0.9,0,0,1
Tobias Harris,2011,0.0,0.4,14.2,42.0,1.3,0.7,5.0,1.7,0,0,1
Jeremy Pargo,2011,-0.6,0.4,4.4,44.0,0.6,1.0,2.9,0.6,0,0,1
Cory Higgins,2011,-0.9,-0.1,4.1,38.0,1.6,1.0,3.9,0.7,0,0,1
Andrew Goudelock,2011,-0.3,0.1,8.4,40.0,0.3,0.5,4.4,0.7,0,0,1
Jimmy Butler,2011,0.1,0.6,12.5,42.0,1.3,0.3,2.6,0.8,0,0,1
Walker Russell,2011,-0.3,0.3,7.2,28.0,0.8,1.2,3.0,0.7,0,0,1
E'Twaun Moore,2011,0.0,0.5,8.8,38.0,0.2,0.6,2.9,0.8,0,0,1
Terrel Harris,2011,-0.3,0.4,6.7,22.0,1.0,1.1,3.6,1.5,0,0,1
JaJuan Johnson,2011,-0.1,0.5,11.4,36.0,0.3,0.4,3.2,1.1,0,0,1
Cory Joseph,2011,-0.2,0.2,6.9,29.0,0.6,0.4,2.0,0.7,0,0,1
Jordan Hamilton,2011,0.1,0.2,13.9,26.0,0.2,0.6,4.4,2.0,0,0,1
Mickell Gladness,2011,-0.2,0.2,9.5,26.0,0.5,0.3,2.2,1.7,0,0,1
Malcolm Lee,2011,-0.1,0.1,9.3,19.0,0.9,0.9,3.3,0.9,0,0,1
Josh Selby,2011,-0.4,0.2,3.3,28.0,0.5,1.0,2.3,0.5,0,0,1
Daniel Orton,2011,0.0,0.3,12.7,16.0,1.6,0.4,2.8,1.3,0,0,1
Chris Wright,2011,0.1,0.2,18.6,24.0,1.3,0.3,2.9,1.1,0,0,1
Jerome Dyson,2011,-0.1,0.2,11.3,9.0,4.0,2.2,7.4,1.9,0,0,1
Julyan Stone,2011,0.2,0.2,13.0,22.0,0.5,0.5,1.6,0.9,0,0,1
Darius Morris,2011,-0.2,0.1,5.2,19.0,0.5,1.0,2.4,0.7,0,0,1
Elliot Williams,2011,0.1,0.1,18.8,24.0,0.8,0.2,3.7,0.5,0,0,1
Vernon Macklin,2011,0.1,0.1,18.2,23.0,0.6,0.1,2.0,0.9,0,0,1
Marcus Morris,2011,-0.2,0.1,3.8,17.0,0.5,0.2,2.4,0.6,0,0,1
Trey Thompkins,2011,-0.1,0.1,12.0,24.0,0.3,0.3,2.4,0.8,0,0,1
Carldell Johnson,2011,0.0,0.1,8.9,15.0,0.2,0.5,1.8,0.5,0,0,1
DeAndre Liggins,2011,-0.1,0.1,8.9,17.0,1.1,0.6,1.9,0.5,0,0,1
Jerome Jordan,2011,0.1,0.1,18.3,21.0,0.5,0.1,2.0,0.6,0,0,1
Mychel Thompson,2011,-0.1,0.0,2.2,5.0,0.0,1.0,3.6,1.0,0,0,1
Courtney Fortson,2011,-0.1,0.1,9.9,10.0,1.5,1.0,3.5,0.9,0,0,1
Justin Dentmon,2011,-0.1,0.1,4.8,6.0,1.0,1.2,4.3,1.3,0,0,1
Tyler Honeycutt,2011,0.0,0.1,10.4,15.0,0.3,0.1,1.3,0.7,0,0,1
Justin Harper,2011,-0.2,0.1,1.7,14.0,0.1,0.4,1.4,0.6,0,0,1
Greg Smith,2011,0.0,0.1,12.3,8.0,0.0,0.1,1.8,1.9,0,0,1
D.J. Kennedy,2011,-0.1,0.0,4.7,2.0,1.0,1.5,6.0,3.0,0,0,1
Edwin Ubiles,2011,0.0,0.0,7.3,4.0,0.8,0.3,3.5,2.0,0,0,1
Jerry Smith,2011,0.0,0.1,7.8,5.0,0.0,0.0,1.4,1.0,0,0,1
Travis Leslie,2011,0.0,0.0,14.6,10.0,0.9,0.2,1.4,0.3,0,0,1
Darington Hobson,2011,-0.1,0.0,-3.3,5.0,0.0,0.4,0.8,0.6,0,0,1
Eric Dawson,2011,0.0,0.1,14.6,4.0,0.5,0.8,3.8,1.3,0,0,1
Jeff Foote,2011,-0.1,0.0,-0.9,4.0,0.0,0.5,1.0,1.3,0,0,1
Xavier Silas,2011,-0.1,0.0,0.1,2.0,1.5,1.5,5.5,1.0,0,0,1
Derrick Byars,2011,0.0,0.1,14.9,2.0,2.0,0.0,5.0,2.5,0,0,1
Dennis Horner,2011,0.0,0.0,6.6,8.0,0.5,0.1,0.6,0.4,0,0,1
Ryan Reid,2011,0.0,0.0,17.6,5.0,0.0,0.2,1.6,0.2,0,0,1
Malcolm Thomas,2011,0.0,0.0,7.1,3.0,0.7,0.0,0.3,0.7,0,0,1
Keith Benson,2011,0.0,0.0,6.0,3.0,0.0,0.0,0.0,0.3,0,0,1
Damian Lillard,2012,1.8,0.7,16.4,82.0,3.9,3.0,19.0,2.6,1,1,1
Kyle Singler,2012,-0.6,1.2,10.0,82.0,1.5,1.2,8.8,2.7,1,2,1
Harrison Barnes,2012,0.1,1.9,11.0,81.0,2.3,1.2,9.2,3.5,1,1,1
Tyler Zeller,2012,-1.0,1.2,11.0,77.0,2.0,1.2,7.9,3.6,1,2,1
Michael Kidd-Gilchrist,2012,-0.3,1.0,14.0,78.0,2.4,1.3,9.0,4.2,1,2,1
Maurice Harkless,2012,0.4,1.7,12.5,76.0,1.7,0.9,8.2,2.8,0,0,1
Anthony Davis,2012,2.1,2.4,21.7,64.0,3.5,1.4,13.5,5.6,1,1,1
Alexey Shved,2012,0.1,1.4,11.0,77.0,1.9,1.9,8.6,1.7,0,0,1
Dion Waiters,2012,-0.1,0.6,13.7,61.0,3.5,2.0,14.7,2.1,1,1,1
Bradley Beal,2012,1.0,2.0,13.6,56.0,2.8,1.6,13.9,3.0,1,1,1
Jeff Taylor,2012,-0.6,0.0,10.3,77.0,1.3,0.6,6.1,1.3,0,0,1
Jonas Valančiūnas,2012,0.3,1.5,15.6,62.0,3.0,1.5,8.9,4.0,1,2,1
Austin Rivers,2012,-1.5,0.1,5.9,61.0,1.8,1.2,6.2,1.5,0,0,1
Jae Crowder,2012,0.3,1.3,10.2,78.0,0.9,0.6,5.0,1.9,0,0,1
Brian Roberts,2012,0.5,0.2,14.6,78.0,1.0,0.9,7.1,1.0,0,0,1
Pablo Prigioni,2012,0.7,1.3,13.0,78.0,0.3,1.1,3.5,1.3,0,0,1
Andrew Nicholson,2012,-0.2,0.8,15.1,75.0,1.3,1.1,7.8,2.5,0,0,1
Andre Drummond,2012,1.4,2.3,21.6,60.0,2.7,1.0,7.9,4.8,1,2,1
Terrence Ross,2012,-0.1,0.8,10.4,73.0,0.6,0.7,6.4,1.5,0,0,1
Meyers Leonard,2012,-0.4,0.7,12.1,69.0,1.3,0.7,5.5,2.5,0,0,1
Festus Ezeli,2012,-0.4,1.5,9.3,78.0,1.0,0.8,2.4,2.2,0,0,1
Draymond Green,2012,-0.4,1.6,7.1,79.0,0.7,0.6,2.9,2.6,0,0,1
Thomas Robinson,2012,-0.9,0.9,10.9,70.0,1.6,1.3,4.8,2.8,0,0,1
Nando De Colo,2012,0.2,1.4,11.1,72.0,0.6,1.1,3.8,1.6,0,0,1
John Jenkins,2012,0.3,0.6,13.0,61.0,1.1,0.7,6.1,1.3,0,0,1
Will Barton,2012,-0.6,0.6,9.1,73.0,0.9,0.8,4.0,1.5,0,0,1
Jared Sullinger,2012,0.0,1.4,13.5,45.0,1.4,0.6,6.0,3.8,0,0,1
Chris Copeland,2012,0.3,0.6,16.8,56.0,1.5,0.9,8.7,1.5,0,0,1
John Henson,2012,0.1,1.2,18.2,63.0,1.7,0.7,6.0,2.9,0,0,1
Victor Claver,2012,-0.3,0.5,7.0,49.0,0.6,0.9,3.8,1.8,0,0,1
DeQuan Jones,2012,-0.5,0.4,8.4,63.0,0.8,0.5,3.7,1.4,0,0,1
Patrick Beverley,2012,1.0,0.8,15.4,41.0,1.0,1.1,5.6,1.6,0,0,1
Kendall Marshall,2012,-0.6,0.2,7.8,48.0,0.3,1.2,3.0,0.8,0,0,1
Darius Miller,2012,-0.1,0.3,6.3,52.0,0.2,0.4,2.3,1.3,0,0,1
Kyle O'Quinn,2012,0.1,0.7,15.8,57.0,0.8,0.6,4.1,2.5,0,0,1
Orlando Johnson,2012,0.3,1.0,11.4,51.0,0.6,0.6,4.0,1.8,0,0,1
Doron Lamb,2012,-0.8,0.2,4.8,47.0,0.7,0.6,3.3,0.8,0,0,1
Arnett Moultrie,2012,0.1,0.6,16.7,47.0,0.6,0.4,3.7,1.5,0,0,1
Donatas Motiejūnas,2012,-0.2,0.3,12.2,44.0,1.2,0.8,5.7,1.3,0,0,1
Mirza Teletović,2012,0.1,0.5,12.3,53.0,0.2,0.4,3.5,1.2,0,0,1
Joel Freeland,2012,-0.4,0.4,9.3,51.0,0.5,0.4,2.6,1.5,0,0,1
Khris Middleton,2012,0.0,0.3,11.4,27.0,1.2,0.4,6.1,1.7,0,0,1
Bernard James,2012,0.0,0.7,14.7,46.0,0.9,0.4,2.8,1.7,0,0,1
Evan Fournier,2012,0.1,0.3,13.8,38.0,1.0,0.8,5.3,0.8,0,0,1
Kim English,2012,-0.2,0.2,7.9,41.0,0.7,0.5,2.9,0.7,0,0,1
Marquis Teague,2012,-0.4,0.4,6.0,48.0,0.3,0.7,2.1,0.9,0,0,1
Mike Scott,2012,-0.1,0.4,16.3,40.0,1.4,0.5,4.6,1.8,0,0,1
Quincy Acy,2012,0.2,0.4,15.9,29.0,1.3,0.6,4.0,1.6,0,0,1
Kevin Jones,2012,-0.2,0.2,11.1,32.0,0.5,0.3,3.0,1.3,0,0,1
Chris Johnson,2012,0.3,0.4,18.4,30.0,1.1,0.4,3.9,1.3,0,0,1
Perry Jones,2012,-0.4,0.4,7.8,38.0,0.4,0.4,2.3,1.3,0,0,1
Terrence Jones,2012,0.3,0.4,17.1,19.0,0.9,0.7,5.5,1.9,0,0,1
Tony Wroten,2012,-0.1,0.3,9.3,35.0,0.8,0.8,2.6,0.4,0,0,1
Kent Bazemore,2012,0.0,0.3,11.3,61.0,0.7,0.3,2.0,0.3,0,0,1
Viacheslav Kravtsov,2012,0.0,0.1,14.4,25.0,1.5,0.6,3.1,0.8,0,0,1
Tyshawn Taylor,2012,-0.3,0.2,6.2,38.0,0.7,0.7,2.2,0.4,0,0,1
Robert Sacre,2012,-0.4,0.1,3.4,32.0,0.3,0.3,1.3,0.8,0,0,1
Maalik Wayns,2012,-0.4,0.1,5.0,27.0,0.7,0.6,2.8,0.2,0,0,1
Ben Hansbrough,2012,-0.1,0.3,7.2,28.0,1.0,0.6,2.0,0.6,0,0,1
Diante Garrett,2012,-0.1,0.1,9.0,19.0,0.5,0.8,2.1,0.5,0,0,1
Jeremy Lamb,2012,-0.1,0.1,11.2,23.0,0.6,0.3,3.1,0.6,0,0,1
Justin Holiday,2012,-0.1,0.1,7.6,9.0,0.9,1.0,4.7,1.6,0,0,1
Aron Baynes,2012,-0.2,0.2,8.8,16.0,0.8,0.7,2.7,1.3,0,0,1
Tornike Shengelia,2012,-0.1,0.1,8.5,19.0,0.8,0.6,1.6,0.7,0,0,1
Luke Zeller,2012,-0.1,0.0,5.6,16.0,0.0,0.0,1.2,0.6,0,0,1
Jarvis Varnado,2012,-0.1,0.1,1.2,13.0,0.3,0.5,0.6,0.5,0,0,1
Miles Plumlee,2012,-0.1,0.1,8.8,14.0,0.3,0.2,0.9,0.7,0,0,1
Kris Joseph,2012,-0.1,0.1,0.6,10.0,0.8,0.2,0.9,0.6,0,0,1
Kevin Murphy,2012,-0.2,0.0,-4.5,17.0,0.0,0.2,0.9,0.2,0,0,1
Fab Melo,2012,-0.1,0.1,4.9,6.0,0.7,0.2,1.2,0.5,0,0,1
Jared Cunningham,2012,0.0,0.0,14.8,8.0,0.3,0.3,2.0,0.3,0,0,1
Quincy Miller,2012,0.0,0.0,5.9,7.0,0.3,0.1,1.3,0.1,0,0,1
Scott Machado,2012,0.0,0.0,6.0,6.0,0.3,1.3,1.3,0.2,0,0,1
Tim Ohlbrecht,2012,0.0,0.0,-6.1,3.0,0.3,1.3,1.0,0.3,0,0,1
Josh Akognon,2012,0.0,0.0,15.3,3.0,0.0,0.0,1.7,0.3,0,0,1
Darius Johnson-Odom,2012,0.0,0.0,-6.7,4.0,0.0,0.0,0.0,0.8,0,0,1
Henry Sims,2012,0.0,0.0,29.2,2.0,0.0,0.5,2.0,0.0,0,0,1
Chris Wright,2012,0.0,0.0,-1.9,3.0,0.0,0.3,0.7,0.0,0,0,1
Victor Oladipo,2013,0.3,2.8,13.6,80.0,4.0,3.2,13.8,3.6,1,1,1
Michael Carter-Williams,2013,0.9,2.1,15.5,70.0,5.2,3.5,16.7,4.8,1,1,1
Trey Burke,2013,-0.4,0.0,12.6,70.0,1.6,1.9,12.8,2.4,1,1,1
Ben McLemore,2013,-1.1,0.9,7.7,82.0,1.7,1.2,8.8,2.2,0,0,1
Giannis Antetokounmpo,2013,-0.2,1.1,10.8,77.0,2.6,1.6,6.8,3.4,1,2,1
Tim Hardaway Jr.,2013,0.1,0.4,12.7,81.0,1.6,0.6,10.2,1.3,0,0,1
Hollis Thompson,2013,-0.5,0.6,9.5,77.0,0.9,0.8,6.0,2.3,0,0,1
Kentavious Caldwell-Pope,2013,-0.2,0.8,9.4,80.0,0.8,0.4,5.9,1.5,0,0,1
Cody Zeller,2013,0.0,2.2,13.1,82.0,2.4,1.1,6.0,2.9,1,2,1
Kelly Olynyk,2013,0.3,1.4,15.2,70.0,1.7,1.5,8.7,3.2,1,2,1
Ryan Kelly,2013,0.2,0.7,12.6,59.0,2.3,0.8,8.0,3.0,0,0,1
Nate Wolters,2013,0.1,0.2,12.7,58.0,1.6,1.0,7.2,2.0,0,0,1
Mason Plumlee,2013,1.0,1.7,19.0,70.0,2.8,1.1,7.4,3.0,1,1,1
Matthew Dellavedova,2013,0.1,0.7,10.7,72.0,0.7,0.8,4.7,1.3,0,0,1
Tony Snell,2013,-0.2,1.7,8.0,77.0,0.5,0.6,4.5,1.4,0,0,1
Steven Adams,2013,-0.1,1.9,11.2,81.0,1.7,0.9,3.3,2.3,1,2,1
Nick Calathes,2013,0.3,1.6,12.3,71.0,1.0,1.4,4.9,1.6,0,0,1
Phil Pressey,2013,-0.4,1.1,8.8,75.0,0.6,1.2,2.8,1.1,0,0,1
Pero Antić,2013,-0.1,0.9,11.7,50.0,1.3,1.1,7.0,3.0,0,0,1
Ray McCallum,2013,-0.3,0.4,9.7,45.0,1.0,0.9,6.2,1.4,0,0,1
Gorgui Dieng,2013,0.2,1.5,16.5,60.0,1.6,0.9,4.8,3.3,1,2,1
Jeff Withey,2013,0.4,0.6,15.2,58.0,1.3,0.3,3.3,1.7,0,0,1
Anthony Bennett,2013,-0.9,0.7,6.9,52.0,1.3,0.9,4.2,2.0,0,0,1
Robbie Hummel,2013,0.0,0.6,9.6,53.0,0.3,0.2,3.4,1.8,0,0,1
Dennis Schröder,2013,-0.9,0.4,5.8,49.0,0.9,1.2,3.7,1.1,0,0,1
Brandon Davies,2013,-0.6,0.4,7.5,51.0,1.0,0.7,2.8,1.4,0,0,1
Archie Goodwin,2013,-0.2,0.5,10.3,52.0,1.1,0.8,3.7,1.2,0,0,1
Shane Larkin,2013,-0.2,0.3,8.3,48.0,0.5,0.8,2.8,0.6,0,0,1
Vítor Luiz Faverani,2013,-0.1,0.7,11.0,37.0,1.0,1.1,4.4,2.3,0,0,1
CJ McCollum,2013,-0.2,0.3,9.0,38.0,0.9,0.9,5.3,1.1,0,0,1
Miroslav Raduljica,2013,-0.2,0.1,15.3,48.0,1.1,0.6,3.8,1.1,0,0,1
Rudy Gobert,2013,-0.1,0.6,12.9,45.0,1.4,0.7,2.3,2.3,0,0,1
Andre Roberson,2013,0.0,0.6,9.0,40.0,0.3,0.5,1.9,1.5,0,0,1
Reggie Bullock,2013,-0.1,0.3,6.7,43.0,0.2,0.3,2.7,1.0,0,0,1
Dewayne Dedmon,2013,-0.3,0.5,10.7,31.0,1.0,0.6,3.1,2.9,0,0,1
Toure' Murry,2013,-0.2,0.3,11.1,51.0,0.8,0.7,2.7,0.6,0,0,1
Alex Len,2013,-0.4,0.4,7.3,42.0,0.7,0.6,2.0,1.4,0,0,1
Otto Porter Jr.,2013,-0.3,0.3,6.0,37.0,0.3,0.4,2.1,1.0,0,0,1
Gal Mekel,2013,-0.4,0.1,5.4,31.0,0.4,1.0,2.4,0.7,0,0,1
Shabazz Muhammad,2013,-0.2,0.2,13.1,37.0,1.1,0.4,3.9,0.8,0,0,1
Isaiah Canaan,2013,-0.1,0.2,9.5,22.0,1.3,1.0,4.6,0.8,0,0,1
Jorge Gutiérrez,2013,-0.2,0.2,8.7,15.0,0.8,0.9,4.1,1.3,0,0,1
Gigi Datome,2013,-0.2,0.1,8.0,34.0,0.3,0.3,2.4,0.9,0,0,1
Solomon Hill,2013,0.0,0.4,7.6,28.0,0.3,0.5,1.7,1.1,0,0,1
Lorenzo Brown,2013,-0.2,0.2,8.2,26.0,0.5,0.6,2.5,0.8,0,0,1
Peyton Siva,2013,-0.2,0.1,5.7,24.0,0.6,0.8,2.3,0.5,0,0,1
Mike Muscala,2013,-0.2,0.2,10.8,20.0,0.7,0.6,3.8,1.8,0,0,1
Dionte Christmas,2013,0.0,0.1,11.1,31.0,0.8,0.2,2.3,0.8,0,0,1
Ian Clark,2013,-0.1,0.1,9.2,23.0,0.3,0.6,3.0,0.7,0,0,1
James Nunnally,2013,-0.1,0.1,6.1,13.0,0.7,0.5,3.4,1.4,0,0,1
Jamaal Franklin,2013,-0.2,0.2,4.7,21.0,0.1,0.5,1.9,0.9,0,0,1
Sergey Karasev,2013,-0.3,0.1,2.3,22.0,0.5,0.5,1.7,0.7,0,0,1
Dwight Buycks,2013,0.0,0.2,7.2,14.0,0.6,0.7,3.1,1.4,0,0,1
Nemanja Nedović,2013,-0.3,0.1,-1.7,24.0,0.3,0.5,1.1,0.5,0,0,1
Chris Babb,2013,-0.1,0.1,3.7,14.0,0.0,0.2,1.6,0.9,0,0,1
Casper Ware,2013,0.0,0.1,13.0,9.0,0.7,0.6,5.3,1.0,0,0,1
Glen Rice Jr.,2013,0.0,0.2,6.6,11.0,0.6,0.8,2.9,1.5,0,0,1
Allen Crabbe,2013,-0.1,0.1,7.7,15.0,0.3,0.2,2.2,0.5,0,0,1
Ognjen Kuzmić,2013,-0.2,0.1,3.4,21.0,0.5,0.5,0.7,0.5,0,0,1
Tony Mitchell,2013,0.0,0.1,18.1,21.0,0.0,0.0,2.0,0.0,0,0,1
Troy Daniels,2013,0.0,0.0,16.0,5.0,0.0,0.6,8.4,0.8,0,0,1
Justin Hamilton,2013,0.0,0.1,11.9,8.0,0.6,0.5,3.3,0.4,0,0,1
Erik Murphy,2013,-0.1,0.1,0.2,24.0,0.0,0.1,0.3,0.3,0,0,1
Carrick Felix,2013,0.0,0.0,13.3,7.0,0.6,0.6,2.7,0.7,0,0,1
Adonis Thomas,2013,0.0,0.0,7.3,6.0,0.2,0.2,2.3,0.5,0,0,1
Robert Covington,2013,0.0,0.0,15.0,7.0,0.0,0.1,2.3,0.4,0,0,1
Ricky Ledo,2013,0.0,0.0,12.7,11.0,0.4,0.2,1.7,0.2,0,0,1
James Southerland,2013,0.0,0.0,11.8,4.0,0.5,0.3,3.5,2.0,0,0,1
Arinze Onuaku,2013,0.0,0.0,3.8,5.0,0.4,0.2,0.6,1.2,0,0,1
Vander Blue,2013,0.0,0.0,0.5,3.0,1.7,0.7,1.7,1.0,0,0,1
D.J. Stephens,2013,0.0,0.0,16.1,3.0,0.3,0.0,2.3,1.3,0,0,1
Seth Curry,2013,0.0,0.0,13.8,2.0,0.0,0.0,1.5,0.5,0,0,1
Shane Edwards,2013,0.0,0.0,-1.0,2.0,0.0,0.5,1.0,0.5,0,0,1
Elias Harris,2013,0.0,0.0,7.6,2.0,0.0,0.0,0.0,0.0,0,0,1
Royce White,2013,0.0,0.0,-8.3,3.0,0.0,0.0,0.0,0.0,0,0,1
Scotty Hopson,2013,0.0,0.0,-6.5,2.0,1.0,0.0,0.5,0.0,0,0,1
Chris Smith,2013,0.0,0.0,0.0,2.0,0.0,0.0,0.0,0.0,0,0,1
Andrew Wiggins,2014,-0.3,0.0,13.9,82.0,5.7,2.2,16.9,2.9,1,1,1
Elfrid Payton,2014,0.5,2.3,13.8,82.0,2.6,2.5,8.9,3.0,1,1,1
Nerlens Noel,2014,1.0,4.2,15.0,75.0,3.1,1.9,9.9,5.7,1,1,1
Zach LaVine,2014,-1.3,0.0,11.3,77.0,2.3,2.5,10.1,2.4,1,2,1
Bojan Bogdanović,2014,0.1,0.7,11.6,78.0,1.4,1.0,9.0,2.1,1,2,1
Dante Exum,2014,-1.1,1.0,5.7,82.0,0.4,1.4,4.8,1.3,0,0,1
Marcus Smart,2014,0.7,2.2,11.0,67.0,1.9,1.3,7.8,2.4,1,2,1
Joe Ingles,2014,0.3,1.6,9.6,79.0,0.5,1.2,5.0,1.9,0,0,1
Nikola Mirotić,2014,1.8,2.7,17.9,82.0,3.5,1.1,10.2,4.2,1,1,1
Jordan Clarkson,2014,0.8,0.4,16.9,59.0,2.7,1.6,11.9,2.3,1,1,1
Langston Galloway,2014,-0.1,0.6,12.3,45.0,1.7,1.4,11.8,3.4,1,2,1
Jerami Grant,2014,-0.5,1.4,8.7,65.0,3.0,1.3,6.3,2.3,0,0,1
K.J. McDaniels,2014,-0.3,1.5,10.6,62.0,2.1,1.7,7.9,2.2,0,0,1
Tarik Black,2014,0.0,0.9,14.7,63.0,1.9,0.8,6.0,3.6,0,0,1
JaKarr Sampson,2014,-0.6,1.1,9.4,74.0,1.3,1.0,5.2,1.7,0,0,1
Nik Stauskas,2014,-0.4,0.2,7.5,73.0,0.9,0.5,4.4,1.1,0,0,1
Jusuf Nurkić,2014,-0.2,1.8,14.8,62.0,2.1,1.4,6.9,4.1,1,2,1
Rodney Hood,2014,0.3,0.9,12.3,50.0,1.6,0.9,8.7,2.2,0,0,1
James Ennis III,2014,0.1,0.8,11.5,62.0,1.5,0.6,5.0,2.0,0,0,1
Damjan Rudež,2014,-0.1,0.7,8.2,68.0,0.3,0.7,4.8,0.6,0,0,1
Shabazz Napier,2014,-0.3,0.8,9.3,51.0,1.1,1.6,5.1,1.9,0,0,1
Elijah Millsap,2014,-0.3,1.4,7.9,47.0,1.8,1.4,5.3,2.6,0,0,1
Aaron Gordon,2014,-0.2,0.7,11.4,47.0,1.3,0.8,5.2,2.6,0,0,1
Kostas Papanikolaou,2014,0.0,0.9,7.8,43.0,0.4,1.3,4.2,1.8,0,0,1
Markel Brown,2014,-0.1,0.7,9.1,47.0,1.2,0.6,4.6,1.9,0,0,1
Adreian Payne,2014,-0.9,0.2,7.7,32.0,1.4,1.4,6.7,3.6,0,0,1
Jabari Parker,2014,0.3,1.0,14.5,25.0,2.6,1.9,12.3,3.5,0,0,1
Gary Harris,2014,-0.6,0.5,4.9,55.0,0.9,0.7,3.4,0.8,0,0,1
P.J. Hairston,2014,-0.1,0.8,8.9,45.0,0.8,0.5,5.6,1.6,0,0,1
Travis Wear,2014,-0.6,0.2,8.5,51.0,0.5,0.7,3.9,1.5,0,0,1
Cleanthony Early,2014,-0.5,0.4,8.4,39.0,1.2,1.0,5.4,1.9,0,0,1
T.J. Warren,2014,0.2,0.4,14.0,40.0,0.5,0.7,6.1,1.1,0,0,1
Tyler Johnson,2014,0.2,0.7,12.0,32.0,1.5,0.9,5.9,2.1,0,0,1
Jabari Brown,2014,-0.3,0.0,11.0,19.0,4.5,1.7,11.9,1.7,0,0,1
Furkan Aldemir,2014,-0.2,0.7,12.0,41.0,0.7,0.4,2.3,2.4,0,0,1
Cory Jefferson,2014,-0.1,0.6,13.2,50.0,1.1,0.4,3.7,2.0,0,0,1
Joe Harris,2014,-0.4,0.2,5.6,51.0,0.3,0.5,2.7,0.7,0,0,1
Mitch McGary,2014,0.0,0.7,16.6,32.0,1.3,1.0,6.3,3.5,0,0,1
Spencer Dinwiddie,2014,-0.1,0.4,10.2,34.0,1.0,1.0,4.3,1.3,0,0,1
Tyler Ennis,2014,-0.2,0.5,7.3,33.0,0.2,1.3,3.7,0.8,0,0,1
Erick Green,2014,-0.2,0.1,8.9,43.0,0.3,0.3,3.4,0.6,0,0,1
Johnny O'Bryant,2014,-0.7,0.3,3.8,34.0,0.8,0.7,2.9,1.1,0,0,1
Kyle Anderson,2014,0.1,0.6,8.2,33.0,0.4,0.3,2.2,2.0,0,0,1
James Young,2014,-0.1,0.3,8.5,31.0,0.9,0.2,3.4,1.1,0,0,1
Doug McDermott,2014,-0.3,0.2,6.1,36.0,0.4,0.5,3.0,1.0,0,0,1
Joffrey Lauvergne,2014,-0.2,0.3,10.5,24.0,1.2,0.9,3.9,2.1,0,0,1
Nick Johnson,2014,-0.3,0.2,4.8,28.0,0.9,0.7,2.6,0.9,0,0,1
Glenn Robinson III,2014,-0.2,0.1,8.5,35.0,0.7,0.3,2.1,0.7,0,0,1
Noah Vonleh,2014,-0.1,0.4,13.2,25.0,1.0,0.4,3.3,2.3,0,0,1
Jordan Adams,2014,0.2,0.4,12.8,30.0,0.8,0.5,3.1,0.6,0,0,1
Tim Frazier,2014,-0.2,0.2,8.1,11.0,1.9,2.3,5.2,2.0,0,0,1
Dwight Powell,2014,0.1,0.3,13.8,29.0,1.1,0.4,3.1,1.1,0,0,1
Larry Drew II,2014,-0.4,0.1,4.5,12.0,0.3,2.1,3.8,1.2,0,0,1
Devyn Marble,2014,-0.1,0.2,5.9,16.0,1.0,0.6,2.3,1.6,0,0,1
JaMychal Green,2014,0.0,0.3,14.9,24.0,0.4,0.6,2.6,1.1,0,0,1
Bryce Cotton,2014,0.0,0.1,14.5,15.0,1.2,0.8,5.3,1.0,0,0,1
James Michael McAdoo,2014,0.0,0.3,17.7,15.0,1.7,0.4,4.1,1.5,0,0,1
Jarnell Stokes,2014,0.0,0.2,18.6,19.0,1.5,0.4,3.0,0.9,0,0,1
Shayne Whittington,2014,0.1,0.2,20.0,20.0,1.2,0.3,2.9,1.0,0,0,1
C.J. Wilcox,2014,-0.1,0.1,8.5,21.0,0.1,0.5,2.0,0.3,0,0,1
Clint Capela,2014,-0.1,0.2,12.1,12.0,1.9,0.4,2.7,2.2,0,0,1
Jack Cooley,2014,-0.1,0.2,11.4,16.0,1.3,0.2,1.7,0.9,0,0,1
Zoran Dragić,2014,-0.1,0.0,8.2,16.0,0.3,0.3,1.8,0.2,0,0,1
Sean Kilpatrick,2014,0.0,0.0,10.0,4.0,1.0,0.5,5.5,1.3,0,0,1
Drew Gordon,2014,-0.1,0.1,3.7,9.0,0.2,0.9,1.9,1.2,0,0,1
Will Cherry,2014,-0.1,0.1,5.8,8.0,0.8,0.5,1.9,0.5,0,0,1
Russ Smith,2014,-0.1,0.1,5.2,12.0,1.1,1.0,2.5,0.4,0,0,1
Cameron Bairstow,2014,-0.1,0.0,2.1,18.0,0.3,0.2,0.6,0.1,0,0,1
Grant Jerrett,2014,-0.1,0.1,1.5,8.0,0.1,0.4,2.0,0.9,0,0,1
Jerel McNeal,2014,-0.1,0.1,1.2,6.0,0.3,0.8,1.5,0.5,0,0,1
David Stockton,2014,0.0,0.0,10.8,3.0,2.0,1.3,2.7,0.7,0,0,1
Patrick Christopher,2014,-0.1,0.0,-2.6,4.0,0.0,0.3,1.5,1.0,0,0,1
Bruno Caboclo,2014,-0.1,0.0,-1.8,8.0,0.0,0.5,1.3,0.1,0,0,1
Lucas Nogueira,2014,0.0,0.1,5.2,6.0,0.7,0.3,1.0,1.5,0,0,1
Andre Dawkins,2014,-0.1,0.0,-5.0,4.0,0.0,0.3,0.8,0.5,0,0,1
Alex Kirk,2014,0.0,0.0,8.5,5.0,0.4,0.0,0.8,0.0,0,0,1
Julius Randle,2014,0.0,0.0,-7.5,1.0,2.0,1.0,2.0,0.0,0,0,1
David Wear,2014,0.0,0.0,2.4,2.0,0.0,0.0,0.0,0.0,0,0,1
Kalin Lucas,2014,0.0,0.0,-0.7,1.0,0.0,0.0,0.0,0.0,0,0,1
Sim Bhullar,2014,0.0,0.0,44.3,3.0,0.0,0.0,0.7,0.3,0,0,1
Jerrelle Benimon,2014,0.0,0.0,4.7,2.0,0.0,0.5,0.0,1.0,0,0,1
Eric Moreland,2014,0.0,0.0,40.8,3.0,0.0,0.0,0.7,0.3,0,0,1
Karl-Anthony Towns,2015,2.7,2.8,22.5,82.0,3.4,2.2,18.3,7.7,1,1,1
D'Angelo Russell,2015,-0.1,0.7,13.2,80.0,2.4,2.5,13.2,2.8,1,2,1
Justise Winslow,2015,-0.3,2.7,8.4,78.0,1.5,1.2,6.4,4.1,1,2,1
Devin Booker,2015,-0.5,0.7,11.9,76.0,3.4,2.1,13.8,2.1,1,1,1
Emmanuel Mudiay,2015,-1.2,1.2,9.9,68.0,3.1,3.2,12.8,2.9,1,2,1
Kristaps Porziņģis,2015,1.5,2.9,17.7,72.0,3.3,1.7,14.3,5.5,1,1,1
Nikola Jokić,2015,2.6,2.2,21.5,80.0,2.4,1.3,10.0,4.7,1,1,1
Frank Kaminsky,2015,0.5,2.1,12.5,81.0,1.8,0.7,7.5,3.3,0,0,1
Stanley Johnson,2015,-0.5,1.9,8.7,73.0,1.4,1.6,8.1,3.4,0,0,1
T.J. McConnell,2015,0.3,1.4,14.5,81.0,0.5,1.7,6.1,2.6,0,0,1
Jahlil Okafor,2015,-0.1,0.9,17.1,53.0,3.7,2.3,17.5,4.7,1,1,1
Raul Neto,2015,0.0,1.6,10.2,81.0,0.9,1.3,5.9,1.3,0,0,1
Mario Hezonja,2015,-0.4,1.0,9.4,79.0,0.7,1.2,6.1,1.9,0,0,1
Willie Cauley-Stein,2015,0.4,1.4,15.3,66.0,1.9,0.7,7.0,3.3,1,2,1
Trey Lyles,2015,0.1,1.7,11.6,80.0,1.0,0.8,6.1,3.0,0,0,1
Myles Turner,2015,0.1,2.3,15.4,60.0,2.0,1.1,10.3,4.4,1,2,1
Larry Nance Jr.,2015,0.2,0.9,13.4,63.0,0.7,0.7,5.5,3.3,0,0,1
Jerian Grant,2015,-0.3,1.0,11.2,76.0,1.6,1.1,5.6,1.6,0,0,1
Josh Richardson,2015,0.5,1.2,11.4,52.0,1.2,0.7,6.6,1.7,0,0,1
Bobby Portis,2015,-0.4,1.3,13.8,62.0,1.1,0.9,7.0,3.5,0,0,1
Nemanja Bjelica,2015,0.3,0.6,11.2,60.0,0.9,0.8,5.1,2.7,0,0,1
Rashad Vaughn,2015,-0.9,0.4,4.2,70.0,0.2,0.4,3.1,1.1,0,0,1
Marcelo Huertas,2015,-0.7,0.1,10.4,53.0,0.5,1.5,4.5,1.4,0,0,1
Jonathon Simmons,2015,-0.2,1.3,11.9,55.0,1.7,1.0,6.0,1.5,0,0,1
Norman Powell,2015,0.3,0.9,13.3,49.0,1.1,0.7,5.6,1.9,0,0,1
Richaun Holmes,2015,0.1,0.5,15.9,51.0,1.5,0.6,5.6,1.4,0,0,1
Cameron Payne,2015,0.2,0.8,12.9,57.0,0.4,0.8,5.0,1.3,0,0,1
Kelly Oubre Jr.,2015,-0.5,0.7,8.2,63.0,0.8,0.5,3.7,1.7,0,0,1
Justin Anderson,2015,0.4,0.8,12.3,55.0,1.0,0.4,3.8,2.1,0,0,1
Rondae Hollis-Jefferson,2015,0.4,0.7,14.2,29.0,1.8,0.9,5.8,4.0,0,0,1
Anthony Brown,2015,-0.5,0.1,4.9,29.0,0.7,0.5,4.0,2.1,0,0,1
Tyus Jones,2015,-0.1,0.3,11.2,37.0,1.1,0.9,4.2,1.1,0,0,1
Boban Marjanović,2015,0.8,1.2,27.7,54.0,2.1,0.5,5.5,2.2,0,0,1
Willie Reed,2015,0.2,0.3,19.2,39.0,1.4,0.4,4.7,1.9,0,0,1
Salah Mejri,2015,0.2,0.7,16.8,34.0,1.4,0.7,3.7,2.4,0,0,1
Lamar Patterson,2015,-0.3,0.5,5.1,35.0,0.6,0.7,2.4,1.3,0,0,1
Joe Young,2015,-0.3,0.5,9.9,41.0,0.6,0.8,3.8,1.1,0,0,1
Darrun Hilliard,2015,0.0,0.3,10.7,38.0,1.1,0.5,4.0,1.1,0,0,1
Jarell Martin,2015,-0.2,0.2,14.0,27.0,2.3,0.7,5.7,1.7,0,0,1
Montrezl Harrell,2015,0.1,0.2,14.6,39.0,1.2,0.4,3.6,1.0,0,0,1
Chris McCullough,2015,0.0,0.4,12.2,24.0,1.0,0.6,4.7,1.8,0,0,1
Cristiano Felício,2015,0.2,0.4,17.6,31.0,1.1,0.4,3.4,2.3,0,0,1
R.J. Hunter,2015,0.0,0.4,7.7,36.0,0.2,0.3,2.7,1.0,0,0,1
Terry Rozier,2015,-0.3,0.3,5.0,39.0,0.3,0.5,1.8,1.0,0,0,1
Axel Toupane,2015,-0.2,0.1,7.1,21.0,0.8,0.3,3.6,1.1,0,0,1
Bryce Dejean-Jones,2015,0.0,0.2,9.6,14.0,1.5,0.8,5.6,2.9,0,0,1
Xavier Munford,2015,0.0,0.2,9.9,14.0,1.0,1.1,5.7,2.0,0,0,1
Delon Wright,2015,0.2,0.2,17.8,27.0,1.3,0.6,3.8,1.1,0,0,1
Jordan McRae,2015,0.0,0.1,14.2,22.0,1.3,0.7,4.5,0.7,0,0,1
Briante Weber,2015,-0.1,0.2,8.9,7.0,0.6,1.3,4.4,2.4,0,0,1
Damien Inglis,2015,-0.1,0.2,6.7,20.0,0.4,0.6,1.8,1.5,0,0,1
Jarell Eddie,2015,0.0,0.1,11.0,26.0,0.3,0.0,2.4,0.8,0,0,1
Christian Wood,2015,0.1,0.1,16.4,17.0,1.2,0.1,3.6,1.5,0,0,1
Pat Connaughton,2015,-0.2,0.1,4.6,34.0,0.1,0.3,1.1,0.6,0,0,1
Sasha Kaun,2015,0.0,0.2,12.5,25.0,0.4,0.3,0.9,0.6,0,0,1
Aaron Harrison,2015,-0.1,0.1,4.3,21.0,0.6,0.2,0.9,0.5,0,0,1
Tibor Pleiß,2015,-0.2,0.1,3.5,12.0,0.2,0.7,2.0,0.8,0,0,1
Edy Tavares,2015,0.0,0.1,14.4,11.0,0.7,0.5,2.3,1.3,0,0,1
Alex Stepheson,2015,0.0,0.1,14.8,8.0,1.5,0.0,2.8,1.1,0,0,1
Alan Williams,2015,0.0,0.2,21.1,10.0,1.4,0.6,2.9,2.4,0,0,1
Jordan Mickey,2015,0.0,0.1,15.3,16.0,0.6,0.1,1.3,0.4,0,0,1
Josh Huestis,2015,0.0,0.1,6.7,5.0,0.8,0.6,2.8,1.6,0,0,1
Luis Montero,2015,-0.1,0.0,-2.7,12.0,0.3,0.3,1.2,0.3,0,0,1
Cliff Alexander,2015,0.0,0.0,11.6,8.0,0.0,0.1,1.3,0.5,0,0,1
Branden Dawson,2015,0.0,0.0,7.1,6.0,0.2,0.0,0.8,0.3,0,0,1
Keith Appling,2015,-0.1,0.0,-4.8,5.0,0.4,0.6,1.2,0.2,0,0,1
Duje Dukan,2015,0.0,0.0,4.2,1.0,0.0,0.0,6.0,2.0,0,0,1
Kevon Looney,2015,0.0,0.0,18.6,5.0,0.0,0.2,1.8,1.2,0,0,1
Coty Clarke,2015,0.0,0.0,23.9,3.0,0.0,0.3,2.0,0.3,0,0,1
Sam Dekker,2015,0.0,0.0,10.8,3.0,0.0,0.0,0.0,0.3,0,0,1
Thanasis Antetokounmpo,2015,0.0,0.0,32.9,2.0,0.0,0.0,3.0,0.5,0,0,1
J.J. O'Brien,2015,0.0,0.0,1.3,2.0,0.0,0.0,0.0,0.5,0,0,1
Rakeem Christmas,2015,0.0,0.0,32.0,1.0,0.0,0.0,4.0,0.0,0,0,1
Brandon Ingram,2016,-1.4,0.7,8.5,79.0,2.7,1.5,9.4,3.2,1,2,1
Dario Šarić,2016,-0.2,2.2,12.8,81.0,2.7,2.3,12.8,5.0,1,1,1
Malcolm Brogdon,2016,0.8,1.5,14.9,75.0,1.7,1.5,10.2,2.2,1,1,1
Rodney McGruder,2016,0.0,1.7,9.1,78.0,0.9,0.7,6.4,2.1,0,0,1
Buddy Hield,2016,0.0,1.3,11.8,82.0,0.9,1.2,10.6,2.9,1,1,1
Jamal Murray,2016,0.0,0.7,11.9,82.0,1.5,1.4,9.9,2.1,1,2,1
Marquese Chriss,2016,-0.1,1.5,12.3,82.0,2.2,1.3,9.2,3.1,1,2,1
Isaiah Whitehead,2016,-1.3,0.9,7.6,73.0,1.5,1.9,7.4,2.1,0,0,1
Dorian Finney-Smith,2016,-0.3,1.5,7.7,81.0,0.8,0.6,4.3,2.1,0,0,1
Domantas Sabonis,2016,-1.0,1.8,6.9,81.0,0.8,1.0,5.9,3.0,0,0,1
Andrew Harrison,2016,-0.5,1.5,8.7,72.0,2.7,1.2,5.9,1.6,0,0,1
Jaylen Brown,2016,-0.6,1.3,10.3,78.0,1.6,0.9,6.6,2.2,1,2,1
Kris Dunn,2016,-0.3,1.3,8.1,78.0,0.8,1.1,3.8,1.8,0,0,1
Willy Hernangómez,2016,0.6,1.6,19.0,72.0,1.7,1.4,8.2,4.6,1,1,1
Malcolm Delaney,2016,-1.1,1.3,7.5,73.0,1.3,1.3,5.4,1.5,0,0,1
Caris LeVert,2016,0.3,1.0,12.3,57.0,1.6,1.0,8.2,2.9,0,0,1
Yogi Ferrell,2016,0.3,1.0,13.1,46.0,1.9,1.5,10.0,2.0,1,2,1
Timothé Luwawu-Cabarrot,2016,-0.8,0.8,8.5,69.0,1.8,1.1,6.4,1.8,0,0,1
Tyler Ulis,2016,-0.1,0.4,13.0,61.0,1.2,1.3,7.3,1.2,0,0,1
Patrick McCaw,2016,-0.1,1.2,8.6,71.0,0.5,0.5,4.0,1.1,0,0,1
Álex Abrines,2016,0.1,0.9,10.1,68.0,0.7,0.5,6.0,1.0,0,0,1
Mindaugas Kuzminskas,2016,0.0,0.4,12.4,68.0,1.0,0.8,6.3,1.2,0,0,1
Taurean Prince,2016,0.0,1.5,9.8,59.0,1.6,1.0,5.7,2.2,0,0,1
Denzel Valentine,2016,-0.3,1.1,7.3,57.0,0.3,0.9,5.1,2.5,0,0,1
Semaj Christon,2016,-0.8,0.8,5.7,64.0,0.5,0.7,2.9,1.1,0,0,1
Pascal Siakam,2016,-0.1,1.2,11.5,55.0,0.6,0.6,4.2,2.2,0,0,1
Ron Baker,2016,-0.6,0.5,7.5,52.0,0.8,1.1,4.1,1.7,0,0,1
Paul Zipser,2016,-0.5,0.8,6.9,44.0,0.9,0.9,5.5,2.5,0,0,1
Juancho Hernangómez,2016,0.4,0.6,13.4,62.0,1.2,0.5,4.9,2.3,0,0,1
Dāvis Bertāns,2016,0.7,1.2,12.9,67.0,0.5,0.5,4.5,1.1,0,0,1
Joel Embiid,2016,1.3,1.5,24.1,31.0,7.9,3.8,20.2,5.9,1,1,1
Tomáš Satoranský,2016,-0.1,0.5,8.5,57.0,0.6,0.7,2.7,1.0,0,0,1
Jakob Poeltl,2016,-0.2,0.7,12.2,54.0,1.1,0.5,3.1,1.6,0,0,1
Skal Labissière,2016,0.0,0.5,16.8,33.0,2.2,1.1,8.8,3.4,0,0,1
Ivica Zubac,2016,0.0,0.5,17.0,38.0,1.3,0.8,7.5,3.1,0,0,1
Dragan Bender,2016,-0.4,0.3,5.3,43.0,0.3,0.7,3.4,1.9,0,0,1
Thon Maker,2016,0.0,0.5,14.0,57.0,0.9,0.3,4.0,1.3,0,0,1
Troy Williams,2016,-0.3,0.7,9.0,30.0,1.1,1.1,6.2,1.8,0,0,1
Derrick Jones Jr.,2016,0.0,0.2,12.0,32.0,1.3,0.4,5.3,1.3,0,0,1
Nicolás Brussino,2016,0.1,0.6,10.7,54.0,0.4,0.5,2.8,1.3,0,0,1
Okaro White,2016,-0.1,0.5,7.5,35.0,0.6,0.5,2.8,1.6,0,0,1
Wade Baldwin,2016,-0.3,0.5,6.5,33.0,1.1,1.2,3.2,1.1,0,0,1
David Nwaba,2016,0.0,0.2,12.2,20.0,2.0,0.6,6.0,2.3,0,0,1
Kay Felder,2016,0.0,0.4,11.4,42.0,1.2,0.7,4.0,0.9,0,0,1
DeAndre' Bembry,2016,-0.1,0.4,8.8,38.0,0.4,0.4,2.7,1.2,0,0,1
Georgios Papagiannis,2016,-0.2,0.3,12.7,22.0,0.6,1.1,5.6,2.8,0,0,1
Maurice Ndour,2016,-0.1,0.3,11.3,32.0,0.8,0.4,3.1,1.3,0,0,1
Dejounte Murray,2016,-0.2,0.5,9.6,38.0,0.8,1.0,3.4,0.9,0,0,1
Chasson Randle,2016,0.0,0.1,13.6,26.0,1.7,0.7,5.3,1.0,0,0,1
Fred VanVleet,2016,0.0,0.4,10.5,37.0,0.6,0.4,2.9,1.0,0,0,1
Sheldon Mac,2016,0.0,0.2,10.1,30.0,0.9,0.2,3.0,1.0,0,0,1
Bryn Forbes,2016,-0.2,0.2,5.9,36.0,0.2,0.3,2.6,0.6,0,0,1
Jake Layman,2016,-0.3,0.1,4.9,35.0,0.5,0.3,2.2,0.5,0,0,1
Deyonta Davis,2016,-0.2,0.4,10.6,36.0,0.5,0.2,1.6,1.1,0,0,1
Wayne Selden,2016,-0.2,0.2,6.9,14.0,1.6,0.9,5.1,1.1,0,0,1
Shawn Long,2016,0.2,0.3,24.1,18.0,1.9,0.7,8.2,2.4,0,0,1
Jonathan Gibson,2016,-0.1,0.2,9.5,17.0,1.7,1.2,6.2,1.2,0,0,1
Cheick Diallo,2016,-0.1,0.3,16.8,17.0,1.2,0.4,5.1,2.9,0,0,1
Malachi Richardson,2016,-0.1,0.1,9.6,22.0,0.9,0.4,3.6,0.9,0,0,1
Treveon Graham,2016,0.1,0.2,10.6,27.0,0.6,0.1,2.1,0.6,0,0,1
Quinn Cook,2016,-0.1,0.1,11.8,14.0,0.4,0.9,5.6,0.4,0,0,1
Nicolás Laprovíttola,2016,-0.1,0.2,8.4,18.0,0.5,1.1,3.3,0.5,0,0,1
Marshall Plumlee,2016,-0.1,0.1,10.9,21.0,0.9,0.6,1.9,1.3,0,0,1
Malik Beasley,2016,0.1,0.1,13.7,22.0,0.5,0.4,3.8,0.5,0,0,1
A.J. Hammons,2016,-0.2,0.2,8.4,22.0,0.9,0.5,2.2,1.3,0,0,1
Alex Poythress,2016,0.0,0.1,13.2,6.0,1.7,0.5,10.7,3.0,0,0,1
Henry Ellenson,2016,-0.1,0.2,7.5,19.0,0.4,0.7,3.2,1.7,0,0,1
Jarrod Uthoff,2016,0.0,0.1,13.9,9.0,0.8,0.3,4.4,1.6,0,0,1
Stephen Zimmerman,2016,-0.2,0.1,7.3,19.0,0.3,0.2,1.2,1.3,0,0,1
Gary Payton II,2016,-0.1,0.1,4.5,6.0,0.8,1.7,3.3,2.0,0,0,1
Georges Niang,2016,-0.2,0.1,0.1,23.0,0.1,0.2,0.9,0.7,0,0,1
Damian Jones,2016,-0.2,0.1,5.3,10.0,1.0,0.6,1.9,1.4,0,0,1
Pierre Jackson,2016,-0.1,0.1,13.0,8.0,0.9,0.4,4.4,1.0,0,0,1
Tim Quarterman,2016,0.0,0.1,10.2,16.0,0.2,0.7,1.9,0.6,0,0,1
Daniel Ochefu,2016,-0.1,0.1,6.6,19.0,0.1,0.2,1.3,0.9,0,0,1
Joel Bolomboy,2016,0.1,0.1,19.7,12.0,0.5,0.2,1.8,1.1,0,0,1
Chinanu Onuaku,2016,0.0,0.1,12.3,5.0,0.8,0.8,2.8,1.6,0,0,1
Isaiah Taylor,2016,-0.1,0.0,0.3,4.0,0.5,0.0,0.8,0.5,0,0,1
Marcus Georges-Hunt,2016,0.0,0.0,10.2,5.0,2.0,0.4,2.8,1.6,0,0,1
Kyle Wiltjer,2016,0.0,0.1,6.7,14.0,0.1,0.4,0.9,0.4,0,0,1
Patricio Garino,2016,-0.2,0.0,-9.2,5.0,0.0,0.6,0.0,1.2,0,0,1
Michael Gbinije,2016,-0.1,0.0,-2.1,9.0,0.2,0.0,0.4,0.1,0,0,1
Mike Tobey,2016,0.0,0.0,-0.1,2.0,0.0,0.5,1.0,0.5,0,0,1
Diamond Stone,2016,-0.1,0.0,-1.2,7.0,0.6,0.3,1.4,0.7,0,0,1
Demetrius Jackson,2016,0.1,0.0,30.8,5.0,1.2,0.0,2.0,0.4,0,0,1
Ben Bentil,2016,-0.1,0.0,-17.6,3.0,0.0,0.3,0.0,0.7,0,0,1
Brice Johnson,2016,0.0,0.0,17.2,3.0,0.0,0.3,1.3,0.7,0,0,1
Danuel House Jr.,2016,0.0,0.0,12.2,1.0,0.0,0.0,0.0,1.0,0,0,1
Ben Simmons,2017,4.5,5.0,20.0,81.0,4.2,3.4,15.8,6.3,1,1,1
Donovan Mitchell,2017,2.2,3.8,16.7,79.0,3.8,2.7,20.5,3.1,1,1,1
Jayson Tatum,2017,2.0,4.0,15.2,80.0,3.2,1.4,13.9,4.4,1,1,1
Kyle Kuzma,2017,0.8,2.3,14.2,77.0,2.7,1.8,16.1,5.1,1,1,1
Dillon Brooks,2017,-1.2,1.1,9.8,82.0,2.0,1.5,11.0,2.5,0,0,1
Bogdan Bogdanović,2017,0.3,1.1,13.5,78.0,1.5,1.6,11.8,2.5,1,2,1
Dennis Smith Jr.,2017,-0.2,1.7,12.8,69.0,2.8,2.8,15.2,3.0,0,0,1
De'Aaron Fox,2017,-1.1,1.0,11.2,73.0,2.7,2.4,11.6,2.3,0,0,1
Lauri Markkanen,2017,0.9,1.6,15.6,68.0,2.4,1.2,15.2,6.3,1,1,1
Josh Jackson,2017,-1.1,1.2,11.8,77.0,3.6,1.9,13.1,3.3,1,2,1
John Collins,2017,0.8,2.0,18.3,74.0,2.5,1.4,10.5,4.9,1,2,1
Lonzo Ball,2017,1.3,2.5,12.5,52.0,1.4,2.6,10.2,5.6,1,2,1
Frank Ntilikina,2017,-1.3,1.0,7.0,78.0,0.9,1.7,5.9,1.8,0,0,1
Justin Jackson,2017,-0.6,0.5,9.2,68.0,0.5,0.6,6.7,2.4,0,0,1
OG Anunoby,2017,0.5,1.6,10.0,74.0,0.8,0.6,5.9,1.9,0,0,1
Luke Kennard,2017,0.5,1.4,12.1,73.0,1.0,0.9,7.6,2.1,0,0,1
Josh Hart,2017,0.7,1.5,12.2,63.0,1.5,0.7,7.9,3.5,0,0,1
Jarrett Allen,2017,0.5,1.5,17.5,72.0,2.0,1.1,8.2,3.4,0,0,1
Bam Adebayo,2017,0.6,1.9,15.7,69.0,2.6,1.0,6.9,3.8,0,0,1
Maxi Kleber,2017,0.5,1.2,13.4,72.0,0.8,0.4,5.4,2.3,0,0,1
Sindarius Thornwell,2017,-0.1,0.9,8.2,73.0,1.2,0.7,3.9,1.5,0,0,1
Semi Ojeleye,2017,-0.8,1.3,4.6,73.0,0.6,0.3,2.7,1.7,0,0,1
Royce O'Neale,2017,0.5,1.8,10.8,69.0,1.1,0.8,5.0,3.1,0,0,1
Miloš Teodosić,2017,0.1,0.5,11.6,45.0,1.0,2.2,9.5,2.4,0,0,1
Zach Collins,2017,-0.6,1.3,7.5,66.0,0.6,0.9,4.4,2.7,0,0,1
Wes Iwundu,2017,-0.6,0.7,7.8,62.0,0.8,0.5,3.7,1.6,0,0,1
Frank Mason III,2017,-0.1,0.6,13.0,52.0,2.2,1.3,7.9,1.9,0,0,1
Tyler Dorsey,2017,-0.2,0.4,10.0,56.0,1.1,0.7,7.2,2.0,0,0,1
Daniel Theis,2017,0.5,1.9,16.1,63.0,1.3,0.9,5.3,2.9,0,0,1
Malik Monk,2017,-0.3,0.5,10.2,63.0,0.6,0.8,6.7,0.9,0,0,1
Tyrone Wallace,2017,-0.3,0.5,10.1,30.0,2.6,1.5,9.7,2.8,0,0,1
Jordan Bell,2017,1.0,1.4,18.0,57.0,0.8,0.9,4.6,2.6,0,0,1
Jawun Evans,2017,-0.6,0.6,7.2,48.0,1.0,0.9,4.8,1.6,0,0,1
Sterling Brown,2017,-0.2,0.7,9.1,54.0,0.4,0.5,4.0,2.1,0,0,1
Terrance Ferguson,2017,-0.3,0.5,7.4,61.0,0.2,0.2,3.1,0.5,0,0,1
Dwayne Bacon,2017,-0.5,0.6,5.8,53.0,0.5,0.4,3.3,2.3,0,0,1
C.J. Williams,2017,0.0,0.5,9.5,38.0,0.4,0.5,5.5,1.2,0,0,1
Mike James,2017,0.1,0.3,13.9,36.0,2.3,1.4,9.3,2.1,0,0,1
Cedi Osman,2017,-0.1,0.4,11.0,61.0,0.8,0.5,3.9,1.7,0,0,1
Kobi Simmons,2017,-0.8,0.2,7.7,32.0,0.8,1.4,6.1,1.1,0,0,1
Torrey Craig,2017,-0.1,0.4,9.8,39.0,0.9,0.5,4.2,2.2,0,0,1
Khem Birch,2017,0.2,0.6,16.4,42.0,1.5,0.5,4.2,2.6,0,0,1
Brandon Paul,2017,-0.2,0.8,7.4,64.0,0.7,0.5,2.3,1.0,0,0,1
Alex Caruso,2017,-0.1,0.6,8.7,37.0,0.8,1.1,3.6,1.4,0,0,1
Jonathan Isaac,2017,0.1,0.8,9.8,27.0,0.9,1.0,5.4,3.1,0,0,1
Abdel Nader,2017,-0.4,0.8,5.1,48.0,0.8,0.7,3.0,1.2,0,0,1
Tyler Cavanaugh,2017,0.0,0.3,13.0,39.0,0.5,0.4,4.7,2.1,0,0,1
Ivan Rabb,2017,0.0,0.5,16.6,36.0,1.0,1.0,5.6,2.9,0,0,1
Kyle Collinsworth,2017,-0.1,0.5,10.0,32.0,1.3,0.8,3.2,2.3,0,0,1
Damyean Dotson,2017,0.0,0.3,11.6,44.0,0.5,0.4,4.1,1.7,0,0,1
T.J. Leaf,2017,-0.1,0.3,10.7,53.0,0.3,0.2,2.9,1.0,0,0,1
Damion Lee,2017,0.0,0.4,12.0,15.0,1.9,0.9,10.7,4.0,0,0,1
Shaquille Harrison,2017,0.1,0.4,15.6,23.0,1.7,1.0,6.6,2.3,0,0,1
Myke Henry,2017,0.1,0.4,9.7,20.0,0.5,1.0,5.4,1.4,0,0,1
Luke Kornet,2017,0.2,0.3,13.6,20.0,0.6,0.6,6.7,2.7,0,0,1
Antonio Blakeney,2017,-0.3,0.1,10.1,19.0,2.1,0.6,7.9,1.5,0,0,1
Ryan Arcidiacono,2017,-0.2,0.2,7.3,24.0,0.3,0.5,2.0,1.0,0,0,1
Rodney Purvis,2017,-0.5,0.1,4.5,16.0,0.9,0.6,6.0,1.6,0,0,1
Jamel Artis,2017,-0.2,0.1,6.9,15.0,0.8,0.5,5.1,2.3,0,0,1
Jamil Wilson,2017,0.2,0.2,11.4,15.0,0.3,0.5,7.0,1.9,0,0,1
Markelle Fultz,2017,0.0,0.4,12.4,14.0,1.5,1.2,7.1,2.3,0,0,1
Davon Reed,2017,-0.3,0.2,4.8,21.0,0.6,0.5,3.0,1.8,0,0,1
Isaiah Hicks,2017,-0.3,0.1,6.8,18.0,1.0,0.9,4.4,1.7,0,0,1
Guerschon Yabusele,2017,0.0,0.3,12.3,33.0,0.7,0.4,2.4,1.1,0,0,1
Alec Peters,2017,0.0,0.0,10.7,20.0,0.5,0.2,4.1,1.5,0,0,1
Josh Magette,2017,0.0,0.1,11.9,18.0,0.4,0.5,2.6,0.9,0,0,1
Ante Žižić,2017,0.2,0.2,24.2,32.0,0.9,0.3,3.7,1.1,0,0,1
Andrew White,2017,-0.2,0.1,5.8,15.0,0.3,0.5,4.6,2.0,0,0,1
Caleb Swanigan,2017,-0.2,0.3,7.5,27.0,0.7,0.7,2.3,1.4,0,0,1
Jalen Jones,2017,-0.2,0.1,10.3,16.0,1.2,0.4,4.6,1.6,0,0,1
Johnathan Motley,2017,-0.1,0.2,17.2,11.0,2.5,0.8,8.7,3.2,0,0,1
John Holland,2017,-0.2,0.1,5.9,24.0,0.5,0.3,2.3,0.8,0,0,1
Dakari Johnson,2017,0.1,0.2,16.4,31.0,0.6,0.1,1.8,0.6,0,0,1
Derrick Walton,2017,0.1,0.2,11.2,16.0,0.4,0.1,1.8,0.9,0,0,1
Derrick White,2017,0.2,0.2,15.9,17.0,1.2,0.4,3.2,1.2,0,0,1
Malcolm Miller,2017,0.0,0.1,8.9,15.0,0.3,0.3,2.5,0.7,0,0,1
Milton Doyle,2017,-0.1,0.1,5.2,10.0,0.8,0.2,3.4,1.5,0,0,1
Zhou Qi,2017,-0.3,0.2,1.9,18.0,0.7,0.6,1.2,0.9,0,0,1
Antonius Cleveland,2017,-0.1,0.2,4.5,17.0,0.4,0.4,1.4,0.6,0,0,1
Nigel Hayes,2017,-0.1,0.1,6.4,9.0,0.3,0.2,3.0,2.0,0,0,1
James Webb III,2017,-0.2,0.0,2.2,10.0,0.0,0.4,1.6,1.6,0,0,1
Xavier Rathan-Mayes,2017,-0.3,0.1,0.9,5.0,1.8,2.2,5.8,1.0,0,0,1
Jabari Bird,2017,0.0,0.2,12.1,13.0,1.0,0.6,3.0,1.0,0,0,1
Kadeem Allen,2017,-0.2,0.1,2.6,18.0,0.5,0.5,1.1,0.4,0,0,1
Jaylen Morris,2017,-0.1,0.1,6.5,6.0,0.0,1.0,4.7,2.3,0,0,1
Josh Gray,2017,0.0,0.1,7.2,5.0,2.2,1.4,6.4,1.6,0,0,1
Furkan Korkmaz,2017,-0.1,0.1,3.4,14.0,0.3,0.1,1.6,0.6,0,0,1
Omari Johnson,2017,0.0,0.0,10.5,4.0,0.0,0.8,5.5,1.8,0,0,1
Thomas Bryant,2017,0.0,0.1,9.9,15.0,0.6,0.1,1.5,0.9,0,0,1
D.J. Wilson,2017,0.0,0.1,10.3,22.0,0.1,0.2,1.0,0.4,0,0,1
London Perrantes,2017,-0.1,0.0,0.7,14.0,0.4,0.1,0.5,0.2,0,0,1
Gian Clavell,2017,0.0,0.0,7.4,7.0,0.3,0.3,2.9,0.9,0,0,1
Andre Ingram,2017,0.1,0.1,16.3,2.0,1.5,1.5,12.0,2.5,0,0,1
Alfonzo McKinnie,2017,0.0,0.1,10.1,14.0,0.2,0.2,1.5,0.4,0,0,1
Charles Cooke,2017,-0.1,0.0,-5.1,13.0,0.2,0.1,0.5,0.2,0,0,1
Walt Lemon Jr.,2017,-0.1,0.0,6.9,5.0,0.6,0.8,3.4,0.4,0,0,1
Aaron Jackson,2017,-0.1,0.0,2.4,1.0,2.0,1.0,8.0,1.0,0,0,1
Jacob Wiley,2017,0.0,0.0,8.2,5.0,0.4,0.0,0.8,1.8,0,0,1
Matt Costello,2017,0.0,0.1,9.7,4.0,0.0,0.3,1.0,2.0,0,0,1
Ike Anigbogu,2017,0.0,0.0,21.6,11.0,0.5,0.2,1.2,0.4,0,0,1
Tony Bradley,2017,0.0,0.0,9.5,9.0,0.2,0.0,0.9,0.8,0,0,1
Daniel Hamilton,2017,0.0,0.0,18.2,6.0,0.0,0.3,2.0,0.8,0,0,1
Marcus Paige,2017,0.0,0.0,9.1,5.0,0.4,0.0,2.4,0.8,0,0,1
Jameel Warney,2017,0.0,0.0,22.6,3.0,1.7,0.3,5.7,1.7,0,0,1
Monte Morris,2017,0.1,0.0,27.1,3.0,0.7,0.3,3.3,0.7,0,0,1
Mangok Mathiang,2017,0.0,0.0,18.0,4.0,0.3,0.0,2.0,1.8,0,0,1
Devin Robinson,2017,0.0,0.0,10.5,1.0,0.0,0.0,2.0,3.0,0,0,1
Matt Williams,2017,0.0,0.0,-0.7,3.0,0.0,0.3,1.7,0.3,0,0,1
Ben Moore,2017,0.0,0.0,-2.3,2.0,0.0,0.0,0.0,0.5,0,0,1
Erik McCree,2017,0.0,0.0,-8.9,4.0,0.0,0.3,0.0,0.3,0,0,1
Vince Hunter,2017,0.0,0.0,35.8,4.0,0.0,0.3,1.5,0.3,0,0,1
Reggie Hearn,2017,0.0,0.0,13.1,3.0,0.0,0.0,1.0,0.0,0,0,1
Jacob Pullen,2017,0.0,0.0,-2.3,3.0,0.0,0.3,0.7,0.0,0,0,1
Justin Patton,2017,0.0,0.0,19.8,1.0,0.0,0.0,2.0,0.0,0,0,1
PJ Dozier,2017,0.0,0.0,-5.0,2.0,0.0,0.5,1.0,0.5,0,0,1
Tyler Lydon,2017,0.0,0.0,0.0,1.0,0.0,0.0,0.0,0.0,0,0,1
Edmond Sumner,2017,0.0,0.0,39.8,1.0,0.0,0.0,2.0,1.0,0,0,1
Chris Boucher,2017,0.0,0.0,-28.5,1.0,0.0,0.0,0.0,1.0,0,0,1
Trey McKinney-Jones,2017,0.0,0.0,0.0,1.0,0.0,0.0,0.0,0.0,0,0,1
Naz Mitrou-Long,2017,0.0,0.0,133.8,1.0,0.0,0.0,3.0,0.0,0,0,1
Collin Sexton,2018,-1.8,-0.5,12.0,82.0,3.1,2.3,16.7,2.2,1,2,1
Trae Young,2018,0.9,0.7,17.0,81.0,5.1,3.8,19.1,2.9,1,1,1
Mikal Bridges,2018,0.3,1.2,10.8,82.0,1.4,0.9,8.3,2.5,0,0,1
Luka Dončić,2018,3.4,2.8,19.6,72.0,6.7,3.4,21.2,6.6,1,1,1
Deandre Ayton,2018,1.2,1.7,20.5,71.0,2.7,1.8,16.3,7.1,1,1,1
Shai Gilgeous-Alexander,2018,0.8,1.9,13.4,82.0,2.4,1.7,10.8,2.1,1,2,1
Kevin Knox,2018,-2.0,0.9,8.7,75.0,3.0,1.5,12.8,3.7,0,0,1
Kevin Huerter,2018,-0.2,0.7,10.1,75.0,0.7,1.5,9.7,2.5,1,2,1
Landry Shamet,2018,0.2,0.9,11.0,79.0,1.2,0.6,9.1,1.4,1,2,1
Josh Okogie,2018,-0.5,1.4,9.4,74.0,2.2,0.9,7.7,2.4,0,0,1
Miles Bridges,2018,0.5,1.5,13.1,80.0,1.0,0.6,7.5,3.2,0,0,1
Jalen Brunson,2018,0.1,1.0,12.8,73.0,1.6,1.2,9.3,2.0,0,0,1
Marvin Bagley III,2018,0.4,1.6,18.9,62.0,4.2,1.6,14.9,5.0,0,0,1
Jaren Jackson Jr.,2018,0.7,2.2,16.4,58.0,3.4,1.7,13.8,3.4,0,0,1
Allonzo Trier,2018,-0.4,0.5,12.2,64.0,3.5,1.8,10.9,2.6,0,0,1
Bruce Brown,2018,-0.5,1.6,6.9,74.0,0.8,0.6,4.3,1.9,0,0,1
Mitchell Robinson,2018,1.6,2.2,22.0,66.0,2.0,0.5,7.3,3.7,1,2,1
Rodions Kurucs,2018,-0.2,1.5,11.0,63.0,1.5,1.2,8.5,3.0,0,0,1
Frank Jackson,2018,-0.8,0.4,9.4,61.0,1.2,0.8,8.1,1.8,0,0,1
Wendell Carter Jr.,2018,0.1,1.2,15.2,44.0,2.5,1.5,10.3,5.0,0,0,1
Kenrich Williams,2018,0.0,0.9,9.7,46.0,0.4,0.8,6.1,3.6,0,0,1
De'Anthony Melton,2018,-0.2,0.8,9.9,50.0,0.6,1.5,5.0,2.2,0,0,1
Elie Okobo,2018,-0.9,0.2,7.6,53.0,0.9,1.3,5.7,1.6,0,0,1
Chandler Hutchison,2018,-0.4,0.6,8.8,44.0,0.9,0.6,5.2,3.5,0,0,1
Harry Giles,2018,-0.2,1.0,14.4,58.0,1.6,1.3,7.0,2.7,0,0,1
Omari Spellman,2018,0.2,0.5,12.4,46.0,1.0,0.7,5.9,2.7,0,0,1
Mo Bamba,2018,0.1,1.4,14.9,47.0,1.3,0.9,6.2,3.6,0,0,1
Troy Brown Jr.,2018,-0.1,0.4,11.1,52.0,0.9,0.6,4.8,2.1,0,0,1
Devonte' Graham,2018,-0.3,0.3,10.3,46.0,1.0,0.7,4.7,1.2,0,0,1
Aaron Holiday,2018,0.1,0.8,11.9,50.0,1.0,0.8,5.9,1.2,0,0,1
Gary Clark,2018,0.2,0.7,9.2,51.0,0.1,0.1,2.9,1.8,0,0,1
Jonah Bolden,2018,0.2,0.9,12.7,44.0,0.6,0.8,4.7,2.7,0,0,1
Jevon Carter,2018,-0.3,0.7,7.8,39.0,0.8,0.8,4.4,1.3,0,0,1
Isaiah Briscoe,2018,-0.4,0.5,6.7,39.0,0.7,0.8,3.5,1.8,0,0,1
Hamidou Diallo,2018,-0.3,0.7,10.1,51.0,1.2,0.5,3.7,1.2,0,0,1
Keita Bates-Diop,2018,-0.2,0.4,9.6,30.0,0.9,0.5,5.0,2.2,0,0,1
Ryan Broekhoff,2018,0.1,0.3,10.7,42.0,0.5,0.4,4.0,1.3,0,0,1
Moritz Wagner,2018,-0.3,0.5,10.1,43.0,1.2,0.9,4.8,1.6,0,0,1
Svi Mykhailiuk,2018,-0.3,0.3,6.0,42.0,0.5,0.5,3.2,0.6,0,0,1
Jaron Blossomgame,2018,-0.2,0.1,10.2,27.0,0.5,0.4,4.2,2.7,0,0,1
Jaylen Adams,2018,-0.2,0.2,7.6,34.0,0.3,0.8,3.2,1.4,0,0,1
Grayson Allen,2018,-0.5,0.4,7.5,38.0,1.6,0.9,5.6,0.5,0,0,1
Donte DiVincenzo,2018,0.0,0.6,9.1,27.0,0.4,0.7,4.9,1.8,0,0,1
Johnathan Williams,2018,-0.1,0.3,15.1,24.0,2.0,0.7,6.5,2.1,0,0,1
Brad Wanamaker,2018,0.1,0.4,14.3,36.0,0.8,0.5,3.9,1.1,0,0,1
Jerome Robinson,2018,-0.2,0.3,7.2,33.0,0.3,0.4,3.4,1.2,0,0,1
Robert Williams,2018,0.3,0.6,18.8,32.0,0.5,0.3,2.5,1.7,0,0,1
Shake Milton,2018,-0.1,0.3,9.3,20.0,0.4,0.3,4.4,1.3,0,0,1
Cameron Reynolds,2018,0.0,0.1,10.4,19.0,0.5,0.3,5.0,1.4,0,0,1
Julian Washburn,2018,-0.2,0.3,6.5,18.0,0.2,0.4,2.2,1.8,0,0,1
Deonte Burton,2018,-0.1,0.3,7.0,32.0,0.4,0.3,2.6,0.8,0,0,1
Isaiah Hartenstein,2018,-0.1,0.3,10.0,28.0,0.5,0.5,1.9,0.9,0,0,1
Brandon Sampson,2018,-0.1,0.1,8.5,14.0,0.4,0.9,5.1,0.9,0,0,1
Theo Pinson,2018,-0.1,0.2,8.1,18.0,1.2,1.0,4.5,1.8,0,0,1
Jacob Evans,2018,-0.3,0.2,3.5,30.0,0.0,0.4,1.3,0.6,0,0,1
Khyri Thomas,2018,-0.2,0.2,6.2,26.0,0.4,0.2,2.3,0.6,0,0,1
Deng Adel,2018,-0.3,0.0,2.7,19.0,0.2,0.3,1.7,0.8,0,0,1
Yuta Watanabe,2018,-0.3,0.2,3.3,15.0,0.7,0.4,2.6,1.8,0,0,1
Dairis Bertāns,2018,-0.3,0.0,2.0,12.0,0.0,0.2,2.8,0.6,0,0,1
Duncan Robinson,2018,-0.1,0.2,7.6,15.0,0.4,0.3,3.3,1.1,0,0,1
Ray Spalding,2018,-0.1,0.2,14.6,14.0,0.9,0.6,3.9,2.4,0,0,1
Chimezie Metu,2018,-0.2,0.2,6.4,29.0,0.6,0.5,1.8,0.9,0,0,1
Jemerrio Jones,2018,0.1,0.2,12.1,6.0,0.3,0.8,4.5,5.5,0,0,1
Anfernee Simons,2018,-0.1,0.0,11.1,20.0,0.8,0.6,3.8,0.5,0,0,1
Isaac Bonga,2018,-0.1,0.2,6.0,22.0,0.7,0.3,0.9,0.7,0,0,1
Rawle Alkins,2018,-0.2,0.0,8.1,10.0,1.2,0.8,3.7,1.5,0,0,1
Lonnie Walker IV,2018,0.0,0.2,10.8,17.0,0.6,0.2,2.6,1.0,0,0,1
Drew Eubanks,2018,0.0,0.2,15.1,23.0,0.6,0.3,1.8,1.2,0,0,1
Gary Trent Jr.,2018,-0.2,0.1,3.6,15.0,0.5,0.3,2.7,0.7,0,0,1
Jared Terrell,2018,-0.2,0.0,0.7,14.0,0.4,0.7,2.2,0.4,0,0,1
Zhaire Smith,2018,-0.1,0.1,9.5,6.0,1.3,1.0,6.7,1.7,0,0,1
Bonzie Colson,2018,0.0,0.2,12.9,8.0,1.1,0.4,4.9,2.8,0,0,1
Daryl Macon,2018,-0.1,0.0,5.5,8.0,0.9,0.8,3.6,1.3,0,0,1
Jarred Vanderbilt,2018,0.0,0.1,12.4,17.0,0.6,0.5,1.4,0.9,0,0,1
Amile Jefferson,2018,0.1,0.1,21.1,12.0,0.7,0.1,2.3,1.3,0,0,1
Marcus Derrickson,2018,0.0,0.0,19.4,11.0,0.5,0.3,4.2,0.5,0,0,1
Alize Johnson,2018,-0.1,0.1,6.3,14.0,0.6,0.0,0.9,1.1,0,0,1
Billy Garrett,2018,-0.1,0.0,9.8,4.0,1.0,0.5,6.5,0.8,0,0,1
Brandon Goodwin,2018,-0.1,0.0,8.3,16.0,0.7,0.2,1.4,0.1,0,0,1
Isaac Humphries,2018,-0.1,0.0,3.4,5.0,0.0,0.0,3.0,1.4,0,0,1
Jordan Loyd,2018,0.0,0.0,16.3,12.0,0.9,0.2,2.4,0.7,0,0,1
B.J. Johnson,2018,0.0,0.0,12.8,7.0,0.3,0.3,3.3,0.9,0,0,1
Mitch Creek,2018,0.1,0.0,20.2,5.0,1.4,0.2,4.2,1.2,0,0,1
Melvin Frazier,2018,-0.1,0.0,1.2,10.0,0.4,0.1,1.5,0.2,0,0,1
Haywood Highsmith,2018,-0.1,0.0,4.5,5.0,0.4,0.2,1.8,1.0,0,0,1
Džanan Musa,2018,-0.1,0.0,5.8,9.0,0.2,0.4,2.1,0.4,0,0,1
Thomas Welsh,2018,0.0,0.0,16.1,11.0,0.2,0.1,1.6,0.4,0,0,1
Chris Chiozza,2018,0.0,0.0,7.0,7.0,0.0,0.1,0.9,0.4,0,0,1
Dusty Hannahs,2018,-0.1,0.0,4.5,2.0,1.0,0.5,4.0,0.5,0,0,1
Emanuel Terry,2018,0.0,0.0,19.7,3.0,1.3,0.7,3.3,1.3,0,0,1
DeVaughn Akoon-Purcell,2018,0.0,0.0,8.2,7.0,0.3,0.3,1.0,0.4,0,0,1
J.P. Macura,2018,0.0,0.0,5.7,2.0,0.0,0.0,3.0,1.5,0,0,1
Troy Caupain,2018,0.1,0.0,30.7,4.0,0.0,0.0,2.5,0.5,0,0,1
Vince Edwards,2018,0.0,0.0,3.8,2.0,0.0,0.0,1.5,0.5,0,0,1
Ángel Delgado,2018,0.0,0.0,4.3,2.0,1.0,0.0,1.5,1.0,0,0,1
Yante Maten,2018,0.0,0.0,5.7,2.0,0.0,0.0,1.0,1.0,0,0,1
Kostas Antetokounmpo,2018,0.0,0.0,-0.9,2.0,2.0,0.5,1.0,0.5,0,0,1
Joe Chealey,2018,0.0,0.0,2.0,1.0,0.0,0.0,2.0,0.0,0,0,1
Tahjere McCall,2018,0.0,0.0,9.6,1.0,1.0,0.0,4.0,1.0,0,0,1
Trevon Duval,2018,0.0,0.0,38.3,3.0,0.0,0.0,1.7,0.3,0,0,1
George King,2018,0.0,0.0,1.9,1.0,0.0,0.0,0.0,1.0,0,0,1
Zach Lofton,2018,0.0,0.0,-10.0,1.0,0.0,1.0,0.0,0.0,0,0,1
Jordan Sibert,2018,0.0,0.0,29.7,1.0,0.0,0.0,3.0,0.0,0,0,1
Donte Grantham,2018,0.0,0.0,-38.1,3.0,0.0,0.0,0.0,0.0,0,0,1
Tyler Davis,2018,0.0,0.0,0.0,1.0,0.0,0.0,0.0,0.0,0,0,1
Ja Morant,2019,1.2,1.5,17.4,67.0,4.6,3.3,17.8,3.1,1,1,1
De'Andre Hunter,2019,-1.4,0.5,8.6,63.0,2.3,1.6,12.3,3.8,0,0,1
Kendrick Nunn,2019,-0.1,1.6,12.9,67.0,1.5,1.7,15.3,2.4,1,1,1
Darius Garland,2019,-1.7,0.0,8.5,59.0,1.2,2.6,12.3,1.4,0,0,1
P.J. Washington,2019,0.2,1.5,12.4,58.0,2.3,1.6,12.2,4.4,1,2,1
RJ Barrett,2019,-1.0,1.1,10.7,56.0,4.5,2.2,14.3,4.1,0,0,1
Coby White,2019,-0.4,1.4,11.9,65.0,2.0,1.7,13.2,3.1,1,2,1
Eric Paschall,2019,-0.3,0.5,14.5,60.0,3.5,1.6,14.0,3.2,1,1,1
Cam Reddish,2019,-0.9,0.8,9.0,58.0,2.2,1.7,10.5,3.1,0,0,1
Tyler Herro,2019,0.1,1.3,12.5,55.0,1.8,1.6,13.5,3.8,1,2,1
Jarrett Culver,2019,-0.8,1.1,9.6,63.0,1.9,1.3,9.2,2.3,0,0,1
Rui Hachimura,2019,-0.4,0.5,13.5,48.0,2.9,1.1,13.5,4.5,1,2,1
Brandon Clarke,2019,1.7,1.6,20.9,58.0,1.9,0.9,12.1,4.4,1,1,1
Matisse Thybulle,2019,0.8,2.0,10.0,65.0,0.6,0.8,4.7,1.0,0,0,1
Jordan Poole,2019,-1.5,0.4,7.2,57.0,2.1,1.3,8.8,1.9,0,0,1
Cameron Johnson,2019,0.7,1.0,12.9,57.0,1.0,0.6,8.8,2.4,0,0,1
Terence Davis,2019,0.8,1.9,13.8,72.0,0.8,1.1,7.5,2.6,1,2,1
Kevin Porter Jr.,2019,-0.5,0.6,10.8,50.0,2.0,1.9,10.0,2.8,0,0,1
Darius Bazley,2019,0.1,1.5,9.6,61.0,1.0,0.7,5.6,3.5,0,0,1
Jaxson Hayes,2019,0.5,1.1,17.6,64.0,3.0,0.8,7.4,2.5,0,0,1
Grant Williams,2019,-0.2,1.4,7.9,69.0,0.8,0.7,3.4,1.7,0,0,1
Nicolò Melli,2019,0.2,0.9,11.4,60.0,1.2,0.8,6.6,2.4,0,0,1
Ky Bowman,2019,-0.6,0.6,9.1,45.0,0.9,1.6,7.4,2.2,0,0,1
Michael Porter Jr.,2019,0.8,1.1,19.8,55.0,1.3,0.9,9.3,3.5,0,0,1
Cody Martin,2019,0.0,0.8,10.5,48.0,1.4,0.9,5.0,2.5,0,0,1
Luguentz Dort,2019,-0.4,0.8,7.6,36.0,1.5,0.6,6.8,1.6,0,0,1
Sekou Doumbouya,2019,-0.9,0.5,6.2,38.0,1.2,0.9,6.4,2.6,0,0,1
Bruno Fernando,2019,-0.4,0.4,11.9,56.0,0.9,0.8,4.3,2.3,0,0,1
Zion Williamson,2019,0.7,0.4,24.1,24.0,7.4,2.5,22.5,3.6,1,1,1
Daniel Gafford,2019,0.1,0.8,16.2,43.0,1.4,0.7,5.1,1.3,0,0,1
Nickeil Alexander-Walker,2019,-0.4,0.4,8.9,47.0,0.8,1.1,5.7,1.6,0,0,1
Jordan McLaughlin,2019,0.3,0.4,16.3,30.0,1.3,1.0,7.6,1.4,0,0,1
Nassir Little,2019,-0.2,0.3,9.6,48.0,0.9,0.3,3.6,1.6,0,0,1
Kelan Martin,2019,-0.3,0.3,9.2,31.0,1.0,0.6,6.4,2.7,0,0,1
Naz Reid,2019,0.0,0.6,15.3,30.0,1.8,0.7,9.0,3.0,0,0,1
Marko Gudurić,2019,-0.2,0.4,8.8,44.0,0.6,0.8,3.9,1.3,0,0,1
Goga Bitadze,2019,0.0,0.8,12.1,54.0,0.6,0.5,3.2,1.5,0,0,1
Javonte Green,2019,0.2,0.8,13.1,48.0,0.9,0.5,3.4,1.4,0,0,1
Matt Thomas,2019,0.3,0.6,13.3,41.0,0.3,0.4,4.9,1.3,0,0,1
Anžejs Pasečņiks,2019,-0.4,0.2,11.3,27.0,2.1,0.9,5.8,2.4,0,0,1
Romeo Langford,2019,-0.3,0.4,5.4,32.0,0.8,0.3,2.5,0.8,0,0,1
Admiral Schofield,2019,-0.3,0.1,6.1,33.0,0.5,0.2,3.0,1.2,0,0,1
Terance Mann,2019,0.0,0.4,10.6,41.0,0.7,0.4,2.4,1.1,0,0,1
Carsen Edwards,2019,-0.2,0.4,6.9,37.0,0.5,0.4,3.3,1.1,0,0,1
Chris Silva,2019,0.0,0.5,17.3,44.0,1.3,0.7,3.0,1.5,0,0,1
Ty Jerome,2019,-0.1,0.3,7.9,31.0,0.5,0.6,3.3,1.3,0,0,1
Caleb Martin,2019,0.1,0.2,12.0,18.0,1.2,0.8,6.2,1.6,0,0,1
Keldon Johnson,2019,0.3,0.2,19.1,17.0,2.6,0.8,9.1,2.8,0,0,1
Jalen McDaniels,2019,-0.1,0.2,10.7,16.0,1.1,0.7,5.6,3.1,0,0,1
Chris Clemons,2019,0.1,0.2,13.1,33.0,0.3,0.6,4.9,0.8,0,0,1
Juan Toscano-Anderson,2019,-0.1,0.2,9.4,13.0,0.4,1.2,5.3,3.3,0,0,1
Wenyen Gabriel,2019,-0.1,0.2,9.6,30.0,0.7,0.5,2.1,1.0,0,0,1
Justin James,2019,0.0,0.2,11.0,36.0,0.6,0.2,2.5,0.7,0,0,1
Norvel Pelle,2019,-0.2,0.5,10.5,24.0,0.6,0.8,2.4,2.2,0,0,1
Garrison Mathews,2019,0.1,0.1,13.1,18.0,1.9,0.4,5.4,1.0,0,0,1
Mychal Mulder,2019,-0.2,0.0,7.8,7.0,1.7,0.7,11.0,2.9,0,0,1
Nic Claxton,2019,0.1,0.2,14.8,15.0,1.4,0.6,4.4,1.7,0,0,1
John Konchar,2019,0.3,0.2,18.0,19.0,0.1,0.4,2.8,1.5,0,0,1
Rayjon Tucker,2019,-0.2,0.1,9.7,20.0,1.2,0.4,3.1,0.9,0,0,1
Amir Coffey,2019,-0.1,0.2,8.5,18.0,0.6,0.4,3.2,0.7,0,0,1
Jaylen Nowell,2019,-0.1,0.0,10.5,15.0,1.1,0.2,3.8,0.7,0,0,1
Michael Frazier,2019,-0.3,0.1,-0.9,13.0,1.1,0.4,2.1,0.7,0,0,1
DaQuan Jeffries,2019,-0.1,0.1,11.2,13.0,0.5,0.2,3.8,1.2,0,0,1
Alen Smailagić,2019,0.0,0.1,14.5,14.0,1.4,0.8,4.2,1.2,0,0,1
Oshae Brissett,2019,-0.1,0.2,6.7,19.0,0.5,0.4,1.9,0.9,0,0,1
Juwan Morgan,2019,0.0,0.1,10.1,21.0,0.2,0.3,1.7,0.9,0,0,1
Donta Hall,2019,-0.1,0.2,13.6,9.0,2.0,0.6,4.3,2.7,0,0,1
Vincent Poirier,2019,-0.1,0.2,12.7,22.0,0.3,0.4,1.9,1.4,0,0,1
Tremont Waters,2019,-0.2,0.2,4.3,11.0,0.7,1.4,3.6,1.1,0,0,1
Adam Mokoka,2019,-0.1,0.1,8.2,11.0,0.4,0.2,2.9,0.3,0,0,1
Miye Oni,2019,-0.1,0.1,9.7,10.0,0.5,0.4,3.5,1.2,0,0,1
Jaylen Hoard,2019,0.0,0.1,14.9,13.0,1.0,0.3,2.9,1.4,0,0,1
Jeremiah Martin,2019,0.1,0.1,21.8,9.0,1.6,0.4,7.1,1.0,0,0,1
Jarrell Brantley,2019,-0.1,0.1,8.0,9.0,0.2,0.8,2.7,2.0,0,0,1
Bol Bol,2019,0.0,0.1,14.4,7.0,1.4,1.4,5.7,2.0,0,0,1
Paul Watson,2019,0.0,0.1,12.6,10.0,0.9,0.3,3.1,1.5,0,0,1
Gabe Vincent,2019,-0.2,0.1,1.2,9.0,0.0,0.1,2.4,0.6,0,0,1
Devon Hall,2019,-0.1,0.1,3.1,11.0,0.7,0.5,1.8,0.5,0,0,1
Talen Horton-Tucker,2019,0.0,0.2,12.3,6.0,0.7,1.0,5.7,0.8,0,0,1
Quinndary Weatherspoon,2019,-0.1,0.0,3.2,11.0,0.2,0.5,1.1,0.5,0,0,1
Dean Wade,2019,0.0,0.1,13.9,12.0,0.1,0.3,1.7,1.3,0,0,1
Mfiondu Kabengele,2019,0.1,0.1,18.2,12.0,0.4,0.2,3.5,0.8,0,0,1
Louis King,2019,-0.1,0.0,6.2,10.0,0.3,0.2,2.0,0.9,0,0,1
Vic Law,2019,-0.1,0.1,3.7,8.0,0.8,0.3,1.9,1.1,0,0,1
Tyler Cook,2019,0.0,0.0,19.4,13.0,0.6,0.2,1.8,0.6,0,0,1
Jordan Bone,2019,-0.1,0.0,0.8,10.0,0.0,0.2,1.2,0.4,0,0,1
Ignas Brazdeikis,2019,-0.1,0.0,3.2,9.0,0.6,0.2,1.9,0.3,0,0,1
Kevin Hervey,2019,0.0,0.1,5.0,10.0,0.0,0.0,1.7,1.1,0,0,1
Zylan Cheatham,2019,-0.1,0.0,6.7,4.0,0.0,1.0,3.0,1.5,0,0,1
Nigel Williams-Goss,2019,0.0,0.1,8.1,10.0,0.2,0.3,1.4,0.4,0,0,1
Justin Robinson,2019,0.0,0.0,8.2,9.0,0.0,0.3,1.4,0.4,0,0,1
Luka Šamanić,2019,0.0,0.0,8.8,3.0,1.3,0.7,5.3,3.0,0,0,1
Vlatko Čančar,2019,0.0,0.0,11.4,14.0,0.3,0.2,1.2,0.4,0,0,1
Justin Wright-Foreman,2019,-0.1,0.1,8.8,4.0,1.0,0.8,4.8,1.3,0,0,1
Zach Norvell,2019,-0.1,0.0,2.6,5.0,0.2,0.6,2.0,1.2,0,0,1
Charlie Brown Jr.,2019,0.0,0.0,11.0,10.0,0.5,0.3,2.0,0.2,0,0,1
Moses Brown,2019,-0.1,0.0,6.7,9.0,0.9,0.3,1.2,1.2,0,0,1
Tacko Fall,2019,0.1,0.1,28.4,7.0,0.4,0.4,3.3,2.0,0,0,1
Jalen Lecque,2019,-0.1,0.0,2.7,5.0,0.4,0.4,2.0,0.4,0,0,1
Brian Bowen,2019,-0.1,0.0,0.1,6.0,0.0,0.2,1.0,1.0,0,0,1
Dewan Hernandez,2019,-0.1,0.1,12.9,6.0,0.8,0.5,2.3,1.5,0,0,1
Josh Reaves,2019,-0.1,0.0,5.8,4.0,0.5,0.0,2.0,0.5,0,0,1
Marial Shayok,2019,-0.1,0.0,1.4,4.0,1.0,0.8,2.8,1.5,0,0,1
KZ Okpala,2019,0.0,0.0,13.7,5.0,0.4,0.2,1.4,0.8,0,0,1
Matt Mooney,2019,0.0,0.0,8.1,4.0,0.0,0.0,0.5,0.8,0,0,1
Eric Mika,2019,0.0,0.0,13.9,1.0,2.0,0.0,6.0,5.0,0,0,1
Stanton Kidd,2019,-0.1,0.0,-13.7,4.0,0.0,0.5,0.0,0.8,0,0,1
Tariq Owens,2019,0.0,0.0,8.4,3.0,0.7,0.0,1.3,0.3,0,0,1
Kyle Alexander,2019,0.0,0.0,4.7,2.0,0.0,0.5,1.0,0.5,0,0,1
William Howard,2019,-0.1,0.0,-12.7,2.0,0.0,0.5,0.0,1.0,0,0,1
Shamorie Ponds,2019,0.0,0.0,33.1,4.0,0.5,0.0,2.3,0.3,0,0,1
Isaiah Roby,2019,0.0,0.0,-7.7,3.0,0.0,0.3,0.0,0.7,0,0,1
Kyle Guy,2019,0.0,0.0,6.6,3.0,0.0,0.0,1.3,0.3,0,0,1
Devontae Cacok,2019,0.0,0.0,28.6,1.0,0.0,0.0,6.0,3.0,0,0,1
Jared Harper,2019,0.0,0.0,-5.3,3.0,0.0,0.0,0.7,0.0,0,0,1
Max Strus,2019,0.0,0.0,30.7,2.0,0.5,0.0,2.5,0.0,0,0,1
Malik Newman,2019,0.0,0.0,-11.4,1.0,2.0,1.0,2.0,0.0,0,0,1
Marques Bolden,2019,0.0,0.0,19.8,1.0,0.0,0.0,0.0,2.0,0,0,1
Anthony Edwards,2020,-0.1,1.4,13.9,72.0,3.8,2.2,19.3,3.8,1,1,1
Isaac Okoro,2020,-1.7,1.0,7.9,67.0,2.3,1.3,9.6,2.1,1,2,1
Jae'Sean Tate,2020,0.3,1.6,13.8,70.0,2.1,1.4,11.3,3.5,1,1,1
Patrick Williams,2020,-0.2,2.2,10.5,71.0,1.8,1.4,9.2,3.7,1,2,1
Saddiq Bey,2020,0.7,1.7,12.6,70.0,2.1,0.9,12.2,3.9,1,1,1
Théo Maledon,2020,-1.3,1.1,8.2,65.0,2.1,2.2,10.1,2.9,0,0,1
Tyrese Haliburton,2020,1.5,0.7,16.2,58.0,1.0,1.6,13.0,2.3,1,1,1
Desmond Bane,2020,0.5,1.3,12.2,68.0,0.7,0.9,9.2,2.6,1,2,1
Jaden McDaniels,2020,-0.6,0.9,8.9,63.0,0.7,0.7,6.8,2.9,0,0,1
LaMelo Ball,2020,1.4,1.9,17.5,51.0,3.2,2.8,15.7,4.7,1,1,1
Isaiah Stewart,2020,0.3,2.1,16.4,68.0,1.4,1.0,7.9,4.3,1,2,1
Facundo Campazzo,2020,0.5,1.5,11.6,65.0,1.4,1.1,6.1,1.7,0,0,1
Cole Anthony,2020,-0.4,0.9,12.1,47.0,2.8,2.3,12.9,3.9,0,0,1
Payton Pritchard,2020,0.4,0.9,12.4,66.0,0.7,0.8,7.7,1.9,0,0,1
Deni Avdija,2020,-0.4,1.2,7.6,54.0,0.8,0.6,6.3,4.4,0,0,1
Immanuel Quickley,2020,0.9,1.4,15.8,64.0,2.7,0.9,11.4,1.8,1,2,1
Chuma Okeke,2020,0.1,1.0,11.8,45.0,0.9,0.8,7.8,3.1,0,0,1
Aleksej Pokusevski,2020,-1.1,1.0,6.1,45.0,0.9,2.2,8.2,4.0,0,0,1
Xavier Tillman Sr.,2020,0.5,1.5,14.7,59.0,0.9,0.8,6.6,3.1,0,0,1
KJ Martin,2020,0.0,0.9,14.6,45.0,1.9,0.8,9.3,3.8,0,0,1
Devin Vassell,2020,0.1,1.1,10.6,62.0,0.8,0.4,5.5,2.4,0,0,1
Tyrese Maxey,2020,0.1,1.1,14.5,61.0,1.1,0.7,8.0,1.5,0,0,1
Malachi Flynn,2020,-0.1,0.8,10.9,47.0,1.2,0.9,7.5,2.3,0,0,1
Kira Lewis Jr.,2020,-0.3,0.6,10.3,54.0,0.9,0.6,6.4,1.1,0,0,1
R.J. Hampton,2020,-0.4,0.7,11.1,51.0,1.6,1.0,6.9,2.9,0,0,1
James Wiseman,2020,-0.6,1.2,13.1,39.0,2.2,1.5,11.5,4.4,0,0,1
Saben Lee,2020,0.0,0.8,13.8,48.0,1.9,1.1,5.6,1.6,0,0,1
Precious Achiuwa,2020,-0.4,1.0,14.2,61.0,1.8,0.7,5.0,2.2,0,0,1
Naji Marshall,2020,0.1,0.7,11.4,32.0,2.3,1.2,7.7,4.2,0,0,1
Obi Toppin,2020,0.2,1.0,12.7,62.0,0.4,0.4,4.1,1.8,0,0,1
Killian Hayes,2020,-0.9,0.6,5.3,26.0,0.7,3.2,6.8,2.4,0,0,1
Aaron Nesmith,2020,-0.2,0.6,9.4,46.0,0.6,0.5,4.7,2.2,0,0,1
Onyeka Okongwu,2020,0.1,0.8,16.8,50.0,1.1,0.6,4.6,2.0,0,0,1
Armoni Brooks,2020,-0.2,0.2,10.4,20.0,0.6,1.1,11.2,2.9,0,0,1
Dylan Windler,2020,0.0,0.5,10.8,31.0,0.9,1.0,5.2,2.8,0,0,1
Lamar Stevens,2020,-0.3,0.5,10.5,40.0,1.3,0.6,4.1,1.8,0,0,1
Josh Green,2020,-0.2,0.4,8.8,39.0,0.6,0.4,2.6,1.3,0,0,1
Anthony Lamb,2020,-0.4,0.1,8.7,24.0,0.9,0.8,5.5,1.8,0,0,1
Brodric Thomas,2020,-0.2,0.3,8.0,32.0,1.4,0.7,3.9,1.4,0,0,1
Zeke Nnaji,2020,0.0,0.3,11.3,42.0,0.4,0.2,3.2,1.2,0,0,1
Freddie Gillespie,2020,-0.1,0.5,13.4,20.0,1.7,0.6,5.6,2.8,0,0,1
Isaiah Joe,2020,-0.1,0.4,9.5,41.0,0.6,0.3,3.7,0.7,0,0,1
Nico Mannion,2020,-0.2,0.4,9.3,30.0,0.9,1.0,4.1,1.3,0,0,1
Josh Hall,2020,-0.8,0.2,1.0,21.0,2.1,1.2,4.1,2.5,0,0,1
Mason Jones,2020,-0.1,0.2,12.1,32.0,2.0,0.9,5.3,1.5,0,0,1
Trent Forrest,2020,0.1,0.4,11.2,30.0,0.6,0.7,2.9,1.1,0,0,1
Nathan Knight,2020,-0.1,0.3,13.9,33.0,1.7,0.5,3.8,1.4,0,0,1
Jordan Nwora,2020,0.1,0.4,16.1,30.0,0.8,0.8,5.7,1.7,0,0,1
Tre Jones,2020,-0.1,0.1,12.1,37.0,0.5,0.4,2.5,0.4,0,0,1
Skylar Mays,2020,0.3,0.3,16.8,33.0,0.8,0.3,3.8,0.8,0,0,1
Sam Merrill,2020,0.1,0.2,11.9,30.0,0.1,0.3,3.0,0.8,0,0,1
Anthony Gill,2020,0.0,0.3,13.7,26.0,0.6,0.3,3.1,1.3,0,0,1
Gabriel Deck,2020,0.1,0.1,16.1,10.0,2.2,0.6,8.4,2.4,0,0,1
Reggie Perry,2020,-0.2,0.2,11.0,26.0,0.5,0.6,3.0,1.8,0,0,1
Markus Howard,2020,-0.3,0.1,6.4,37.0,0.2,0.5,2.8,0.5,0,0,1
CJ Elleby,2020,-0.1,0.1,9.4,30.0,0.5,0.2,2.3,0.7,0,0,1
Killian Tillie,2020,-0.1,0.2,8.5,18.0,0.6,0.1,3.2,1.0,0,0,1
Paul Reed,2020,0.0,0.4,21.2,26.0,0.3,0.5,3.4,1.2,0,0,1
Jalen Harris,2020,0.1,0.1,15.2,13.0,0.7,1.1,7.4,1.2,0,0,1
Daniel Oturu,2020,-0.1,0.2,12.5,30.0,0.4,0.3,1.8,0.9,0,0,1
Sean McDermott,2020,-0.1,0.1,7.2,18.0,0.4,0.2,2.2,0.7,0,0,1
Jalen Smith,2020,-0.2,0.2,8.4,27.0,0.3,0.3,2.0,1.1,0,0,1
Mamadi Diakite,2020,0.0,0.2,12.3,14.0,1.0,0.2,3.1,1.9,0,0,1
Deividas Sirvydis,2020,-0.1,0.1,5.7,20.0,0.3,0.3,2.1,1.5,0,0,1
Dakota Mathias,2020,0.0,0.1,9.8,8.0,0.8,0.1,6.0,0.8,0,0,1
Vernon Carey Jr.,2020,-0.1,0.1,11.7,19.0,0.6,0.3,2.4,1.1,0,0,1
Robert Franks,2020,0.0,0.1,16.5,7.0,1.9,0.3,6.1,1.1,0,0,1
Cassius Winston,2020,0.0,0.1,10.8,22.0,0.3,0.2,1.9,0.4,0,0,1
Jahmi'us Ramsey,2020,-0.1,0.0,10.5,13.0,0.4,0.2,3.1,0.6,0,0,1
Cassius Stanley,2020,-0.2,0.1,5.5,24.0,0.4,0.0,1.5,0.5,0,0,1
Nate Hinton,2020,0.0,0.1,10.4,21.0,0.5,0.2,2.0,0.4,0,0,1
Karim Mané,2020,-0.2,0.0,1.3,10.0,0.5,0.3,1.1,1.3,0,0,1
Cameron Oliver,2020,0.0,0.1,17.2,4.0,1.0,0.8,10.8,4.0,0,0,1
Jay Scrubb,2020,-0.2,0.1,6.3,4.0,1.3,1.8,8.8,3.0,0,0,1
Keljin Blevins,2020,-0.2,0.0,-0.9,17.0,0.0,0.3,0.7,0.4,0,0,1
Devin Cannady,2020,0.0,0.1,11.2,8.0,0.9,0.3,4.3,0.6,0,0,1
Tyler Bey,2020,-0.1,0.0,5.9,18.0,0.3,0.2,1.0,0.6,0,0,1
Elijah Hughes,2020,0.0,0.1,8.4,18.0,0.2,0.3,1.7,0.4,0,0,1
Nick Richards,2020,-0.1,0.0,5.5,18.0,0.6,0.2,0.8,0.4,0,0,1
Udoka Azubuike,2020,0.0,0.1,10.3,15.0,0.7,0.2,1.1,0.6,0,0,1
Tyrell Terry,2020,0.0,0.1,6.0,11.0,0.3,0.2,1.0,0.5,0,0,1
Didi Louzada,2020,-0.1,0.0,-0.9,3.0,0.0,1.0,2.7,0.7,0,0,1
Jontay Porter,2020,-0.1,0.1,9.2,11.0,0.5,0.6,2.0,0.9,0,0,1
Devon Dotson,2020,0.1,0.1,19.3,11.0,0.0,0.0,2.1,0.3,0,0,1
Ty-Shon Alexander,2020,-0.1,0.0,4.2,15.0,0.1,0.2,0.6,0.5,0,0,1
Robert Woodard II,2020,0.0,0.0,12.5,13.0,0.6,0.1,1.5,0.9,0,0,1
Elijah Bryant,2020,0.0,0.0,10.6,1.0,3.0,4.0,16.0,4.0,0,0,1
Amida Brimah,2020,0.0,0.1,16.6,5.0,0.6,0.8,2.6,1.2,0,0,1
Grant Riller,2020,0.0,0.0,23.6,7.0,0.0,0.1,2.6,0.1,0,0,1
Nate Darling,2020,0.0,0.0,8.2,7.0,0.4,0.1,1.3,0.0,0,0,1
Greg Whittington,2020,0.0,0.0,-10.2,4.0,0.0,0.0,0.0,0.0,0,0,1
Malik Fitts,2020,0.0,0.0,2.9,3.0,0.0,0.0,1.0,1.0,0,0,1
Ashton Hagans,2020,0.0,0.0,-12.4,2.0,0.0,0.5,0.0,0.0,0,0,1
Will Magnay,2020,0.0,0.0,-35.1,1.0,0.0,1.0,0.0,0.0,0,0,1
Scottie Barnes,2021,1.9,2.9,16.3,74.0,2.9,1.8,15.3,4.9,1,1,1
Franz Wagner,2021,0.8,1.9,14.7,79.0,2.8,1.5,15.2,3.4,1,1,1
Herbert Jones,2021,0.9,2.5,12.3,78.0,2.1,1.3,9.5,2.5,1,2,1
Evan Mobley,2021,1.5,3.7,16.1,69.0,3.7,1.9,15.0,6.2,1,1,1
Jalen Green,2021,-0.5,0.2,12.5,67.0,3.5,2.0,17.3,2.9,1,1,1
Ayo Dosunmu,2021,0.0,1.3,11.2,77.0,1.0,1.4,8.8,2.4,1,2,1
Cade Cunningham,2021,0.2,1.9,13.1,64.0,2.6,3.7,17.4,4.6,1,1,1
Davion Mitchell,2021,-0.9,0.6,10.8,75.0,1.1,1.5,11.5,1.8,0,0,1
Corey Kispert,2021,-0.1,0.7,10.9,77.0,0.8,0.6,8.2,2.0,0,0,1
Josh Giddey,2021,0.5,1.7,13.3,54.0,1.5,3.2,12.5,6.0,1,2,1
Chris Duarte,2021,-0.1,0.7,12.3,55.0,2.0,1.6,13.1,3.4,1,2,1
Alperen Şengün,2021,0.4,1.3,16.0,72.0,3.2,2.0,9.6,3.5,0,0,1
Austin Reaves,2021,0.0,0.8,11.5,61.0,1.9,0.7,7.3,2.4,0,0,1
Tre Mann,2021,-0.8,1.0,10.2,60.0,1.4,1.2,10.4,2.4,0,0,1
Ziaire Williams,2021,-0.3,1.1,9.7,62.0,0.9,0.7,8.1,1.7,0,0,1
Josh Christopher,2021,-0.5,0.7,12.2,74.0,1.5,1.5,7.9,1.8,0,0,1
Bones Hyland,2021,0.5,1.3,14.4,69.0,1.8,1.2,10.1,2.5,1,2,1
Jalen Suggs,2021,-1.2,1.3,8.6,48.0,3.4,3.0,11.8,3.0,0,0,1
Aaron Wiggins,2021,-0.7,0.8,10.3,50.0,1.7,1.1,8.3,2.5,0,0,1
Jonathan Kuminga,2021,0.1,1.8,15.2,70.0,2.7,1.1,9.3,2.6,0,0,1
Cam Thomas,2021,-0.4,0.8,11.7,67.0,1.6,0.8,8.5,2.2,0,0,1
Jeremiah Robinson-Earl,2021,-0.1,1.0,11.7,49.0,1.1,0.8,7.5,4.1,0,0,1
Kessler Edwards,2021,-0.5,0.9,8.3,48.0,0.4,0.9,5.9,2.7,0,0,1
Duane Washington Jr.,2021,-0.7,0.2,10.2,48.0,1.3,1.2,9.9,1.6,0,0,1
Joshua Primo,2021,-0.7,0.6,7.1,50.0,1.2,1.1,5.8,1.6,0,0,1
Trendon Watford,2021,0.1,0.5,15.8,48.0,2.0,0.9,7.6,3.0,0,0,1
Trey Murphy III,2021,0.2,0.6,12.5,62.0,0.8,0.3,5.4,1.6,0,0,1
Jose Alvarado,2021,0.8,1.1,16.4,54.0,1.0,0.7,6.1,1.4,0,0,1
Quentin Grimes,2021,0.3,0.9,10.7,46.0,0.4,0.6,6.0,1.5,0,0,1
Brandon Boston Jr.,2021,-0.3,0.9,11.2,51.0,1.4,0.6,6.7,1.8,0,0,1
Terry Taylor,2021,0.2,0.2,19.0,33.0,1.5,0.7,9.6,2.3,0,0,1
Omer Yurtseven,2021,0.2,1.4,17.4,56.0,1.1,0.7,5.3,3.7,0,0,1
Keon Johnson,2021,-0.7,0.4,8.7,37.0,1.4,1.2,7.2,1.5,0,0,1
Dalano Banton,2021,-0.2,0.8,10.0,64.0,0.7,0.8,3.2,1.3,0,0,1
Vit Krejci,2021,-0.6,0.5,8.5,30.0,0.7,1.0,6.2,2.8,0,0,1
Greg Brown III,2021,-0.4,0.5,11.0,48.0,1.4,0.8,4.7,2.0,0,0,1
Brandon Williams,2021,-0.6,0.2,11.0,24.0,4.0,2.4,12.9,2.3,0,0,1
Moses Moody,2021,-0.1,0.7,10.5,52.0,0.7,0.3,4.4,1.2,0,0,1
Jock Landale,2021,0.2,0.4,16.0,54.0,0.8,0.6,4.9,1.4,0,0,1
Keifer Sykes,2021,-0.7,0.1,5.9,32.0,0.5,1.0,5.6,1.2,0,0,1
Jericho Sims,2021,0.0,0.8,11.6,41.0,0.7,0.5,2.2,2.6,0,0,1
Isaiah Jackson,2021,0.0,0.7,20.5,36.0,2.4,1.1,8.3,2.5,0,0,1
Lindy Waters III,2021,0.1,0.5,13.0,25.0,0.2,0.4,8.0,2.7,0,0,1
Olivier Sarr,2021,-0.2,0.3,14.0,22.0,1.3,1.0,7.0,2.7,0,0,1
Sandro Mamukelashvili,2021,0.2,0.3,14.7,41.0,0.5,0.4,3.8,1.1,0,0,1
Day'Ron Sharpe,2021,-0.1,0.5,20.7,32.0,1.3,0.9,6.2,2.5,0,0,1
Luka Garza,2021,-0.1,0.2,15.6,32.0,1.9,0.6,5.8,1.3,0,0,1
Isaiah Livers,2021,0.0,0.3,11.1,19.0,0.7,0.8,6.4,2.2,0,0,1
Miles McBride,2021,-0.2,0.4,6.1,40.0,0.3,0.1,2.2,1.0,0,0,1
Jared Butler,2021,0.0,0.5,12.1,42.0,0.4,0.8,3.8,1.0,0,0,1
Santi Aldama,2021,-0.3,0.4,10.2,32.0,1.0,0.5,4.1,1.7,0,0,1
Ish Wainright,2021,0.0,0.6,9.4,45.0,0.3,0.3,2.4,0.6,0,0,1
David Duke Jr.,2021,-0.2,0.3,10.0,22.0,1.0,0.4,4.7,1.7,0,0,1
James Bouknight,2021,-0.4,0.1,10.1,31.0,1.0,0.5,4.6,1.0,0,0,1
Justin Champagnie,2021,0.0,0.3,13.6,36.0,0.3,0.2,2.3,1.0,0,0,1
JT Thor,2021,-0.1,0.2,9.7,33.0,0.6,0.3,2.0,1.0,0,0,1
Daishen Nix,2021,-0.3,0.1,8.1,24.0,1.3,1.1,3.2,1.1,0,0,1
Leandro Bolmaro,2021,-0.2,0.2,5.4,35.0,0.4,0.4,1.4,0.8,0,0,1
Usman Garuba,2021,0.1,0.3,12.9,24.0,0.3,0.3,2.0,2.6,0,0,1
Georgios Kalaitzakis,2021,-0.3,0.2,8.6,13.0,2.3,1.5,6.6,1.2,0,0,1
Malcolm Hill,2021,0.0,0.2,12.7,19.0,0.7,0.2,3.8,1.3,0,0,1
Joe Wieskamp,2021,-0.1,0.1,7.1,29.0,0.4,0.1,2.1,0.3,0,0,1
Javonte Smart,2021,-0.2,0.2,5.1,17.0,0.4,0.6,3.0,1.1,0,0,1
Lindell Wigginton,2021,-0.2,0.1,10.2,19.0,1.8,0.6,4.2,1.2,0,0,1
Braxton Key,2021,-0.1,0.3,13.7,11.0,1.2,1.0,7.2,3.4,0,0,1
Jamorko Pickett,2021,-0.1,0.1,7.6,13.0,0.2,0.4,3.8,2.0,0,0,1
Zavier Simpson,2021,-0.3,0.1,7.7,4.0,1.3,2.5,11.0,4.8,0,0,1
Hassani Gravett,2021,0.0,0.1,10.1,8.0,0.5,1.1,6.3,2.5,0,0,1
Charles Bassey,2021,0.2,0.3,21.5,23.0,0.5,0.3,3.0,1.7,0,0,1
Kevin Pangos,2021,-0.2,0.1,6.5,24.0,0.2,0.3,1.6,0.4,0,0,1
Sam Hauser,2021,0.2,0.2,14.8,26.0,0.0,0.1,2.5,0.9,0,0,1
Xavier Moon,2021,0.1,0.2,16.2,10.0,0.5,0.6,5.8,1.2,0,0,1
Marcus Garrett,2021,-0.1,0.2,4.7,12.0,0.4,0.2,1.1,1.2,0,0,1
Jalen Johnson,2021,-0.1,0.1,11.3,22.0,0.3,0.4,2.4,1.1,0,0,1
Neemias Queta,2021,-0.1,0.1,12.7,15.0,1.1,0.4,3.0,1.1,0,0,1
Jeff Dowtin,2021,-0.1,0.1,6.8,9.0,0.2,0.6,2.1,1.1,0,0,1
Chaundee Brown Jr.,2021,-0.1,0.0,6.4,5.0,1.2,0.2,6.2,3.0,0,0,1
Isaiah Todd,2021,-0.1,0.1,4.7,12.0,0.5,0.3,1.7,0.8,0,0,1
Trevelin Queen,2021,0.1,0.1,18.2,10.0,0.4,0.7,4.3,0.9,0,0,1
Aleem Ford,2021,-0.2,0.1,0.5,5.0,0.0,0.8,2.8,2.6,0,0,1
Yves Pons,2021,-0.1,0.1,5.9,12.0,0.2,0.1,1.1,0.6,0,0,1
Kai Jones,2021,-0.1,0.0,9.2,21.0,0.4,0.3,1.0,0.4,0,0,1
RJ Nembhard Jr.,2021,-0.1,0.0,8.0,14.0,0.3,0.2,1.1,0.3,0,0,1
Myles Powell,2021,-0.1,0.0,0.2,11.0,0.2,0.3,1.2,0.5,0,0,1
Cameron McGriff,2021,0.0,0.0,12.5,3.0,0.7,0.0,4.7,3.0,0,0,1
Gabriel Lundberg,2021,0.0,0.1,7.7,4.0,0.0,0.8,3.3,1.3,0,0,1
Sharife Cooper,2021,-0.1,0.0,-5.4,13.0,0.0,0.4,0.5,0.4,0,0,1
Xavier Sneed,2021,-0.1,0.0,0.4,9.0,0.0,0.0,0.6,0.4,0,0,1
Petr Cornelie,2021,-0.1,0.0,9.6,13.0,0.3,0.3,1.1,0.5,0,0,1
Marko Simonovic,2021,-0.1,0.0,10.2,9.0,1.2,0.2,1.9,0.6,0,0,1
Micah Potter,2021,0.0,0.0,13.6,3.0,0.7,0.3,4.0,1.7,0,0,1
Jordan Schakel,2021,-0.1,0.0,-1.2,4.0,0.5,0.3,1.3,1.5,0,0,1
Mac McClung,2021,0.0,0.0,5.2,2.0,0.5,1.5,4.0,1.5,0,0,1
Carlik Jones,2021,-0.1,0.0,-1.8,5.0,0.4,0.6,0.8,0.4,0,0,1
Gabe York,2021,0.0,0.0,12.7,2.0,2.5,0.5,4.0,1.0,0,0,1
Joel Ayayi,2021,0.0,0.0,3.4,7.0,0.0,0.0,0.3,0.3,0,0,1
Jay Huff,2021,0.0,0.0,0.6,4.0,0.0,0.3,0.0,0.8,0,0,1
McKinley Wright IV,2021,0.0,0.0,9.5,5.0,0.0,0.2,1.0,0.0,0,0,1
Craig Sword,2021,0.0,0.0,14.2,3.0,0.0,0.3,2.0,0.0,0,0,1
Eugene Omoruyi,2021,0.0,0.0,17.0,4.0,1.0,0.0,1.8,1.3,0,0,1
Aaron Henry,2021,-0.1,0.0,-7.4,6.0,0.0,0.3,0.3,0.2,0,0,1
Trayvon Palmer,2021,-0.1,0.0,-5.7,1.0,0.0,1.0,0.0,2.0,0,0,1
Moses Wright,2021,0.0,0.0,18.3,4.0,0.8,0.0,1.3,0.5,0,0,1
Cat Barber,2021,-0.1,0.0,-11.2,3.0,1.3,0.3,0.0,0.7,0,0,1
Jarron Cumberland,2021,0.0,0.0,8.4,3.0,0.0,0.0,0.7,0.7,0,0,1
JaQuori McLaughlin,2021,0.0,0.0,-2.9,4.0,0.0,0.0,0.0,0.0,0,0,1
Rob Edwards,2021,0.0,0.0,-0.8,2.0,0.0,0.5,1.5,1.5,0,0,1
Tre Scott,2021,0.0,0.0,20.4,2.0,0.0,0.0,3.0,0.5,0,0,1
Shaq Buchanan,2021,0.0,0.0,0.6,2.0,0.0,1.0,1.0,0.5,0,0,1
Jon Teske,2021,0.0,0.0,1.5,3.0,0.7,0.0,0.0,0.7,0,0,1
Feron Hunt,2021,0.0,0.0,-3.0,2.0,0.0,0.5,0.0,0.0,0,0,1
M.J. Walker,2021,0.0,0.0,-3.3,2.0,0.0,0.0,0.0,0.5,0,0,1
Paris Bass,2021,0.0,0.0,13.9,2.0,1.0,1.0,3.0,1.0,0,0,1
Scottie Lewis,2021,0.0,0.0,14.6,2.0,1.0,0.0,0.5,0.0,0,0,1
Jaysean Paige,2021,0.0,0.0,-22.2,1.0,0.0,1.0,0.0,1.0,0,0,1
Jordan Goodwin,2021,0.0,0.0,-20.4,2.0,0.0,0.0,0.0,0.5,0,0,1
Jaden Springer,2021,0.0,0.0,26.4,2.0,0.0,0.5,1.0,0.5,0,0,1
Arnoldas Kulboka,2021,0.0,0.0,-10.7,2.0,0.0,0.0,0.0,0.0,0,0,1
Matt Ryan,2021,0.0,0.0,3.5,1.0,0.0,0.0,3.0,0.0,0,0,1
Javin DeLaurier,2021,0.0,0.0,15.6,1.0,0.0,0.0,0.0,1.0,0,0,1
Jaime Echenique,2021,0.0,0.0,0.0,1.0,0.0,0.0,0.0,0.0,0,0,1
David Johnson,2021,0.0,0.0,-20.0,2.0,0.0,0.0,0.0,0.0,0,0,1
Tyler Hall,2021,0.0,0.0,0.0,1.0,0.0,0.0,0.0,0.0,0,0,1
Ahmad Caver,2021,0.0,0.0,76.2,1.0,0.0,0.0,2.0,0.0,0,0,1
DeJon Jarreau,2021,0.0,0.0,0.0,1.0,0.0,0.0,0.0,0.0,0,0,1
Ade Murkey,2021,0.0,0.0,0.0,1.0,0.0,0.0,0.0,0.0,0,0,1
Jabari Smith Jr.,2022,-1.1,1.4,11.2,79.0,2.6,1.3,12.8,5.7,0,0,1
Paolo Banchero,2022,0.3,2.6,14.9,72.0,7.4,2.8,20.0,5.7,1,1,1
Keegan Murray,2022,0.8,1.7,12.3,80.0,1.0,0.8,12.2,3.5,1,1,1
Jaden Ivey,2022,-0.7,0.8,12.1,74.0,4.8,3.2,16.3,2.9,1,2,1
Jalen Williams,2022,1.3,2.6,15.6,75.0,2.5,1.6,14.1,3.4,1,1,1
Bennedict Mathurin,2022,-1.0,0.8,13.1,78.0,5.8,1.9,16.7,3.0,1,1,1
Andrew Nembhard,2022,-0.6,0.8,10.0,75.0,0.8,1.7,9.5,2.2,0,0,1
Shaedon Sharpe,2022,-0.6,0.6,11.5,80.0,1.3,1.0,9.9,2.2,0,0,1
Tari Eason,2022,0.1,1.7,15.2,82.0,1.8,1.2,9.3,3.7,1,2,1
Walker Kessler,2022,2.1,2.5,21.5,74.0,2.1,0.8,9.2,5.3,1,1,1
Jalen Duren,2022,0.5,1.6,17.3,67.0,2.3,1.4,9.1,5.5,1,2,1
Malaki Branham,2022,-1.3,0.2,9.5,66.0,1.1,1.2,10.2,2.3,0,0,1
Jeremy Sochan,2022,-0.7,0.7,11.4,56.0,2.1,1.7,11.0,3.6,1,2,1
AJ Griffin,2022,0.4,0.9,12.6,72.0,0.7,0.6,8.9,1.6,0,0,1
David Roddy,2022,-0.6,1.4,8.8,70.0,0.9,0.8,6.7,2.0,0,0,1
Ochai Agbaji,2022,-0.3,0.4,9.5,59.0,1.2,0.7,7.9,1.3,0,0,1
Christian Braun,2022,-0.1,1.2,10.3,76.0,0.8,0.5,4.7,1.8,0,0,1
Dyson Daniels,2022,0.0,1.4,8.8,59.0,0.7,1.0,3.8,2.6,0,0,1
Jaylin Williams,2022,0.1,1.2,11.2,49.0,1.1,0.8,5.9,4.0,0,0,1
Mark Williams,2022,0.4,1.3,19.8,43.0,2.3,0.9,9.0,4.9,0,0,1
Caleb Houstan,2022,-0.4,0.5,6.2,51.0,0.4,0.4,3.8,1.3,0,0,1
Christian Koloko,2022,-0.3,1.0,11.4,58.0,1.0,0.3,3.1,1.5,0,0,1
Bryce McGowens,2022,-0.8,0.4,7.2,46.0,1.7,0.9,5.3,1.6,0,0,1
Simone Fontecchio,2022,-0.6,0.3,8.0,52.0,0.8,0.8,6.3,1.1,0,0,1
Jaden Hardy,2022,0.0,0.5,14.6,48.0,1.6,1.0,8.8,1.6,0,0,1
MarJon Beauchamp,2022,-0.5,0.8,8.2,52.0,0.7,0.9,5.1,1.5,0,0,1
Blake Wesley,2022,-1.3,0.3,3.5,37.0,1.2,1.8,5.0,1.9,0,0,1
Jabari Walker,2022,-0.6,0.3,9.6,56.0,0.8,0.5,3.9,1.5,0,0,1
Ousmane Dieng,2022,-0.2,0.6,9.3,39.0,0.6,0.7,4.9,2.2,0,0,1
Max Christie,2022,-0.1,0.5,7.4,41.0,0.4,0.3,3.1,1.7,0,0,1
Kevon Harris,2022,-0.2,0.4,9.2,34.0,1.2,0.6,4.1,1.2,0,0,1
TyTy Washington Jr.,2022,-0.5,0.1,7.5,31.0,0.6,0.5,4.7,1.4,0,0,1
Orlando Robinson,2022,0.0,0.6,13.4,31.0,1.0,0.5,3.7,2.5,0,0,1
Johnny Davis,2022,-0.6,0.3,7.2,28.0,1.0,0.6,5.8,2.0,0,0,1
Jake LaRavia,2022,-0.2,0.5,6.7,35.0,0.3,0.5,3.0,1.3,0,0,1
Dominick Barlow,2022,-0.3,0.2,12.4,28.0,0.9,0.5,3.9,2.0,0,0,1
A.J. Green,2022,0.1,0.3,11.5,35.0,0.1,0.3,4.4,1.1,0,0,1
Julian Champagnie,2022,-0.1,0.1,13.4,17.0,1.0,0.6,9.7,2.9,0,0,1
Kennedy Chandler,2022,0.0,0.4,10.6,36.0,0.4,0.5,2.2,0.8,0,0,1
Jamal Cain,2022,0.2,0.3,16.5,18.0,1.2,0.3,5.4,2.1,0,0,1
Johnny Juzang,2022,-0.3,0.1,6.5,18.0,0.2,0.2,4.8,1.7,0,0,1
Patrick Baldwin Jr.,2022,0.0,0.3,11.3,31.0,0.2,0.4,3.9,1.3,0,0,1
John Butler,2022,-0.2,0.1,5.7,19.0,0.2,0.1,2.4,0.7,0,0,1
Dalen Terry,2022,0.1,0.3,14.1,38.0,0.6,0.2,2.2,0.7,0,0,1
Nikola Jović,2022,-0.1,0.2,10.6,15.0,1.3,0.7,5.5,1.5,0,0,1
Jared Rhoden,2022,-0.2,0.1,6.5,14.0,0.4,0.2,3.2,1.9,0,0,1
Moussa Diabaté,2022,0.0,0.2,14.2,22.0,0.7,0.4,2.7,0.9,0,0,1
Peyton Watson,2022,0.0,0.2,12.8,23.0,0.9,0.3,3.3,1.3,0,0,1
Kenneth Lofton Jr.,2022,0.1,0.2,20.2,24.0,1.1,0.5,5.0,1.3,0,0,1
Dru Smith,2022,0.0,0.3,11.4,15.0,0.2,0.2,2.9,1.5,0,0,1
Wendell Moore Jr.,2022,0.0,0.2,9.3,29.0,0.2,0.3,1.4,0.5,0,0,1
Quenton Jackson,2022,-0.1,0.1,12.2,9.0,2.4,0.4,6.2,0.7,0,0,1
Jeenathan Williams,2022,0.0,0.0,15.5,5.0,0.6,0.8,10.6,1.0,0,0,1
Xavier Cooks,2022,-0.1,0.2,14.3,10.0,1.0,0.8,3.8,2.2,0,0,1
Jason Preston,2022,0.0,0.1,10.3,14.0,0.1,0.7,2.9,1.4,0,0,1
A.J. Lawson,2022,-0.1,0.1,13.9,15.0,0.5,0.2,3.7,1.0,0,0,1
Vince Williams Jr.,2022,-0.2,0.2,3.9,15.0,0.1,0.3,2.0,0.7,0,0,1
Josh Minott,2022,0.0,0.2,17.9,15.0,0.5,0.2,3.1,1.3,0,0,1
Buddy Boeheim,2022,-0.2,0.0,0.5,10.0,0.2,0.0,1.6,0.4,0,0,1
Justin Minaya,2022,-0.2,0.1,4.0,4.0,0.3,1.0,4.3,3.0,0,0,1
Isaiah Mobley,2022,0.0,0.2,14.1,12.0,0.3,0.1,2.6,1.3,0,0,1
Jordan Hall,2022,-0.1,0.0,5.5,9.0,1.0,0.8,3.1,1.0,0,0,1
Keon Ellis,2022,0.1,0.1,14.0,16.0,0.4,0.1,1.5,0.3,0,0,1
Jamaree Bouyea,2022,0.0,0.1,6.5,5.0,0.4,0.8,3.0,1.0,0,0,1
Jack White,2022,0.0,0.1,12.6,17.0,0.2,0.1,1.2,0.6,0,0,1
Tyrese Martin,2022,-0.1,0.0,7.7,16.0,0.1,0.1,1.3,0.4,0,0,1
JD Davison,2022,0.0,0.1,10.1,12.0,0.2,0.3,1.6,0.6,0,0,1
Ryan Rollins,2022,-0.2,0.1,-1.4,12.0,0.5,1.3,1.9,0.8,0,0,1
Ron Harper Jr.,2022,0.0,0.0,15.7,9.0,0.1,0.0,2.2,0.4,0,0,1
Cole Swider,2022,0.0,0.0,7.4,7.0,0.0,0.0,1.3,0.9,0,0,1
Jacob Gilyard,2022,0.0,0.1,7.3,1.0,0.0,2.0,3.0,4.0,0,0,1
Kendall Brown,2022,0.0,0.1,9.1,6.0,0.3,0.3,1.5,0.7,0,0,1
RaiQuan Gray,2022,0.0,0.0,15.5,1.0,2.0,4.0,16.0,6.0,0,0,1
Scotty Pippen Jr.,2022,0.0,0.0,9.6,6.0,1.5,0.3,2.3,0.3,0,0,1
Trevor Hudgins,2022,0.0,0.0,4.2,5.0,0.6,0.2,1.8,0.0,0,0,1
Darius Days,2022,0.0,0.0,18.3,4.0,0.5,0.0,3.8,1.3,0,0,1
Chance Comanche,2022,0.0,0.0,12.2,1.0,4.0,0.0,7.0,1.0,0,0,1
Lester Quiñones,2022,0.0,0.0,8.6,4.0,1.5,1.3,2.5,0.5,0,0,1
Dereon Seabron,2022,0.0,0.0,4.6,5.0,0.0,0.0,0.8,0.0,0,0,1
Trevor Keels,2022,0.0,0.0,3.7,3.0,0.0,0.0,1.0,0.7,0,0,1
Chima Moneke,2022,0.0,0.0,-3.5,2.0,1.0,1.0,1.0,0.0,0,0,1
Alondes Williams,2022,0.0,0.0,-20.9,1.0,0.0,2.0,0.0,1.0,0,0,1
Donovan Williams,2022,0.0,0.0,14.5,2.0,0.0,0.0,2.0,1.0,0,0,1
Stanley Umude,2022,0.0,0.0,65.6,1.0,2.0,0.0,2.0,0.0,0,0,1
Michael Foster Jr.,2022,0.0,0.0,0.0,1.0,0.0,0.0,0.0,0.0,0,0,1
Chet Holmgren,2023,3.3,4.4,20.4,82.0,3.4,1.6,16.5,6.3,1,1,1
Brandon Miller,2023,-0.3,1.0,13.0,74.0,2.3,1.8,17.3,3.4,1,1,1
Jaime Jaquez Jr.,2023,0.1,2.7,12.9,75.0,2.3,1.5,11.9,2.7,0,0,1
Victor Wembanyama,2023,3.8,4.4,23.1,71.0,5.2,3.7,21.4,8.4,1,1,1
Keyonte George,2023,-1.2,0.1,10.4,75.0,3.0,2.5,13.0,2.6,1,2,1
Brandin Podziemski,2023,0.9,2.0,13.0,74.0,1.1,1.2,9.2,4.2,1,1,1
Scoot Henderson,2023,-1.7,0.9,9.5,62.0,3.3,3.4,14.0,2.3,0,0,1
Toumani Camara,2023,-0.5,1.4,10.6,70.0,1.4,1.2,7.5,2.9,0,0,1
Bilal Coulibaly,2023,-0.9,0.9,8.9,63.0,2.1,1.4,8.4,3.2,0,0,1
Cason Wallace,2023,0.9,2.1,12.0,82.0,0.5,0.5,6.8,1.6,1,2,1
Ausar Thompson,2023,-0.1,1.7,12.8,63.0,1.9,1.3,8.8,4.3,0,0,1
Amen Thompson,2023,1.3,2.4,18.2,62.0,2.5,1.5,9.5,4.2,1,2,1
Marcus Sasser,2023,-0.2,0.6,11.8,71.0,0.9,1.3,8.3,1.6,0,0,1
Kris Murray,2023,-0.6,1.0,9.0,62.0,0.9,0.9,6.1,2.2,0,0,1
Dereck Lively II,2023,0.8,1.8,18.1,55.0,1.5,0.9,8.8,4.4,0,0,1
Gradey Dick,2023,-1.1,0.4,8.9,60.0,0.9,0.8,8.5,1.8,0,0,1
GG Jackson II,2023,0.0,1.1,13.7,48.0,3.2,1.4,14.6,3.0,0,0,1
Duop Reath,2023,0.3,1.0,15.1,68.0,1.4,0.8,9.1,2.3,0,0,1
Vasilije Micić,2023,-0.8,0.4,10.7,60.0,1.3,1.7,7.0,1.2,0,0,1
Anthony Black,2023,-0.3,1.5,8.4,69.0,1.2,0.8,4.6,1.5,0,0,1
Jordan Hawkins,2023,-0.3,1.0,10.2,67.0,1.2,0.6,7.8,1.8,0,0,1
Trayce Jackson-Davis,2023,1.4,1.6,21.6,68.0,1.9,0.7,7.9,3.0,0,0,1
Cam Whitmore,2023,0.5,1.1,16.6,47.0,2.4,1.0,12.3,2.9,0,0,1
Taylor Hendricks,2023,0.1,0.6,11.8,40.0,0.7,0.7,7.3,3.5,0,0,1
Ben Sheppard,2023,-0.3,0.4,8.1,57.0,0.5,0.3,4.4,1.3,0,0,1
Nick Smith Jr.,2023,-0.7,0.1,8.1,51.0,0.3,0.8,5.9,1.1,0,0,1
Jalen Wilson,2023,-0.2,0.4,10.8,43.0,1.1,0.4,5.0,2.0,0,0,1
Craig Porter Jr.,2023,0.4,0.9,15.4,51.0,1.1,0.9,5.6,1.7,0,0,1
Rayan Rupert,2023,-0.8,0.3,5.8,39.0,0.6,0.8,4.0,1.7,0,0,1
Brice Sensabaugh,2023,-0.5,0.2,8.6,32.0,1.3,1.5,7.5,2.7,0,0,1
Trey Jemison,2023,-0.5,0.6,11.8,25.0,1.0,1.4,6.8,2.8,0,0,1
Andre Jackson Jr.,2023,-0.2,0.5,8.5,57.0,0.2,0.5,2.2,1.2,0,0,1
Julian Strawther,2023,-0.6,0.6,8.2,50.0,0.6,0.5,4.5,1.1,0,0,1
Sasha Vezenkov,2023,0.1,0.5,13.3,42.0,0.4,0.3,5.4,1.6,0,0,1
Javon Freeman-Liberty,2023,-0.3,0.2,10.7,22.0,1.6,1.1,7.0,2.5,0,0,1
Kobe Brown,2023,-0.2,0.3,7.6,44.0,0.0,0.2,2.0,1.0,0,0,1
Noah Clowney,2023,0.1,0.4,14.2,23.0,1.3,0.7,5.8,2.4,0,0,1
Tosan Evbuomwan,2023,-0.1,0.2,9.9,17.0,1.5,0.5,5.9,2.5,0,0,1
Jarace Walker,2023,0.2,0.3,11.8,33.0,0.3,0.5,3.6,1.5,0,0,1
Olivier-Maxence Prosper,2023,-0.1,0.3,11.6,40.0,1.0,0.2,3.0,1.4,0,0,1
Julian Phillips,2023,-0.3,0.2,7.0,40.0,0.5,0.3,2.2,0.6,0,0,1
Nathan Mensah,2023,-0.5,0.2,5.0,25.0,0.5,0.6,1.3,1.4,0,0,1
Ricky Council IV,2023,0.2,0.3,18.6,32.0,2.2,0.2,5.4,1.0,0,0,1
Leaky Black,2023,0.0,0.2,11.5,26.0,0.6,0.2,2.7,1.5,0,0,1
Onuralp Bitim,2023,-0.4,0.1,5.0,23.0,0.2,0.4,3.5,1.1,0,0,1
Ibou Badji,2023,-0.2,0.2,8.1,22.0,0.5,0.7,1.5,1.4,0,0,1
Collin Gillespie,2023,0.0,0.3,11.0,24.0,0.5,0.6,3.6,0.8,0,0,1
Kobe Bufkin,2023,-0.1,0.1,9.1,17.0,0.5,0.6,4.8,1.6,0,0,1
Colby Jones,2023,-0.1,0.2,8.9,30.0,0.4,0.3,2.1,0.8,0,0,1
Gui Santos,2023,0.1,0.2,15.6,23.0,0.7,0.3,3.6,1.4,0,0,1
Tristan Vukcevic,2023,-0.1,0.1,13.9,10.0,2.2,1.0,8.5,3.0,0,0,1
Jules Bernard,2023,0.0,0.0,12.7,19.0,0.5,0.4,3.9,0.8,0,0,1
Sidy Cissoko,2023,0.0,0.1,12.0,12.0,1.3,0.3,3.8,1.2,0,0,1
Emoni Bates,2023,-0.2,0.1,2.6,15.0,0.3,0.5,2.7,0.9,0,0,1
Timmy Allen,2023,-0.3,0.1,0.8,5.0,0.4,0.4,2.6,2.6,0,0,1
Jalen Pickett,2023,0.0,0.1,9.7,27.0,0.1,0.3,1.6,0.5,0,0,1
Mãozinha Pereira,2023,0.0,0.2,15.7,7.0,1.4,0.7,6.9,3.7,0,0,1
Mouhamadou Gueye,2023,-0.3,0.2,4.6,11.0,0.8,1.1,2.4,1.0,0,0,1
Matthew Hurt,2023,-0.1,0.1,8.4,8.0,0.4,0.3,4.0,0.9,0,0,1
Jalen Hood-Schifino,2023,-0.4,0.1,-1.5,21.0,1.0,0.4,1.6,0.5,0,0,1
Malik Williams,2023,-0.3,0.1,4.9,7.0,0.3,0.4,2.7,3.3,0,0,1
Maxwell Lewis,2023,-0.3,0.0,-3.9,34.0,0.1,0.3,0.3,0.1,0,0,1
Chris Livingston,2023,-0.1,0.1,6.9,21.0,0.2,0.2,1.2,0.9,0,0,1
Terquavion Smith,2023,0.1,0.1,14.8,16.0,0.3,0.4,3.3,0.3,0,0,1
Jordan Walsh,2023,0.0,0.2,8.4,9.0,0.2,0.3,1.7,1.7,0,0,1
Mouhamed Gueye,2023,0.0,0.1,15.0,6.0,1.0,0.2,4.0,2.0,0,0,1
Jett Howard,2023,0.0,0.1,8.6,18.0,0.2,0.2,1.6,0.3,0,0,1
Keyontae Johnson,2023,-0.1,0.1,1.6,9.0,0.0,0.4,1.2,0.7,0,0,1
Adama Sanogo,2023,-0.1,0.1,21.9,9.0,1.3,0.6,4.0,1.9,0,0,1
Amari Bailey,2023,-0.1,0.0,9.7,10.0,0.7,0.4,2.3,0.3,0,0,1
Jermaine Samuels,2023,0.0,0.1,15.1,14.0,0.1,0.0,1.4,0.7,0,0,1
Colin Castleton,2023,0.0,0.0,13.0,16.0,0.4,0.2,1.5,0.4,0,0,1
Leonard Miller,2023,0.2,0.1,27.0,17.0,0.1,0.1,1.7,0.9,0,0,1
Seth Lundy,2023,-0.1,0.0,0.0,9.0,0.4,0.1,1.6,0.7,0,0,1
Hunter Tyson,2023,-0.1,0.1,6.0,18.0,0.0,0.1,1.1,0.4,0,0,1
Oscar Tshiebwe,2023,0.0,0.0,24.8,8.0,1.0,0.0,3.3,1.0,0,0,1
D'Moi Hodge,2023,0.0,0.0,6.1,7.0,0.3,0.1,2.0,0.0,0,0,1
Taze Moore,2023,0.0,0.0,11.8,4.0,0.5,0.8,4.5,1.0,0,0,1
Alex Fudge,2023,0.0,0.0,9.8,6.0,0.3,0.3,2.5,0.2,0,0,1
Jacob Toppin,2023,0.0,0.0,14.3,9.0,0.2,0.1,1.4,0.4,0,0,1
Jalen Slawson,2023,0.0,0.0,6.6,12.0,0.0,0.2,0.7,0.5,0,0,1
D.J. Carton,2023,0.0,0.0,9.6,4.0,1.3,0.3,2.8,0.5,0,0,1
Dexter Dennis,2023,0.0,0.0,18.3,4.0,0.8,0.8,5.5,2.0,0,0,1
Henri Drell,2023,0.0,0.0,10.7,4.0,0.5,0.5,2.8,0.8,0,0,1
Jordan Miller,2023,0.0,0.0,14.1,8.0,0.3,0.1,1.6,0.3,0,0,1
Pete Nance,2023,-0.1,0.0,-3.9,8.0,0.3,0.1,0.4,0.4,0,0,1
Pat Spencer,2023,0.0,0.0,9.4,6.0,0.0,0.2,0.7,0.3,0,0,1
Dariq Whitehead,2023,0.0,0.0,4.9,2.0,1.0,0.0,1.5,2.0,0,0,1
E.J. Liddell,2023,0.0,0.1,4.3,8.0,0.3,0.3,0.5,0.6,0,0,1
Drew Peterson,2023,0.0,0.0,18.5,3.0,0.0,0.3,3.7,0.3,0,0,1
Jordan Ford,2023,0.0,0.0,16.8,6.0,0.3,0.2,2.0,0.3,0,0,1
Adam Flagler,2023,0.0,0.0,0.6,2.0,0.0,0.0,1.5,0.0,0,0,1
Andrew Funk,2023,0.0,0.0,-5.0,5.0,0.0,0.0,0.0,0.0,0,0,1
Filip Petrušev,2023,0.0,0.0,5.1,3.0,0.7,0.0,1.0,0.3,0,0,1
Kaiser Gates,2023,-0.1,0.0,-19.9,1.0,0.0,0.0,0.0,1.0,0,0,1
Markquis Nowell,2023,0.0,0.0,55.5,1.0,2.0,0.0,2.0,0.0,0,0,1
Isaiah Wong,2023,0.0,0.0,-1.1,1.0,0.0,0.0,2.0,0.0,0,0,1
Izaiah Brockington,2023,0.0,0.0,26.6,1.0,0.0,0.0,4.0,1.0,0,0,1
Malcolm Cazalon,2023,0.0,0.0,0.0,1.0,0.0,0.0,0.0,0.0,0,0,1
Jalen Crutcher,2023,0.0,0.0,-12.6,1.0,0.0,0.0,0.0,0.0,0,0,1
Dmytro Skapintsev,2023,0.0,0.0,-19.3,2.0,0.0,0.0,0.0,0.0,0,0,1
Bub Carrington,2024,-1.6,0.6,9.0,82.0,1.0,1.7,9.8,3.8,0,0,1
Stephon Castle,2024,-0.6,1.0,13.7,81.0,4.2,2.2,14.7,2.6,0,0,1
Jaylen Wells,2024,-0.1,1.4,10.5,79.0,1.7,0.9,10.4,2.3,0,0,1
Yves Missi,2024,-0.5,1.1,15.4,73.0,2.8,1.1,9.1,4.7,0,0,1
Zaccharie Risacher,2024,-0.7,1.1,12.2,75.0,2.0,1.2,12.6,2.4,0,0,1
Isaiah Collier,2024,-1.6,0.5,9.7,71.0,2.2,2.9,8.7,2.9,0,0,1
Alex Sarr,2024,-0.6,1.3,12.9,67.0,2.5,1.7,13.0,4.6,0,0,1
Kyshawn George,2024,-0.9,1.1,8.8,68.0,1.4,1.4,8.7,3.5,0,0,1
Tristan Da Silva,2024,-0.3,1.9,9.9,74.0,0.9,0.8,7.2,2.3,0,0,1
Kyle Filipowski,2024,0.4,1.0,14.9,72.0,2.0,1.4,9.6,4.6,0,0,1
Matas Buzelis,2024,-0.2,1.4,12.5,80.0,1.4,0.9,8.6,2.8,0,0,1
Dalton Knecht,2024,0.1,1.0,12.7,78.0,1.1,0.5,9.1,2.3,0,0,1
Jamal Shead,2024,-0.8,1.1,9.9,75.0,0.9,1.6,7.1,1.1,0,0,1
Kel'el Ware,2024,0.7,2.5,17.4,64.0,1.0,0.9,9.3,5.6,0,0,1
Zach Edey,2024,0.7,2.2,18.2,66.0,1.9,1.3,9.2,4.8,0,0,1
Ryan Dunn,2024,-0.7,0.7,10.7,74.0,0.5,0.5,6.9,2.4,0,0,1
Donovan Clingan,2024,0.6,2.2,17.4,67.0,1.6,1.1,6.5,4.6,0,0,1
Jonathan Mogbo,2024,0.0,1.6,11.9,63.0,1.3,1.1,6.2,3.2,0,0,1
Ron Holland,2024,-0.3,1.5,11.1,81.0,1.5,0.9,6.4,2.2,0,0,1
Tidjane Salaün,2024,-1.0,0.9,7.7,60.0,1.6,1.0,5.9,3.5,0,0,1
Justin Edwards,2024,-0.5,0.5,11.3,44.0,1.0,1.1,10.1,2.3,0,0,1
Ja'Kobe Walter,2024,-0.3,0.9,10.8,52.0,1.6,1.0,8.6,1.9,0,0,1
Cody Williams,2024,-1.4,0.1,3.7,50.0,0.8,0.9,4.6,1.7,0,0,1
Oso Ighodaro,2024,-0.2,0.6,11.1,61.0,0.8,0.6,4.2,2.6,0,0,1
Jamison Battle,2024,-0.1,0.7,10.7,59.0,0.3,0.5,7.1,2.1,0,0,1
Adem Bona,2024,-0.2,0.9,16.5,58.0,1.7,1.1,5.8,2.6,0,0,1
KJ Simpson,2024,-0.7,0.5,8.3,36.0,1.4,1.6,7.8,1.9,0,0,1
Karlo Matković,2024,0.0,0.6,15.6,42.0,1.0,1.0,7.7,3.5,0,0,1
Pelle Larsson,2024,-0.2,0.8,10.2,55.0,1.1,0.4,4.6,1.2,0,0,1
Quinten Post,2024,0.4,0.9,14.2,42.0,0.6,0.8,8.1,2.7,0,0,1
Antonio Reeves,2024,-0.2,0.0,11.7,44.0,0.8,0.7,6.9,1.0,0,0,1
Reed Sheppard,2024,0.1,1.0,9.7,52.0,0.3,0.7,4.4,1.2,0,0,1
AJ Johnson,2024,-1.0,0.0,7.1,29.0,1.3,1.2,7.6,1.8,0,0,1
Ajay Mitchell,2024,0.1,0.9,12.0,36.0,1.0,0.8,6.5,1.4,0,0,1
Jared McCain,2024,0.3,0.1,15.2,23.0,2.4,1.6,15.3,1.9,0,0,1
Dillon Jones,2024,-0.3,0.9,8.1,54.0,0.5,0.5,2.5,1.7,0,0,1
Jaylen Clark,2024,0.2,0.7,12.0,40.0,0.9,0.2,4.1,0.7,0,0,1
Rob Dillingham,2024,-0.3,0.6,10.2,49.0,0.3,1.1,4.5,0.8,0,0,1
Keaton Wallace,2024,0.0,0.5,10.1,31.0,0.4,1.1,5.4,1.4,0,0,1
Reece Beekman,2024,-0.4,0.5,7.5,36.0,0.6,0.6,2.6,0.7,0,0,1
Jaylon Tyson,2024,-0.1,0.5,11.1,47.0,0.5,0.6,3.6,1.3,0,0,1
Devin Carter,2024,-0.1,0.4,10.8,36.0,1.2,0.5,3.8,1.6,0,0,1
Baylor Scheierman,2024,0.0,0.5,10.3,31.0,0.4,0.4,3.6,1.5,0,0,1
Johnny Furphy,2024,0.0,0.5,9.8,50.0,0.4,0.2,2.1,1.0,0,0,1
Damion Baugh,2024,-0.5,0.2,6.3,15.0,1.0,2.1,7.3,2.4,0,0,1
Terrence Shannon Jr.,2024,0.0,0.4,11.9,32.0,0.7,0.5,4.3,1.2,0,0,1
Keion Brooks Jr.,2024,-0.1,0.1,12.8,14.0,2.1,0.9,10.1,3.3,0,0,1
Isaac Jones,2024,0.0,0.2,15.2,40.0,0.9,0.4,3.4,0.9,0,0,1
Tyler Kolek,2024,-0.1,0.3,10.3,41.0,0.4,0.4,2.0,0.5,0,0,1
Drew Timme,2024,-0.3,0.2,11.0,9.0,1.8,1.7,12.1,5.3,0,0,1
Marcus Bagley,2024,-0.1,0.2,11.8,10.0,1.0,0.7,6.7,4.7,0,0,1
Cam Spencer,2024,0.2,0.2,14.2,25.0,0.8,0.2,4.2,0.7,0,0,1
Branden Carlson,2024,0.2,0.5,17.6,32.0,0.6,0.2,3.8,1.2,0,0,1
Jaylen Martin,2024,-0.3,0.1,9.1,16.0,0.6,0.8,4.9,2.1,0,0,1
Ariel Hukporti,2024,-0.2,0.3,7.6,25.0,0.5,0.8,1.9,1.5,0,0,1
Alex Reese,2024,0.0,0.2,14.0,15.0,0.8,0.4,5.1,2.5,0,0,1
Bronny James,2024,-0.2,0.2,7.1,27.0,0.5,0.5,2.3,0.5,0,0,1
Enrique Freeman,2024,-0.2,0.1,7.4,22.0,0.9,0.3,2.1,0.9,0,0,1
Tyson Etienne,2024,-0.3,0.1,5.6,7.0,1.4,1.1,7.9,0.9,0,0,1
Elijah Harkless,2024,-0.1,0.1,7.8,10.0,0.6,0.3,3.2,1.2,0,0,1
Kylor Kelley,2024,-0.1,0.1,12.1,11.0,0.9,0.4,3.1,2.5,0,0,1
Alex Ducas,2024,0.0,0.2,10.1,21.0,0.1,0.2,1.7,0.8,0,0,1
Spencer Jones,2024,-0.2,0.1,4.5,20.0,0.2,0.3,1.3,0.5,0,0,1
Tyler Smith,2024,0.0,0.1,15.2,23.0,0.3,0.3,2.9,0.8,0,0,1
Trey Alexander,2024,-0.2,0.0,2.9,24.0,0.2,0.2,1.3,0.5,0,0,1
Jaylen Sims,2024,-0.1,0.0,9.8,6.0,2.5,1.3,7.0,0.5,0,0,1
Pacome Dadiet,2024,-0.1,0.1,6.3,18.0,0.3,0.2,1.7,0.8,0,0,1
Keshad Johnson,2024,0.0,0.2,19.1,16.0,0.6,0.3,2.7,1.4,0,0,1
Yuki Kawamura,2024,0.0,0.1,11.0,22.0,0.4,0.2,1.6,0.5,0,0,1
Luke Travers,2024,-0.2,0.1,1.9,12.0,0.2,0.7,1.0,1.0,0,0,1
Daeqwon Plowden,2024,0.0,0.0,16.1,6.0,0.3,0.7,7.2,1.2,0,0,1
RayJ Dennis,2024,0.0,0.1,13.9,11.0,0.2,0.5,2.7,0.9,0,0,1
Armel Traoré,2024,-0.1,0.1,3.5,9.0,0.8,0.3,1.6,1.4,0,0,1
PJ Hall,2024,0.0,0.1,18.3,19.0,0.2,0.1,1.7,0.8,0,0,1
Nae'Qwan Tomlin,2024,-0.1,0.1,14.4,5.0,2.2,0.4,7.2,2.4,0,0,1
Cam Christie,2024,0.0,0.1,9.1,13.0,0.3,0.2,1.4,0.7,0,0,1
Jazian Gortman,2024,-0.1,0.0,6.5,16.0,0.3,0.3,1.5,0.3,0,0,1
Liam Robbins,2024,-0.1,0.1,2.6,13.0,0.8,0.5,0.7,0.4,0,0,1
Jackson Rowe,2024,0.0,0.1,15.9,6.0,1.0,0.2,3.7,1.3,0,0,1
N'Faly Dante,2024,0.1,0.1,24.0,4.0,1.3,0.5,6.0,3.8,0,0,1
Isaiah Crawford,2024,0.0,0.0,9.2,15.0,0.3,0.1,0.9,0.5,0,0,1
Phillip Wheeler,2024,-0.2,0.0,-2.3,5.0,0.4,0.2,1.6,1.2,0,0,1
Jack McVeigh,2024,-0.1,0.0,4.0,9.0,0.0,0.2,1.6,0.3,0,0,1
Bobi Klintman,2024,0.0,0.1,15.9,8.0,0.3,0.1,1.9,0.8,0,0,1
Harrison Ingram,2024,0.0,0.1,10.9,5.0,0.0,0.2,0.8,1.4,0,0,1
Miles Norris,2024,0.0,0.1,8.5,3.0,0.7,0.0,2.3,2.3,0,0,1
Ulrich Chomche,2024,0.0,0.0,5.2,7.0,0.3,0.3,0.7,0.6,0,0,1
Jalen Bridges,2024,-0.1,0.0,-0.1,8.0,0.5,0.5,1.1,0.5,0,0,1
Jahmir Young,2024,0.0,0.0,16.8,6.0,0.3,0.2,1.8,0.3,0,0,1
Kevin McCullar Jr.,2024,0.0,0.0,6.7,4.0,0.5,0.0,1.5,2.0,0,0,1
Trentyn Flowers,2024,0.0,0.0,4.3,6.0,0.5,0.2,1.8,0.5,0,0,1
Emanuel Miller,2024,0.0,0.0,18.1,6.0,0.3,0.0,1.7,0.7,0,0,1
Daniss Jenkins,2024,-0.1,0.0,-0.1,7.0,0.3,0.1,1.0,0.3,0,0,1
Anton Watson,2024,0.0,0.0,5.9,9.0,0.0,0.2,0.9,0.2,0,0,1
Tolu Smith,2024,0.0,0.0,19.5,1.0,3.0,2.0,14.0,4.0,0,0,1
Malevy Leons,2024,-0.1,0.0,-2.3,6.0,0.7,0.2,0.3,0.3,0,0,1
Yuri Collins,2024,0.0,0.0,13.9,2.0,0.0,0.0,1.0,0.5,0,0,1
Tristen Newton,2024,-0.1,0.0,-6.1,8.0,0.1,0.3,0.4,0.3,0,0,1
Cui Yongxi,2024,-0.1,0.0,-10.7,5.0,0.4,0.0,0.6,0.4,0,0,1
Quincy Olivari,2024,0.0,0.0,-5.2,2.0,0.0,0.5,1.5,0.0,0,0,1
Riley Minix,2024,0.0,0.0,-1.7,1.0,0.0,0.0,0.0,2.0,0,0,1
Isaiah Stevens,2024,0.0,0.0,0.1,3.0,0.0,0.0,0.0,0.7,0,0,1
Jesse Edwards,2024,0.0,0.0,-0.1,2.0,0.0,0.0,0.0,0.0,0,0,1
Zyon Pullin,2024,0.0,0.0,-11.7,3.0,0.0,0.0,0.0,0.0,0,0,1
