Rk_adv,Player,Age_adv,Team_adv,Pos_adv,G_adv,GS_adv,MP_adv,PER,TS%,3PAr,FTr,ORB%,DRB%,TRB%,AST%,STL%,BLK%,TOV%,USG%,OWS,DWS,WS,WS/48,OBPM,DBPM,BPM,VORP,Awards_adv,Season,Rk_pg,Age_pg,Team_pg,Pos_pg,G_pg,GS_pg,MP_pg,FG,FGA,FG%,3P,3PA,3P%,2P,2PA,2P%,eFG%,FT,FTA,FT%,ORB,DRB,TRB,AST,STL,BLK,TOV,PF,PTS,Awards_pg,RookieNBA,ClassRookie,Rookie
39.0,Willie Anderson,22.0,SAS,SF,81.0,79.0,2738.0,16.6,0.534,0.016,0.225,5.8,11.1,8.4,21.1,2.5,1.4,15.6,23.8,2.1,2.8,4.9,0.085,0.8,0.4,1.3,2.3,ROY-2,1988,34.0,22.0,SAS,SF,81.0,79.0,33.8,7.9,15.9,0.498,0.0,0.3,0.19,7.9,15.6,0.503,0.5,2.8,3.6,0.775,1.9,3.3,5.1,4.6,1.9,0.8,3.2,3.6,18.6,ROY-2,1,1,1
41.0,Mitch Richmond,23.0,GSW,SG,79.0,79.0,2717.0,17.2,0.541,0.065,0.365,5.8,11.4,8.6,17.6,1.4,0.3,14.3,26.2,3.6,1.9,5.6,0.098,1.3,-1.4,-0.1,1.3,ROY-1,1988,16.0,23.0,GSW,SG,79.0,79.0,34.4,8.2,17.5,0.468,0.4,1.1,0.367,7.8,16.4,0.475,0.48,5.2,6.4,0.81,2.0,3.9,5.9,4.2,1.0,0.2,3.4,2.8,22.0,ROY-1,1,1,1
54.0,Hersey Hawkins,22.0,PHI,SG,79.0,79.0,2577.0,14.2,0.544,0.171,0.299,2.2,7.6,4.9,13.0,2.3,0.8,12.6,20.3,2.7,1.3,4.0,0.075,0.1,-0.3,-0.2,1.2,,1988,71.0,22.0,PHI,SG,79.0,79.0,32.6,5.6,12.3,0.455,0.9,2.1,0.428,4.7,10.2,0.461,0.492,3.1,3.7,0.831,0.6,2.2,2.8,3.0,1.5,0.5,2.0,2.3,15.1,,1,1,1
71.0,Grant Long,22.0,MIA,PF,82.0,73.0,2435.0,13.7,0.561,0.007,0.587,10.7,14.7,12.6,9.1,2.4,1.2,18.8,17.9,2.0,2.7,4.6,0.091,-1.4,0.3,-1.1,0.5,,1988,112.0,22.0,MIA,PF,82.0,73.0,29.7,4.1,8.4,0.486,0.0,0.1,0.0,4.1,8.4,0.489,0.486,3.7,5.0,0.749,2.9,3.7,6.7,1.8,1.5,0.6,2.5,4.1,11.9,,0,0,1
84.0,Kevin Edwards,23.0,MIA,SG,79.0,62.0,2349.0,12.6,0.46,0.033,0.175,3.9,8.8,6.3,24.3,2.9,0.7,17.1,24.8,-2.3,2.2,-0.2,-0.003,-1.6,-0.3,-1.9,0.1,,1988,84.0,23.0,MIA,SG,79.0,62.0,29.7,5.9,14.0,0.425,0.1,0.5,0.27,5.8,13.5,0.431,0.43,1.8,2.4,0.746,1.1,2.2,3.3,4.4,1.8,0.3,3.1,1.9,13.8,,0,0,1
91.0,Brian Shaw,22.0,BOS,SG,82.0,54.0,2301.0,12.2,0.472,0.019,0.192,6.0,12.7,9.4,27.0,1.7,0.7,20.2,16.8,0.5,1.7,2.2,0.046,-0.6,0.0,-0.7,0.8,,1988,158.0,22.0,BOS,SG,82.0,54.0,28.1,3.6,8.4,0.433,0.0,0.2,0.0,3.6,8.2,0.441,0.433,1.3,1.6,0.826,1.5,3.1,4.6,5.8,1.0,0.3,2.3,2.6,8.6,,0,0,1
99.0,Rex Chapman,21.0,CHH,SG,75.0,44.0,2219.0,12.6,0.467,0.15,0.153,3.5,5.9,4.7,12.6,1.5,0.7,7.7,27.1,-0.7,0.4,-0.2,-0.005,-1.0,-2.2,-3.2,-0.7,,1988,55.0,21.0,CHH,SG,75.0,44.0,29.6,7.0,16.9,0.414,0.8,2.5,0.314,6.2,14.4,0.431,0.437,2.1,2.6,0.795,1.0,1.5,2.5,2.3,0.9,0.3,1.5,2.2,16.9,,0,0,1
103.0,Charles Smith,23.0,LAC,PF,71.0,56.0,2161.0,15.6,0.55,0.003,0.448,8.6,14.4,11.5,6.9,1.4,2.3,12.2,21.8,2.4,1.6,4.0,0.089,-0.8,-0.9,-1.7,0.2,,1988,60.0,23.0,LAC,PF,71.0,56.0,30.4,6.1,12.4,0.495,0.0,0.0,0.0,6.1,12.3,0.497,0.495,4.0,5.5,0.725,2.4,4.1,6.5,1.5,1.0,1.3,2.1,3.8,16.3,,1,1,1
108.0,Chris Morris,23.0,NJN,SF,76.0,48.0,2096.0,15.0,0.528,0.193,0.281,9.7,11.5,10.5,8.8,2.3,1.7,15.7,23.6,0.8,2.0,2.8,0.064,0.0,-0.3,-0.3,0.9,ROY-3,1988,82.0,23.0,NJN,SF,76.0,48.0,27.6,5.4,11.9,0.457,0.8,2.3,0.366,4.6,9.6,0.479,0.493,2.4,3.3,0.717,2.5,2.8,5.2,1.6,1.3,0.8,2.5,3.3,14.1,ROY-3,0,0,1
112.0,Vernon Maxwell,23.0,SAS,SG,79.0,36.0,2065.0,12.1,0.496,0.156,0.294,2.5,8.5,5.4,20.7,1.9,0.2,16.0,20.9,0.1,1.4,1.5,0.035,-1.3,-1.2,-2.5,-0.3,,1988,113.0,23.0,SAS,SG,79.0,36.0,26.1,4.5,10.5,0.432,0.4,1.6,0.248,4.1,8.8,0.466,0.451,2.3,3.1,0.745,0.6,1.9,2.6,3.8,1.1,0.1,2.3,1.7,11.7,,0,0,1
115.0,Rik Smits,22.0,IND,C,82.0,71.0,2041.0,15.6,0.557,0.001,0.342,10.7,16.2,13.6,5.2,0.9,4.3,13.2,20.3,2.4,1.9,4.3,0.101,-0.9,0.2,-0.8,0.6,,1988,114.0,22.0,IND,C,82.0,71.0,24.9,4.7,9.1,0.517,0.0,0.0,0.0,4.7,9.1,0.518,0.517,2.2,3.1,0.722,2.3,3.8,6.1,0.9,0.5,1.8,1.6,3.8,11.7,,1,1,1
121.0,Rony Seikaly,23.0,MIA,C,78.0,62.0,1962.0,10.8,0.471,0.005,0.476,11.2,20.5,15.7,4.4,1.1,3.0,18.2,22.8,-2.7,2.2,-0.5,-0.012,-4.4,-1.3,-5.8,-1.9,,1988,123.0,23.0,MIA,C,78.0,62.0,25.2,4.3,9.5,0.448,0.0,0.1,0.25,4.3,9.5,0.449,0.448,2.3,4.5,0.511,2.6,4.4,7.0,0.7,0.6,1.2,2.6,3.3,10.9,,0,0,1
123.0,Gary Grant,23.0,LAC,PG,71.0,48.0,1924.0,14.1,0.469,0.027,0.195,4.5,8.8,6.6,37.6,3.4,0.3,22.3,23.8,-2.0,1.6,-0.4,-0.009,-1.2,-0.7,-1.9,0.0,,1988,111.0,23.0,LAC,PG,71.0,48.0,27.1,5.1,11.7,0.435,0.1,0.3,0.227,5.0,11.4,0.441,0.438,1.7,2.3,0.735,1.1,2.2,3.4,7.1,2.0,0.1,3.6,2.4,11.9,,0,0,1
154.0,Vinny Del Negro,22.0,SAC,SG,80.0,2.0,1556.0,12.7,0.52,0.04,0.199,3.3,8.6,5.9,19.0,2.0,0.5,12.3,16.4,1.5,1.0,2.5,0.077,-1.7,0.5,-1.2,0.3,,1988,182.0,22.0,SAC,SG,80.0,2.0,19.5,3.0,6.3,0.475,0.1,0.3,0.3,2.9,6.0,0.482,0.481,1.1,1.3,0.85,0.6,1.5,2.1,2.6,0.8,0.2,1.0,2.0,7.1,,0,0,1
156.0,Derrick Chievous,21.0,HOU,SF,81.0,1.0,1539.0,11.6,0.506,0.038,0.385,8.1,9.9,9.0,7.4,1.5,0.4,15.5,22.9,0.0,1.6,1.6,0.05,-2.1,-1.1,-3.3,-0.5,,1988,141.0,21.0,HOU,SF,81.0,1.0,19.0,3.4,7.8,0.437,0.1,0.3,0.208,3.4,7.5,0.446,0.441,2.4,3.0,0.783,1.4,1.8,3.2,1.0,0.6,0.1,1.7,2.0,9.3,,0,0,1
158.0,Tom Garrick,22.0,LAC,SG,71.0,20.0,1499.0,11.0,0.547,0.036,0.354,2.6,8.5,5.6,21.0,2.4,0.3,21.9,14.0,0.5,0.9,1.4,0.044,-2.6,0.2,-2.4,-0.2,,1988,203.0,22.0,LAC,SG,71.0,20.0,21.1,2.5,5.1,0.49,0.0,0.2,0.0,2.5,4.9,0.509,0.49,1.4,1.8,0.803,0.5,1.7,2.2,3.4,1.1,0.1,1.6,2.0,6.4,,0,0,1
163.0,Ledell Eackles,22.0,WSB,SG,80.0,6.0,1459.0,15.2,0.519,0.055,0.473,7.2,6.2,6.7,12.6,1.3,0.2,12.6,27.8,1.4,0.8,2.1,0.07,0.3,-1.9,-1.6,0.1,,1988,119.0,22.0,WSB,SG,80.0,6.0,18.2,4.0,9.2,0.434,0.1,0.5,0.225,3.9,8.7,0.447,0.441,3.4,4.3,0.786,1.3,1.0,2.3,1.5,0.5,0.1,1.6,2.0,11.5,,0,0,1
169.0,Ricky Berry,24.0,SAC,SG,64.0,21.0,1406.0,13.1,0.552,0.282,0.293,4.3,10.9,7.5,8.5,1.3,0.9,11.4,21.1,1.6,0.8,2.4,0.083,-0.7,-1.0,-1.7,0.1,,1988,122.0,24.0,SAC,SG,64.0,21.0,22.0,4.0,8.9,0.45,1.0,2.5,0.406,3.0,6.4,0.467,0.507,2.0,2.6,0.789,0.9,2.2,3.1,1.3,0.6,0.3,1.3,3.1,11.0,,0,0,1
172.0,Scott Brooks,23.0,PHI,PG,82.0,6.0,1372.0,14.0,0.533,0.412,0.186,1.5,6.2,3.8,28.9,2.4,0.1,13.9,14.1,2.3,0.6,2.9,0.103,1.2,0.0,1.2,1.1,,1988,224.0,23.0,PHI,PG,82.0,6.0,16.7,1.9,4.5,0.42,0.7,1.9,0.359,1.2,2.7,0.463,0.495,0.7,0.8,0.884,0.2,0.9,1.1,3.7,0.8,0.0,0.8,1.4,5.2,,0,0,1
173.0,Rod Strickland,22.0,NYK,PG,81.0,10.0,1358.0,18.0,0.539,0.104,0.407,4.1,9.1,6.5,31.8,3.3,0.1,18.1,23.3,2.2,1.5,3.7,0.131,1.7,0.4,2.2,1.4,,1988,149.0,22.0,NYK,PG,81.0,10.0,16.8,3.3,7.0,0.467,0.2,0.7,0.322,3.0,6.3,0.484,0.484,2.1,2.9,0.745,0.6,1.3,2.0,3.9,1.2,0.0,1.8,1.8,8.9,,0,0,1
175.0,Dan Majerle,23.0,PHO,SG,54.0,5.0,1354.0,11.3,0.479,0.19,0.294,5.1,11.1,8.2,11.8,2.1,0.6,9.0,15.7,0.9,1.7,2.5,0.09,-1.0,1.3,0.3,0.8,,1988,156.0,23.0,PHO,SG,54.0,5.0,25.1,3.4,8.0,0.419,0.5,1.5,0.329,2.9,6.5,0.44,0.45,1.4,2.4,0.614,1.1,2.7,3.9,2.4,1.2,0.3,0.9,2.6,8.6,,0,0,1
188.0,Sylvester Gray,21.0,MIA,SF,55.0,15.0,1220.0,11.2,0.471,0.01,0.392,10.4,16.2,13.2,14.2,1.4,1.3,17.9,18.9,-0.4,1.1,0.7,0.028,-2.2,-0.4,-2.6,-0.2,,1988,164.0,21.0,MIA,SF,55.0,15.0,22.2,3.0,7.2,0.42,0.0,0.1,0.25,3.0,7.2,0.421,0.421,1.9,2.8,0.673,2.1,3.1,5.2,2.1,0.7,0.5,1.9,2.6,8.0,,0,0,1
193.0,Harvey Grant,23.0,WSB,PF,71.0,1.0,1193.0,10.6,0.477,0.003,0.146,6.6,8.4,7.5,9.0,1.4,1.4,6.3,14.9,0.9,0.9,1.7,0.07,-1.9,-0.1,-2.0,0.0,,1988,216.0,23.0,WSB,PF,71.0,1.0,16.8,2.5,5.5,0.464,0.0,0.0,0.0,2.5,5.5,0.465,0.464,0.5,0.8,0.596,1.1,1.2,2.3,1.1,0.5,0.4,0.4,2.1,5.6,,0,0,1
214.0,Danny Manning,22.0,LAC,PF,26.0,18.0,950.0,13.4,0.538,0.014,0.288,7.9,11.3,9.6,12.2,2.1,1.5,18.7,20.6,0.0,0.7,0.7,0.034,-0.8,-0.4,-1.3,0.2,,1988,57.0,22.0,LAC,PF,26.0,18.0,36.5,6.8,13.8,0.494,0.0,0.2,0.2,6.8,13.6,0.499,0.496,3.0,4.0,0.767,2.7,3.9,6.6,3.1,1.7,1.0,3.6,3.4,16.7,,0,0,1
215.0,John Shasky,24.0,MIA,C,65.0,4.0,944.0,12.7,0.555,0.008,0.673,11.0,16.8,13.8,3.4,0.7,0.8,12.5,15.8,1.2,0.7,1.9,0.097,-0.9,-1.6,-2.4,-0.1,,1988,219.0,24.0,MIA,C,65.0,4.0,14.5,1.9,3.8,0.488,0.0,0.0,0.0,1.9,3.8,0.492,0.488,1.8,2.6,0.689,1.5,2.1,3.6,0.3,0.2,0.2,0.7,1.4,5.5,,0,0,1
229.0,Mark Bryant,23.0,POR,PF,56.0,32.0,803.0,9.1,0.505,0.0,0.279,8.5,15.9,12.1,5.3,1.2,0.5,12.9,15.3,0.4,0.7,1.1,0.063,-3.5,-0.7,-4.2,-0.5,,1988,230.0,23.0,POR,PF,56.0,32.0,14.3,2.1,4.4,0.486,0.0,0.0,,2.1,4.4,0.486,0.486,0.7,1.2,0.58,1.2,2.0,3.2,0.6,0.4,0.1,0.7,2.6,5.0,,0,0,1
234.0,Jim Les,25.0,UTA,PG,82.0,0.0,781.0,7.9,0.418,0.105,0.549,3.5,8.4,6.2,36.5,1.7,0.4,34.8,13.7,-0.8,1.1,0.3,0.018,-3.4,-0.2,-3.7,-0.3,,1988,324.0,25.0,UTA,PG,82.0,0.0,9.5,0.5,1.6,0.301,0.0,0.2,0.071,0.5,1.5,0.328,0.305,0.7,0.9,0.781,0.3,0.8,1.1,2.6,0.3,0.1,1.1,1.1,1.7,,0,0,1
235.0,Eric Leckner,22.0,UTA,C,75.0,0.0,779.0,9.7,0.591,0.0,0.514,7.4,20.0,14.2,3.1,0.5,1.7,20.4,18.4,0.1,1.4,1.5,0.093,-5.2,0.2,-5.0,-0.6,,1988,245.0,22.0,UTA,C,75.0,0.0,10.4,1.6,2.9,0.545,0.0,0.0,,1.6,2.9,0.545,0.545,1.1,1.5,0.699,0.6,2.0,2.7,0.2,0.1,0.3,0.9,2.3,4.3,,0,0,1
238.0,Michael Anderson,22.0,SAS,PG,36.0,12.0,730.0,10.5,0.483,0.04,0.469,6.3,7.1,6.7,26.9,2.8,0.2,28.5,15.7,-0.5,0.6,0.2,0.01,-2.2,-0.2,-2.4,-0.1,,1988,214.0,22.0,SAS,PG,36.0,12.0,20.3,2.0,4.9,0.417,0.0,0.2,0.143,2.0,4.7,0.429,0.42,1.6,2.3,0.695,1.2,1.3,2.5,4.3,1.2,0.1,2.3,1.8,5.7,,0,0,1
242.0,Shelton Jones,22.0,3TM,SF,51.0,34.0,682.0,10.4,0.5,0.005,0.383,5.1,13.4,9.2,8.2,1.5,1.3,16.1,17.6,-0.1,0.4,0.3,0.022,-2.4,-0.9,-3.3,-0.2,,1988,233.0,22.0,3TM,SF,51.0,34.0,13.4,1.8,4.1,0.445,0.0,0.0,0.0,1.8,4.1,0.447,0.445,1.1,1.6,0.725,0.6,1.6,2.2,0.8,0.4,0.3,0.9,1.1,4.8,,0,0,1
248.0,Kelvin Upshaw,26.0,2TM,SG,32.0,0.0,617.0,10.3,0.49,0.071,0.123,1.8,7.2,4.5,26.5,2.1,0.3,19.8,18.6,-0.1,0.4,0.3,0.021,-2.8,-0.7,-3.5,-0.2,,1988,189.0,26.0,2TM,SG,32.0,0.0,19.3,3.1,6.6,0.467,0.1,0.5,0.2,3.0,6.2,0.487,0.474,0.6,0.8,0.692,0.3,1.2,1.5,3.7,0.8,0.1,1.7,2.5,6.8,,0,0,1
249.0,Tim Perry,23.0,PHO,C,62.0,15.0,614.0,14.4,0.56,0.02,0.323,11.0,11.8,11.4,3.8,1.4,2.9,13.9,17.2,0.6,0.8,1.4,0.109,0.2,0.3,0.5,0.4,,1988,255.0,23.0,PHO,C,62.0,15.0,9.9,1.7,3.2,0.537,0.0,0.1,0.25,1.7,3.2,0.543,0.54,0.6,1.0,0.615,1.0,1.1,2.1,0.3,0.3,0.5,0.6,0.8,4.1,,0,0,1
253.0,Jerome Lane,22.0,DEN,PF,54.0,1.0,550.0,12.3,0.427,0.027,0.438,15.5,22.4,18.7,14.3,1.6,0.4,14.1,24.7,-0.6,0.7,0.1,0.013,-3.4,-1.6,-5.1,-0.4,,1988,234.0,22.0,DEN,PF,54.0,1.0,10.2,2.0,4.7,0.426,0.0,0.1,0.0,2.0,4.6,0.438,0.426,0.8,2.1,0.384,1.6,2.1,3.7,1.1,0.4,0.1,0.9,1.9,4.8,,0,0,1
258.0,Ron Grandison,24.0,BOS,PF,72.0,0.0,528.0,10.1,0.499,0.07,0.563,10.4,9.7,10.0,10.2,1.7,0.3,16.9,16.8,0.3,0.3,0.6,0.055,-2.2,-0.7,-2.9,-0.1,,1988,297.0,24.0,BOS,PF,72.0,0.0,7.3,0.8,2.0,0.415,0.0,0.1,0.0,0.8,1.8,0.447,0.415,0.8,1.1,0.738,0.7,0.6,1.3,0.6,0.3,0.0,0.5,1.0,2.5,,0,0,1
259.0,Andrew Lang,22.0,PHO,C,62.0,25.0,526.0,11.6,0.554,0.0,0.513,11.4,18.0,14.9,2.0,1.5,5.0,16.3,12.9,0.4,0.9,1.4,0.124,-3.3,2.2,-1.1,0.1,,1988,294.0,22.0,PHO,C,62.0,25.0,8.5,1.0,1.9,0.513,0.0,0.0,,1.0,1.9,0.513,0.513,0.6,1.0,0.65,0.9,1.5,2.4,0.1,0.3,0.8,0.5,1.8,2.6,,0,0,1
263.0,Craig Neal,24.0,2TM,PG,53.0,0.0,500.0,6.7,0.428,0.276,0.187,1.5,5.1,3.2,31.6,2.3,0.5,28.9,15.0,-0.6,0.3,-0.3,-0.025,-4.3,-0.9,-5.2,-0.4,,1988,306.0,24.0,2TM,PG,53.0,0.0,9.4,0.8,2.3,0.366,0.2,0.6,0.294,0.7,1.7,0.393,0.407,0.3,0.4,0.609,0.1,0.4,0.5,2.2,0.5,0.1,1.0,1.3,2.2,,0,0,1
264.0,Charles Shackleford,22.0,NJN,C,60.0,0.0,484.0,13.9,0.501,0.006,0.25,11.1,24.4,17.6,6.5,1.5,2.2,12.6,18.1,0.2,0.6,0.8,0.076,-2.4,-0.5,-2.9,-0.1,,1988,275.0,22.0,NJN,C,60.0,0.0,8.1,1.4,2.8,0.494,0.0,0.0,0.0,1.4,2.8,0.497,0.494,0.4,0.7,0.5,0.8,1.7,2.6,0.4,0.3,0.3,0.5,1.2,3.1,,0,0,1
266.0,David Rivers,24.0,LAL,PG,47.0,0.0,440.0,9.8,0.477,0.049,0.344,3.5,7.1,5.4,30.4,2.5,1.2,30.3,18.9,-0.5,0.5,0.0,0.002,-2.9,-0.5,-3.4,-0.2,,1988,284.0,24.0,LAL,PG,47.0,0.0,9.4,1.0,2.6,0.402,0.0,0.1,0.167,1.0,2.5,0.414,0.406,0.7,0.9,0.833,0.3,0.6,0.9,2.3,0.5,0.2,1.3,1.1,2.9,,0,0,1
267.0,Anthony Bowie,25.0,SAS,SG,18.0,5.0,438.0,10.6,0.515,0.035,0.104,6.0,8.1,7.0,9.3,1.9,0.5,12.7,15.3,0.2,0.3,0.5,0.054,-2.3,-1.1,-3.3,-0.2,,1988,154.0,25.0,SAS,SG,18.0,5.0,24.3,4.0,8.0,0.5,0.1,0.3,0.2,3.9,7.7,0.511,0.503,0.6,0.8,0.667,1.4,1.7,3.1,1.6,1.0,0.2,1.2,2.4,8.6,,0,0,1
272.0,Morlon Wiley,22.0,DAL,PG,51.0,1.0,408.0,10.3,0.459,0.211,0.14,3.6,9.1,6.4,26.3,3.1,0.9,21.9,16.4,-0.2,0.5,0.2,0.028,-3.8,1.3,-2.4,0.0,,1988,311.0,22.0,DAL,PG,51.0,1.0,8.0,0.9,2.2,0.404,0.1,0.5,0.25,0.8,1.8,0.444,0.43,0.3,0.3,0.813,0.3,0.7,0.9,1.5,0.5,0.1,0.7,1.2,2.2,,0,0,1
277.0,Anthony Taylor,23.0,MIA,PG,21.0,7.0,368.0,11.1,0.436,0.013,0.212,3.2,7.3,5.2,18.0,2.9,0.8,10.8,20.4,-0.1,0.3,0.2,0.029,-2.9,0.7,-2.1,0.0,,1988,188.0,23.0,MIA,PG,21.0,7.0,17.5,2.9,7.2,0.397,0.0,0.1,0.0,2.9,7.1,0.403,0.397,1.1,1.5,0.75,0.5,1.1,1.6,2.0,1.0,0.2,1.0,1.8,6.9,,0,0,1
279.0,Micheal Williams,22.0,DET,PG,49.0,0.0,358.0,7.7,0.424,0.07,0.364,3.0,5.4,4.3,27.0,1.8,0.5,21.9,22.9,-0.6,0.4,-0.2,-0.029,-4.3,-1.2,-5.4,-0.3,,1988,295.0,22.0,DET,PG,49.0,0.0,7.3,1.0,2.6,0.364,0.0,0.2,0.222,0.9,2.4,0.375,0.372,0.6,1.0,0.66,0.2,0.4,0.6,1.4,0.3,0.1,0.9,0.9,2.6,,0,0,1
281.0,Todd Mitchell,22.0,2TM,SF,24.0,0.0,353.0,7.5,0.491,0.0,0.66,5.5,10.6,7.9,8.6,2.2,0.3,20.9,18.1,-0.4,0.3,-0.1,-0.008,-4.9,-0.7,-5.6,-0.3,,1988,227.0,22.0,2TM,SF,24.0,0.0,14.7,1.8,4.0,0.443,0.0,0.0,,1.8,4.0,0.443,0.443,1.5,2.7,0.578,0.8,1.3,2.1,0.9,0.7,0.1,1.4,2.1,5.1,,0,0,1
284.0,Corey Gaines,23.0,NJN,SG,32.0,0.0,337.0,9.1,0.472,0.078,0.25,1.0,5.5,3.1,26.1,2.1,0.2,22.0,11.1,0.1,0.2,0.2,0.035,-3.2,-0.1,-3.3,-0.1,,1988,313.0,23.0,NJN,SG,32.0,0.0,10.5,0.8,2.0,0.422,0.0,0.2,0.2,0.8,1.8,0.441,0.43,0.4,0.5,0.75,0.1,0.5,0.6,2.1,0.5,0.0,0.6,0.8,2.1,,0,0,1
286.0,Randolph Keys,22.0,CLE,SF,42.0,0.0,331.0,11.5,0.457,0.058,0.169,8.3,10.7,9.5,8.8,1.8,1.0,10.2,26.4,-0.2,0.5,0.3,0.037,-4.7,-0.9,-5.6,-0.3,,1988,259.0,22.0,CLE,SF,42.0,0.0,7.9,1.8,4.1,0.43,0.0,0.2,0.1,1.7,3.9,0.451,0.433,0.5,0.7,0.69,0.5,0.8,1.3,0.5,0.3,0.1,0.5,1.2,4.0,,0,0,1
287.0,José Ortiz,25.0,UTA,PF,51.0,15.0,327.0,8.1,0.477,0.008,0.416,11.0,8.8,9.8,5.3,1.2,1.3,19.6,23.8,-0.5,0.5,-0.1,-0.01,-5.2,-1.6,-6.8,-0.4,,1988,288.0,25.0,UTA,PF,51.0,15.0,6.4,1.1,2.5,0.44,0.0,0.0,0.0,1.1,2.4,0.444,0.44,0.6,1.0,0.596,0.6,0.5,1.1,0.2,0.2,0.1,0.7,0.8,2.8,,0,0,1
290.0,John Starks,23.0,GSW,SG,36.0,0.0,316.0,10.3,0.494,0.208,0.416,4.8,8.2,6.5,11.0,3.3,0.5,20.9,22.4,-0.4,0.3,0.0,-0.002,-3.3,-0.2,-3.5,-0.1,,1988,257.0,23.0,GSW,SG,36.0,0.0,8.8,1.4,3.5,0.408,0.3,0.7,0.385,1.1,2.8,0.414,0.448,0.9,1.4,0.654,0.4,0.7,1.1,0.8,0.6,0.1,1.1,1.0,4.1,,0,0,1
291.0,Anthony Frederick,24.0,IND,SF,46.0,0.0,313.0,11.9,0.543,0.04,0.272,9.8,8.7,9.2,9.8,2.2,1.1,19.5,23.2,0.0,0.2,0.2,0.025,-2.4,-0.6,-3.0,-0.1,,1988,270.0,24.0,IND,SF,46.0,0.0,6.8,1.4,2.7,0.504,0.0,0.1,0.4,1.3,2.6,0.508,0.512,0.5,0.7,0.706,0.6,0.6,1.1,0.4,0.3,0.1,0.7,1.3,3.3,,0,0,1
292.0,Bill Jones,22.0,NJN,PF,37.0,0.0,307.0,13.9,0.533,0.01,0.422,7.0,10.1,8.5,9.6,2.7,1.2,13.0,18.5,0.3,0.3,0.6,0.089,-1.4,0.4,-0.9,0.1,,1988,267.0,22.0,NJN,PF,37.0,0.0,8.3,1.4,2.8,0.49,0.0,0.0,0.0,1.4,2.7,0.495,0.49,0.8,1.2,0.674,0.5,0.7,1.3,0.5,0.5,0.2,0.5,1.0,3.5,,0,0,1
293.0,Avery Johnson,23.0,SEA,PG,43.0,0.0,291.0,10.8,0.378,0.108,0.193,4.1,5.2,4.6,31.3,3.5,0.6,16.7,14.8,0.0,0.3,0.3,0.045,-2.0,1.0,-1.0,0.1,,1988,325.0,23.0,SEA,PG,43.0,0.0,6.8,0.7,1.9,0.349,0.0,0.2,0.111,0.7,1.7,0.378,0.355,0.2,0.4,0.563,0.3,0.3,0.6,1.7,0.5,0.1,0.4,0.8,1.6,,0,0,1
294.0,Jack Haley,25.0,CHI,PF,51.0,1.0,289.0,9.9,0.56,0.0,0.59,8.7,19.4,14.2,4.7,1.9,0.0,20.9,18.4,0.0,0.3,0.4,0.064,-5.2,-0.8,-6.0,-0.3,,1988,308.0,25.0,CHI,PF,51.0,1.0,5.7,0.7,1.5,0.474,0.0,0.0,,0.7,1.5,0.474,0.474,0.7,0.9,0.783,0.4,1.0,1.4,0.2,0.2,0.0,0.5,1.1,2.2,,0,0,1
297.0,Mark Davis,25.0,2TM,SF,33.0,0.0,258.0,15.0,0.543,0.098,0.333,7.1,9.6,8.3,8.1,2.5,1.2,9.3,20.7,0.4,0.3,0.7,0.134,-0.8,0.3,-0.5,0.1,,1988,264.0,25.0,2TM,SF,33.0,0.0,7.8,1.5,3.1,0.48,0.0,0.3,0.1,1.5,2.8,0.522,0.485,0.8,1.0,0.824,0.5,0.6,1.1,0.4,0.4,0.2,0.4,1.2,3.8,,0,0,1
303.0,Duane Ferrell,23.0,ATL,SF,41.0,0.0,231.0,12.0,0.488,0.0,0.53,8.8,10.5,9.7,6.1,1.5,1.6,10.5,20.1,0.2,0.2,0.4,0.082,-2.3,-1.0,-3.3,-0.1,,1988,300.0,23.0,ATL,SF,41.0,0.0,5.6,0.9,2.0,0.422,0.0,0.0,,0.9,2.0,0.422,0.422,0.7,1.1,0.682,0.5,0.5,1.0,0.2,0.2,0.1,0.3,0.8,2.4,,0,0,1
307.0,Everette Stephens,22.0,IND,PG,35.0,0.0,209.0,6.4,0.398,0.139,0.306,6.2,6.0,6.1,23.8,2.1,1.1,26.2,22.2,-0.6,0.1,-0.4,-0.103,-4.1,-1.5,-5.6,-0.2,,1988,319.0,22.0,IND,PG,35.0,0.0,6.0,0.7,2.1,0.319,0.1,0.3,0.2,0.6,1.8,0.339,0.333,0.5,0.6,0.773,0.3,0.3,0.7,1.1,0.3,0.1,0.8,0.6,1.9,,0,0,1
309.0,Jeff Grayer,23.0,MIL,SG,11.0,2.0,200.0,12.6,0.495,0.027,0.274,8.0,12.3,10.1,15.7,2.4,0.3,18.8,20.9,0.0,0.2,0.2,0.047,-1.0,-0.5,-1.5,0.0,,1988,174.0,23.0,MIL,SG,11.0,2.0,18.2,2.9,6.6,0.438,0.0,0.2,0.0,2.9,6.5,0.451,0.438,1.5,1.8,0.85,1.3,1.9,3.2,2.0,0.9,0.1,1.7,1.4,7.4,,0,0,1
312.0,Will Perdue,23.0,CHI,C,30.0,0.0,190.0,7.2,0.422,0.0,0.194,11.3,15.9,13.7,8.1,1.0,1.9,16.1,21.0,-0.3,0.2,-0.1,-0.021,-6.7,-1.6,-8.3,-0.3,,1988,310.0,23.0,CHI,C,30.0,0.0,6.3,1.0,2.4,0.403,0.0,0.0,,1.0,2.4,0.403,0.403,0.3,0.5,0.571,0.6,0.9,1.5,0.4,0.1,0.2,0.5,1.3,2.2,,0,0,1
316.0,Steve Kerr,23.0,PHO,PG,26.0,0.0,157.0,12.7,0.54,0.37,0.196,2.1,9.1,5.8,18.6,2.0,0.0,10.7,14.1,0.2,0.2,0.4,0.123,1.0,1.7,2.7,0.2,,1988,314.0,23.0,PHO,PG,26.0,0.0,6.0,0.8,1.8,0.435,0.3,0.7,0.471,0.5,1.1,0.414,0.522,0.2,0.3,0.667,0.1,0.5,0.7,0.9,0.3,0.0,0.2,0.5,2.1,,0,0,1
317.0,Greg Butler,22.0,NYK,C,33.0,0.0,140.0,4.7,0.493,0.063,0.417,7.0,15.5,11.1,1.8,0.3,0.8,23.0,20.4,-0.2,0.1,-0.1,-0.034,-7.6,-2.5,-10.1,-0.3,,1988,322.0,22.0,NYK,C,33.0,0.0,4.2,0.6,1.5,0.417,0.0,0.1,0.0,0.6,1.4,0.444,0.417,0.5,0.6,0.8,0.3,0.6,0.8,0.1,0.0,0.1,0.5,0.8,1.7,,0,0,1
319.0,Dominic Pressley,24.0,2TM,PG,13.0,0.0,124.0,5.3,0.329,0.065,0.29,2.5,11.0,6.6,25.8,1.5,0.0,23.9,15.0,-0.3,0.1,-0.2,-0.069,-5.5,-1.2,-6.7,-0.1,,1988,320.0,24.0,2TM,PG,13.0,0.0,9.5,0.7,2.4,0.29,0.0,0.2,0.0,0.7,2.2,0.31,0.29,0.4,0.7,0.556,0.2,0.9,1.2,2.0,0.3,0.0,0.8,0.8,1.8,,0,0,1
320.0,Tom Tolbert,23.0,CHH,SF,14.0,0.0,117.0,10.0,0.473,0.081,0.324,6.3,14.0,9.9,8.3,0.8,2.0,4.5,15.5,0.1,0.1,0.1,0.051,-3.0,-0.4,-3.4,0.0,,1988,285.0,23.0,CHH,SF,14.0,0.0,8.4,1.2,2.6,0.459,0.0,0.2,0.0,1.2,2.4,0.5,0.459,0.4,0.9,0.5,0.5,1.0,1.5,0.5,0.1,0.3,0.1,1.4,2.9,,0,0,1
321.0,Tito Horford,23.0,MIL,C,25.0,0.0,112.0,3.6,0.386,0.0,0.413,9.2,13.6,11.4,3.7,0.4,3.9,21.6,25.7,-0.4,0.1,-0.3,-0.136,-9.6,-2.5,-12.1,-0.3,,1988,323.0,23.0,MIL,C,25.0,0.0,4.5,0.6,1.8,0.326,0.0,0.0,,0.6,1.8,0.326,0.326,0.5,0.8,0.632,0.4,0.5,0.9,0.1,0.0,0.3,0.6,0.6,1.7,,0,0,1
322.0,Rob Lock,22.0,LAC,PF,20.0,0.0,110.0,5.3,0.389,0.0,0.469,13.6,17.4,15.5,4.5,1.3,2.0,25.2,18.5,-0.3,0.1,-0.2,-0.083,-7.1,-2.2,-9.3,-0.2,,1988,331.0,22.0,LAC,PF,20.0,0.0,5.5,0.5,1.6,0.281,0.0,0.0,,0.5,1.6,0.281,0.281,0.6,0.8,0.8,0.7,0.9,1.6,0.2,0.2,0.2,0.7,0.8,1.5,,0,0,1
324.0,Dave Popson,24.0,2TM,PF,17.0,0.0,106.0,6.4,0.407,0.0,0.1,12.2,15.5,13.9,10.6,0.4,1.6,19.3,19.5,-0.2,0.1,-0.1,-0.065,-5.2,-2.1,-7.3,-0.1,,1988,316.0,24.0,2TM,PF,17.0,0.0,6.2,0.9,2.4,0.4,0.0,0.0,,0.9,2.4,0.4,0.4,0.1,0.2,0.5,0.7,0.9,1.6,0.5,0.1,0.2,0.6,1.0,2.0,,0,0,1
326.0,Ramón Rivas,22.0,BOS,C,28.0,0.0,91.0,9.3,0.476,0.032,0.806,11.5,18.7,15.1,4.3,2.2,0.6,17.6,23.3,-0.1,0.1,0.0,0.019,-6.6,-1.6,-8.2,-0.1,,1988,334.0,22.0,BOS,C,28.0,0.0,3.3,0.4,1.1,0.387,0.0,0.0,0.0,0.4,1.1,0.4,0.387,0.6,0.9,0.64,0.3,0.5,0.9,0.1,0.1,0.0,0.3,0.8,1.4,,0,0,1
328.0,Ben Gillery,23.0,SAC,C,24.0,0.0,84.0,5.0,0.429,0.0,1.211,8.8,20.8,14.7,3.1,1.1,2.8,14.7,16.7,-0.1,0.1,0.0,0.014,-9.8,0.2,-9.6,-0.2,,1988,340.0,23.0,SAC,C,24.0,0.0,3.5,0.3,0.8,0.316,0.0,0.0,,0.3,0.8,0.316,0.316,0.5,1.0,0.565,0.3,0.7,1.0,0.1,0.1,0.2,0.2,1.2,1.0,,0,0,1
329.0,Fennis Dembo,23.0,DET,SF,31.0,0.0,74.0,7.8,0.388,0.095,0.238,12.8,21.9,17.6,10.1,0.7,0.0,13.1,30.9,-0.2,0.1,-0.1,-0.037,-7.7,-3.1,-10.8,-0.2,,1988,337.0,23.0,DET,SF,31.0,0.0,2.4,0.5,1.4,0.333,0.0,0.1,0.0,0.5,1.2,0.368,0.333,0.3,0.3,0.8,0.3,0.5,0.7,0.2,0.0,0.0,0.2,0.5,1.2,,0,0,1
332.0,Wayne Engelstad,23.0,DEN,PF,11.0,0.0,50.0,12.4,0.419,0.0,0.345,9.8,24.0,16.5,18.9,0.9,0.0,8.2,27.9,0.0,0.1,0.0,0.031,-5.0,-1.7,-6.7,-0.1,,1988,296.0,23.0,DEN,PF,11.0,0.0,4.5,1.0,2.6,0.379,0.0,0.0,,1.0,2.6,0.379,0.379,0.5,0.9,0.6,0.5,1.0,1.5,0.6,0.1,0.0,0.3,1.1,2.5,,0,0,1
334.0,Randy Allen,24.0,SAC,SG,7.0,0.0,43.0,6.9,0.428,0.053,0.105,7.4,10.2,8.7,0.0,1.1,1.3,9.1,20.9,-0.1,0.0,0.0,-0.035,-5.5,-1.7,-7.2,-0.1,,1988,298.0,24.0,SAC,SG,7.0,0.0,6.1,1.1,2.7,0.421,0.0,0.1,0.0,1.1,2.6,0.444,0.421,0.1,0.3,0.5,0.4,0.6,1.0,0.0,0.1,0.1,0.3,1.0,2.4,,0,0,1
335.0,Rolando Ferreira,24.0,POR,C,12.0,0.0,34.0,-7.6,0.209,0.0,0.444,12.4,29.7,20.8,3.3,0.0,1.7,21.8,31.2,-0.3,0.0,-0.2,-0.352,-16.7,-6.4,-23.2,-0.2,,1988,345.0,24.0,POR,C,12.0,0.0,2.8,0.1,1.5,0.056,0.0,0.0,,0.1,1.5,0.056,0.056,0.6,0.7,0.875,0.3,0.8,1.1,0.1,0.0,0.1,0.5,0.6,0.8,,0,0,1
337.0,Orlando Graham,23.0,GSW,PF,7.0,0.0,22.0,6.7,0.34,0.0,0.4,36.5,13.6,25.0,0.0,0.0,0.0,14.5,23.7,0.0,0.0,0.0,-0.047,-5.3,-7.9,-13.2,-0.1,,1988,338.0,23.0,GSW,PF,7.0,0.0,3.1,0.4,1.4,0.3,0.0,0.0,,0.4,1.4,0.3,0.3,0.3,0.6,0.5,1.1,0.4,1.6,0.0,0.0,0.0,0.3,0.9,1.1,,0,0,1
341.0,Jim Rowinski,28.0,2TM,PF,9.0,0.0,15.0,17.9,0.527,0.0,1.5,7.4,29.4,18.7,0.0,0.0,0.0,0.0,18.7,0.0,0.0,0.1,0.205,1.9,-2.7,-0.7,0.0,,1988,343.0,28.0,2TM,PF,9.0,0.0,1.7,0.1,0.4,0.25,0.0,0.0,,0.1,0.4,0.25,0.25,0.6,0.7,0.833,0.1,0.4,0.6,0.0,0.0,0.0,0.0,0.0,0.8,,0,0,1
343.0,Keith Smart,24.0,SAS,PG,2.0,0.0,12.0,0.0,0.347,0.5,1.0,0.0,9.6,4.6,19.0,0.0,0.0,41.0,15.8,0.0,0.0,0.0,-0.175,-8.5,-5.6,-14.1,0.0,,1988,341.0,24.0,SAS,PG,2.0,0.0,6.0,0.0,1.0,0.0,0.0,0.5,0.0,0.0,0.5,0.0,0.0,1.0,1.0,1.0,0.0,0.5,0.5,1.0,0.0,0.0,1.0,0.0,1.0,,0,0,1
344.0,Richard Morton,22.0,IND,PG,2.0,0.0,11.0,12.9,0.75,0.0,0.0,0.0,0.0,0.0,15.7,0.0,0.0,20.0,19.0,0.0,0.0,0.0,0.067,-1.4,-1.4,-2.7,0.0,,1988,279.0,22.0,IND,PG,2.0,0.0,5.5,1.5,2.0,0.75,0.0,0.0,,1.5,2.0,0.75,0.75,0.0,0.0,,0.0,0.0,0.0,0.5,0.0,0.0,0.5,1.0,3.0,,0,0,1
350.0,Mike Champion,24.0,SEA,SF,2.0,0.0,4.0,-43.7,0.0,0.333,0.0,0.0,0.0,0.0,0.0,0.0,0.0,25.0,39.8,-0.1,0.0,-0.1,-0.952,-49.1,-18.5,-67.6,-0.1,,1988,349.0,24.0,SEA,SF,2.0,0.0,2.0,0.0,1.5,0.0,0.0,0.5,0.0,0.0,1.0,0.0,0.0,0.0,0.0,,0.0,0.0,0.0,0.0,0.0,0.0,0.5,1.0,0.0,,0,0,1
351.0,Rob Rose,24.0,LAC,SG,2.0,0.0,3.0,5.0,0.0,0.0,0.0,35.7,35.5,35.6,0.0,0.0,0.0,0.0,13.1,0.0,0.0,0.0,-0.121,-5.1,-7.2,-12.4,0.0,,1988,351.0,24.0,LAC,SG,2.0,0.0,1.5,0.0,0.5,0.0,0.0,0.0,,0.0,0.5,0.0,0.0,0.0,0.0,,0.5,0.5,1.0,0.0,0.0,0.0,0.0,0.0,0.0,,0,0,1
352.0,David Wood,24.0,CHI,PF,2.0,0.0,2.0,0.0,,,,0.0,0.0,0.0,0.0,0.0,0.0,,0.0,0.0,0.0,0.0,-0.002,-3.7,-2.9,-6.7,0.0,,1988,353.0,24.0,CHI,PF,2.0,0.0,1.0,0.0,0.0,,0.0,0.0,,0.0,0.0,,,0.0,0.0,,0.0,0.0,0.0,0.0,0.0,0.0,0.0,0.0,0.0,,0,0,1
353.0,Barry Sumpter,23.0,LAC,PF,1.0,0.0,1.0,-30.2,0.0,0.0,0.0,0.0,0.0,0.0,0.0,0.0,0.0,0.0,39.4,0.0,0.0,0.0,-0.894,-29.0,-20.2,-49.2,0.0,,1988,352.0,23.0,LAC,PF,1.0,0.0,1.0,0.0,1.0,0.0,0.0,0.0,,0.0,1.0,0.0,0.0,0.0,0.0,,0.0,0.0,0.0,0.0,0.0,0.0,0.0,0.0,0.0,,0,0,1
13.0,David Robinson,24.0,SAS,C,82.0,81.0,3002.0,26.3,0.597,0.002,0.644,11.7,24.8,18.5,8.7,2.2,6.5,13.3,26.6,7.9,7.2,15.1,0.241,4.0,2.9,6.9,6.8,"MVP-6,ROY-1,AS,NBA3,DEF2",1989,12.0,24.0,SAS,C,82.0,81.0,36.6,8.4,15.9,0.531,0.0,0.0,0.0,8.4,15.8,0.532,0.531,7.5,10.2,0.732,3.7,8.3,12.0,2.0,1.7,3.9,3.1,3.2,24.3,"MVP-6,ROY-1,AS,NBA3,DEF2",1,1,1
40.0,J.R. Reid,21.0,CHH,C,82.0,82.0,2757.0,10.2,0.482,0.006,0.355,7.7,21.5,14.2,5.3,1.6,1.2,15.5,17.2,-1.7,2.8,1.1,0.02,-3.7,-0.5,-4.2,-1.5,,1989,127.0,21.0,CHH,C,82.0,82.0,33.6,4.4,9.9,0.44,0.0,0.1,0.0,4.4,9.9,0.443,0.44,2.3,3.5,0.664,2.4,6.0,8.4,1.2,1.1,0.7,2.1,3.6,11.1,,1,2,1
45.0,Charles Smith,24.0,LAC,PF,78.0,76.0,2732.0,19.5,0.589,0.01,0.5,7.5,14.3,11.0,6.7,1.5,2.6,10.4,23.8,6.3,3.1,9.4,0.165,1.7,0.2,1.9,2.7,,1989,25.0,24.0,LAC,PF,78.0,76.0,35.0,7.6,14.7,0.52,0.0,0.2,0.083,7.6,14.5,0.524,0.52,5.8,7.3,0.794,2.3,4.4,6.7,1.5,1.1,1.5,2.1,3.8,21.1,,0,0,1
56.0,Tim Hardaway,23.0,GSW,PG,79.0,78.0,2663.0,16.0,0.525,0.085,0.28,2.4,9.6,6.2,36.4,2.8,0.2,19.0,20.5,1.9,1.4,3.3,0.06,0.6,-0.8,-0.2,1.2,,1989,82.0,23.0,GSW,PG,79.0,78.0,33.7,5.9,12.5,0.471,0.3,1.1,0.274,5.6,11.4,0.489,0.483,2.7,3.5,0.764,0.7,3.2,3.9,8.7,2.1,0.2,3.3,2.9,14.7,,1,1,1
64.0,Pooh Richardson,23.0,MIN,PG,82.0,48.0,2581.0,15.8,0.482,0.09,0.116,2.4,8.0,5.0,35.3,2.7,0.6,12.7,19.0,2.0,2.4,4.4,0.082,1.0,0.4,1.4,2.2,,1989,122.0,23.0,MIN,PG,82.0,48.0,31.5,5.2,11.3,0.461,0.3,1.0,0.277,4.9,10.3,0.479,0.473,0.8,1.3,0.589,0.7,2.0,2.6,6.8,1.6,0.3,1.7,1.7,11.4,,1,1,1
72.0,Sherman Douglas,23.0,MIA,PG,81.0,66.0,2470.0,17.0,0.534,0.033,0.348,3.0,6.3,4.6,37.4,2.8,0.2,18.5,21.7,2.3,2.1,4.4,0.086,1.4,0.0,1.4,2.1,,1989,87.0,23.0,MIA,PG,81.0,66.0,30.5,5.7,11.6,0.494,0.1,0.4,0.161,5.7,11.2,0.505,0.496,2.8,4.0,0.687,0.9,1.7,2.5,7.6,1.8,0.1,3.0,2.3,14.3,,1,1,1
80.0,Sam Mitchell,26.0,MIN,PF,80.0,30.0,2414.0,13.7,0.512,0.011,0.418,8.4,14.9,11.5,6.0,1.4,1.5,8.9,19.8,2.8,2.3,5.1,0.102,-1.5,-0.9,-2.4,-0.3,,1989,106.0,26.0,MIN,PF,80.0,30.0,30.2,4.7,10.4,0.446,0.0,0.1,0.0,4.7,10.3,0.451,0.446,3.4,4.4,0.768,2.3,3.5,5.8,1.1,0.8,0.7,1.2,3.8,12.7,,0,0,1
94.0,Glen Rice,22.0,MIA,SF,77.0,60.0,2311.0,11.3,0.466,0.064,0.116,4.6,12.5,8.4,9.1,1.4,0.7,9.1,21.6,-0.4,1.8,1.4,0.029,-2.1,-1.1,-3.2,-0.7,,1989,95.0,22.0,MIA,SF,77.0,60.0,30.0,6.1,13.9,0.439,0.2,0.9,0.246,5.9,13.0,0.452,0.447,1.2,1.6,0.734,1.3,3.3,4.6,1.8,0.9,0.4,1.5,2.6,13.6,,1,2,1
123.0,Sean Elliott,21.0,SAS,SF,81.0,69.0,2032.0,12.5,0.546,0.014,0.334,7.2,9.2,8.2,10.7,1.1,0.4,13.1,17.4,2.6,2.0,4.6,0.108,-0.4,-0.7,-1.1,0.4,,1989,141.0,21.0,SAS,SF,81.0,69.0,25.1,3.8,8.0,0.481,0.0,0.1,0.111,3.8,7.9,0.486,0.481,2.3,2.7,0.866,1.6,2.1,3.7,1.9,0.6,0.2,1.4,2.1,10.0,,1,2,1
133.0,Blue Edwards,24.0,UTA,SF,82.0,49.0,1889.0,10.7,0.556,0.053,0.36,4.6,10.6,7.8,11.2,2.0,1.2,18.9,18.6,0.2,2.4,2.7,0.068,-3.0,0.7,-2.3,-0.1,,1989,158.0,24.0,UTA,SF,82.0,49.0,23.0,3.5,6.9,0.507,0.1,0.4,0.3,3.4,6.5,0.519,0.515,1.8,2.5,0.719,0.8,2.2,3.1,1.8,0.9,0.4,1.9,3.4,8.9,,1,2,1
146.0,Nick Anderson,22.0,ORL,SG,81.0,9.0,1785.0,14.9,0.536,0.023,0.351,6.1,12.7,9.3,10.5,1.8,1.0,13.7,22.1,1.2,0.7,1.8,0.049,0.0,-1.0,-1.0,0.5,,1989,120.0,22.0,ORL,SG,81.0,9.0,22.0,4.6,9.3,0.494,0.0,0.2,0.059,4.6,9.1,0.504,0.495,2.3,3.3,0.705,1.3,2.6,3.9,1.5,0.9,0.4,1.7,1.7,11.5,,0,0,1
147.0,Stacey King,23.0,CHI,PF,82.0,2.0,1777.0,13.8,0.562,0.002,0.504,11.2,14.3,12.8,6.6,1.1,2.1,15.5,18.4,2.2,1.4,3.6,0.098,-1.4,-1.6,-3.0,-0.4,,1989,160.0,23.0,CHI,PF,82.0,2.0,21.7,3.3,6.5,0.504,0.0,0.0,0.0,3.3,6.5,0.505,0.504,2.4,3.3,0.727,2.1,2.6,4.7,1.1,0.5,0.7,1.5,2.6,8.9,,1,2,1
160.0,Šarūnas Marčiulionis,25.0,GSW,SG,75.0,3.0,1695.0,15.5,0.616,0.07,0.724,5.6,8.2,7.0,10.0,2.5,0.2,15.7,20.5,3.1,0.7,3.8,0.107,-0.2,-0.6,-0.8,0.5,,1989,114.0,25.0,GSW,SG,75.0,3.0,22.6,3.9,7.4,0.519,0.1,0.5,0.256,3.7,6.9,0.539,0.528,4.2,5.4,0.787,1.1,1.8,2.9,1.6,1.3,0.1,1.8,3.1,12.1,,0,0,1
167.0,Dana Barros,22.0,SEA,PG,81.0,25.0,1630.0,12.8,0.497,0.322,0.149,2.4,7.3,4.7,18.3,1.6,0.0,13.5,23.3,1.1,0.7,1.8,0.053,0.8,-1.4,-0.6,0.6,,1989,146.0,22.0,SEA,PG,81.0,25.0,20.1,3.7,9.1,0.405,1.2,2.9,0.399,2.5,6.2,0.408,0.47,1.1,1.4,0.809,0.4,1.2,1.6,2.5,0.7,0.0,1.5,1.2,9.7,,0,0,1
169.0,Vlade Divac,21.0,LAL,C,82.0,5.0,1611.0,17.5,0.544,0.009,0.393,12.3,23.7,18.2,6.7,2.4,4.2,14.6,20.0,1.7,3.2,5.0,0.148,-1.0,1.7,0.7,1.1,,1989,169.0,21.0,LAL,C,82.0,5.0,19.6,3.3,6.7,0.499,0.0,0.1,0.0,3.3,6.6,0.504,0.499,1.9,2.6,0.708,2.0,4.2,6.2,0.9,1.0,1.4,1.3,2.9,8.5,,1,1,1
173.0,Clifford Robinson,23.0,POR,PF,82.0,0.0,1565.0,9.3,0.433,0.059,0.334,7.5,13.9,10.7,6.5,1.6,2.1,13.0,24.9,-2.0,2.4,0.3,0.01,-4.6,-0.4,-5.0,-1.2,,1989,155.0,23.0,POR,PF,82.0,0.0,19.1,3.6,9.2,0.397,0.1,0.5,0.273,3.5,8.6,0.405,0.405,1.7,3.1,0.55,1.3,2.4,3.8,0.9,0.6,0.6,1.6,2.8,9.1,,0,0,1
194.0,Jeff Martin,23.0,LAC,SG,69.0,23.0,1351.0,8.7,0.46,0.036,0.312,6.7,6.8,6.7,4.6,1.5,0.7,9.1,16.0,0.0,0.9,0.9,0.031,-2.8,-1.1,-4.0,-0.7,,1989,207.0,23.0,LAC,SG,69.0,23.0,19.6,2.5,6.0,0.411,0.0,0.2,0.133,2.4,5.8,0.421,0.413,1.3,1.9,0.705,1.1,1.2,2.3,0.6,0.6,0.2,0.7,1.4,6.3,,0,0,1
196.0,Chucky Brown,21.0,CLE,SF,75.0,35.0,1339.0,11.9,0.525,0.016,0.367,6.9,12.5,9.7,5.7,1.2,1.2,11.7,19.0,0.9,1.3,2.2,0.078,-3.0,-0.6,-3.6,-0.6,,1989,186.0,21.0,CLE,SF,75.0,35.0,17.9,2.8,6.0,0.47,0.0,0.1,0.0,2.8,5.9,0.477,0.47,1.7,2.2,0.762,1.1,2.0,3.1,0.7,0.4,0.3,0.9,2.0,7.3,,0,0,1
198.0,Todd Lichti,23.0,DEN,SG,79.0,4.0,1326.0,12.3,0.533,0.027,0.339,3.6,8.6,6.0,11.7,1.9,0.6,13.9,20.2,0.5,1.3,1.8,0.066,-2.0,-0.2,-2.3,-0.1,,1989,178.0,23.0,DEN,SG,79.0,4.0,16.8,3.2,6.5,0.486,0.0,0.2,0.0,3.2,6.3,0.5,0.486,1.6,2.2,0.747,0.6,1.3,1.9,1.5,0.7,0.2,1.2,1.8,8.0,,0,0,1
204.0,B.J. Armstrong,22.0,CHI,PG,81.0,0.0,1291.0,11.9,0.53,0.015,0.199,1.7,7.6,4.7,20.7,1.8,0.3,16.3,16.9,1.0,0.8,1.7,0.064,-1.7,-1.1,-2.8,-0.3,,1989,223.0,22.0,CHI,PG,81.0,0.0,15.9,2.3,4.8,0.485,0.0,0.1,0.5,2.3,4.8,0.484,0.489,0.9,1.0,0.885,0.2,1.0,1.3,2.5,0.6,0.1,1.0,1.3,5.6,,0,0,1
207.0,Mookie Blaylock,22.0,NJN,PG,50.0,17.0,1267.0,11.5,0.416,0.14,0.142,3.3,8.8,5.9,26.2,3.1,0.7,15.5,22.8,-1.6,1.3,-0.3,-0.011,-2.4,0.4,-2.0,0.0,,1989,138.0,22.0,NJN,PG,50.0,17.0,25.3,4.2,11.4,0.371,0.4,1.6,0.225,3.9,9.8,0.395,0.387,1.3,1.6,0.778,0.8,2.0,2.8,4.2,1.6,0.3,2.2,2.2,10.1,,0,0,1
208.0,Michael Ansley,22.0,ORL,SF,72.0,5.0,1221.0,17.3,0.554,0.0,0.488,15.7,15.6,15.6,4.8,0.9,0.8,8.1,19.7,3.0,0.3,3.3,0.129,1.2,-2.5,-1.3,0.2,,1989,167.0,22.0,ORL,SF,72.0,5.0,17.0,3.2,6.5,0.497,0.0,0.0,,3.2,6.5,0.497,0.497,2.3,3.2,0.722,2.6,2.4,5.0,0.6,0.3,0.2,0.7,2.1,8.7,,0,0,1
212.0,Shawn Kemp,20.0,SEA,PF,81.0,1.0,1120.0,15.9,0.531,0.028,0.375,14.7,21.8,18.1,3.4,2.1,4.0,17.8,22.4,0.5,1.6,2.1,0.092,-2.2,0.2,-2.0,0.0,,1989,200.0,20.0,SEA,PF,81.0,1.0,13.8,2.5,5.2,0.479,0.0,0.1,0.167,2.5,5.1,0.488,0.481,1.4,2.0,0.736,1.8,2.5,4.3,0.3,0.6,0.9,1.3,2.5,6.5,,0,0,1
224.0,Winston Bennett,24.0,CLE,SF,55.0,34.0,990.0,10.0,0.515,0.0,0.336,9.4,11.9,10.6,8.1,1.2,0.6,15.9,17.1,0.2,0.9,1.1,0.055,-3.4,-0.8,-4.2,-0.6,,1989,212.0,24.0,CLE,SF,55.0,34.0,18.0,2.5,5.2,0.479,0.0,0.0,,2.5,5.2,0.479,0.479,1.2,1.7,0.667,1.5,1.9,3.4,1.0,0.4,0.2,1.1,2.4,6.1,,0,0,1
231.0,Dražen Petrović,25.0,POR,SG,77.0,0.0,967.0,15.5,0.586,0.173,0.375,5.5,7.0,6.2,17.5,1.1,0.1,16.2,24.1,1.8,1.0,2.8,0.139,1.4,-0.5,0.9,0.7,,1989,184.0,25.0,POR,SG,77.0,0.0,12.6,2.7,5.5,0.485,0.4,1.0,0.459,2.2,4.6,0.49,0.525,1.8,2.1,0.844,0.6,0.8,1.4,1.5,0.3,0.0,1.2,1.7,7.6,,0,0,1
235.0,Alexander Volkov,25.0,ATL,C,72.0,4.0,937.0,11.9,0.53,0.12,0.423,6.2,8.5,7.3,12.3,1.9,1.4,13.4,17.4,1.0,0.4,1.4,0.074,-1.3,0.1,-1.2,0.2,,1989,238.0,25.0,ATL,C,72.0,4.0,13.0,1.9,3.9,0.482,0.2,0.5,0.382,1.7,3.5,0.496,0.505,1.0,1.7,0.583,0.7,0.9,1.7,1.2,0.5,0.3,0.7,2.3,5.0,,0,0,1
241.0,Terry Davis,22.0,MIA,PF,63.0,9.0,884.0,9.0,0.496,0.004,0.332,11.2,17.7,14.3,3.9,1.3,1.9,18.5,16.8,-0.4,0.9,0.5,0.029,-5.1,-0.5,-5.7,-0.8,,1989,246.0,22.0,MIA,PF,63.0,9.0,14.0,1.9,4.2,0.466,0.0,0.0,0.0,1.9,4.1,0.467,0.466,0.9,1.4,0.621,1.5,2.2,3.6,0.4,0.4,0.4,1.1,2.7,4.7,,0,0,1
243.0,Pervis Ellison,22.0,SAC,C,34.0,22.0,866.0,10.3,0.475,0.008,0.311,8.4,17.2,12.8,10.6,0.9,3.9,17.9,17.3,-0.5,0.9,0.4,0.021,-4.0,0.6,-3.4,-0.3,,1989,177.0,22.0,SAC,C,34.0,22.0,25.5,3.3,7.4,0.442,0.0,0.1,0.0,3.3,7.3,0.446,0.442,1.4,2.3,0.628,1.9,3.9,5.8,1.9,0.5,1.7,1.8,3.9,8.0,,0,0,1
244.0,Delaney Rudd,27.0,UTA,PG,77.0,2.0,850.0,8.6,0.483,0.216,0.205,1.8,5.6,3.8,29.4,1.3,0.1,23.8,19.0,-0.6,0.7,0.1,0.004,-2.8,-1.9,-4.6,-0.6,,1989,291.0,27.0,UTA,PG,77.0,2.0,11.0,1.4,3.4,0.429,0.2,0.7,0.286,1.2,2.6,0.468,0.459,0.5,0.7,0.66,0.2,0.6,0.7,2.3,0.3,0.0,1.1,1.1,3.5,,0,0,1
247.0,Tom Hammonds,22.0,WSB,PF,61.0,8.0,805.0,10.5,0.475,0.003,0.332,8.1,14.5,11.3,8.5,0.7,1.0,12.0,19.5,0.0,0.5,0.5,0.031,-3.0,-1.9,-4.9,-0.6,,1989,229.0,22.0,WSB,PF,61.0,8.0,13.2,2.1,4.8,0.437,0.0,0.0,0.0,2.1,4.8,0.439,0.437,1.0,1.6,0.643,1.0,1.8,2.8,0.8,0.2,0.2,0.8,1.6,5.3,,0,0,1
251.0,Donald Royal,23.0,MIN,SF,66.0,0.0,746.0,15.2,0.566,0.004,0.773,10.4,11.7,11.0,9.4,2.3,0.7,19.2,25.0,0.6,0.7,1.3,0.087,-1.1,-0.6,-1.7,0.1,,1989,216.0,23.0,MIN,SF,66.0,0.0,11.3,1.8,3.9,0.459,0.0,0.0,0.0,1.8,3.8,0.461,0.459,2.3,3.0,0.777,1.0,1.0,2.1,0.7,0.5,0.1,1.2,1.6,5.9,,0,0,1
254.0,Kenny Battle,25.0,PHO,SG,59.0,8.0,729.0,12.2,0.587,0.024,0.482,7.1,11.3,9.3,6.8,2.3,0.9,13.4,13.5,1.0,1.0,1.9,0.127,-1.2,1.2,0.0,0.4,,1989,269.0,25.0,PHO,SG,59.0,8.0,12.4,1.6,2.9,0.547,0.0,0.1,0.25,1.6,2.8,0.554,0.55,0.9,1.4,0.671,0.7,1.4,2.1,0.6,0.6,0.2,0.5,1.6,4.1,,0,0,1
256.0,Randy White,22.0,DAL,PF,55.0,2.0,707.0,7.4,0.407,0.056,0.353,12.7,15.0,13.9,4.3,1.7,0.5,13.9,21.0,-1.0,0.8,-0.2,-0.012,-6.1,-1.4,-7.5,-1.0,,1989,263.0,22.0,DAL,PF,55.0,2.0,12.9,1.7,4.6,0.369,0.0,0.3,0.071,1.7,4.3,0.387,0.371,0.9,1.6,0.562,1.4,1.7,3.1,0.4,0.4,0.1,0.9,2.3,4.3,,0,0,1
258.0,Greg Grant,23.0,PHO,PG,67.0,3.0,678.0,9.7,0.43,0.074,0.273,2.8,6.5,4.8,32.2,2.5,0.1,24.1,19.4,-0.8,0.7,-0.1,-0.007,-2.7,-0.4,-3.1,-0.2,,1989,301.0,23.0,PHO,PG,67.0,3.0,10.1,1.2,3.2,0.384,0.0,0.2,0.188,1.2,3.0,0.4,0.391,0.6,0.9,0.661,0.2,0.6,0.9,2.5,0.5,0.0,1.1,0.9,3.1,,0,0,1
265.0,Michael Smith,24.0,BOS,PF,65.0,7.0,620.0,14.2,0.52,0.098,0.224,7.5,10.2,8.9,18.6,0.7,0.1,14.7,25.0,0.3,0.4,0.7,0.055,-0.8,-2.5,-3.3,-0.2,,1989,237.0,24.0,BOS,PF,65.0,7.0,9.5,2.1,4.4,0.476,0.0,0.4,0.071,2.1,4.0,0.519,0.479,0.8,1.0,0.828,0.6,0.9,1.5,1.2,0.1,0.0,0.8,0.8,5.0,,0,0,1
277.0,Scott Haffner,23.0,MIA,PG,43.0,6.0,559.0,8.3,0.43,0.097,0.115,1.3,9.0,5.0,20.4,1.1,0.2,12.6,18.8,-0.4,0.3,-0.1,-0.008,-3.9,-1.2,-5.1,-0.4,,1989,251.0,23.0,MIA,PG,43.0,6.0,13.0,2.0,5.0,0.406,0.1,0.5,0.143,2.0,4.6,0.434,0.412,0.4,0.6,0.68,0.2,1.0,1.2,1.9,0.3,0.0,0.8,1.2,4.6,,0,0,1
285.0,Byron Irvin,23.0,POR,SG,50.0,2.0,488.0,15.6,0.531,0.069,0.448,6.6,9.9,8.2,13.7,2.7,0.1,13.8,22.7,0.5,0.7,1.2,0.12,0.1,0.9,1.0,0.4,,1989,232.0,23.0,POR,SG,50.0,2.0,9.8,1.9,4.1,0.473,0.1,0.3,0.357,1.8,3.8,0.481,0.485,1.2,1.8,0.67,0.6,0.9,1.5,0.9,0.6,0.0,0.8,0.8,5.2,,0,0,1
290.0,Frank Kornet,23.0,MIL,PF,57.0,0.0,438.0,6.1,0.431,0.175,0.342,6.4,12.2,9.3,6.3,1.6,0.4,14.9,14.8,-0.3,0.4,0.0,0.003,-4.5,-1.0,-5.5,-0.4,,1989,337.0,23.0,MIL,PF,57.0,0.0,7.7,0.7,2.0,0.368,0.1,0.4,0.25,0.6,1.6,0.394,0.39,0.4,0.7,0.615,0.4,0.8,1.2,0.4,0.2,0.1,0.4,0.9,2.0,,0,0,1
293.0,George McCloud,22.0,IND,SF,44.0,0.0,413.0,4.6,0.387,0.278,0.132,3.6,8.1,5.9,14.7,2.3,0.4,19.1,19.8,-0.9,0.3,-0.7,-0.079,-5.8,-1.1,-6.8,-0.5,,1989,309.0,22.0,IND,SF,44.0,0.0,9.4,1.0,3.3,0.313,0.3,0.9,0.325,0.7,2.4,0.308,0.358,0.3,0.4,0.789,0.3,0.7,1.0,1.0,0.4,0.1,0.8,1.3,2.7,,0,0,1
294.0,Doug Roth,22.0,WSB,C,42.0,0.0,412.0,8.2,0.439,0.012,0.163,11.4,20.1,15.7,5.9,0.9,1.8,14.8,10.7,0.0,0.4,0.4,0.052,-4.6,-0.7,-5.3,-0.3,,1989,343.0,22.0,WSB,C,42.0,0.0,9.8,0.9,2.0,0.43,0.0,0.0,0.0,0.9,2.0,0.435,0.43,0.2,0.3,0.5,1.0,1.8,2.9,0.5,0.2,0.3,0.4,1.7,1.9,,0,0,1
295.0,John Morton,22.0,CLE,SG,37.0,3.0,402.0,5.9,0.388,0.186,0.385,1.9,7.0,4.5,24.2,2.3,0.6,21.3,25.8,-1.3,0.4,-0.9,-0.109,-6.0,-1.7,-7.7,-0.6,,1989,279.0,22.0,CLE,SG,37.0,3.0,10.9,1.3,4.4,0.298,0.2,0.8,0.233,1.1,3.5,0.313,0.32,1.2,1.7,0.694,0.2,0.7,0.9,1.8,0.5,0.1,1.4,0.8,3.9,,0,0,1
300.0,Doug West,22.0,MIN,SG,52.0,0.0,378.0,7.5,0.453,0.081,0.237,7.2,15.6,11.1,7.5,1.4,1.1,17.2,21.0,-0.5,0.4,-0.1,-0.017,-5.8,-1.2,-7.0,-0.5,,1989,315.0,22.0,MIN,SG,52.0,0.0,7.3,1.0,2.6,0.393,0.1,0.2,0.273,1.0,2.4,0.403,0.404,0.5,0.6,0.813,0.5,0.9,1.3,0.3,0.2,0.1,0.6,1.2,2.6,,0,0,1
301.0,Ed Horton,22.0,WSB,PF,45.0,10.0,374.0,14.5,0.525,0.025,0.426,16.9,14.2,15.6,7.3,1.2,0.8,16.9,25.3,0.1,0.3,0.4,0.05,-2.0,-2.9,-4.9,-0.3,,1989,255.0,22.0,WSB,PF,45.0,10.0,8.3,1.8,3.6,0.494,0.0,0.1,0.0,1.8,3.5,0.506,0.494,0.9,1.5,0.609,1.3,1.1,2.4,0.4,0.2,0.1,0.9,1.4,4.5,,0,0,1
302.0,Byron Dinkins,22.0,HOU,PG,33.0,0.0,362.0,10.9,0.471,0.083,0.275,3.9,7.7,5.8,27.3,2.5,0.3,23.2,17.8,-0.2,0.5,0.3,0.043,-2.3,0.4,-1.9,0.0,,1989,287.0,22.0,HOU,PG,33.0,0.0,11.0,1.3,3.3,0.404,0.0,0.3,0.111,1.3,3.0,0.43,0.408,0.8,0.9,0.867,0.4,0.8,1.2,2.3,0.6,0.1,1.1,0.9,3.5,,0,0,1
303.0,Derrick Gervin,26.0,NJN,PF,21.0,0.0,339.0,22.9,0.531,0.015,0.452,8.5,12.1,10.2,4.5,2.9,1.2,4.8,29.4,0.9,0.4,1.3,0.184,2.8,-0.2,2.7,0.4,,1989,116.0,26.0,NJN,PF,21.0,0.0,16.1,4.4,9.4,0.472,0.0,0.1,0.0,4.4,9.2,0.479,0.472,3.1,4.2,0.73,1.4,1.7,3.1,0.4,1.0,0.3,0.6,2.2,12.0,,0,0,1
304.0,Adrian Caldwell,23.0,HOU,PF,51.0,0.0,331.0,9.5,0.549,0.0,0.368,11.7,22.9,17.4,2.8,1.6,3.2,26.6,14.8,-0.3,0.7,0.4,0.061,-5.3,1.4,-4.0,-0.2,,1989,342.0,23.0,HOU,PF,51.0,0.0,6.5,0.8,1.5,0.553,0.0,0.0,,0.8,1.5,0.553,0.553,0.3,0.5,0.464,0.7,1.4,2.1,0.1,0.2,0.4,0.6,1.4,1.9,,0,0,1
306.0,Henry Turner,23.0,SAC,PF,36.0,1.0,315.0,14.2,0.518,0.025,0.533,7.9,10.0,9.0,10.7,2.7,1.3,14.7,24.2,0.0,0.3,0.3,0.046,-1.6,-0.4,-2.0,0.0,,1989,262.0,23.0,SAC,PF,36.0,1.0,8.8,1.6,3.4,0.475,0.0,0.1,0.0,1.6,3.3,0.487,0.475,1.1,1.8,0.615,0.6,0.8,1.4,0.6,0.5,0.2,0.7,1.1,4.3,,0,0,1
312.0,Eric Johnson,23.0,UTA,PG,48.0,2.0,272.0,4.6,0.295,0.071,0.202,3.7,8.1,6.0,30.7,3.1,0.5,22.1,18.8,-0.8,0.4,-0.4,-0.065,-7.3,0.4,-6.9,-0.3,,1989,367.0,23.0,UTA,PG,48.0,2.0,5.7,0.4,1.8,0.238,0.0,0.1,0.167,0.4,1.6,0.244,0.244,0.3,0.4,0.765,0.2,0.4,0.6,1.3,0.4,0.0,0.5,1.0,1.1,,0,0,1
316.0,Kenny Payne,23.0,PHI,SF,35.0,4.0,216.0,10.7,0.492,0.093,0.167,5.8,7.8,6.8,7.1,1.6,1.7,14.7,26.7,-0.2,0.2,0.0,0.002,-4.2,-1.8,-6.0,-0.2,,1989,296.0,23.0,PHI,SF,35.0,4.0,6.2,1.3,3.1,0.435,0.1,0.3,0.4,1.2,2.8,0.439,0.454,0.5,0.5,0.889,0.3,0.4,0.7,0.3,0.2,0.2,0.6,1.1,3.3,,0,0,1
320.0,Brian Quinnett,23.0,NYK,SG,31.0,0.0,193.0,3.9,0.337,0.034,0.052,5.3,10.6,8.1,7.4,0.8,1.2,6.3,13.6,-0.2,0.1,-0.1,-0.015,-5.7,-1.3,-7.0,-0.2,,1989,364.0,23.0,NYK,SG,31.0,0.0,6.2,0.6,1.9,0.328,0.0,0.1,0.0,0.6,1.8,0.339,0.328,0.1,0.1,0.667,0.3,0.6,0.9,0.4,0.1,0.1,0.1,0.9,1.3,,0,0,1
322.0,Jeff Sanders,24.0,CHI,PF,31.0,0.0,182.0,2.5,0.335,0.0,0.1,11.0,14.3,12.7,6.0,1.1,1.4,26.4,13.3,-0.4,0.1,-0.3,-0.069,-7.5,-2.7,-10.2,-0.4,,1989,373.0,24.0,CHI,PF,31.0,0.0,5.9,0.4,1.3,0.325,0.0,0.0,,0.4,1.3,0.325,0.325,0.1,0.1,0.5,0.5,0.7,1.3,0.3,0.1,0.1,0.5,0.9,0.9,,0,0,1
323.0,Žarko Paspalj,23.0,SAS,SF,28.0,1.0,181.0,4.3,0.406,0.013,0.278,9.6,9.1,9.3,7.8,0.8,2.4,19.1,25.1,-0.5,0.2,-0.3,-0.072,-8.2,-2.2,-10.4,-0.4,,1989,313.0,23.0,SAS,SF,28.0,1.0,6.5,1.0,2.8,0.342,0.0,0.0,0.0,1.0,2.8,0.346,0.342,0.6,0.8,0.818,0.5,0.5,1.1,0.4,0.1,0.3,0.8,1.3,2.6,,0,0,1
326.0,Roy Marble,23.0,ATL,SG,24.0,0.0,162.0,5.5,0.36,0.034,0.5,10.4,6.6,8.5,8.9,2.2,0.4,16.5,21.9,-0.4,0.1,-0.3,-0.089,-5.0,-2.4,-7.4,-0.2,,1989,333.0,23.0,ATL,SG,24.0,0.0,6.8,0.7,2.4,0.276,0.0,0.1,0.0,0.7,2.3,0.286,0.276,0.8,1.2,0.655,0.6,0.4,1.0,0.5,0.3,0.0,0.6,0.7,2.1,,0,0,1
327.0,Jaren Jackson,22.0,NJN,SG,28.0,0.0,160.0,10.8,0.428,0.043,0.304,10.0,5.7,8.0,12.6,3.9,0.4,18.7,24.2,-0.3,0.2,-0.1,-0.031,-3.8,0.5,-3.3,0.0,,1989,322.0,22.0,NJN,SG,28.0,0.0,5.7,0.9,2.5,0.362,0.0,0.1,0.0,0.9,2.4,0.379,0.362,0.6,0.8,0.81,0.6,0.3,0.9,0.5,0.5,0.0,0.6,0.6,2.4,,0,0,1
328.0,Mike Morrison,22.0,PHO,SG,36.0,1.0,153.0,4.2,0.443,0.103,0.441,5.4,8.8,7.2,9.7,0.6,0.0,22.1,28.1,-0.5,0.1,-0.3,-0.106,-7.4,-3.1,-10.5,-0.3,,1989,338.0,22.0,PHO,SG,36.0,1.0,4.3,0.6,1.9,0.338,0.1,0.2,0.286,0.6,1.7,0.344,0.353,0.7,0.8,0.8,0.2,0.4,0.6,0.3,0.1,0.0,0.6,0.6,2.0,,0,0,1
329.0,Scott Meents,26.0,SEA,PF,26.0,0.0,148.0,11.9,0.508,0.0,0.523,5.3,19.0,11.9,6.4,1.4,1.3,14.3,17.8,0.1,0.1,0.2,0.066,-1.7,0.1,-1.6,0.0,,1989,334.0,26.0,SEA,PF,26.0,0.0,5.7,0.7,1.7,0.432,0.0,0.0,,0.7,1.7,0.432,0.432,0.7,0.9,0.739,0.3,0.9,1.2,0.3,0.2,0.1,0.3,0.5,2.1,,0,0,1
331.0,Stanley Brundy,22.0,NJN,SF,16.0,0.0,128.0,10.1,0.488,0.0,0.6,11.7,9.8,10.8,3.4,2.3,2.3,13.7,13.8,0.0,0.1,0.2,0.057,-3.6,0.6,-3.1,0.0,,1989,325.0,22.0,NJN,SF,16.0,0.0,8.0,0.9,1.9,0.5,0.0,0.0,,0.9,1.9,0.5,0.5,0.4,1.1,0.389,0.9,0.7,1.6,0.2,0.4,0.3,0.4,1.5,2.3,,0,0,1
332.0,Gary Leonard,22.0,MIN,C,22.0,0.0,127.0,6.2,0.431,0.032,0.452,8.9,17.1,12.8,1.2,1.2,4.7,17.7,15.7,-0.2,0.2,0.0,-0.01,-8.0,-0.4,-8.4,-0.2,,1989,357.0,22.0,MIN,C,22.0,0.0,5.8,0.6,1.4,0.419,0.0,0.0,0.0,0.6,1.4,0.433,0.419,0.3,0.6,0.429,0.5,0.8,1.2,0.0,0.1,0.4,0.4,1.2,1.5,,0,0,1
336.0,Jay Taylor,22.0,NJN,SG,17.0,0.0,114.0,9.5,0.456,0.25,0.173,4.4,6.0,5.1,7.1,2.1,1.6,15.2,23.2,-0.2,0.1,-0.1,-0.028,-2.4,-0.3,-2.6,0.0,,1989,305.0,22.0,NJN,SG,17.0,0.0,6.7,1.2,3.1,0.404,0.2,0.8,0.231,1.1,2.3,0.462,0.433,0.4,0.5,0.667,0.3,0.4,0.6,0.3,0.3,0.2,0.6,0.5,3.0,,0,0,1
338.0,Lanard Copeland,24.0,PHI,SG,23.0,0.0,110.0,10.0,0.499,0.074,0.206,4.2,6.1,5.2,14.0,0.5,0.6,20.4,35.9,-0.3,0.0,-0.2,-0.109,-5.3,-5.0,-10.4,-0.2,,1989,297.0,24.0,PHI,SG,23.0,0.0,4.8,1.3,3.0,0.456,0.0,0.2,0.2,1.3,2.7,0.476,0.463,0.5,0.6,0.786,0.2,0.3,0.4,0.4,0.0,0.0,0.8,0.5,3.2,,0,0,1
339.0,Dyron Nix,22.0,IND,SF,20.0,0.0,109.0,8.2,0.424,0.0,0.41,9.0,18.4,14.0,6.4,1.4,0.5,13.2,21.1,-0.1,0.1,0.0,-0.015,-4.3,-1.5,-5.8,-0.1,,1989,339.0,22.0,IND,SF,20.0,0.0,5.5,0.7,2.0,0.359,0.0,0.0,,0.7,2.0,0.359,0.359,0.6,0.8,0.688,0.4,0.9,1.3,0.3,0.2,0.1,0.4,0.8,2.0,,0,0,1
341.0,Anthony Mason,23.0,NJN,PF,21.0,0.0,108.0,6.9,0.397,0.0,0.375,10.2,24.2,16.7,9.7,0.9,1.1,19.1,21.4,-0.2,0.1,-0.1,-0.055,-6.6,-1.0,-7.6,-0.2,,1989,347.0,23.0,NJN,PF,21.0,0.0,5.1,0.7,1.9,0.35,0.0,0.0,,0.7,1.9,0.35,0.35,0.4,0.7,0.6,0.5,1.1,1.6,0.3,0.1,0.1,0.5,1.0,1.8,,0,0,1
343.0,Carlton McKinney,25.0,LAC,SG,7.0,0.0,104.0,0.6,0.267,0.031,0.125,4.5,8.7,6.6,8.8,2.8,0.6,17.2,16.4,-0.4,0.1,-0.3,-0.121,-9.2,-0.8,-10.0,-0.2,,1989,312.0,25.0,LAC,SG,7.0,0.0,14.9,1.1,4.6,0.25,0.0,0.1,0.0,1.1,4.4,0.258,0.25,0.3,0.6,0.5,0.6,1.1,1.7,1.0,0.9,0.1,1.0,2.1,2.6,,0,0,1
344.0,Mike Williams,26.0,2TM,SF,21.0,0.0,102.0,3.5,0.363,0.056,0.333,5.6,19.9,12.8,2.6,1.5,4.1,12.7,10.0,-0.1,0.1,0.0,0.012,-9.1,1.7,-7.4,-0.1,,1989,374.0,26.0,2TM,SF,21.0,0.0,4.9,0.3,0.9,0.333,0.0,0.0,0.0,0.3,0.8,0.353,0.333,0.1,0.3,0.5,0.2,0.9,1.1,0.1,0.1,0.3,0.1,1.4,0.7,,0,0,1
347.0,Terry Dozier,23.0,CHH,SF,9.0,0.0,92.0,5.1,0.36,0.037,0.296,8.2,10.5,9.3,4.5,3.2,1.3,18.7,17.4,-0.3,0.1,-0.2,-0.084,-6.4,-0.1,-6.5,-0.1,,1989,321.0,23.0,CHH,SF,9.0,0.0,10.2,1.0,3.0,0.333,0.0,0.1,0.0,1.0,2.9,0.346,0.333,0.4,0.9,0.5,0.8,0.9,1.7,0.3,0.7,0.2,0.8,1.1,2.4,,0,0,1
350.0,Nate Johnston,23.0,2TM,PF,21.0,0.0,87.0,14.1,0.428,0.083,0.271,16.4,12.7,14.5,1.6,1.6,5.6,10.0,27.6,-0.1,0.2,0.1,0.05,-3.5,-1.0,-4.5,-0.1,,1989,328.0,23.0,2TM,PF,21.0,0.0,4.1,0.9,2.3,0.375,0.0,0.2,0.25,0.8,2.1,0.386,0.385,0.4,0.6,0.692,0.6,0.5,1.1,0.0,0.1,0.4,0.3,0.5,2.2,,0,0,1
351.0,Tim Legler,23.0,PHO,SG,11.0,0.0,83.0,6.7,0.442,0.034,0.207,5.6,5.0,5.3,9.5,1.1,0.0,11.2,17.7,0.0,0.1,0.0,0.023,-5.4,-2.2,-7.6,-0.1,,1989,317.0,23.0,PHO,SG,11.0,0.0,7.5,1.0,2.6,0.379,0.0,0.1,0.0,1.0,2.5,0.393,0.379,0.5,0.5,1.0,0.4,0.4,0.7,0.5,0.2,0.0,0.4,1.1,2.5,,0,0,1
354.0,Steve Bucknall,23.0,LAL,SG,18.0,0.0,75.0,0.0,0.323,0.03,0.182,7.9,2.9,5.3,17.9,1.3,0.8,23.6,26.6,-0.4,0.0,-0.3,-0.199,-9.7,-3.6,-13.3,-0.2,,1989,361.0,23.0,LAL,SG,18.0,0.0,4.2,0.5,1.8,0.273,0.0,0.1,0.0,0.5,1.8,0.281,0.273,0.3,0.3,0.833,0.3,0.1,0.4,0.6,0.1,0.1,0.6,0.6,1.3,,0,0,1
355.0,Mel McCants,22.0,LAL,SF,13.0,0.0,65.0,5.1,0.373,0.0,0.308,1.8,8.5,5.3,4.1,2.3,0.9,3.3,20.0,-0.1,0.1,0.0,-0.003,-6.9,-0.4,-7.3,-0.1,,1989,349.0,22.0,LAL,SF,13.0,0.0,5.0,0.6,2.0,0.308,0.0,0.0,,0.6,2.0,0.308,0.308,0.5,0.6,0.75,0.1,0.4,0.5,0.2,0.2,0.1,0.1,0.8,1.7,,0,0,1
357.0,Bob McCann,25.0,DAL,SF,10.0,0.0,62.0,12.4,0.479,0.0,0.667,7.4,14.4,11.0,13.7,1.6,2.0,18.1,23.5,0.0,0.1,0.1,0.041,-3.2,-0.9,-4.0,0.0,,1989,311.0,25.0,DAL,SF,10.0,0.0,6.2,0.7,2.1,0.333,0.0,0.0,,0.7,2.1,0.333,0.333,1.2,1.4,0.857,0.4,0.8,1.2,0.6,0.2,0.2,0.6,0.7,2.6,,0,0,1
359.0,Raymond Brown,24.0,UTA,PF,16.0,0.0,56.0,-0.9,0.277,0.0,0.071,22.4,9.8,15.7,10.3,0.0,0.0,17.2,27.2,-0.3,0.0,-0.2,-0.2,-10.8,-6.2,-17.0,-0.2,,1989,369.0,24.0,UTA,PF,16.0,0.0,3.5,0.5,1.8,0.286,0.0,0.0,,0.5,1.8,0.286,0.286,0.0,0.1,0.0,0.6,0.3,0.9,0.3,0.0,0.0,0.4,0.7,1.0,,0,0,1
361.0,Stan Kimbrough,23.0,DET,PG,10.0,0.0,50.0,12.1,0.474,0.0,0.125,9.1,6.8,8.0,14.3,4.1,0.0,19.2,18.0,0.0,0.1,0.1,0.074,-2.0,3.6,1.6,0.0,,1989,352.0,23.0,DET,PG,10.0,0.0,5.0,0.7,1.6,0.438,0.0,0.0,,0.7,1.6,0.438,0.438,0.2,0.2,1.0,0.4,0.3,0.7,0.5,0.4,0.0,0.4,0.4,1.6,,0,0,1
362.0,Mike Higgins,22.0,2TM,SF,11.0,0.0,50.0,10.9,0.565,0.0,1.25,4.4,4.5,4.3,7.0,1.9,2.4,7.5,10.6,0.1,0.1,0.1,0.132,-1.5,1.3,-0.3,0.0,,1989,359.0,22.0,2TM,SF,11.0,0.0,4.5,0.3,0.7,0.375,0.0,0.0,,0.3,0.7,0.375,0.375,0.7,0.9,0.8,0.2,0.2,0.4,0.3,0.2,0.2,0.1,0.5,1.3,,0,0,1
366.0,Leonard Taylor,23.0,GSW,PF,10.0,0.0,37.0,3.8,0.422,0.167,2.667,12.1,22.0,17.3,3.1,0.0,0.0,27.7,19.4,-0.1,0.0,-0.1,-0.097,-6.1,-4.1,-10.2,-0.1,,1989,368.0,23.0,GSW,PF,10.0,0.0,3.7,0.0,0.6,0.0,0.0,0.1,0.0,0.0,0.5,0.0,0.0,1.1,1.6,0.688,0.4,0.8,1.2,0.1,0.0,0.0,0.5,0.4,1.1,,0,0,1
369.0,Jeff Lebo,23.0,SAS,SG,4.0,0.0,32.0,5.8,0.381,0.0,0.286,7.2,6.9,7.0,11.8,3.0,0.0,11.3,11.5,0.0,0.0,0.0,0.065,-4.9,3.0,-1.9,0.0,,1989,356.0,23.0,SAS,SG,4.0,0.0,8.0,0.5,1.8,0.286,0.0,0.0,,0.5,1.8,0.286,0.286,0.5,0.5,1.0,0.5,0.5,1.0,0.8,0.5,0.0,0.3,1.8,1.5,,0,0,1
371.0,Clifford Lett,24.0,CHI,PG,4.0,0.0,28.0,-9.0,0.25,0.0,0.0,0.0,0.0,0.0,4.4,0.0,0.0,20.0,15.3,-0.1,0.0,-0.1,-0.203,-16.3,-5.4,-21.7,-0.1,,1989,370.0,24.0,CHI,PG,4.0,0.0,7.0,0.5,2.0,0.25,0.0,0.0,,0.5,2.0,0.25,0.25,0.0,0.0,,0.0,0.0,0.0,0.3,0.0,0.0,0.5,2.0,1.0,,0,0,1
372.0,Jay Edwards,21.0,LAC,SG,4.0,0.0,26.0,7.8,0.421,0.286,0.429,4.5,4.3,4.4,21.3,1.9,0.0,10.7,15.0,0.0,0.0,0.0,0.022,-3.3,-0.8,-4.0,0.0,,1989,345.0,21.0,LAC,SG,4.0,0.0,6.5,0.8,1.8,0.429,0.0,0.5,0.0,0.8,1.3,0.6,0.429,0.3,0.8,0.333,0.3,0.3,0.5,1.0,0.3,0.0,0.3,1.0,1.8,,0,0,1
375.0,Dexter Shouse,26.0,PHI,PG,3.0,0.0,18.0,-6.8,0.0,0.25,0.0,0.0,0.0,0.0,12.8,2.8,3.4,33.3,14.1,-0.1,0.0,-0.1,-0.281,-11.6,-0.4,-12.0,0.0,,1989,380.0,26.0,PHI,PG,3.0,0.0,6.0,0.0,1.3,0.0,0.0,0.3,0.0,0.0,1.0,0.0,0.0,0.0,0.0,,0.0,0.0,0.0,0.7,0.3,0.3,0.7,0.7,0.0,,0,0,1
376.0,Haywoode Workman,24.0,ATL,PG,6.0,0.0,16.0,26.1,0.773,0.0,0.667,0.0,22.2,10.8,16.9,9.4,0.0,0.0,10.2,0.1,0.0,0.1,0.357,-0.2,13.8,13.6,0.1,,1989,371.0,24.0,ATL,PG,6.0,0.0,2.7,0.3,0.5,0.667,0.0,0.0,,0.3,0.5,0.667,0.667,0.3,0.3,1.0,0.0,0.5,0.5,0.3,0.5,0.0,0.0,0.5,1.0,,0,0,1
378.0,Torgeir Bryn,25.0,LAC,C,3.0,0.0,10.0,9.1,0.431,0.0,3.0,0.0,22.6,11.4,0.0,9.7,6.0,17.7,23.6,0.0,0.0,0.0,0.065,-13.3,7.3,-6.0,0.0,,1989,360.0,25.0,LAC,C,3.0,0.0,3.3,0.0,0.7,0.0,0.0,0.0,,0.0,0.7,0.0,0.0,1.3,2.0,0.667,0.0,0.7,0.7,0.0,0.7,0.3,0.3,1.7,1.3,,0,0,1
380.0,Gary Voce,24.0,CLE,PF,1.0,0.0,4.0,19.2,0.333,0.0,0.0,55.5,0.0,28.0,0.0,0.0,0.0,0.0,32.5,0.0,0.0,0.0,0.031,5.2,-12.1,-6.9,0.0,,1989,340.0,24.0,CLE,PF,1.0,0.0,4.0,1.0,3.0,0.333,0.0,0.0,,1.0,3.0,0.333,0.333,0.0,0.0,,2.0,0.0,2.0,0.0,0.0,0.0,0.0,0.0,2.0,,0,0,1
19.0,Lionel Simmons,22.0,SAC,SF,79.0,79.0,2978.0,15.4,0.476,0.008,0.334,7.2,19.7,13.3,17.7,1.9,1.8,13.4,25.3,-0.9,3.6,2.7,0.044,-0.5,0.1,-0.4,1.2,ROY-2,1990,43.0,22.0,SAC,SF,79.0,79.0,37.7,6.9,16.5,0.422,0.0,0.1,0.273,6.9,16.3,0.423,0.423,4.1,5.5,0.736,2.4,6.4,8.8,4.0,1.4,1.1,2.9,3.2,18.0,ROY-2,1,1,1
52.0,Derrick Coleman,23.0,NJN,PF,74.0,68.0,2602.0,17.6,0.527,0.035,0.402,10.4,20.5,15.3,9.8,1.3,2.2,14.4,23.3,2.4,3.4,5.8,0.108,0.7,-0.3,0.4,1.5,ROY-1,1990,38.0,23.0,NJN,PF,74.0,68.0,35.2,6.9,14.9,0.467,0.2,0.5,0.342,6.8,14.4,0.472,0.473,4.4,6.0,0.731,3.6,6.6,10.3,2.2,1.0,1.3,2.9,2.9,18.4,ROY-1,1,1,1
85.0,Dennis Scott,22.0,ORL,SG,82.0,73.0,2336.0,13.0,0.504,0.282,0.172,2.8,8.3,5.5,9.3,1.3,0.6,9.1,24.4,1.4,1.2,2.6,0.054,-0.2,-1.3,-1.5,0.3,ROY-3,1990,71.0,22.0,ORL,SG,82.0,73.0,28.5,6.1,14.4,0.425,1.5,4.1,0.374,4.6,10.4,0.445,0.478,1.9,2.5,0.75,0.8,2.1,2.9,1.6,0.8,0.3,1.5,2.5,15.7,ROY-3,1,1,1
96.0,Gary Payton,22.0,SEA,PG,82.0,82.0,2244.0,13.2,0.476,0.023,0.169,5.7,7.3,6.5,30.8,3.7,0.4,22.6,14.9,1.0,2.4,3.4,0.073,-0.5,1.3,0.8,1.6,,1990,191.0,22.0,SEA,PG,82.0,82.0,27.4,3.2,7.0,0.45,0.0,0.2,0.077,3.1,6.9,0.459,0.451,0.8,1.2,0.711,1.3,1.6,3.0,6.4,2.0,0.2,2.2,3.0,7.2,,1,2,1
109.0,Travis Mays,22.0,SAC,PG,64.0,55.0,2145.0,12.3,0.526,0.272,0.457,2.8,6.7,4.7,18.3,1.9,0.3,15.5,21.0,0.8,1.3,2.1,0.047,-0.8,-1.1,-1.9,0.0,,1990,84.0,22.0,SAC,PG,64.0,55.0,33.5,4.6,11.3,0.406,1.1,3.1,0.365,3.5,8.2,0.421,0.456,4.0,5.2,0.77,0.8,1.9,2.8,4.0,1.3,0.2,2.5,2.6,14.3,,1,2,1
114.0,Felton Spencer,23.0,MIN,C,81.0,46.0,2099.0,13.8,0.581,0.003,0.661,14.1,21.8,17.7,1.6,1.2,3.7,13.5,11.7,3.5,2.1,5.6,0.128,-2.3,-0.4,-2.6,-0.3,,1990,194.0,23.0,MIN,C,81.0,46.0,25.9,2.4,4.7,0.512,0.0,0.0,0.0,2.4,4.7,0.513,0.512,2.2,3.1,0.722,3.4,4.6,7.9,0.3,0.6,1.5,1.0,4.2,7.1,,1,2,1
129.0,Dee Brown,22.0,BOS,PG,82.0,5.0,1945.0,13.2,0.523,0.056,0.257,2.5,7.4,5.2,22.5,2.1,0.4,16.7,17.7,1.8,1.8,3.5,0.087,-0.9,0.0,-0.9,0.5,ROY-4,1990,162.0,22.0,BOS,PG,82.0,5.0,23.7,3.5,7.5,0.464,0.1,0.4,0.206,3.4,7.0,0.479,0.47,1.7,1.9,0.873,0.5,1.7,2.2,4.2,1.0,0.2,1.7,2.0,8.7,ROY-4,1,1,1
130.0,Kendall Gill,22.0,CHH,SG,82.0,36.0,1944.0,15.4,0.494,0.017,0.218,6.0,9.6,7.8,24.5,2.6,1.2,15.1,23.6,0.2,1.6,1.8,0.044,0.3,0.4,0.7,1.3,,1990,130.0,22.0,CHH,SG,82.0,36.0,23.7,4.6,10.2,0.45,0.0,0.2,0.143,4.6,10.0,0.455,0.451,1.9,2.2,0.835,1.3,1.9,3.2,3.7,1.3,0.5,2.0,2.3,11.0,,1,1,1
136.0,Willie Burton,22.0,MIA,SF,76.0,26.0,1928.0,11.5,0.507,0.039,0.379,6.3,8.9,7.6,8.5,1.8,0.8,13.8,22.1,0.5,1.6,2.1,0.052,-2.8,-0.7,-3.4,-0.7,,1990,119.0,22.0,MIA,SF,76.0,26.0,25.4,4.5,10.2,0.441,0.1,0.4,0.133,4.4,9.8,0.454,0.444,3.0,3.9,0.782,1.5,2.0,3.4,1.4,0.9,0.3,1.9,3.6,12.0,,1,2,1
153.0,Duane Causwell,22.0,SAC,C,76.0,55.0,1719.0,13.0,0.541,0.0,0.4,9.1,16.9,12.9,6.1,1.4,5.5,16.5,14.8,0.6,2.2,2.8,0.079,-2.7,1.3,-1.4,0.3,,1990,198.0,22.0,SAC,C,76.0,55.0,22.6,2.8,5.4,0.508,0.0,0.0,,2.8,5.4,0.508,0.508,1.4,2.2,0.636,1.9,3.3,5.1,0.9,0.6,1.9,1.3,3.0,6.9,,0,0,1
160.0,Danny Ferry,24.0,CLE,PF,81.0,2.0,1661.0,10.9,0.491,0.12,0.236,6.9,13.0,10.0,13.0,1.3,0.9,14.5,21.8,-0.4,1.3,1.0,0.028,-2.9,-1.0,-4.0,-0.8,,1990,165.0,24.0,CLE,PF,81.0,2.0,20.5,3.4,7.9,0.428,0.3,1.0,0.299,3.1,7.0,0.445,0.446,1.5,1.9,0.816,1.2,2.3,3.5,1.8,0.5,0.3,1.5,2.8,8.6,,0,0,1
173.0,Mahmoud Abdul-Rauf,21.0,DEN,PG,67.0,19.0,1505.0,12.2,0.448,0.099,0.097,1.9,6.0,3.8,19.2,1.5,0.1,9.5,27.2,-0.7,-0.3,-1.0,-0.031,-2.0,-3.0,-5.0,-1.1,,1990,86.0,21.0,DEN,PG,67.0,19.0,22.5,6.2,15.1,0.413,0.4,1.5,0.24,5.9,13.6,0.432,0.425,1.3,1.5,0.857,0.5,1.3,1.8,3.1,0.8,0.1,1.6,2.2,14.1,,1,2,1
181.0,A.J. English,23.0,WSB,SG,70.0,12.0,1443.0,10.6,0.48,0.054,0.274,5.0,6.2,5.6,18.0,0.9,0.6,15.1,21.8,-0.5,0.7,0.2,0.008,-2.1,-1.9,-3.9,-0.7,,1990,159.0,23.0,WSB,SG,70.0,12.0,20.6,3.6,8.2,0.439,0.0,0.4,0.097,3.5,7.7,0.458,0.441,1.6,2.2,0.707,0.9,1.2,2.1,2.5,0.4,0.2,1.6,1.8,8.8,,0,0,1
194.0,Bimbo Coles,22.0,MIA,PG,82.0,9.0,1355.0,10.4,0.461,0.087,0.242,4.5,8.1,6.3,24.1,2.3,0.5,18.4,16.0,-0.1,1.2,1.1,0.038,-2.7,0.3,-2.3,-0.1,,1990,247.0,22.0,MIA,PG,82.0,9.0,16.5,2.0,4.8,0.412,0.1,0.4,0.176,1.9,4.4,0.435,0.42,0.9,1.2,0.747,0.7,1.2,1.9,2.8,0.8,0.1,1.2,1.8,4.9,,0,0,1
199.0,Alec Kessler,24.0,MIA,C,78.0,18.0,1259.0,8.4,0.462,0.009,0.28,10.0,20.0,14.9,3.7,0.7,1.3,17.0,20.5,-1.4,1.2,-0.1,-0.005,-5.4,-2.0,-7.5,-1.7,,1990,210.0,24.0,MIA,C,78.0,18.0,16.1,2.6,6.0,0.425,0.0,0.1,0.0,2.6,5.9,0.429,0.425,1.1,1.7,0.672,1.5,2.8,4.3,0.4,0.2,0.3,1.4,2.4,6.2,,0,0,1
204.0,Tyrone Hill,22.0,GSW,PF,74.0,22.0,1192.0,10.5,0.533,0.0,0.508,14.5,20.9,17.7,2.1,1.3,1.5,16.4,14.7,0.9,1.1,2.1,0.084,-3.3,-1.4,-4.7,-0.8,,1990,236.0,22.0,GSW,PF,74.0,22.0,16.1,2.0,4.0,0.492,0.0,0.0,,2.0,4.0,0.492,0.492,1.3,2.1,0.632,2.1,3.1,5.2,0.3,0.4,0.4,1.0,3.6,5.3,,0,0,1
205.0,Gerald Paddio,25.0,CLE,SF,70.0,22.0,1181.0,9.3,0.461,0.047,0.184,3.7,7.8,5.8,11.9,0.9,0.3,11.5,22.8,-0.9,0.5,-0.4,-0.018,-3.7,-2.7,-6.5,-1.3,,1990,190.0,25.0,CLE,SF,70.0,22.0,16.9,3.0,7.2,0.419,0.1,0.3,0.25,2.9,6.9,0.427,0.425,1.1,1.3,0.796,0.5,1.1,1.7,1.3,0.3,0.1,1.0,1.0,7.2,,0,0,1
207.0,Loy Vaught,22.0,LAC,PF,73.0,0.0,1178.0,12.1,0.51,0.006,0.206,11.1,20.9,16.0,4.8,0.8,1.2,11.1,15.2,0.8,1.4,2.2,0.091,-2.0,-0.9,-2.9,-0.3,,1990,229.0,22.0,LAC,PF,73.0,0.0,16.1,2.4,4.9,0.487,0.0,0.0,0.0,2.4,4.9,0.49,0.487,0.7,1.0,0.662,1.7,3.1,4.8,0.5,0.3,0.3,0.7,1.8,5.5,,0,0,1
209.0,Marcus Liberty,22.0,DEN,SF,76.0,18.0,1171.0,10.4,0.458,0.111,0.179,8.6,9.3,8.9,6.8,1.7,0.9,11.4,18.8,-0.1,0.1,-0.1,-0.004,-2.4,-2.1,-4.5,-0.7,,1990,204.0,22.0,DEN,SF,76.0,18.0,15.4,2.8,6.8,0.421,0.2,0.8,0.298,2.6,6.0,0.436,0.438,0.8,1.2,0.63,1.5,1.4,2.9,0.8,0.6,0.3,0.9,2.0,6.7,,0,0,1
214.0,Anthony Cook,23.0,DEN,PF,58.0,25.0,1121.0,10.7,0.452,0.011,0.456,10.3,17.9,13.7,2.6,1.3,3.4,12.8,12.3,0.0,0.5,0.5,0.022,-2.8,-1.2,-3.9,-0.6,,1990,234.0,23.0,DEN,PF,58.0,25.0,19.3,2.0,4.9,0.417,0.0,0.1,0.0,2.0,4.8,0.421,0.417,1.2,2.2,0.55,2.3,3.3,5.6,0.4,0.6,1.2,0.9,1.7,5.3,,0,0,1
229.0,Bo Kimble,24.0,LAC,SG,62.0,22.0,1004.0,7.7,0.456,0.156,0.285,4.4,8.4,6.4,10.8,1.4,0.5,14.1,22.1,-0.8,0.8,0.0,0.0,-4.9,-1.0,-5.9,-1.0,,1990,200.0,24.0,LAC,SG,62.0,22.0,16.2,2.6,6.7,0.38,0.3,1.0,0.292,2.3,5.7,0.397,0.403,1.5,1.9,0.773,0.7,1.2,1.9,1.2,0.5,0.1,1.2,2.5,6.9,,0,0,1
246.0,Jud Buechler,22.0,NJN,SF,74.0,10.0,859.0,10.0,0.455,0.018,0.292,7.2,10.2,8.6,8.2,1.9,1.0,9.3,13.1,0.4,0.8,1.2,0.065,-2.3,0.2,-2.1,0.0,,1990,317.0,22.0,NJN,SF,74.0,10.0,11.6,1.3,3.1,0.416,0.0,0.1,0.25,1.3,3.0,0.419,0.418,0.6,0.9,0.652,0.8,1.1,1.9,0.7,0.4,0.2,0.4,1.1,3.1,,0,0,1
250.0,Jerrod Mustaf,21.0,NYK,PF,62.0,5.0,825.0,8.3,0.503,0.004,0.382,7.3,16.1,11.8,6.2,0.9,1.0,18.6,17.3,-0.4,0.8,0.4,0.022,-4.4,-0.6,-5.0,-0.6,,1990,276.0,21.0,NYK,PF,62.0,5.0,13.3,1.7,3.7,0.465,0.0,0.0,0.0,1.7,3.7,0.467,0.465,0.9,1.4,0.644,0.8,1.9,2.7,0.6,0.2,0.2,1.0,1.8,4.3,,0,0,1
252.0,Terry Mills,23.0,2TM,PF,55.0,2.0,819.0,13.6,0.497,0.014,0.229,9.5,19.3,14.1,5.5,1.9,2.0,11.9,16.8,0.4,0.9,1.3,0.078,-2.1,-0.5,-2.7,-0.1,,1990,219.0,23.0,2TM,PF,55.0,2.0,14.9,2.4,5.2,0.465,0.0,0.1,0.0,2.4,5.2,0.472,0.465,0.9,1.2,0.712,1.5,2.7,4.2,0.6,0.6,0.5,0.8,1.8,5.7,,0,0,1
254.0,Brian Oliver,22.0,PHI,SG,73.0,4.0,800.0,9.9,0.46,0.066,0.261,2.6,8.5,5.6,16.2,2.1,0.3,14.2,19.3,-0.5,0.6,0.2,0.01,-4.0,-0.5,-4.4,-0.5,,1990,296.0,22.0,PHI,SG,73.0,4.0,11.0,1.5,3.7,0.408,0.1,0.2,0.278,1.5,3.5,0.417,0.417,0.7,1.0,0.732,0.2,0.8,1.1,1.2,0.5,0.1,0.7,1.0,3.8,,0,0,1
255.0,Negele Knight,23.0,PHO,PG,64.0,6.0,792.0,12.1,0.471,0.081,0.383,2.9,6.7,4.9,32.6,1.2,0.5,17.4,22.4,0.0,0.6,0.6,0.037,-0.9,-1.7,-2.7,-0.1,,1990,237.0,23.0,PHO,PG,64.0,6.0,12.4,2.0,4.8,0.425,0.1,0.4,0.24,2.0,4.4,0.442,0.435,1.1,1.8,0.602,0.3,0.8,1.1,3.0,0.3,0.1,1.2,1.3,5.3,,0,0,1
257.0,Kevin Pritchard,23.0,GSW,PG,62.0,1.0,773.0,6.9,0.462,0.135,0.336,2.3,7.0,4.6,13.3,1.8,0.6,18.3,16.6,-0.5,0.4,-0.2,-0.012,-4.2,-0.8,-5.0,-0.6,,1990,290.0,23.0,GSW,PG,62.0,1.0,12.5,1.4,3.7,0.384,0.1,0.5,0.161,1.3,3.2,0.419,0.395,1.0,1.2,0.805,0.3,0.8,1.0,1.3,0.5,0.1,1.0,1.7,3.9,,0,0,1
260.0,Anthony Bonner,22.0,SAC,PF,34.0,6.0,750.0,12.2,0.474,0.0,0.33,8.7,15.8,12.2,10.1,2.6,0.4,13.5,17.7,-0.2,0.8,0.7,0.044,-1.9,-0.2,-2.1,0.0,,1990,184.0,22.0,SAC,PF,34.0,6.0,22.1,3.0,6.8,0.448,0.0,0.0,,3.0,6.8,0.448,0.448,1.3,2.2,0.579,1.7,3.0,4.7,1.4,1.1,0.1,1.2,1.8,7.4,,0,0,1
263.0,Cedric Ceballos,21.0,PHO,SF,63.0,0.0,730.0,17.8,0.527,0.014,0.396,12.1,10.4,11.2,7.7,1.4,0.4,12.3,31.3,0.6,0.7,1.3,0.085,0.3,-2.5,-2.1,0.0,,1990,170.0,21.0,PHO,SF,63.0,0.0,11.6,3.2,6.7,0.487,0.0,0.1,0.167,3.2,6.6,0.492,0.488,1.7,2.6,0.663,1.2,1.2,2.4,0.6,0.3,0.1,1.1,1.1,8.2,,0,0,1
265.0,Tony Smith,22.0,LAL,SG,64.0,1.0,695.0,10.9,0.477,0.032,0.259,4.2,7.5,5.9,27.6,2.1,1.0,22.0,19.7,-0.3,0.8,0.5,0.037,-2.6,0.4,-2.2,0.0,,1990,299.0,22.0,LAL,SG,64.0,1.0,10.9,1.5,3.4,0.441,0.0,0.1,0.0,1.5,3.3,0.455,0.441,0.6,0.9,0.702,0.4,0.7,1.1,2.1,0.4,0.2,1.1,1.3,3.7,,0,0,1
266.0,Steve Henson,22.0,MIL,PG,68.0,0.0,690.0,11.5,0.516,0.286,0.222,2.4,6.5,4.4,26.2,2.3,0.0,17.2,15.6,0.7,0.6,1.2,0.085,-1.5,-0.1,-1.6,0.1,,1990,320.0,22.0,MIL,PG,68.0,0.0,10.1,1.2,2.8,0.418,0.3,0.8,0.333,0.9,2.0,0.452,0.466,0.6,0.6,0.905,0.2,0.5,0.8,1.9,0.5,0.0,0.6,1.2,3.1,,0,0,1
268.0,Rick Calloway,24.0,SAC,SG,64.0,0.0,678.0,6.6,0.452,0.01,0.411,4.1,9.1,6.5,13.4,1.6,0.7,18.4,17.9,-0.8,0.4,-0.3,-0.025,-5.7,-0.9,-6.6,-0.8,,1990,314.0,24.0,SAC,SG,64.0,0.0,10.6,1.2,3.0,0.391,0.0,0.0,0.0,1.2,3.0,0.395,0.391,0.9,1.2,0.696,0.4,0.8,1.2,1.0,0.3,0.1,0.8,1.5,3.2,,0,0,1
269.0,Rumeal Robinson,24.0,ATL,PG,47.0,16.0,674.0,11.7,0.478,0.045,0.331,3.1,8.5,5.8,28.5,2.3,0.7,21.5,21.6,-0.5,0.5,-0.1,-0.004,-2.1,-0.9,-3.0,-0.2,,1990,225.0,24.0,ATL,PG,47.0,16.0,14.3,2.3,5.1,0.446,0.0,0.2,0.182,2.3,4.9,0.459,0.45,1.0,1.7,0.588,0.4,1.1,1.5,2.8,0.7,0.2,1.6,1.4,5.6,,0,0,1
271.0,Mario Elie,27.0,2TM,SF,33.0,0.0,644.0,12.9,0.598,0.063,0.56,7.9,10.9,9.4,9.0,1.4,0.9,13.1,14.2,1.3,0.3,1.6,0.122,0.3,-0.5,-0.2,0.3,,1990,188.0,27.0,2TM,SF,33.0,0.0,19.5,2.4,4.8,0.497,0.1,0.3,0.4,2.3,4.5,0.503,0.509,2.3,2.7,0.843,1.4,1.9,3.3,1.4,0.6,0.3,0.9,2.6,7.2,,0,0,1
272.0,Kennard Winchester,24.0,HOU,SF,64.0,1.0,607.0,8.8,0.451,0.082,0.184,6.0,5.8,5.9,5.9,1.3,1.3,10.2,20.0,-0.1,0.6,0.5,0.038,-3.5,-0.6,-4.1,-0.3,,1990,300.0,24.0,HOU,SF,64.0,1.0,9.5,1.5,3.8,0.4,0.1,0.3,0.4,1.4,3.5,0.4,0.416,0.5,0.7,0.778,0.5,0.5,1.0,0.4,0.3,0.2,0.5,1.1,3.7,,0,0,1
273.0,Greg Foster,22.0,WSB,PF,54.0,3.0,606.0,10.9,0.496,0.024,0.289,9.3,17.9,13.6,8.8,1.0,2.1,15.9,19.5,-0.1,0.7,0.6,0.046,-4.2,-0.3,-4.4,-0.4,,1990,269.0,22.0,WSB,PF,54.0,3.0,11.2,1.8,3.9,0.46,0.0,0.1,0.0,1.8,3.8,0.471,0.46,0.8,1.1,0.689,1.0,1.8,2.8,0.7,0.2,0.4,0.8,2.1,4.4,,0,0,1
274.0,Gerald Glass,23.0,MIN,SF,51.0,3.0,606.0,15.9,0.471,0.05,0.224,9.7,9.8,9.8,12.1,2.4,0.9,9.9,29.4,0.1,0.4,0.5,0.036,-0.2,-1.4,-1.6,0.1,,1990,199.0,23.0,MIN,SF,51.0,3.0,11.9,2.9,6.7,0.438,0.0,0.3,0.118,2.9,6.3,0.455,0.441,1.0,1.5,0.684,1.1,0.9,2.0,0.8,0.5,0.2,0.8,1.5,6.9,,0,0,1
275.0,Tate George,22.0,NJN,PG,56.0,11.0,594.0,10.5,0.456,0.01,0.207,3.2,5.1,4.1,25.0,2.0,0.5,16.6,17.1,0.0,0.4,0.4,0.032,-2.7,-0.9,-3.6,-0.2,,1990,310.0,22.0,NJN,PG,56.0,11.0,10.6,1.4,3.4,0.415,0.0,0.0,0.0,1.4,3.4,0.419,0.415,0.6,0.7,0.8,0.3,0.5,0.8,1.9,0.4,0.1,0.8,1.0,3.4,,0,0,1
282.0,Kenny Williams,21.0,IND,PF,75.0,0.0,527.0,13.9,0.547,0.017,0.279,12.6,15.8,14.3,8.5,1.0,3.5,16.9,19.3,0.4,0.4,0.7,0.068,-1.6,-0.9,-2.5,-0.1,,1990,327.0,21.0,IND,PF,75.0,0.0,7.0,1.2,2.4,0.52,0.0,0.0,0.0,1.2,2.3,0.528,0.52,0.5,0.7,0.68,0.7,1.0,1.7,0.4,0.1,0.4,0.5,1.1,2.9,,0,0,1
285.0,Jayson Williams,22.0,PHI,PF,52.0,1.0,508.0,8.0,0.49,0.012,0.348,9.3,15.2,12.3,4.7,0.9,0.7,17.7,19.4,-0.4,0.4,0.1,0.006,-5.8,-1.9,-7.7,-0.7,,1990,308.0,22.0,PHI,PF,52.0,1.0,9.8,1.4,3.1,0.447,0.0,0.0,0.5,1.4,3.1,0.447,0.45,0.7,1.1,0.661,0.8,1.3,2.1,0.3,0.2,0.1,0.8,1.8,3.5,,0,0,1
286.0,Henry James,25.0,CLE,PF,37.0,4.0,505.0,14.7,0.525,0.236,0.283,6.0,12.1,9.1,10.6,1.5,0.6,11.5,27.9,0.2,0.4,0.6,0.053,-0.1,-2.0,-2.1,0.0,,1990,173.0,25.0,CLE,PF,37.0,4.0,13.6,3.0,6.9,0.441,0.6,1.6,0.4,2.4,5.2,0.454,0.488,1.4,1.9,0.722,0.7,1.4,2.1,0.9,0.4,0.1,1.0,1.6,8.1,,0,0,1
290.0,Andy Toolson,25.0,UTA,SF,47.0,15.0,470.0,8.4,0.495,0.258,0.266,8.6,8.2,8.4,9.3,1.5,0.3,14.8,15.3,0.1,0.5,0.6,0.057,-2.7,-0.1,-2.8,-0.1,,1990,326.0,25.0,UTA,SF,47.0,15.0,10.0,1.1,2.6,0.403,0.3,0.7,0.375,0.8,2.0,0.413,0.452,0.5,0.7,0.758,0.7,0.7,1.4,0.7,0.3,0.0,0.5,1.2,2.9,,0,0,1
291.0,Sean Higgins,22.0,SAS,SF,50.0,0.0,464.0,9.1,0.497,0.09,0.156,4.5,10.2,7.5,11.6,0.8,0.1,17.8,24.8,-0.5,0.5,0.0,0.0,-4.4,-2.1,-6.5,-0.5,,1990,265.0,22.0,SAS,SF,50.0,0.0,9.3,1.9,4.2,0.458,0.1,0.4,0.158,1.9,3.9,0.487,0.465,0.6,0.7,0.848,0.4,0.9,1.3,0.7,0.2,0.0,1.0,1.1,4.5,,0,0,1
294.0,Larry Robinson,23.0,2TM,SG,36.0,10.0,425.0,7.6,0.429,0.007,0.18,7.5,5.7,6.6,11.4,1.8,0.1,14.3,18.2,-0.4,0.2,-0.1,-0.016,-3.8,-0.9,-4.8,-0.3,,1990,288.0,23.0,2TM,SG,36.0,10.0,11.8,1.7,4.2,0.413,0.0,0.0,0.0,1.7,4.1,0.416,0.413,0.4,0.8,0.556,0.8,0.6,1.4,1.0,0.4,0.0,0.8,1.4,3.9,,0,0,1
295.0,Dwayne Schintzius,22.0,SAS,C,42.0,7.0,398.0,10.1,0.458,0.013,0.258,8.2,24.5,16.8,6.2,0.2,4.4,16.5,21.6,-0.5,0.8,0.2,0.027,-5.6,0.6,-5.0,-0.3,,1990,297.0,22.0,SAS,C,42.0,7.0,9.5,1.6,3.7,0.439,0.0,0.0,0.0,1.6,3.6,0.444,0.439,0.5,1.0,0.55,0.7,2.2,2.9,0.4,0.0,0.7,0.8,1.5,3.8,,0,0,1
298.0,Elden Campbell,22.0,LAL,PF,52.0,0.0,380.0,14.5,0.498,0.0,0.398,12.8,16.4,14.7,3.8,1.5,5.9,10.0,18.4,0.4,0.7,1.1,0.135,-3.0,1.6,-1.4,0.1,,1990,329.0,22.0,LAL,PF,52.0,0.0,7.3,1.1,2.4,0.455,0.0,0.0,,1.1,2.4,0.455,0.455,0.6,0.9,0.653,0.8,1.1,1.8,0.2,0.2,0.7,0.3,1.4,2.8,,0,0,1
305.0,Scott Williams,22.0,CHI,PF,51.0,0.0,337.0,14.7,0.546,0.019,0.269,14.9,19.3,17.1,6.2,1.8,2.4,16.5,17.7,0.4,0.5,0.9,0.129,-2.2,-0.5,-2.7,-0.1,,1990,334.0,22.0,CHI,PF,51.0,0.0,6.6,1.0,2.0,0.51,0.0,0.0,0.5,1.0,2.0,0.51,0.514,0.4,0.5,0.714,0.8,1.1,1.9,0.3,0.2,0.3,0.5,1.0,2.5,,0,0,1
307.0,Richard Coffey,25.0,MIN,SF,52.0,1.0,320.0,7.9,0.402,0.013,0.293,14.3,14.4,14.3,1.3,1.0,0.8,5.6,12.1,0.1,0.1,0.2,0.037,-3.9,-3.1,-7.0,-0.4,,1990,373.0,25.0,MIN,SF,52.0,1.0,6.2,0.5,1.4,0.373,0.0,0.0,0.0,0.5,1.4,0.378,0.373,0.2,0.4,0.545,0.8,0.7,1.5,0.1,0.1,0.1,0.1,0.9,1.3,,0,0,1
311.0,Alaa Abdelnaby,22.0,POR,PF,43.0,0.0,290.0,13.1,0.499,0.0,0.379,10.4,23.4,17.0,5.8,0.7,2.5,14.0,22.1,0.0,0.5,0.5,0.079,-3.4,-1.2,-4.6,-0.2,,1990,316.0,22.0,POR,PF,43.0,0.0,6.7,1.3,2.7,0.474,0.0,0.0,,1.3,2.7,0.474,0.474,0.6,1.0,0.568,0.6,1.4,2.1,0.3,0.1,0.3,0.5,0.9,3.1,,0,0,1
312.0,Keith Askins,23.0,MIA,SF,39.0,1.0,266.0,13.5,0.467,0.309,0.309,12.4,16.2,14.3,10.2,2.9,3.0,10.7,15.8,0.2,0.4,0.6,0.103,-1.1,1.0,-0.2,0.1,,1990,341.0,23.0,MIA,SF,39.0,1.0,6.8,0.9,2.1,0.42,0.2,0.6,0.24,0.7,1.4,0.5,0.457,0.3,0.6,0.48,0.8,1.0,1.7,0.5,0.4,0.3,0.3,1.2,2.2,,0,0,1
313.0,Kurk Lee,23.0,NJN,PG,48.0,0.0,265.0,5.6,0.396,0.211,0.394,2.7,9.5,5.9,16.8,2.0,0.4,19.4,15.7,-0.3,0.2,-0.1,-0.013,-6.4,0.1,-6.3,-0.3,,1990,370.0,23.0,NJN,PG,48.0,0.0,5.5,0.4,1.5,0.268,0.1,0.3,0.2,0.3,1.2,0.286,0.289,0.5,0.6,0.893,0.1,0.5,0.6,0.7,0.2,0.0,0.4,0.8,1.4,,0,0,1
314.0,Alan Ogg,23.0,MIA,C,31.0,1.0,261.0,7.4,0.455,0.036,0.182,6.3,14.8,10.5,1.0,1.1,6.3,11.9,10.5,-0.1,0.3,0.3,0.053,-6.5,1.2,-5.2,-0.2,,1990,362.0,23.0,MIA,C,31.0,1.0,8.4,0.8,1.8,0.436,0.0,0.1,0.0,0.8,1.7,0.453,0.436,0.2,0.3,0.6,0.5,1.1,1.6,0.1,0.2,0.9,0.3,1.7,1.7,,0,0,1
320.0,Steve Scheffler,23.0,CHH,C,39.0,0.0,227.0,12.4,0.612,0.0,0.538,10.3,12.5,11.4,5.3,1.3,0.5,7.7,9.8,0.5,0.1,0.6,0.132,-0.2,-0.9,-1.1,0.0,,1990,368.0,23.0,CHH,C,39.0,0.0,5.8,0.5,1.0,0.513,0.0,0.0,,0.5,1.0,0.513,0.513,0.5,0.5,0.905,0.5,0.6,1.2,0.2,0.2,0.1,0.1,0.5,1.5,,0,0,1
325.0,Lance Blanks,24.0,DET,SG,38.0,0.0,214.0,7.5,0.476,0.262,0.23,2.1,8.6,5.3,17.7,2.2,0.6,21.1,17.5,-0.2,0.3,0.1,0.027,-5.5,1.4,-4.1,-0.1,,1990,359.0,24.0,DET,SG,38.0,0.0,5.6,0.7,1.6,0.426,0.1,0.4,0.125,0.6,1.2,0.533,0.443,0.3,0.4,0.714,0.1,0.4,0.5,0.7,0.2,0.1,0.5,0.9,1.7,,0,0,1
326.0,Dave Jamerson,23.0,HOU,SG,37.0,0.0,202.0,12.2,0.452,0.168,0.239,4.8,11.0,7.9,20.8,1.4,0.3,13.8,29.5,-0.1,0.2,0.1,0.026,-2.7,-1.0,-3.6,-0.1,,1990,321.0,23.0,HOU,SG,37.0,0.0,5.5,1.2,3.1,0.381,0.1,0.5,0.263,1.0,2.5,0.404,0.403,0.6,0.7,0.815,0.2,0.6,0.8,0.7,0.2,0.0,0.5,0.6,3.1,,0,0,1
330.0,Jim Grandholm,30.0,DAL,PF,26.0,0.0,168.0,16.5,0.587,0.293,0.362,13.6,20.3,17.0,7.4,0.6,3.0,14.1,20.6,0.3,0.2,0.4,0.123,0.3,-1.1,-0.9,0.0,,1990,323.0,30.0,DAL,PF,26.0,0.0,6.5,1.2,2.2,0.517,0.3,0.7,0.529,0.8,1.6,0.512,0.595,0.4,0.8,0.476,0.8,1.2,1.9,0.3,0.1,0.3,0.4,1.3,3.0,,0,0,1
331.0,Stojko Vranković,27.0,BOS,C,31.0,0.0,166.0,8.8,0.484,0.0,0.346,10.9,22.1,16.9,3.1,0.3,10.0,28.6,21.3,-0.4,0.3,-0.1,-0.026,-9.5,1.9,-7.6,-0.2,,1990,351.0,27.0,BOS,C,31.0,0.0,5.4,0.8,1.7,0.462,0.0,0.0,,0.8,1.7,0.462,0.462,0.3,0.6,0.556,0.5,1.2,1.6,0.1,0.0,0.9,0.8,1.4,1.9,,0,0,1
332.0,Howard Wright,23.0,3TM,PF,15.0,0.0,164.0,8.7,0.469,0.021,0.511,7.8,22.6,15.0,2.5,1.2,1.8,16.0,17.1,-0.1,0.2,0.1,0.023,-4.9,-0.6,-5.5,-0.1,,1990,301.0,23.0,3TM,PF,15.0,0.0,10.9,1.3,3.1,0.404,0.0,0.1,0.0,1.3,3.1,0.413,0.404,1.1,1.6,0.667,0.8,2.2,3.0,0.2,0.3,0.3,0.7,1.9,3.6,,0,0,1
333.0,Trevor Wilson,22.0,ATL,PF,25.0,0.0,162.0,4.9,0.338,0.029,0.371,10.5,16.7,13.5,9.5,1.5,0.4,17.3,25.1,-0.6,0.1,-0.5,-0.144,-6.3,-3.0,-9.3,-0.3,,1990,345.0,22.0,ATL,PF,25.0,0.0,6.5,0.8,2.8,0.3,0.0,0.1,0.0,0.8,2.7,0.309,0.3,0.5,1.0,0.5,0.6,1.0,1.6,0.4,0.2,0.0,0.7,0.5,2.2,,0,0,1
334.0,Tony Massenburg,23.0,SAS,PF,35.0,0.0,161.0,16.3,0.514,0.0,0.75,16.7,22.8,19.9,3.6,1.2,3.4,14.0,24.0,0.1,0.3,0.4,0.129,-2.5,-0.9,-3.4,-0.1,,1990,340.0,23.0,SAS,PF,35.0,0.0,4.6,0.8,1.7,0.45,0.0,0.0,,0.8,1.7,0.45,0.45,0.8,1.3,0.622,0.7,1.0,1.7,0.1,0.1,0.3,0.4,0.7,2.3,,0,0,1
348.0,Irving Thomas,25.0,LAL,PF,26.0,0.0,108.0,7.3,0.388,0.0,0.42,15.7,17.5,16.7,13.5,1.9,0.5,18.0,29.1,-0.3,0.2,-0.1,-0.057,-8.7,-1.6,-10.3,-0.2,,1990,357.0,25.0,LAL,PF,26.0,0.0,4.2,0.7,1.9,0.34,0.0,0.0,,0.7,1.9,0.34,0.34,0.5,0.8,0.571,0.5,0.7,1.2,0.4,0.2,0.0,0.5,0.9,1.8,,0,0,1
350.0,Les Jepsen,23.0,GSW,C,21.0,0.0,105.0,7.7,0.35,0.028,0.25,17.8,21.0,19.4,1.2,0.4,1.7,7.0,16.3,-0.1,0.1,0.0,0.01,-4.6,-4.5,-9.2,-0.2,,1990,375.0,23.0,GSW,C,21.0,0.0,5.0,0.5,1.7,0.306,0.0,0.0,0.0,0.5,1.7,0.314,0.306,0.3,0.4,0.667,0.8,1.0,1.8,0.0,0.0,0.1,0.1,0.8,1.3,,0,0,1
357.0,Walter Palmer,22.0,UTA,C,28.0,0.0,85.0,8.5,0.388,0.022,0.333,8.9,19.5,14.5,11.1,1.8,2.9,10.4,30.0,-0.2,0.2,-0.1,-0.041,-7.7,-0.2,-7.8,-0.1,,1990,371.0,22.0,UTA,C,28.0,0.0,3.0,0.5,1.6,0.333,0.0,0.0,0.0,0.5,1.6,0.341,0.333,0.4,0.5,0.667,0.2,0.5,0.8,0.2,0.1,0.1,0.2,0.7,1.4,,0,0,1
358.0,Dan O'Sullivan,22.0,UTA,C,21.0,0.0,85.0,6.0,0.504,0.0,0.688,7.4,15.6,11.8,6.4,0.6,0.7,16.1,12.9,0.0,0.1,0.1,0.062,-6.1,-0.5,-6.5,-0.1,,1990,382.0,22.0,UTA,C,21.0,0.0,4.0,0.3,0.8,0.438,0.0,0.0,,0.3,0.8,0.438,0.438,0.3,0.5,0.636,0.2,0.6,0.8,0.2,0.0,0.0,0.2,0.9,1.0,,0,0,1
361.0,Matt Bullard,23.0,HOU,PF,18.0,0.0,63.0,17.2,0.507,0.097,0.548,10.2,13.4,11.8,5.0,2.3,0.0,7.2,27.1,0.1,0.1,0.2,0.147,-1.4,-0.6,-2.0,0.0,,1990,342.0,23.0,HOU,PF,18.0,0.0,3.5,0.8,1.7,0.452,0.0,0.2,0.0,0.8,1.6,0.5,0.452,0.6,0.9,0.647,0.3,0.4,0.8,0.1,0.2,0.0,0.2,0.6,2.2,,0,0,1
364.0,Miloš Babić,22.0,CLE,PF,12.0,0.0,52.0,6.0,0.391,0.0,0.632,13.4,6.7,10.0,10.9,1.0,1.2,17.1,24.6,-0.1,0.0,-0.1,-0.085,-6.7,-4.2,-11.0,-0.1,,1990,364.0,22.0,CLE,PF,12.0,0.0,4.3,0.5,1.6,0.316,0.0,0.0,,0.5,1.6,0.316,0.316,0.6,1.0,0.583,0.5,0.3,0.8,0.3,0.1,0.1,0.4,0.6,1.6,,0,0,1
368.0,Tony Harris,23.0,PHI,SG,6.0,0.0,41.0,-5.0,0.282,0.125,0.25,0.0,2.7,1.4,0.0,1.2,0.0,14.5,22.1,-0.2,0.0,-0.2,-0.248,-12.1,-4.3,-16.4,-0.1,,1990,361.0,23.0,PHI,SG,6.0,0.0,6.8,0.7,2.7,0.25,0.0,0.3,0.0,0.7,2.3,0.286,0.25,0.3,0.7,0.5,0.0,0.2,0.2,0.0,0.2,0.0,0.5,0.8,1.7,,0,0,1
369.0,A.J. Wynder,26.0,BOS,PG,6.0,0.0,39.0,7.6,0.387,0.083,0.667,3.1,5.2,4.2,24.0,1.3,0.0,20.5,21.1,-0.1,0.0,0.0,-0.051,-2.6,-2.7,-5.3,0.0,,1990,348.0,26.0,BOS,PG,6.0,0.0,6.5,0.5,2.0,0.25,0.0,0.2,0.0,0.5,1.8,0.273,0.25,1.0,1.3,0.75,0.2,0.3,0.5,1.3,0.2,0.0,0.7,0.2,2.0,,0,0,1
374.0,Chris Munk,23.0,UTA,PF,11.0,0.0,29.0,14.5,0.529,0.0,1.714,21.7,34.3,28.4,4.9,1.7,4.3,28.9,26.4,0.0,0.1,0.0,0.048,-3.8,0.9,-2.9,0.0,,1990,380.0,23.0,UTA,PF,11.0,0.0,2.6,0.3,0.6,0.429,0.0,0.0,,0.3,0.6,0.429,0.429,0.6,1.1,0.583,0.5,0.8,1.3,0.1,0.1,0.2,0.5,0.5,1.2,,0,0,1
375.0,Cedric Ball,22.0,LAC,PF,7.0,0.0,26.0,10.8,0.45,0.0,0.25,20.4,25.3,22.8,0.0,0.0,4.6,18.4,17.0,0.0,0.0,0.0,0.054,-5.4,-1.4,-6.8,0.0,,1990,381.0,22.0,LAC,PF,7.0,0.0,3.7,0.4,1.1,0.375,0.0,0.0,,0.4,1.1,0.375,0.375,0.3,0.3,1.0,0.7,0.9,1.6,0.0,0.0,0.3,0.3,0.7,1.1,,0,0,1
379.0,Dan Godfread,23.0,MIN,C,10.0,0.0,20.0,20.3,0.472,0.083,0.333,0.0,12.4,5.8,0.0,2.6,12.7,0.0,29.6,0.0,0.0,0.1,0.142,-2.8,3.6,0.8,0.0,,1990,374.0,23.0,MIN,C,10.0,0.0,2.0,0.5,1.2,0.417,0.0,0.1,0.0,0.5,1.1,0.455,0.417,0.3,0.4,0.75,0.0,0.2,0.2,0.0,0.1,0.4,0.0,0.5,1.3,,0,0,1
381.0,Tony Dawson,23.0,SAC,SF,4.0,0.0,17.0,16.0,0.643,0.143,0.0,13.0,0.0,6.7,0.0,0.0,0.0,12.5,20.6,0.0,0.0,0.0,0.06,4.5,-2.8,1.7,0.0,,1990,338.0,23.0,SAC,SF,4.0,0.0,4.3,1.0,1.8,0.571,0.3,0.3,1.0,0.8,1.5,0.5,0.643,0.0,0.0,,0.5,0.0,0.5,0.0,0.0,0.0,0.3,0.0,2.3,,0,0,1
387.0,Ian Lockhart,23.0,PHO,SF,1.0,0.0,2.0,76.3,1.064,0.0,2.0,0.0,0.0,0.0,0.0,0.0,0.0,0.0,38.3,0.0,0.0,0.0,1.084,31.5,8.4,39.9,0.0,,1990,285.0,23.0,PHO,SF,1.0,0.0,2.0,1.0,1.0,1.0,0.0,0.0,,1.0,1.0,1.0,1.0,2.0,2.0,1.0,0.0,0.0,0.0,0.0,0.0,0.0,0.0,0.0,4.0,,0,0,1
18.0,Larry Johnson,22.0,CHH,PF,82.0,77.0,3047.0,18.9,0.548,0.017,0.325,11.2,20.7,15.9,13.5,1.3,1.0,10.0,21.2,6.4,2.5,8.9,0.14,2.4,-1.0,1.4,2.6,ROY-1,1991,31.0,22.0,CHH,PF,82.0,77.0,37.2,7.5,15.3,0.49,0.1,0.3,0.227,7.5,15.1,0.494,0.492,4.1,5.0,0.829,3.9,7.0,11.0,3.6,1.0,0.6,2.0,2.7,19.2,ROY-1,1,1,1
48.0,Dikembe Mutombo,25.0,DEN,C,71.0,71.0,2716.0,16.5,0.54,0.0,0.575,11.9,23.3,17.3,8.6,0.8,4.8,18.8,20.1,1.3,3.6,4.8,0.086,-0.6,0.6,0.0,1.4,"ROY-2,AS",1991,55.0,25.0,DEN,C,71.0,71.0,38.3,6.0,12.2,0.493,0.0,0.0,,6.0,12.2,0.493,0.493,4.5,7.0,0.642,4.5,7.8,12.3,2.2,0.6,3.0,3.5,3.8,16.6,"ROY-2,AS",1,1,1
66.0,Billy Owens,22.0,GSW,PF,80.0,77.0,2510.0,15.6,0.555,0.01,0.35,10.8,17.0,13.9,9.8,1.7,1.5,14.8,19.3,3.3,2.3,5.6,0.107,0.4,-0.4,0.0,1.3,ROY-3,1991,78.0,22.0,GSW,PF,80.0,77.0,31.4,5.9,11.1,0.525,0.0,0.1,0.111,5.8,11.0,0.529,0.526,2.6,3.9,0.654,3.0,5.0,8.0,2.4,1.1,0.8,2.2,3.5,14.3,ROY-3,1,1,1
67.0,Stacey Augmon,23.0,ATL,SG,82.0,82.0,2505.0,14.4,0.526,0.007,0.356,7.9,9.9,8.9,11.4,2.4,0.6,14.8,20.1,1.5,2.2,3.7,0.071,-0.5,-0.1,-0.6,0.8,,1991,96.0,23.0,ATL,SG,82.0,82.0,30.5,5.4,11.0,0.489,0.0,0.1,0.167,5.4,10.9,0.492,0.49,2.6,3.9,0.666,2.3,2.8,5.1,2.5,1.5,0.3,2.2,2.0,13.3,,1,1,1
85.0,Mark Macon,22.0,DEN,SG,76.0,67.0,2304.0,8.3,0.415,0.034,0.208,3.5,6.9,5.1,10.7,3.3,0.4,13.8,19.8,-3.1,2.3,-0.8,-0.016,-5.2,0.8,-4.4,-1.4,,1991,137.0,22.0,DEN,SG,76.0,67.0,30.3,4.4,11.7,0.375,0.1,0.4,0.133,4.3,11.3,0.383,0.377,1.8,2.4,0.73,1.1,1.8,2.9,2.2,2.0,0.2,2.0,3.2,10.6,,1,2,1
93.0,Larry Stewart,23.0,WSB,PF,76.0,43.0,2229.0,12.9,0.573,0.005,0.395,8.9,13.2,11.0,7.6,1.1,1.2,13.9,15.2,2.9,1.8,4.7,0.101,-1.0,-0.5,-1.5,0.3,,1991,141.0,23.0,WSB,PF,76.0,43.0,29.3,4.0,7.8,0.514,0.0,0.0,0.0,4.0,7.7,0.516,0.514,2.5,3.1,0.807,2.4,3.5,5.9,1.6,0.7,0.6,1.5,3.0,10.4,,1,2,1
142.0,Steve Smith,22.0,MIA,SG,61.0,59.0,1806.0,12.5,0.513,0.191,0.194,4.9,6.7,5.8,23.4,1.6,0.6,17.6,20.0,0.8,0.8,1.5,0.04,-0.2,-1.1,-1.3,0.3,,1991,113.0,22.0,MIA,SG,61.0,59.0,29.6,4.9,10.7,0.454,0.7,2.0,0.32,4.2,8.7,0.486,0.485,1.6,2.1,0.748,1.3,1.8,3.1,4.6,1.0,0.3,2.5,2.7,12.0,,1,1,1
151.0,Paul Graham,24.0,ATL,SG,78.0,9.0,1718.0,14.7,0.523,0.207,0.249,4.4,10.1,7.1,14.6,2.7,0.7,10.7,20.4,1.9,1.7,3.6,0.1,-0.6,0.8,0.3,1.0,,1991,148.0,24.0,ATL,SG,78.0,9.0,22.0,3.9,8.7,0.447,0.7,1.8,0.39,3.2,6.9,0.462,0.488,1.6,2.2,0.741,0.9,2.0,3.0,2.2,1.2,0.3,1.2,2.5,10.1,,0,0,1
153.0,Doug Smith,22.0,DAL,PF,76.0,32.0,1707.0,11.9,0.444,0.016,0.172,7.8,16.9,12.2,12.2,1.8,1.2,11.4,21.5,-0.8,1.6,0.8,0.023,-3.2,-0.1,-3.3,-0.6,,1991,173.0,22.0,DAL,PF,76.0,32.0,22.5,3.8,9.2,0.415,0.0,0.1,0.0,3.8,9.1,0.421,0.415,1.2,1.6,0.736,1.7,3.4,5.1,1.7,0.8,0.4,1.3,3.4,8.8,,0,0,1
164.0,Terrell Brandon,21.0,CLE,PG,82.0,9.0,1605.0,12.8,0.461,0.038,0.206,3.5,7.6,5.6,27.8,2.6,0.8,17.2,21.5,-0.6,1.5,0.9,0.028,-1.7,-0.5,-2.2,-0.1,,1991,196.0,21.0,CLE,PG,82.0,9.0,19.6,3.1,7.3,0.419,0.0,0.3,0.043,3.1,7.0,0.434,0.42,1.2,1.5,0.806,0.6,1.4,2.0,3.9,1.0,0.3,1.7,1.3,7.4,,1,2,1
175.0,Rick Fox,22.0,BOS,SF,81.0,5.0,1535.0,12.2,0.531,0.133,0.35,5.5,10.1,7.9,11.1,2.5,1.2,16.9,20.4,0.4,1.9,2.3,0.073,-2.6,1.0,-1.6,0.2,,1991,184.0,22.0,BOS,SF,81.0,5.0,19.0,3.0,6.5,0.459,0.3,0.9,0.329,2.7,5.6,0.479,0.481,1.7,2.3,0.755,0.9,1.8,2.7,1.6,1.0,0.4,1.5,2.8,8.0,,1,2,1
178.0,Greg Anthony,24.0,NYK,PG,82.0,1.0,1510.0,10.6,0.443,0.126,0.363,2.5,7.7,5.2,28.6,2.0,0.4,16.3,17.4,0.2,2.0,2.2,0.07,-2.7,0.8,-1.9,0.0,,1991,236.0,24.0,NYK,PG,82.0,1.0,18.4,2.0,5.3,0.37,0.1,0.7,0.145,1.9,4.6,0.403,0.379,1.4,1.9,0.741,0.4,1.3,1.7,3.8,0.7,0.1,1.2,2.1,5.5,,0,0,1
192.0,Victor Alexander,22.0,GSW,C,80.0,28.0,1350.0,13.9,0.561,0.002,0.325,8.7,18.3,13.6,3.1,1.5,2.7,14.8,18.3,1.1,1.4,2.5,0.09,-1.6,-0.4,-2.0,0.0,,1991,195.0,22.0,GSW,C,80.0,28.0,16.9,3.0,5.7,0.529,0.0,0.0,0.0,3.0,5.7,0.531,0.529,1.3,1.9,0.691,1.3,2.9,4.2,0.4,0.6,0.8,1.1,2.2,7.4,,0,0,1
197.0,Dale Davis,22.0,IND,PF,64.0,23.0,1301.0,13.3,0.571,0.004,0.545,14.2,20.3,17.4,3.0,1.0,3.4,12.4,12.7,1.9,1.5,3.4,0.126,-0.9,-0.4,-1.3,0.2,,1991,218.0,22.0,IND,PF,64.0,23.0,20.3,2.4,4.4,0.552,0.0,0.0,0.0,2.4,4.3,0.554,0.552,1.4,2.4,0.572,2.5,3.9,6.4,0.5,0.4,1.2,0.8,3.0,6.2,,0,0,1
199.0,Mike Iuzzolino,24.0,DAL,PG,52.0,21.0,1280.0,13.3,0.591,0.383,0.361,2.2,6.1,4.1,22.8,1.3,0.0,18.3,16.9,1.8,0.3,2.2,0.081,0.6,-1.7,-1.1,0.3,,1991,161.0,24.0,DAL,PG,52.0,21.0,24.6,3.1,6.8,0.451,1.1,2.6,0.434,1.9,4.2,0.461,0.534,2.1,2.5,0.836,0.5,1.4,1.9,3.7,0.6,0.0,1.8,1.5,9.3,,0,0,1
209.0,David Benoit,23.0,UTA,SF,77.0,2.0,1161.0,12.1,0.518,0.037,0.267,10.7,17.7,14.4,4.2,0.8,2.3,14.5,18.2,0.5,1.5,2.0,0.085,-2.1,-0.7,-2.9,-0.3,,1991,232.0,23.0,UTA,SF,77.0,2.0,15.1,2.3,4.9,0.467,0.0,0.2,0.214,2.2,4.7,0.476,0.471,1.1,1.3,0.81,1.4,2.5,3.8,0.4,0.2,0.6,0.9,1.6,5.6,,0,0,1
213.0,Stanley Roberts,21.0,ORL,C,55.0,34.0,1118.0,16.3,0.538,0.002,0.439,11.0,22.9,16.8,5.8,1.0,4.5,12.8,22.7,0.8,1.4,2.1,0.092,-1.9,0.5,-1.4,0.2,,1991,140.0,21.0,ORL,C,55.0,34.0,20.3,4.3,8.1,0.529,0.0,0.0,0.0,4.3,8.1,0.53,0.529,1.8,3.6,0.515,2.1,4.1,6.1,0.7,0.4,1.5,1.4,4.0,10.4,,1,2,1
214.0,Kenny Anderson,21.0,NJN,PG,64.0,13.0,1086.0,12.8,0.43,0.027,0.204,3.6,9.0,6.2,26.5,3.0,0.5,15.6,22.9,-0.6,1.1,0.5,0.022,-1.7,-0.1,-1.8,0.1,,1991,203.0,21.0,NJN,PG,64.0,13.0,17.0,2.9,7.5,0.39,0.0,0.2,0.231,2.9,7.3,0.394,0.393,1.1,1.5,0.745,0.6,1.4,2.0,3.2,1.0,0.1,1.5,1.1,7.0,,0,0,1
219.0,Donald Hodge,22.0,DAL,PF,51.0,27.0,1058.0,13.8,0.541,0.0,0.457,11.5,16.3,13.8,5.8,1.2,1.3,16.0,19.1,0.7,0.8,1.5,0.069,-1.3,-1.2,-2.5,-0.1,,1991,178.0,22.0,DAL,PF,51.0,27.0,20.7,3.2,6.4,0.497,0.0,0.0,,3.2,6.4,0.497,0.497,2.0,2.9,0.667,2.3,3.1,5.4,0.8,0.5,0.5,1.5,2.5,8.4,,0,0,1
226.0,Luc Longley,23.0,MIN,C,66.0,3.0,991.0,10.1,0.494,0.0,0.321,7.2,21.8,14.3,7.3,1.8,3.9,22.6,15.8,-0.9,1.1,0.2,0.009,-5.1,0.8,-4.4,-0.6,,1991,262.0,23.0,MIN,C,66.0,3.0,15.0,1.7,3.8,0.458,0.0,0.0,,1.7,3.8,0.458,0.458,0.8,1.2,0.663,1.0,2.9,3.9,0.8,0.5,1.0,1.3,2.4,4.3,,0,0,1
233.0,Bison Dele,22.0,ORL,PF,48.0,2.0,905.0,17.1,0.565,0.0,0.438,13.8,19.9,16.8,5.8,2.2,3.6,18.2,21.7,0.6,1.2,1.8,0.097,-1.4,0.5,-0.9,0.3,,1991,163.0,22.0,ORL,PF,48.0,2.0,18.9,3.6,6.8,0.528,0.0,0.0,,3.6,6.8,0.528,0.528,2.0,3.0,0.669,2.4,3.3,5.7,0.7,0.9,1.1,1.8,2.9,9.1,,0,0,1
234.0,Robert Pack,22.0,POR,PG,72.0,0.0,894.0,10.5,0.506,0.037,0.467,3.9,7.9,5.9,21.0,2.2,0.3,21.9,19.1,0.0,1.1,1.1,0.058,-2.9,0.2,-2.7,-0.1,,1991,254.0,22.0,POR,PG,72.0,0.0,12.4,1.6,3.8,0.423,0.0,0.1,0.0,1.6,3.6,0.439,0.423,1.4,1.8,0.803,0.4,0.9,1.3,1.9,0.6,0.1,1.3,1.4,4.6,,0,0,1
249.0,Kevin Lynch,23.0,CHH,SG,55.0,3.0,819.0,7.7,0.46,0.036,0.206,3.9,7.3,5.6,12.7,2.1,0.6,15.3,14.2,-0.3,0.4,0.2,0.011,-4.5,-0.2,-4.7,-0.6,,1991,271.0,23.0,CHH,SG,55.0,3.0,14.9,1.7,4.1,0.417,0.1,0.1,0.375,1.6,3.9,0.419,0.424,0.6,0.8,0.761,0.5,1.0,1.5,1.5,0.7,0.2,0.8,1.9,4.1,,0,0,1
250.0,Pete Chilcutt,23.0,SAC,PF,69.0,2.0,817.0,11.2,0.478,0.008,0.112,10.3,14.4,12.3,6.6,1.9,1.2,13.5,15.5,0.0,0.7,0.7,0.042,-2.2,-0.6,-2.8,-0.2,,1991,289.0,23.0,SAC,PF,69.0,2.0,11.8,1.6,3.6,0.452,0.0,0.0,1.0,1.6,3.6,0.448,0.456,0.3,0.4,0.821,1.1,1.6,2.7,0.6,0.5,0.2,0.6,1.0,3.6,,0,0,1
254.0,Tracy Moore,26.0,DAL,SF,42.0,2.0,782.0,11.6,0.494,0.258,0.24,4.1,7.2,5.6,9.8,2.1,0.3,10.9,22.2,0.2,0.4,0.6,0.039,-2.0,-0.6,-2.6,-0.1,,1991,177.0,26.0,DAL,SF,42.0,2.0,18.6,3.1,7.7,0.4,0.7,2.0,0.357,2.4,5.7,0.415,0.446,1.5,1.9,0.833,0.7,1.2,2.0,1.1,0.8,0.1,1.0,2.3,8.5,,0,0,1
257.0,Chris Corchiani,23.0,ORL,PG,51.0,1.0,741.0,12.1,0.534,0.192,0.539,2.6,9.3,5.9,26.7,3.0,0.2,23.7,17.5,0.2,0.6,0.9,0.056,-2.5,0.7,-1.8,0.0,,1991,245.0,23.0,ORL,PG,51.0,1.0,14.5,1.5,3.8,0.399,0.2,0.7,0.27,1.3,3.1,0.429,0.425,1.8,2.0,0.875,0.4,1.2,1.5,2.8,0.9,0.0,1.5,1.8,5.0,,0,0,1
264.0,LaBradford Smith,22.0,WSB,SG,48.0,5.0,708.0,9.6,0.456,0.085,0.228,4.5,8.1,6.3,19.8,3.1,0.1,18.9,19.9,-0.8,0.7,-0.1,-0.003,-5.0,-0.1,-5.0,-0.5,,1991,244.0,22.0,WSB,SG,48.0,5.0,14.8,2.1,5.1,0.407,0.0,0.4,0.095,2.0,4.7,0.436,0.411,0.9,1.2,0.804,0.6,1.1,1.7,2.1,0.9,0.0,1.3,2.0,5.1,,0,0,1
272.0,Chris Gatling,24.0,GSW,PF,54.0,1.0,612.0,18.2,0.602,0.019,0.529,13.6,18.8,16.3,3.5,2.4,3.5,14.8,19.5,1.2,0.8,2.0,0.156,0.1,0.4,0.5,0.4,,1991,230.0,24.0,GSW,PF,54.0,1.0,11.3,2.2,3.8,0.568,0.0,0.1,0.0,2.2,3.7,0.579,0.568,1.3,2.0,0.661,1.4,2.0,3.4,0.3,0.6,0.7,0.8,1.9,5.7,,0,0,1
274.0,Greg Sutton,24.0,SAS,PG,67.0,2.0,601.0,7.8,0.473,0.371,0.188,1.1,7.4,4.3,21.7,2.2,0.9,21.2,23.1,-0.8,0.8,-0.1,-0.006,-4.9,-0.2,-5.2,-0.5,,1991,285.0,24.0,SAS,PG,67.0,2.0,9.0,1.4,3.6,0.388,0.4,1.3,0.292,1.0,2.3,0.444,0.442,0.5,0.7,0.756,0.1,0.6,0.7,1.4,0.4,0.1,1.0,1.7,3.7,,0,0,1
277.0,Carl Herrera,25.0,HOU,PF,43.0,7.0,566.0,10.9,0.529,0.006,0.273,6.7,12.7,9.7,7.1,1.4,2.6,17.0,16.7,-0.1,0.6,0.5,0.045,-3.0,0.0,-3.0,-0.1,,1991,258.0,25.0,HOU,PF,43.0,7.0,13.2,1.9,3.7,0.516,0.0,0.0,0.0,1.9,3.7,0.519,0.516,0.6,1.0,0.568,0.8,1.5,2.3,0.6,0.4,0.6,0.9,1.4,4.4,,0,0,1
284.0,Randy Brown,23.0,SAC,PG,56.0,0.0,535.0,11.5,0.494,0.036,0.343,5.2,8.7,7.0,15.7,3.2,1.3,17.8,18.5,-0.2,0.5,0.3,0.028,-3.4,1.2,-2.2,0.0,,1991,293.0,23.0,SAC,PG,56.0,0.0,9.6,1.4,3.0,0.456,0.0,0.1,0.0,1.4,2.9,0.472,0.456,0.7,1.0,0.655,0.5,0.8,1.2,1.1,0.6,0.2,0.8,1.2,3.4,,0,0,1
290.0,Eric Murdock,23.0,UTA,PG,50.0,0.0,478.0,13.6,0.484,0.142,0.333,5.2,7.4,6.4,27.9,3.2,0.9,19.2,23.4,-0.1,0.7,0.6,0.056,-1.3,0.6,-0.7,0.2,,1991,272.0,23.0,UTA,PG,50.0,0.0,9.6,1.5,3.7,0.415,0.1,0.5,0.192,1.4,3.1,0.452,0.429,0.9,1.2,0.754,0.4,0.7,1.1,1.8,0.6,0.1,1.0,1.0,4.1,,0,0,1
291.0,Mark Randall,24.0,2TM,PF,54.0,0.0,441.0,12.3,0.509,0.107,0.289,9.6,8.2,8.9,10.5,1.4,0.4,13.0,18.6,0.3,0.1,0.5,0.05,-0.7,-2.0,-2.7,-0.1,,1991,302.0,24.0,2TM,PF,54.0,0.0,8.2,1.3,2.8,0.456,0.1,0.3,0.188,1.2,2.5,0.489,0.466,0.6,0.8,0.744,0.7,0.6,1.3,0.6,0.2,0.1,0.5,0.7,3.2,,0,0,1
292.0,Elliot Perry,22.0,2TM,PG,50.0,0.0,437.0,8.6,0.428,0.054,0.318,3.4,6.3,4.8,22.6,3.7,0.4,25.4,18.4,-0.8,0.4,-0.4,-0.046,-4.5,0.3,-4.2,-0.2,,1991,328.0,22.0,2TM,PG,50.0,0.0,8.7,1.0,2.6,0.38,0.0,0.1,0.143,1.0,2.4,0.393,0.384,0.5,0.8,0.659,0.3,0.5,0.8,1.6,0.7,0.1,1.0,0.7,2.5,,0,0,1
301.0,Marty Conlon,24.0,SEA,C,45.0,1.0,381.0,9.3,0.521,0.0,0.317,9.8,11.1,10.4,4.3,1.2,1.2,19.0,15.7,0.0,0.2,0.3,0.037,-2.7,-1.5,-4.2,-0.2,,1991,321.0,24.0,SEA,C,45.0,1.0,8.5,1.1,2.2,0.475,0.0,0.0,,1.1,2.2,0.475,0.475,0.5,0.7,0.75,0.7,0.8,1.5,0.3,0.2,0.2,0.6,0.9,2.7,,0,0,1
309.0,John Turner,24.0,HOU,SF,42.0,0.0,345.0,7.8,0.472,0.0,0.602,12.6,12.6,12.6,5.0,0.9,0.7,20.5,19.6,-0.4,0.3,-0.1,-0.021,-5.0,-2.9,-7.9,-0.5,,1991,320.0,24.0,HOU,SF,42.0,0.0,8.2,1.0,2.3,0.439,0.0,0.0,,1.0,2.3,0.439,0.439,0.7,1.4,0.525,0.9,1.0,1.9,0.3,0.1,0.1,0.8,1.0,2.8,,0,0,1
311.0,Corey Crowder,22.0,UTA,SF,51.0,0.0,328.0,8.4,0.475,0.268,0.161,5.8,8.2,7.1,7.2,1.1,0.4,9.8,17.5,0.1,0.3,0.4,0.053,-2.6,-1.1,-3.7,-0.1,,1991,338.0,22.0,UTA,SF,51.0,0.0,6.4,0.8,2.2,0.384,0.3,0.6,0.433,0.6,1.6,0.366,0.442,0.3,0.4,0.833,0.3,0.5,0.8,0.3,0.1,0.0,0.3,0.7,2.2,,0,0,1
313.0,Brian Howard,24.0,DAL,SF,27.0,0.0,318.0,13.0,0.557,0.019,0.298,5.5,11.7,8.5,7.1,1.8,1.5,11.3,17.9,0.4,0.2,0.6,0.09,-2.1,0.2,-1.8,0.0,,1991,247.0,24.0,DAL,SF,27.0,0.0,11.8,2.0,3.9,0.519,0.0,0.1,0.5,2.0,3.8,0.52,0.524,0.8,1.1,0.71,0.6,1.3,1.9,0.5,0.4,0.3,0.6,2.0,4.9,,0,0,1
314.0,Rodney Monroe,23.0,ATL,SG,38.0,0.0,313.0,8.8,0.425,0.188,0.16,4.0,7.3,5.6,12.2,1.9,0.4,13.0,23.4,-0.4,0.2,-0.2,-0.035,-3.7,-1.6,-5.3,-0.3,,1991,294.0,23.0,ATL,SG,38.0,0.0,8.2,1.4,3.8,0.368,0.2,0.7,0.222,1.2,3.1,0.402,0.389,0.5,0.6,0.826,0.3,0.6,0.9,0.7,0.3,0.1,0.6,0.5,3.4,,0,0,1
316.0,Doug Lee,27.0,NJN,SG,46.0,0.0,307.0,10.4,0.482,0.319,0.164,5.7,6.4,6.0,10.0,1.8,0.2,8.8,17.8,0.3,0.2,0.4,0.067,-2.5,-1.0,-3.4,-0.1,,1991,324.0,27.0,NJN,SG,46.0,0.0,6.7,1.1,2.5,0.431,0.2,0.8,0.27,0.9,1.7,0.506,0.474,0.2,0.4,0.526,0.4,0.4,0.8,0.5,0.2,0.0,0.3,0.8,2.6,,0,0,1
321.0,Kevin Brooks,22.0,DEN,SF,37.0,0.0,270.0,10.2,0.494,0.113,0.216,4.9,11.0,7.8,6.1,1.4,0.5,14.5,18.7,0.0,0.2,0.1,0.025,-2.4,-1.3,-3.8,-0.1,,1991,317.0,22.0,DEN,SF,37.0,0.0,7.3,1.2,2.6,0.443,0.1,0.3,0.182,1.1,2.3,0.477,0.454,0.5,0.6,0.81,0.4,0.7,1.1,0.3,0.2,0.1,0.5,0.5,2.8,,0,0,1
323.0,Sean Green,21.0,IND,SG,35.0,0.0,256.0,9.9,0.414,0.063,0.177,10.1,8.2,9.1,13.5,2.5,1.4,13.7,32.3,-0.7,0.2,-0.5,-0.087,-5.3,-2.7,-7.9,-0.4,,1991,275.0,21.0,IND,SG,35.0,0.0,7.3,1.8,4.5,0.392,0.1,0.3,0.2,1.7,4.2,0.405,0.399,0.4,0.8,0.536,0.6,0.6,1.2,0.6,0.4,0.2,0.8,0.9,4.0,,0,0,1
324.0,Tharon Mayes,23.0,2TM,SG,24.0,0.0,255.0,6.4,0.431,0.414,0.364,1.4,5.8,3.6,20.0,3.2,0.5,21.3,25.1,-0.6,0.2,-0.4,-0.075,-5.4,-0.4,-5.8,-0.2,,1991,268.0,23.0,2TM,SG,24.0,0.0,10.6,1.3,4.1,0.303,0.6,1.7,0.366,0.6,2.4,0.259,0.379,1.0,1.5,0.667,0.1,0.5,0.7,1.5,0.7,0.1,1.3,1.7,4.1,,0,0,1
325.0,Jimmy Oliver,22.0,CLE,SG,27.0,8.0,252.0,10.1,0.446,0.092,0.224,4.1,7.7,6.0,11.2,1.8,0.5,7.7,20.2,0.0,0.2,0.2,0.029,-4.1,-1.1,-5.2,-0.2,,1991,290.0,22.0,CLE,SG,27.0,8.0,9.3,1.4,3.6,0.398,0.0,0.3,0.111,1.4,3.3,0.427,0.403,0.6,0.8,0.773,0.3,0.7,1.0,0.7,0.3,0.1,0.3,0.8,3.6,,0,0,1
328.0,Rich King,22.0,SEA,C,40.0,2.0,213.0,10.1,0.485,0.014,0.634,10.6,16.0,13.3,7.8,0.9,1.5,16.5,21.5,0.0,0.2,0.2,0.046,-4.8,-1.7,-6.5,-0.2,,1991,339.0,22.0,SEA,C,40.0,2.0,5.3,0.7,1.8,0.38,0.0,0.0,0.0,0.7,1.8,0.386,0.38,0.9,1.1,0.756,0.5,0.7,1.2,0.3,0.1,0.1,0.5,1.1,2.2,,0,0,1
335.0,Charles Thomas,22.0,DET,SG,36.0,0.0,156.0,6.1,0.417,0.333,0.294,4.4,11.5,8.0,20.4,1.3,0.4,22.8,21.0,-0.3,0.2,-0.1,-0.042,-6.4,-0.8,-7.2,-0.2,,1991,373.0,22.0,DET,SG,36.0,0.0,4.3,0.5,1.4,0.353,0.1,0.5,0.118,0.4,0.9,0.471,0.373,0.3,0.4,0.667,0.2,0.4,0.6,0.6,0.1,0.0,0.5,0.6,1.3,,0,0,1
338.0,Tom Copa,27.0,SAS,C,33.0,1.0,132.0,10.7,0.525,0.0,0.325,11.7,18.0,14.9,3.3,0.8,2.8,14.9,17.2,0.0,0.2,0.2,0.078,-5.7,-0.7,-6.4,-0.1,,1991,367.0,27.0,SAS,C,33.0,1.0,4.0,0.7,1.2,0.55,0.0,0.0,,0.7,1.2,0.55,0.55,0.1,0.4,0.308,0.4,0.7,1.1,0.1,0.1,0.2,0.2,0.9,1.5,,0,0,1
344.0,Isaac Austin,22.0,UTA,C,31.0,0.0,112.0,15.0,0.515,0.0,0.652,11.6,23.1,17.6,6.7,0.9,1.1,11.9,25.9,0.1,0.2,0.3,0.112,-3.0,-1.4,-4.4,-0.1,,1991,344.0,22.0,UTA,C,31.0,0.0,3.6,0.7,1.5,0.457,0.0,0.0,,0.7,1.5,0.457,0.457,0.6,1.0,0.633,0.4,0.8,1.1,0.2,0.1,0.1,0.3,0.6,2.0,,0,0,1
348.0,LeRon Ellis,22.0,LAC,C,29.0,0.0,103.0,8.6,0.368,0.0,0.38,12.9,13.0,13.0,1.4,2.9,5.5,15.9,28.6,-0.4,0.2,-0.2,-0.1,-8.0,-1.3,-9.3,-0.2,,1991,368.0,22.0,LAC,C,29.0,0.0,3.6,0.6,1.7,0.34,0.0,0.0,,0.6,1.7,0.34,0.34,0.3,0.7,0.474,0.4,0.4,0.8,0.0,0.2,0.3,0.4,0.4,1.5,,0,0,1
352.0,Stephen Thompson,23.0,2TM,SG,19.0,0.0,91.0,11.5,0.383,0.027,0.216,13.0,9.6,11.3,12.9,3.2,1.9,11.0,20.9,-0.1,0.1,0.0,-0.014,-2.7,-0.3,-3.0,0.0,,1991,359.0,23.0,2TM,SG,19.0,0.0,4.8,0.7,1.9,0.378,0.0,0.1,0.0,0.7,1.9,0.389,0.378,0.2,0.4,0.375,0.6,0.4,1.0,0.4,0.3,0.2,0.3,0.5,1.6,,0,0,1
356.0,Keith Owens,22.0,LAL,SF,20.0,0.0,80.0,10.3,0.357,0.0,0.313,11.2,10.1,10.7,5.4,3.2,3.1,5.2,21.0,-0.1,0.1,0.0,0.014,-4.0,-0.8,-4.8,-0.1,,1991,372.0,22.0,LAL,SF,20.0,0.0,4.0,0.5,1.6,0.281,0.0,0.0,,0.5,1.6,0.281,0.281,0.4,0.5,0.8,0.4,0.4,0.8,0.2,0.3,0.2,0.1,0.6,1.3,,0,0,1
358.0,Bobby Phills,22.0,CLE,SG,10.0,0.0,65.0,10.0,0.472,0.071,0.393,7.1,6.6,6.9,9.0,2.3,0.9,19.6,27.4,-0.1,0.1,-0.1,-0.062,-4.1,-2.5,-6.6,-0.1,,1991,309.0,22.0,CLE,SG,10.0,0.0,6.5,1.2,2.8,0.429,0.0,0.2,0.0,1.2,2.6,0.462,0.429,0.7,1.1,0.636,0.4,0.4,0.8,0.4,0.3,0.1,0.8,0.3,3.1,,0,0,1
361.0,Demetrius Calip,22.0,LAL,PG,7.0,0.0,58.0,1.8,0.285,0.278,0.167,1.9,8.0,4.9,28.2,0.9,0.0,20.6,18.3,-0.2,0.0,-0.2,-0.134,-7.4,-3.0,-10.5,-0.1,,1991,360.0,22.0,LAL,PG,7.0,0.0,8.3,0.6,2.6,0.222,0.1,0.7,0.2,0.4,1.9,0.231,0.25,0.3,0.4,0.667,0.1,0.6,0.7,1.7,0.1,0.0,0.7,1.1,1.6,,0,0,1
368.0,Carl Thomas,22.0,SAC,SG,1.0,0.0,31.0,6.4,0.466,0.167,0.167,0.0,0.0,0.0,4.7,1.6,0.0,7.2,18.7,0.0,0.0,0.0,-0.027,-5.1,-3.4,-8.6,-0.1,,1991,114.0,22.0,SAC,SG,1.0,0.0,31.0,5.0,12.0,0.417,1.0,2.0,0.5,4.0,10.0,0.4,0.458,1.0,2.0,0.5,0.0,0.0,0.0,1.0,1.0,0.0,1.0,3.0,12.0,,0,0,1
371.0,Myron Brown,22.0,MIN,PG,4.0,0.0,23.0,14.7,0.75,0.5,0.0,0.0,14.9,7.2,38.6,2.2,0.0,40.0,18.5,0.0,0.0,0.0,0.032,-1.7,-0.1,-1.8,0.0,,1991,335.0,22.0,MIN,PG,4.0,0.0,5.8,1.0,1.5,0.667,0.3,0.8,0.333,0.8,0.8,1.0,0.75,0.0,0.0,,0.0,0.8,0.8,1.5,0.3,0.0,1.0,0.5,2.3,,0,0,1
372.0,Lamont Strothers,23.0,POR,SG,4.0,0.0,17.0,6.0,0.363,0.167,0.333,6.4,0.0,3.2,9.2,2.9,3.7,12.7,37.8,-0.1,0.0,-0.1,-0.158,-9.5,-2.8,-12.3,0.0,,1991,330.0,23.0,POR,SG,4.0,0.0,4.3,1.0,3.0,0.333,0.0,0.5,0.0,1.0,2.5,0.4,0.333,0.5,1.0,0.5,0.3,0.0,0.3,0.3,0.3,0.3,0.5,0.5,2.5,,0,0,1
374.0,Patrick Eddie,24.0,NYK,C,4.0,0.0,13.0,-8.8,0.222,0.0,0.0,0.0,8.7,4.4,0.0,0.0,0.0,0.0,30.2,-0.1,0.0,-0.1,-0.267,-17.5,-7.4,-24.9,-0.1,,1991,376.0,24.0,NYK,C,4.0,0.0,3.3,0.5,2.3,0.222,0.0,0.0,,0.5,2.3,0.222,0.222,0.0,0.0,,0.0,0.3,0.3,0.0,0.0,0.0,0.0,0.8,1.0,,0,0,1
375.0,Derek Strong,23.0,WSB,PF,1.0,0.0,12.0,3.2,0.26,0.0,1.0,8.9,37.4,22.8,9.8,0.0,0.0,14.8,23.8,-0.1,0.0,0.0,-0.16,-9.8,-4.0,-13.8,0.0,,1991,312.0,23.0,WSB,PF,1.0,0.0,12.0,0.0,4.0,0.0,0.0,0.0,,0.0,4.0,0.0,0.0,3.0,4.0,0.75,1.0,4.0,5.0,1.0,0.0,0.0,1.0,1.0,3.0,,0,0,1
378.0,João Vianna,25.0,DAL,SF,1.0,0.0,9.0,1.0,0.5,0.0,0.0,0.0,0.0,0.0,32.7,0.0,0.0,33.3,14.3,0.0,0.0,0.0,-0.065,-8.1,-3.8,-11.9,0.0,,1991,353.0,25.0,DAL,SF,1.0,0.0,9.0,1.0,2.0,0.5,0.0,0.0,,1.0,2.0,0.5,0.5,0.0,0.0,,0.0,0.0,0.0,2.0,0.0,0.0,1.0,3.0,2.0,,0,0,1
384.0,Steve Bardo,23.0,SAS,SG,1.0,0.0,1.0,32.3,,,,100.0,0.0,54.6,0.0,0.0,0.0,,0.0,0.0,0.0,0.0,0.424,22.6,-5.6,17.1,0.0,,1991,382.0,23.0,SAS,SG,1.0,0.0,1.0,0.0,0.0,,0.0,0.0,,0.0,0.0,,,0.0,0.0,,1.0,0.0,1.0,0.0,0.0,0.0,0.0,0.0,0.0,,0,0,1
385.0,Cedric Hunter,27.0,CHH,PG,1.0,0.0,1.0,0.0,,,,0.0,0.0,0.0,0.0,0.0,0.0,,0.0,0.0,0.0,0.0,-0.017,-4.8,-1.5,-6.3,0.0,,1991,384.0,27.0,CHH,PG,1.0,0.0,1.0,0.0,0.0,,0.0,0.0,,0.0,0.0,,,0.0,0.0,,0.0,0.0,0.0,0.0,0.0,0.0,0.0,0.0,0.0,,0,0,1
14.0,Shaquille O'Neal,20.0,ORL,C,81.0,81.0,3071.0,22.9,0.584,0.002,0.553,13.4,27.1,20.6,8.5,1.0,5.7,15.9,27.0,4.5,6.0,10.4,0.163,2.0,1.5,3.5,4.3,"MVP-7,ROY-1,AS",1992,9.0,20.0,ORL,C,81.0,81.0,37.9,9.0,16.1,0.562,0.0,0.0,0.0,9.0,16.1,0.563,0.562,5.3,8.9,0.592,4.2,9.6,13.9,1.9,0.7,3.5,3.8,4.0,23.4,"MVP-7,ROY-1,AS",1,1,1
31.0,Christian Laettner,23.0,MIN,PF,81.0,81.0,2823.0,17.3,0.564,0.038,0.521,7.4,22.7,15.1,13.4,1.9,1.9,17.4,24.9,2.2,2.8,5.0,0.085,0.0,-0.2,-0.2,1.3,,1992,33.0,23.0,MIN,PF,81.0,81.0,34.9,6.2,13.1,0.474,0.0,0.5,0.1,6.2,12.6,0.489,0.476,5.7,6.8,0.835,2.1,6.6,8.7,2.8,1.3,1.0,3.4,3.6,18.2,,1,1,1
34.0,Tom Gugliotta,23.0,WSB,PF,81.0,81.0,2795.0,14.6,0.472,0.119,0.248,8.7,23.1,15.7,16.6,2.4,0.8,15.5,22.6,-1.6,3.2,1.6,0.028,-0.8,-0.1,-0.9,0.8,,1992,77.0,23.0,WSB,PF,81.0,81.0,34.5,6.0,14.0,0.426,0.5,1.7,0.281,5.5,12.3,0.446,0.443,2.2,3.5,0.644,2.7,6.9,9.6,3.8,1.7,0.4,2.8,2.4,14.7,,1,1,1
38.0,LaPhonso Ellis,22.0,DEN,PF,82.0,82.0,2749.0,16.6,0.549,0.014,0.331,10.5,18.2,14.3,8.2,1.3,2.4,12.2,18.5,4.1,3.8,8.0,0.139,0.4,0.4,0.8,2.0,,1992,76.0,22.0,DEN,PF,82.0,82.0,33.5,5.9,11.7,0.504,0.0,0.2,0.154,5.9,11.5,0.509,0.505,2.9,3.9,0.748,3.3,5.7,9.1,1.8,0.9,1.4,1.9,3.6,14.7,,1,1,1
40.0,Latrell Sprewell,22.0,GSW,SG,77.0,69.0,2741.0,13.6,0.541,0.205,0.292,3.2,7.8,5.5,15.2,2.2,1.2,15.7,19.3,2.2,1.8,4.0,0.07,0.1,0.1,0.2,1.5,,1992,67.0,22.0,GSW,SG,77.0,69.0,35.6,5.8,12.6,0.464,0.9,2.6,0.369,4.9,10.0,0.488,0.502,2.7,3.7,0.746,1.0,2.5,3.5,3.8,1.6,0.7,2.6,2.2,15.4,,1,2,1
50.0,Clarence Weatherspoon,22.0,PHI,SF,82.0,82.0,2654.0,15.0,0.519,0.004,0.387,7.3,16.7,12.0,8.9,1.6,1.5,12.5,22.4,1.1,2.2,3.3,0.059,-1.0,-0.9,-1.9,0.1,,1992,65.0,22.0,PHI,SF,82.0,82.0,32.4,6.0,12.8,0.469,0.0,0.0,0.25,6.0,12.8,0.47,0.47,3.5,5.0,0.713,2.2,5.0,7.2,1.8,1.0,0.8,2.1,2.3,15.6,,1,2,1
52.0,Alonzo Mourning,22.0,CHH,C,78.0,78.0,2644.0,20.8,0.586,0.003,0.567,11.2,21.0,16.4,4.3,0.5,5.8,14.4,25.5,4.8,3.4,8.2,0.148,0.9,0.0,0.9,1.9,ROY-2,1992,17.0,22.0,CHH,C,78.0,78.0,33.9,7.3,14.3,0.511,0.0,0.0,0.0,7.3,14.3,0.513,0.511,6.3,8.1,0.781,3.4,6.9,10.3,1.0,0.3,3.5,3.0,3.7,21.0,ROY-2,1,1,1
84.0,Robert Horry,22.0,HOU,SF,79.0,79.0,2330.0,12.1,0.52,0.069,0.293,5.8,12.8,9.5,11.9,1.7,2.2,16.8,17.5,0.4,3.2,3.6,0.075,-1.7,1.0,-0.7,0.8,,1992,134.0,22.0,HOU,SF,79.0,79.0,29.5,4.1,8.6,0.474,0.2,0.6,0.255,3.9,8.0,0.49,0.482,1.8,2.5,0.715,1.4,3.5,5.0,2.4,1.0,1.1,2.0,2.7,10.1,,1,2,1
86.0,Anthony Avent,23.0,MIL,PF,82.0,78.0,2285.0,10.2,0.459,0.002,0.214,9.0,17.0,12.9,5.9,1.2,2.1,13.8,19.1,-1.5,1.8,0.3,0.005,-3.8,-1.7,-5.5,-2.0,,1992,138.0,23.0,MIL,PF,82.0,78.0,27.9,4.2,9.8,0.433,0.0,0.0,0.0,4.2,9.8,0.434,0.433,1.4,2.1,0.651,2.2,4.0,6.2,1.1,0.7,0.9,1.7,2.9,9.8,,0,0,1
105.0,Sean Rooks,23.0,DAL,C,72.0,68.0,2087.0,14.7,0.528,0.003,0.521,9.3,19.3,13.9,7.3,0.9,2.5,14.8,21.0,0.8,0.7,1.5,0.034,-0.7,-1.7,-2.4,-0.2,,1992,94.0,23.0,DAL,C,72.0,68.0,29.0,5.1,10.4,0.493,0.0,0.0,0.0,5.1,10.3,0.494,0.493,3.3,5.4,0.602,2.7,4.7,7.4,1.3,0.5,1.1,2.2,2.8,13.5,,0,0,1
120.0,Todd Day,23.0,MIL,SG,71.0,37.0,1931.0,14.5,0.513,0.222,0.359,8.5,8.9,8.7,9.4,1.9,1.6,11.0,23.9,1.5,1.1,2.6,0.065,-0.1,-1.5,-1.6,0.2,,1992,87.0,23.0,MIL,SG,71.0,37.0,27.2,5.0,11.7,0.432,0.8,2.6,0.293,4.3,9.1,0.472,0.465,3.0,4.2,0.717,2.0,2.1,4.1,1.6,1.1,0.7,1.7,3.1,13.8,,0,0,1
148.0,Walt Williams,22.0,SAC,SF,59.0,26.0,1673.0,15.0,0.524,0.232,0.367,7.4,10.4,8.8,16.7,1.9,1.1,15.8,27.7,0.4,1.2,1.6,0.047,0.4,-1.1,-0.7,0.5,,1992,49.0,22.0,SAC,SF,59.0,26.0,28.4,6.1,13.9,0.435,1.0,3.2,0.319,5.0,10.7,0.47,0.472,3.8,5.1,0.742,1.9,2.5,4.5,3.0,1.1,0.5,3.0,3.5,17.0,,1,2,1
150.0,Anthony Peeler,23.0,LAL,SG,77.0,11.0,1656.0,13.9,0.553,0.186,0.325,4.4,8.0,6.2,15.3,1.8,0.5,14.5,21.9,1.7,1.0,2.7,0.078,-0.1,-0.6,-0.7,0.6,,1992,128.0,23.0,LAL,SG,77.0,11.0,21.5,3.9,8.2,0.468,0.6,1.5,0.39,3.3,6.7,0.486,0.505,2.1,2.7,0.786,0.8,1.5,2.3,2.2,0.8,0.2,1.6,2.5,10.4,,0,0,1
165.0,Walter Bond,23.0,DAL,SG,74.0,38.0,1578.0,9.0,0.462,0.074,0.296,3.3,10.8,6.7,11.8,2.3,0.7,14.9,19.4,-1.2,0.4,-0.8,-0.024,-4.4,-0.6,-5.0,-1.2,,1992,181.0,23.0,DAL,SG,74.0,38.0,21.3,3.1,7.6,0.402,0.1,0.6,0.167,3.0,7.1,0.421,0.408,1.7,2.3,0.772,0.7,1.9,2.6,1.6,1.0,0.2,1.5,3.0,8.0,,0,0,1
166.0,Lloyd Daniels,25.0,SAS,SG,77.0,10.0,1573.0,12.9,0.51,0.275,0.154,6.6,9.1,7.9,14.4,1.2,1.2,12.9,22.1,0.5,1.3,1.8,0.056,0.0,-0.9,-0.9,0.4,,1992,150.0,25.0,SAS,SG,77.0,10.0,20.4,3.7,8.4,0.443,0.8,2.3,0.333,2.9,6.1,0.484,0.488,0.9,1.3,0.727,1.1,1.7,2.8,1.9,0.5,0.4,1.3,1.9,9.1,,0,0,1
171.0,Adam Keefe,22.0,ATL,PF,82.0,6.0,1549.0,13.6,0.564,0.003,0.63,11.8,19.5,15.5,7.0,1.8,0.7,17.2,15.5,1.9,1.4,3.3,0.102,-1.6,-0.6,-2.2,-0.1,,1992,219.0,22.0,ATL,PF,82.0,6.0,18.9,2.3,4.6,0.5,0.0,0.0,0.0,2.3,4.6,0.501,0.5,2.0,2.9,0.7,2.1,3.2,5.3,1.0,0.7,0.2,1.2,2.4,6.6,,0,0,1
178.0,Lee Mayberry,22.0,MIL,PG,82.0,4.0,1503.0,11.0,0.524,0.293,0.181,2.0,7.1,4.5,25.4,2.0,0.3,17.3,14.0,1.1,0.6,1.8,0.056,-1.6,-0.6,-2.2,-0.1,,1992,261.0,22.0,MIL,PG,82.0,4.0,18.3,2.1,4.6,0.456,0.5,1.3,0.391,1.6,3.2,0.483,0.513,0.5,0.8,0.574,0.3,1.1,1.4,3.3,0.7,0.1,1.0,1.8,5.2,,0,0,1
194.0,Harold Miner,21.0,MIA,SG,73.0,0.0,1383.0,14.3,0.529,0.015,0.348,6.0,6.2,6.1,9.3,1.2,0.4,11.5,25.1,1.3,0.7,2.0,0.069,-0.3,-1.6,-2.0,0.0,,1992,132.0,21.0,MIA,SG,73.0,0.0,18.9,4.0,8.4,0.475,0.0,0.1,0.333,4.0,8.3,0.477,0.477,2.2,2.9,0.762,1.0,1.0,2.0,1.0,0.5,0.1,1.3,1.8,10.3,,0,0,1
198.0,Richard Dumas,23.0,PHO,SF,48.0,32.0,1320.0,18.6,0.564,0.005,0.373,8.6,10.1,9.4,6.9,3.1,1.8,12.1,23.8,2.1,1.9,3.9,0.142,0.9,0.6,1.5,1.2,,1992,64.0,23.0,PHO,SF,48.0,32.0,27.5,6.3,12.0,0.524,0.0,0.1,0.333,6.3,11.9,0.525,0.525,3.2,4.5,0.707,2.1,2.6,4.6,1.3,1.8,0.8,1.9,2.6,15.8,,1,2,1
207.0,Byron Houston,23.0,GSW,PF,79.0,8.0,1274.0,10.6,0.513,0.022,0.597,10.4,17.2,13.8,7.1,1.7,2.1,17.5,15.9,0.5,1.3,1.8,0.068,-3.8,0.3,-3.5,-0.5,,1992,258.0,23.0,GSW,PF,79.0,8.0,16.1,1.8,4.1,0.446,0.0,0.1,0.286,1.8,4.0,0.45,0.449,1.6,2.5,0.665,1.5,2.5,4.0,0.9,0.6,0.5,1.1,3.2,5.3,,0,0,1
209.0,Chris Smith,22.0,MIN,SG,80.0,6.0,1266.0,11.1,0.508,0.048,0.415,3.1,6.0,4.6,23.2,1.9,0.8,16.6,14.4,0.7,0.4,1.1,0.042,-1.5,-0.6,-2.1,0.0,,1992,286.0,22.0,MIN,SG,80.0,6.0,15.8,1.6,3.6,0.433,0.0,0.2,0.143,1.5,3.4,0.447,0.436,1.2,1.5,0.792,0.4,0.8,1.2,2.5,0.6,0.2,0.9,1.2,4.3,,0,0,1
229.0,Oliver Miller,22.0,PHO,C,56.0,1.0,1069.0,12.7,0.523,0.012,0.392,7.5,20.9,14.3,14.3,1.7,5.6,26.5,15.7,-0.4,1.9,1.6,0.07,-2.6,3.5,0.9,0.8,,1992,250.0,22.0,PHO,C,56.0,1.0,19.1,2.2,4.6,0.475,0.0,0.1,0.0,2.2,4.5,0.48,0.475,1.3,1.8,0.71,1.3,3.7,4.9,2.1,0.7,1.8,1.9,2.6,5.6,,0,0,1
241.0,Doug Overton,23.0,WSB,PG,45.0,13.0,990.0,11.8,0.51,0.04,0.251,2.8,9.4,6.0,23.3,1.5,0.4,16.7,18.5,0.1,0.4,0.6,0.028,-1.8,-0.7,-2.6,-0.2,,1992,179.0,23.0,WSB,PG,45.0,13.0,22.0,3.4,7.2,0.471,0.1,0.3,0.231,3.3,6.9,0.481,0.475,1.3,1.8,0.728,0.6,1.8,2.4,3.5,0.7,0.1,1.6,1.8,8.1,,0,0,1
242.0,Jim Jackson,22.0,DAL,SF,28.0,28.0,938.0,11.0,0.451,0.157,0.197,4.4,10.1,7.0,23.1,2.1,0.8,18.5,27.0,-1.8,0.2,-1.6,-0.081,-2.0,-2.5,-4.5,-0.6,,1992,60.0,22.0,DAL,SF,28.0,28.0,33.5,6.6,16.6,0.395,0.8,2.6,0.288,5.8,14.0,0.415,0.417,2.4,3.3,0.739,1.5,2.9,4.4,4.7,1.4,0.4,4.1,2.9,16.3,,0,0,1
246.0,Dexter Cambridge,23.0,DAL,SF,53.0,13.0,885.0,12.1,0.52,0.013,0.317,9.9,10.6,10.2,10.4,1.3,0.4,15.1,19.3,0.4,0.0,0.4,0.022,-1.6,-2.4,-4.0,-0.5,,1992,207.0,23.0,DAL,SF,53.0,13.0,16.7,2.8,5.9,0.484,0.0,0.1,0.0,2.8,5.8,0.49,0.484,1.3,1.9,0.687,1.7,1.5,3.2,1.1,0.5,0.1,1.2,2.4,7.0,,0,0,1
249.0,Bryant Stith,22.0,DEN,SG,39.0,12.0,865.0,11.7,0.525,0.014,0.428,4.7,10.5,7.6,8.1,1.3,0.3,11.8,17.6,0.8,0.8,1.6,0.09,-1.9,-0.1,-2.0,0.0,,1992,156.0,22.0,DEN,SG,39.0,12.0,22.2,3.2,7.1,0.446,0.0,0.1,0.0,3.2,7.0,0.453,0.446,2.5,3.1,0.832,1.0,2.2,3.2,1.3,0.6,0.1,1.1,2.1,8.9,,0,0,1
250.0,Brent Price,24.0,WSB,PG,68.0,9.0,859.0,9.3,0.424,0.172,0.244,3.6,10.0,6.7,25.0,3.2,0.2,21.6,19.5,-1.4,0.7,-0.6,-0.035,-4.7,-0.1,-4.8,-0.6,,1992,299.0,24.0,WSB,PG,68.0,9.0,12.6,1.5,4.1,0.358,0.1,0.7,0.167,1.4,3.4,0.398,0.373,0.8,1.0,0.794,0.4,1.1,1.5,2.3,0.8,0.0,1.3,1.3,3.9,,0,0,1
251.0,Tony Bennett,23.0,CHH,PG,75.0,2.0,857.0,9.3,0.496,0.308,0.158,1.6,6.1,3.9,20.9,1.7,0.0,15.2,15.8,0.3,0.4,0.7,0.039,-2.4,-0.7,-3.1,-0.2,,1992,302.0,23.0,CHH,PG,75.0,2.0,11.4,1.5,3.5,0.423,0.3,1.1,0.325,1.1,2.4,0.467,0.473,0.4,0.5,0.732,0.2,0.7,0.8,1.8,0.4,0.0,0.7,1.5,3.7,,0,0,1
260.0,Hubert Davis,22.0,NYK,SG,50.0,2.0,815.0,8.7,0.49,0.076,0.215,1.8,5.7,3.8,15.2,1.4,0.3,14.1,17.0,0.0,1.2,1.2,0.072,-3.2,0.8,-2.4,-0.1,,1992,254.0,22.0,NYK,SG,50.0,2.0,16.3,2.2,5.0,0.438,0.1,0.4,0.316,2.1,4.6,0.448,0.45,0.9,1.1,0.796,0.3,0.9,1.1,1.7,0.4,0.1,0.9,1.4,5.4,,0,0,1
269.0,Don MacLean,23.0,WSB,PF,62.0,4.0,674.0,14.0,0.497,0.017,0.307,5.4,15.2,10.2,9.6,0.8,0.4,9.3,28.5,0.1,0.3,0.4,0.03,-2.0,-2.7,-4.7,-0.5,,1992,220.0,23.0,WSB,PF,62.0,4.0,10.9,2.5,5.8,0.435,0.0,0.1,0.5,2.5,5.7,0.434,0.439,1.5,1.8,0.811,0.5,1.4,2.0,0.6,0.2,0.1,0.7,1.3,6.6,,0,0,1
270.0,Malik Sealy,22.0,IND,SF,58.0,2.0,672.0,12.7,0.469,0.097,0.232,9.9,8.4,9.1,10.7,2.7,0.7,14.2,25.8,-0.4,0.5,0.2,0.014,-1.8,-1.1,-2.8,-0.1,,1992,247.0,22.0,IND,SF,58.0,2.0,11.6,2.3,5.5,0.426,0.1,0.5,0.226,2.2,5.0,0.448,0.437,0.9,1.3,0.689,1.0,0.9,1.9,0.8,0.6,0.1,1.0,1.3,5.7,,0,0,1
272.0,Duane Cooper,23.0,LAL,PG,65.0,0.0,645.0,7.6,0.45,0.19,0.222,2.3,6.6,4.4,31.5,1.4,0.2,28.5,16.1,-0.7,0.3,-0.4,-0.031,-3.7,-2.1,-5.8,-0.6,,1992,344.0,23.0,LAL,PG,65.0,0.0,9.9,1.0,2.4,0.392,0.1,0.5,0.233,0.8,2.0,0.43,0.415,0.4,0.5,0.714,0.2,0.6,0.8,2.3,0.3,0.0,1.1,1.0,2.4,,0,0,1
276.0,Litterial Green,22.0,ORL,PG,52.0,4.0,626.0,11.6,0.489,0.051,0.485,2.1,3.9,3.1,27.2,1.8,0.4,14.9,19.4,0.4,0.5,0.8,0.064,-1.9,-0.5,-2.3,-0.1,,1992,279.0,22.0,ORL,PG,52.0,4.0,12.0,1.7,3.8,0.439,0.0,0.2,0.1,1.7,3.6,0.457,0.442,1.2,1.8,0.625,0.2,0.4,0.7,2.2,0.4,0.1,0.8,1.3,4.5,,0,0,1
284.0,Matt Geiger,23.0,MIA,C,48.0,2.0,554.0,11.8,0.577,0.028,0.634,9.3,15.6,12.4,3.9,1.4,2.2,16.3,17.3,0.6,0.6,1.2,0.101,-4.0,-0.2,-4.2,-0.3,,1992,278.0,23.0,MIA,C,48.0,2.0,11.5,1.6,3.0,0.524,0.0,0.1,0.0,1.6,2.9,0.539,0.524,1.3,1.9,0.674,1.0,1.5,2.5,0.3,0.3,0.4,0.8,2.6,4.5,,0,0,1
285.0,Jon Barry,23.0,MIL,SG,47.0,0.0,552.0,9.6,0.453,0.306,0.238,2.1,7.0,4.5,17.8,3.2,0.4,15.6,20.9,-0.5,0.4,-0.1,-0.011,-3.8,-0.3,-4.1,-0.3,,1992,283.0,23.0,MIL,SG,47.0,0.0,11.7,1.6,4.4,0.369,0.4,1.3,0.333,1.2,3.0,0.385,0.42,0.7,1.0,0.673,0.2,0.7,0.9,1.4,0.7,0.1,0.9,1.2,4.4,,0,0,1
287.0,Marlon Maxey,23.0,MIN,PF,43.0,3.0,520.0,15.8,0.578,0.006,0.414,15.4,22.5,19.0,3.9,1.1,2.2,16.0,20.3,0.5,0.4,0.9,0.087,-1.0,-2.3,-3.3,-0.2,,1992,256.0,23.0,MIN,PF,43.0,3.0,12.1,2.2,3.9,0.55,0.0,0.0,0.0,2.2,3.9,0.554,0.55,1.0,1.6,0.643,1.5,2.3,3.8,0.3,0.3,0.4,0.9,1.7,5.4,,0,0,1
292.0,Tracy Murray,21.0,POR,SF,48.0,14.0,495.0,11.9,0.49,0.269,0.154,8.6,9.8,9.2,3.5,0.8,0.6,10.0,25.6,0.1,0.4,0.5,0.049,-1.6,-2.3,-3.9,-0.2,,1992,246.0,21.0,POR,SF,48.0,14.0,10.3,2.3,5.4,0.415,0.4,1.5,0.3,1.8,4.0,0.458,0.456,0.7,0.8,0.875,0.8,0.9,1.7,0.2,0.2,0.1,0.6,1.2,5.7,,0,0,1
299.0,Andre Spencer,28.0,2TM,SF,20.0,1.0,422.0,12.8,0.501,0.012,0.331,10.1,11.4,10.7,8.2,1.9,1.0,12.2,20.6,0.3,0.3,0.6,0.071,-2.2,-0.3,-2.5,-0.1,,1992,143.0,28.0,2TM,SF,20.0,1.0,21.1,3.7,8.2,0.448,0.0,0.1,0.0,3.7,8.1,0.453,0.448,2.1,2.7,0.759,1.9,2.2,4.1,1.2,0.9,0.4,1.3,3.2,9.4,,0,0,1
302.0,Dave Johnson,22.0,POR,SG,42.0,0.0,356.0,8.1,0.449,0.094,0.396,5.4,9.5,7.4,5.3,1.1,0.2,13.8,23.4,-0.4,0.3,-0.1,-0.018,-4.5,-2.7,-7.2,-0.5,,1992,303.0,22.0,POR,SG,42.0,0.0,8.5,1.4,3.5,0.383,0.1,0.3,0.214,1.3,3.2,0.4,0.393,1.0,1.4,0.678,0.4,0.7,1.1,0.3,0.2,0.0,0.7,0.5,3.7,,0,0,1
307.0,Doug Christie,22.0,LAL,SG,23.0,0.0,332.0,12.4,0.526,0.113,0.623,8.2,9.4,8.8,22.8,3.3,0.9,27.0,23.8,-0.3,0.4,0.1,0.012,-2.7,0.2,-2.5,0.0,,1992,231.0,22.0,LAL,SG,23.0,0.0,14.4,2.0,4.6,0.425,0.1,0.5,0.167,1.9,4.1,0.457,0.434,2.2,2.9,0.758,1.0,1.2,2.2,2.3,1.0,0.2,2.2,2.3,6.2,,0,0,1
310.0,Melvin Newbern,25.0,DET,SG,33.0,1.0,311.0,11.5,0.427,0.071,0.531,6.5,6.7,6.6,26.5,3.8,0.2,18.7,23.6,-0.4,0.4,0.0,0.0,-3.5,1.0,-2.4,0.0,,1992,309.0,25.0,DET,SG,33.0,1.0,9.4,1.3,3.4,0.372,0.0,0.2,0.125,1.2,3.2,0.39,0.376,1.0,1.8,0.567,0.6,0.5,1.1,1.7,0.7,0.0,1.0,1.3,3.6,,0,0,1
316.0,Elmore Spencer,23.0,LAC,C,44.0,4.0,280.0,9.7,0.541,0.0,0.39,6.6,18.0,12.3,3.9,1.4,4.1,21.3,17.9,-0.2,0.4,0.2,0.026,-5.8,0.5,-5.3,-0.2,,1992,346.0,23.0,LAC,C,44.0,4.0,6.4,1.0,1.9,0.537,0.0,0.0,,1.0,1.9,0.537,0.537,0.4,0.7,0.5,0.4,1.0,1.4,0.2,0.2,0.4,0.6,1.2,2.4,,0,0,1
319.0,Sam Mack,22.0,SAS,SF,40.0,0.0,267.0,13.7,0.495,0.186,0.492,8.1,12.3,10.3,8.5,2.6,1.2,13.3,27.3,0.0,0.4,0.3,0.06,-3.5,-0.5,-4.0,-0.1,,1992,308.0,22.0,SAS,SF,40.0,0.0,6.7,1.2,3.0,0.398,0.1,0.6,0.136,1.1,2.4,0.458,0.411,1.1,1.5,0.776,0.5,0.8,1.2,0.4,0.4,0.1,0.6,1.1,3.6,,0,0,1
321.0,Stephen Howard,22.0,UTA,SF,49.0,0.0,260.0,9.8,0.447,0.0,0.57,11.8,14.4,13.1,5.4,2.9,3.0,16.5,23.0,-0.3,0.4,0.1,0.018,-6.1,0.3,-5.9,-0.3,,1992,361.0,22.0,UTA,SF,49.0,0.0,5.3,0.7,1.9,0.376,0.0,0.0,,0.7,1.9,0.376,0.376,0.7,1.1,0.642,0.5,0.7,1.2,0.2,0.3,0.2,0.5,1.2,2.1,,0,0,1
325.0,John Crotty,23.0,UTA,PG,40.0,0.0,243.0,13.2,0.575,0.194,0.528,1.9,5.9,4.0,32.7,2.3,0.0,25.3,21.0,0.1,0.2,0.3,0.057,-1.2,-1.0,-2.2,0.0,,1992,336.0,23.0,UTA,PG,40.0,0.0,6.1,0.9,1.8,0.514,0.1,0.4,0.143,0.9,1.5,0.603,0.528,0.7,1.0,0.684,0.1,0.3,0.4,1.4,0.3,0.0,0.8,0.7,2.6,,0,0,1
326.0,Corey Williams,22.0,CHI,PG,35.0,0.0,242.0,9.3,0.428,0.035,0.259,8.8,5.9,7.4,12.7,0.9,0.6,10.4,18.9,0.1,0.1,0.2,0.042,-3.2,-2.5,-5.7,-0.2,,1992,352.0,22.0,CHI,PG,35.0,0.0,6.9,0.9,2.4,0.365,0.0,0.1,0.333,0.9,2.3,0.366,0.371,0.5,0.6,0.818,0.5,0.3,0.9,0.7,0.1,0.1,0.3,0.7,2.3,,0,0,1
329.0,Jay Guidinger,23.0,CLE,C,32.0,5.0,215.0,9.6,0.386,0.0,0.455,14.5,19.4,17.1,10.2,2.1,2.8,13.2,15.7,-0.1,0.4,0.3,0.067,-5.9,0.8,-5.1,-0.2,,1992,373.0,23.0,CLE,C,32.0,5.0,6.7,0.6,1.7,0.345,0.0,0.0,,0.6,1.7,0.345,0.345,0.4,0.8,0.52,0.8,1.2,2.0,0.5,0.3,0.3,0.3,1.5,1.6,,0,0,1
331.0,Lorenzo Williams,23.0,3TM,PF,27.0,7.0,179.0,10.9,0.461,0.0,0.194,10.9,23.4,17.3,3.6,1.4,5.9,17.0,11.4,0.0,0.3,0.3,0.074,-4.0,2.4,-1.6,0.0,,1992,377.0,23.0,3TM,PF,27.0,7.0,6.6,0.6,1.3,0.472,0.0,0.0,,0.6,1.3,0.472,0.472,0.1,0.3,0.286,0.6,1.4,2.0,0.2,0.2,0.6,0.3,1.1,1.3,,0,0,1
333.0,Randy Woods,22.0,LAC,PG,41.0,1.0,174.0,12.3,0.439,0.212,0.394,3.8,5.1,4.5,30.1,3.9,0.4,17.1,22.1,-0.1,0.2,0.1,0.037,-2.9,0.5,-2.4,0.0,,1992,371.0,22.0,LAC,PG,41.0,1.0,4.2,0.6,1.6,0.348,0.1,0.3,0.214,0.5,1.3,0.385,0.371,0.5,0.6,0.731,0.1,0.2,0.3,1.0,0.3,0.0,0.4,0.6,1.7,,0,0,1
337.0,Radisav Ćurčić,27.0,DAL,C,20.0,0.0,166.0,13.5,0.51,0.0,0.878,10.2,22.9,16.0,10.2,2.0,0.8,12.3,15.9,0.2,0.1,0.3,0.086,-2.2,-0.3,-2.6,0.0,,1992,323.0,27.0,DAL,C,20.0,0.0,8.3,0.8,2.1,0.39,0.0,0.0,,0.8,2.1,0.39,0.39,1.3,1.8,0.722,0.9,1.6,2.5,0.6,0.4,0.1,0.4,1.5,2.9,,0,0,1
341.0,Robert Werdann,22.0,DEN,C,28.0,0.0,149.0,7.7,0.365,0.017,0.525,16.2,20.7,18.5,6.5,1.9,1.6,14.2,23.1,-0.3,0.2,-0.1,-0.02,-7.0,-1.5,-8.5,-0.2,,1992,367.0,22.0,DEN,C,28.0,0.0,5.3,0.6,2.1,0.305,0.0,0.0,0.0,0.6,2.1,0.31,0.305,0.6,1.1,0.548,0.8,1.0,1.9,0.3,0.2,0.1,0.4,1.4,1.9,,0,0,1
346.0,Keith Jennings,24.0,GSW,PG,8.0,0.0,136.0,18.5,0.691,0.214,0.429,1.6,7.4,4.5,24.6,1.4,0.0,12.3,17.1,0.5,0.1,0.6,0.205,3.2,0.0,3.2,0.2,,1992,167.0,24.0,GSW,PG,8.0,0.0,17.0,3.1,5.3,0.595,0.6,1.1,0.556,2.5,4.1,0.606,0.655,1.8,2.3,0.778,0.3,1.1,1.4,2.9,0.5,0.0,0.9,2.3,8.6,,0,0,1
349.0,Alex Blackwell,22.0,LAL,SF,27.0,0.0,109.0,8.2,0.373,0.071,0.19,10.4,13.7,12.0,9.1,1.8,1.1,9.9,19.8,-0.1,0.1,0.0,-0.016,-4.7,-1.0,-5.7,-0.1,,1992,379.0,22.0,LAL,SF,27.0,0.0,4.0,0.5,1.6,0.333,0.0,0.1,0.0,0.5,1.4,0.359,0.333,0.2,0.3,0.75,0.4,0.5,0.9,0.3,0.1,0.1,0.2,0.5,1.3,,0,0,1
351.0,Thomas Jordan,24.0,PHI,PF,4.0,0.0,106.0,6.9,0.454,0.0,0.415,5.1,14.3,9.7,4.4,1.4,2.8,19.8,24.1,-0.3,0.1,-0.2,-0.1,-7.3,-0.8,-8.1,-0.2,,1992,121.0,24.0,PHI,PF,4.0,0.0,26.5,4.5,10.3,0.439,0.0,0.0,,4.5,10.3,0.439,0.439,2.0,4.3,0.471,1.3,3.5,4.8,0.8,0.8,1.3,3.0,3.5,11.0,,0,0,1
354.0,Joe Courtney,23.0,2TM,PF,12.0,0.0,104.0,8.8,0.459,0.0,0.281,4.3,16.1,10.2,3.9,2.4,3.0,14.3,16.8,-0.1,0.1,0.1,0.032,-5.7,0.5,-5.2,-0.1,,1992,326.0,23.0,2TM,PF,12.0,0.0,8.7,1.1,2.7,0.406,0.0,0.0,,1.1,2.7,0.406,0.406,0.6,0.8,0.778,0.3,1.3,1.6,0.3,0.4,0.4,0.5,1.4,2.8,,0,0,1
355.0,Isaiah Morris,23.0,DET,SF,25.0,0.0,102.0,10.6,0.468,0.0,0.07,6.2,6.8,6.5,6.9,1.5,0.6,12.0,28.1,-0.1,0.1,0.0,-0.022,-3.7,-2.0,-5.7,-0.1,,1992,359.0,23.0,DET,SF,25.0,0.0,4.1,1.0,2.3,0.456,0.0,0.0,,1.0,2.3,0.456,0.456,0.1,0.2,0.75,0.2,0.2,0.5,0.2,0.1,0.0,0.3,0.6,2.2,,0,0,1
359.0,Gundars Vētra,25.0,MIN,SF,13.0,0.0,89.0,13.6,0.528,0.075,0.15,5.5,5.4,5.4,12.2,1.1,0.0,4.5,22.3,0.1,0.0,0.1,0.07,0.4,-2.1,-1.7,0.0,,1992,314.0,25.0,MIN,SF,13.0,0.0,6.8,1.5,3.1,0.475,0.2,0.2,1.0,1.2,2.8,0.432,0.513,0.3,0.5,0.667,0.3,0.3,0.6,0.5,0.2,0.0,0.2,0.9,3.5,,0,0,1
362.0,Pat Durham,25.0,GSW,SF,5.0,1.0,78.0,2.9,0.347,0.0,0.48,7.2,12.9,10.0,6.4,0.6,0.8,18.8,19.5,-0.2,0.0,-0.2,-0.11,-8.1,-3.0,-11.1,-0.2,,1992,288.0,25.0,GSW,SF,5.0,1.0,15.6,1.2,5.0,0.24,0.0,0.0,,1.2,5.0,0.24,0.24,1.8,2.4,0.75,1.0,1.8,2.8,0.8,0.2,0.2,1.4,1.2,4.2,,0,0,1
365.0,Reggie Smith,22.0,POR,C,23.0,0.0,68.0,7.6,0.347,0.037,0.519,23.4,10.0,16.9,2.1,2.9,0.9,10.8,22.5,-0.1,0.1,0.0,-0.027,-7.2,-3.0,-10.2,-0.1,,1992,387.0,22.0,POR,C,23.0,0.0,3.0,0.4,1.2,0.37,0.0,0.0,0.0,0.4,1.1,0.385,0.37,0.1,0.6,0.214,0.7,0.3,0.9,0.0,0.2,0.0,0.2,0.7,1.0,,0,0,1
369.0,Marcus Webb,22.0,BOS,PF,9.0,0.0,51.0,20.1,0.57,0.04,0.84,11.2,11.0,11.1,6.3,1.0,2.5,12.7,33.4,0.1,0.0,0.1,0.13,-0.8,-1.3,-2.1,0.0,,1992,287.0,22.0,BOS,PF,9.0,0.0,5.7,1.4,2.8,0.52,0.0,0.1,0.0,1.4,2.7,0.542,0.52,1.4,2.3,0.619,0.6,0.6,1.1,0.2,0.1,0.2,0.6,1.2,4.3,,0,0,1
371.0,Eric Anderson,22.0,NYK,PF,16.0,0.0,44.0,11.3,0.443,0.0,0.722,15.6,19.6,17.7,9.9,3.5,1.5,17.4,28.2,0.0,0.1,0.1,0.091,-7.6,2.0,-5.6,0.0,,1992,378.0,22.0,NYK,PF,16.0,0.0,2.8,0.3,1.1,0.278,0.0,0.0,,0.3,1.1,0.278,0.278,0.7,0.8,0.846,0.4,0.5,0.9,0.2,0.2,0.1,0.3,0.9,1.3,,0,0,1
373.0,Matt Othick,23.0,SAS,PG,4.0,0.0,39.0,5.9,0.68,0.8,0.4,3.1,2.8,2.9,23.7,1.3,0.0,40.5,11.2,0.0,0.0,0.0,0.019,-3.0,-1.3,-4.3,0.0,,1992,364.0,23.0,SAS,PG,4.0,0.0,9.8,0.8,1.3,0.6,0.5,1.0,0.5,0.3,0.3,1.0,0.8,0.0,0.5,0.0,0.3,0.3,0.5,1.8,0.3,0.0,1.0,1.8,2.0,,0,0,1
374.0,Anthony Pullard,26.0,MIL,PF,8.0,0.0,37.0,9.2,0.44,0.0,0.167,6.2,18.9,12.5,8.8,2.7,3.5,20.6,28.2,-0.1,0.0,-0.1,-0.114,-7.0,-0.8,-7.7,-0.1,,1992,362.0,26.0,MIL,PF,8.0,0.0,4.6,1.0,2.3,0.444,0.0,0.0,,1.0,2.3,0.444,0.444,0.1,0.4,0.333,0.3,0.8,1.0,0.3,0.3,0.3,0.6,0.6,2.1,,0,0,1
379.0,Jo Jo English,22.0,CHI,SG,6.0,0.0,31.0,1.9,0.276,0.3,0.2,7.2,15.4,11.2,4.1,5.0,4.3,26.9,20.8,-0.2,0.1,-0.1,-0.163,-10.7,1.9,-8.7,-0.1,,1992,384.0,22.0,CHI,SG,6.0,0.0,5.2,0.5,1.7,0.3,0.0,0.5,0.0,0.5,1.2,0.429,0.3,0.0,0.3,0.0,0.3,0.7,1.0,0.2,0.5,0.3,0.7,0.8,1.0,,0,0,1
386.0,Ricky Blanton,26.0,CHI,SF,2.0,0.0,13.0,19.3,0.429,0.0,0.0,17.2,9.2,13.3,11.9,8.0,0.0,12.5,26.6,0.0,0.0,0.0,0.088,-1.8,1.5,-0.3,0.0,,1992,319.0,26.0,CHI,SF,2.0,0.0,6.5,1.5,3.5,0.429,0.0,0.0,,1.5,3.5,0.429,0.429,0.0,0.0,,1.0,0.5,1.5,0.5,1.0,0.0,0.5,0.5,3.0,,0,0,1
390.0,Barry Stevens,30.0,GSW,SF,2.0,0.0,6.0,15.2,0.5,0.0,0.0,37.2,0.0,18.6,0.0,0.0,0.0,0.0,13.6,0.0,0.0,0.0,0.157,3.8,-4.6,-0.8,0.0,,1992,388.0,30.0,GSW,SF,2.0,0.0,3.0,0.5,1.0,0.5,0.0,0.0,,0.5,1.0,0.5,0.5,0.0,0.0,,1.0,0.0,1.0,0.0,0.0,0.0,0.0,0.5,1.0,,0,0,1
10.0,Anfernee Hardaway,22.0,ORL,PG,82.0,82.0,3015.0,17.4,0.531,0.171,0.302,7.2,9.1,8.2,26.6,3.2,1.1,19.1,21.7,3.8,3.3,7.1,0.112,1.9,1.0,2.9,3.8,ROY-2,1993,48.0,22.0,ORL,PG,82.0,82.0,36.8,6.2,13.3,0.466,0.6,2.3,0.267,5.6,11.0,0.507,0.489,3.0,4.0,0.742,2.3,3.0,5.4,6.6,2.3,0.6,3.6,2.5,16.0,ROY-2,1,1,1
19.0,Jamal Mashburn,21.0,DAL,SF,79.0,73.0,2896.0,13.2,0.48,0.216,0.317,3.9,10.3,6.8,15.8,1.6,0.3,13.5,26.6,-0.2,1.0,0.9,0.014,-0.3,-2.2,-2.4,-0.3,ROY-3,1993,22.0,21.0,DAL,SF,79.0,73.0,36.7,7.1,17.5,0.406,1.1,3.8,0.284,6.0,13.7,0.44,0.437,3.9,5.5,0.699,1.4,3.1,4.5,3.4,1.1,0.2,3.1,2.6,19.2,ROY-3,1,1,1
45.0,Nick Van Exel,22.0,LAL,PG,81.0,80.0,2700.0,13.6,0.485,0.347,0.183,1.8,8.0,4.8,25.4,1.6,0.2,11.3,19.9,2.7,0.7,3.4,0.061,0.6,-1.7,-1.1,0.6,,1993,80.0,22.0,LAL,PG,81.0,80.0,33.3,5.1,13.0,0.394,1.5,4.5,0.338,3.6,8.5,0.423,0.452,1.9,2.4,0.781,0.6,2.4,2.9,5.8,1.0,0.1,1.8,1.9,13.6,,1,2,1
63.0,Vin Baker,22.0,MIL,C,82.0,63.0,2560.0,16.1,0.526,0.006,0.473,11.8,16.3,13.9,10.6,1.2,3.0,13.4,20.5,2.6,1.7,4.4,0.082,0.0,-1.1,-1.2,0.5,,1993,81.0,22.0,MIL,C,82.0,63.0,31.2,5.3,10.6,0.501,0.0,0.1,0.2,5.3,10.5,0.502,0.501,2.9,5.0,0.569,3.4,4.2,7.6,2.0,0.7,1.4,2.0,2.8,13.5,,1,1,1
73.0,Chris Webber,20.0,GSW,C,76.0,76.0,2438.0,21.7,0.559,0.014,0.342,13.8,17.0,15.4,17.1,1.8,4.1,14.7,23.7,4.6,3.2,7.8,0.154,2.9,1.1,4.0,3.6,ROY-1,1993,32.0,20.0,GSW,C,76.0,76.0,32.1,7.5,13.6,0.552,0.0,0.2,0.0,7.5,13.5,0.559,0.552,2.5,4.7,0.532,4.0,5.1,9.1,3.6,1.2,2.2,2.7,3.3,17.5,ROY-1,1,1,1
76.0,Isaiah Rider,22.0,MIN,SG,79.0,60.0,2415.0,14.2,0.533,0.135,0.238,5.9,9.3,7.6,15.5,1.1,0.7,15.0,26.2,0.9,0.8,1.7,0.034,0.5,-2.2,-1.7,0.2,,1993,42.0,22.0,MIN,SG,79.0,60.0,30.6,6.6,14.1,0.468,0.7,1.9,0.36,5.9,12.2,0.485,0.492,2.7,3.4,0.811,1.5,2.5,4.0,2.6,0.7,0.4,2.8,2.5,16.6,,1,1,1
89.0,Dino Radja,26.0,BOS,PF,80.0,47.0,2303.0,18.2,0.562,0.001,0.32,9.3,19.0,14.1,7.9,1.5,1.8,12.2,23.0,3.8,2.2,5.9,0.124,0.6,-0.6,0.0,1.2,,1993,57.0,26.0,BOS,PF,80.0,47.0,28.8,6.1,11.8,0.521,0.0,0.0,0.0,6.1,11.8,0.522,0.521,2.8,3.8,0.751,2.4,4.8,7.2,1.4,0.9,0.8,1.9,3.5,15.1,,1,2,1
102.0,Lindsey Hunter,23.0,DET,PG,82.0,26.0,2172.0,12.0,0.441,0.232,0.159,2.4,7.3,4.8,27.7,2.8,0.3,16.1,23.0,-1.8,1.0,-0.8,-0.017,-1.6,-0.6,-2.2,-0.1,,1993,135.0,23.0,DET,PG,82.0,26.0,26.5,4.1,10.9,0.375,0.8,2.5,0.333,3.2,8.4,0.388,0.414,1.3,1.7,0.732,0.6,1.7,2.3,4.8,1.5,0.1,2.2,2.1,10.3,,1,2,1
119.0,Chris Mills,24.0,CLE,SF,79.0,18.0,2022.0,12.6,0.492,0.18,0.26,7.7,15.4,11.5,9.8,1.4,1.6,10.6,18.7,1.7,2.4,4.0,0.096,-1.3,-0.1,-1.4,0.3,,1993,148.0,24.0,CLE,SF,79.0,18.0,25.6,3.6,8.6,0.419,0.5,1.5,0.311,3.1,7.0,0.443,0.448,1.7,2.2,0.778,1.7,3.4,5.1,1.6,0.7,0.6,1.1,2.9,9.4,,0,0,1
126.0,P.J. Brown,24.0,NJN,C,79.0,54.0,1950.0,12.2,0.48,0.015,0.378,10.0,16.8,13.3,6.7,1.8,3.0,13.3,11.7,1.4,2.8,4.2,0.105,-1.5,1.5,0.1,1.0,,1993,231.0,24.0,NJN,C,79.0,54.0,24.7,2.1,5.1,0.415,0.0,0.1,0.167,2.1,5.0,0.419,0.417,1.5,1.9,0.757,2.4,3.9,6.2,1.2,0.9,1.2,0.9,2.2,5.7,,0,0,1
139.0,Toni Kukoč,25.0,CHI,SF,75.0,8.0,1808.0,15.4,0.497,0.163,0.289,6.3,12.9,9.6,21.5,2.3,1.3,16.9,24.1,0.5,2.7,3.2,0.086,0.5,0.5,1.0,1.4,,1993,122.0,25.0,CHI,SF,75.0,8.0,24.1,4.2,9.7,0.431,0.4,1.6,0.271,3.7,8.1,0.462,0.453,2.1,2.8,0.743,1.3,2.7,4.0,3.4,1.1,0.4,2.2,1.6,10.9,,1,2,1
141.0,Popeye Jones,23.0,DAL,PF,81.0,47.0,1773.0,14.1,0.515,0.002,0.263,17.6,20.9,19.2,8.4,1.7,1.2,17.2,13.1,2.1,1.6,3.6,0.098,-0.9,-1.2,-2.1,-0.1,,1993,229.0,23.0,DAL,PF,81.0,47.0,21.9,2.4,5.0,0.479,0.0,0.0,0.0,2.4,5.0,0.48,0.479,1.0,1.3,0.729,3.7,3.8,7.5,1.2,0.8,0.4,1.2,3.0,5.8,,0,0,1
142.0,George Lynch,23.0,LAL,SF,71.0,46.0,1762.0,16.1,0.527,0.009,0.29,13.0,12.2,12.6,8.2,2.9,1.0,11.9,17.5,2.4,1.5,3.9,0.107,0.4,-0.4,0.1,0.9,,1993,146.0,23.0,LAL,SF,71.0,46.0,24.8,4.1,8.1,0.508,0.0,0.1,0.0,4.1,8.0,0.512,0.508,1.4,2.3,0.596,3.1,2.7,5.8,1.4,1.4,0.4,1.2,2.5,9.6,,0,0,1
145.0,Antonio Davis,25.0,IND,PF,81.0,4.0,1732.0,15.2,0.561,0.002,0.711,13.2,20.3,16.9,4.7,1.3,3.3,16.1,16.8,2.3,2.8,5.0,0.139,-0.2,0.3,0.1,0.9,,1993,182.0,25.0,IND,PF,81.0,4.0,21.4,2.7,5.2,0.508,0.0,0.0,0.0,2.7,5.2,0.509,0.508,2.4,3.7,0.642,2.3,3.9,6.2,0.7,0.6,1.0,1.3,2.3,7.7,,0,0,1
159.0,Calbert Cheaney,22.0,WSB,SG,65.0,21.0,1604.0,14.0,0.508,0.033,0.231,6.3,7.6,6.9,12.9,2.0,0.4,12.3,23.4,1.0,0.2,1.2,0.035,-0.9,-1.5,-2.4,-0.2,,1993,96.0,22.0,WSB,SG,65.0,21.0,24.7,5.0,10.7,0.47,0.0,0.4,0.043,5.0,10.4,0.484,0.471,1.9,2.5,0.77,1.4,1.6,2.9,1.9,1.0,0.2,1.7,2.3,12.0,,0,0,1
168.0,Allan Houston,22.0,DET,SG,79.0,20.0,1519.0,9.0,0.465,0.174,0.161,1.4,7.5,4.4,10.5,1.1,0.6,12.1,23.6,-1.3,0.1,-1.2,-0.038,-3.8,-2.1,-5.8,-1.5,,1993,168.0,22.0,DET,SG,79.0,20.0,19.2,3.4,8.5,0.405,0.4,1.5,0.299,3.0,7.0,0.428,0.431,1.1,1.4,0.824,0.2,1.3,1.5,1.3,0.4,0.2,1.3,2.1,8.5,,0,0,1
178.0,Rodney Rogers,22.0,DEN,SF,79.0,14.0,1406.0,12.9,0.509,0.169,0.347,7.4,10.4,8.9,11.4,2.2,2.1,17.3,23.0,-0.1,2.1,2.0,0.067,-1.3,0.7,-0.6,0.5,,1993,174.0,22.0,DEN,SF,79.0,14.0,17.8,3.0,6.9,0.439,0.4,1.2,0.38,2.6,5.7,0.45,0.471,1.6,2.4,0.672,1.1,1.7,2.9,1.3,0.8,0.6,1.7,2.5,8.1,,0,0,1
181.0,Shawn Bradley,21.0,PHI,C,49.0,45.0,1385.0,11.6,0.446,0.006,0.342,7.7,16.5,12.1,11.1,1.6,6.4,20.8,22.4,-2.7,1.6,-1.1,-0.039,-5.1,1.7,-3.4,-0.5,,1993,133.0,21.0,PHI,C,49.0,45.0,28.3,4.1,10.0,0.409,0.0,0.1,0.0,4.1,10.0,0.412,0.409,2.1,3.4,0.607,2.0,4.2,6.2,2.0,0.9,3.0,3.0,3.5,10.3,,1,2,1
194.0,Mitchell Butler,23.0,WSB,SG,75.0,19.0,1321.0,13.0,0.521,0.012,0.431,9.2,10.7,10.0,8.9,2.0,0.9,14.9,19.0,0.7,0.4,1.1,0.04,-1.0,-1.4,-2.4,-0.1,,1993,203.0,23.0,WSB,SG,75.0,19.0,17.6,2.8,5.6,0.495,0.0,0.1,0.0,2.8,5.5,0.501,0.495,1.4,2.4,0.578,1.4,1.6,3.0,1.0,0.7,0.3,1.2,1.7,6.9,,0,0,1
210.0,Lucious Harris,23.0,DAL,SG,77.0,0.0,1165.0,11.0,0.478,0.086,0.309,4.0,11.7,7.6,14.3,2.1,0.6,15.1,18.7,-0.1,0.7,0.6,0.025,-2.6,-0.5,-3.1,-0.3,,1993,239.0,23.0,DAL,SG,77.0,0.0,15.1,2.1,5.0,0.421,0.1,0.4,0.212,2.0,4.6,0.44,0.43,1.1,1.5,0.731,0.6,1.5,2.0,1.4,0.6,0.1,1.0,1.5,5.4,,0,0,1
213.0,Acie Earl,23.0,BOS,C,74.0,8.0,1149.0,9.2,0.463,0.003,0.43,8.3,16.0,12.1,1.5,1.0,2.9,14.0,19.4,-0.7,0.9,0.2,0.008,-5.2,-1.4,-6.5,-1.3,,1993,238.0,23.0,BOS,C,74.0,8.0,15.5,2.0,5.0,0.406,0.0,0.0,0.0,2.0,5.0,0.407,0.406,1.5,2.2,0.675,1.1,2.2,3.3,0.2,0.3,0.7,1.0,2.4,5.5,,0,0,1
216.0,Sam Cassell,24.0,HOU,PG,66.0,6.0,1122.0,13.1,0.506,0.227,0.276,2.6,10.2,6.6,25.8,2.7,0.4,17.8,20.9,0.4,1.8,2.2,0.093,-2.1,1.3,-0.7,0.4,,1993,207.0,24.0,HOU,PG,66.0,6.0,17.0,2.5,5.9,0.418,0.4,1.3,0.295,2.1,4.5,0.453,0.451,1.4,1.6,0.841,0.4,1.7,2.0,2.9,0.9,0.1,1.4,2.1,6.7,,0,0,1
217.0,Bryon Russell,23.0,UTA,SF,67.0,48.0,1121.0,11.1,0.516,0.079,0.362,6.4,12.2,9.3,7.0,3.1,1.2,14.5,14.9,0.4,1.7,2.1,0.089,-2.6,1.8,-0.8,0.3,,1993,254.0,23.0,UTA,SF,67.0,48.0,16.7,2.0,4.2,0.484,0.0,0.3,0.091,2.0,3.8,0.518,0.487,0.9,1.5,0.614,0.9,1.8,2.7,0.8,1.0,0.3,0.8,2.1,5.0,,0,0,1
239.0,Harold Ellis,23.0,LAC,SF,49.0,16.0,923.0,17.2,0.593,0.014,0.51,10.9,6.7,8.8,5.0,3.8,0.1,10.7,17.9,2.0,0.8,2.8,0.146,0.4,0.5,0.9,0.7,,1993,165.0,23.0,LAC,SF,49.0,16.0,18.8,3.2,6.0,0.545,0.0,0.1,0.0,3.2,5.9,0.552,0.545,2.2,3.0,0.711,1.9,1.2,3.1,0.6,1.5,0.0,0.9,2.0,8.7,,0,0,1
242.0,Greg Graham,23.0,PHI,SG,70.0,6.0,889.0,11.4,0.478,0.082,0.361,2.6,8.1,5.3,11.5,3.4,0.3,15.5,20.4,-0.5,0.6,0.1,0.005,-3.9,0.1,-3.9,-0.4,,1993,258.0,23.0,PHI,SG,70.0,6.0,12.7,1.7,4.4,0.4,0.0,0.4,0.08,1.7,4.0,0.429,0.403,1.3,1.6,0.836,0.3,0.9,1.2,0.9,0.9,0.1,0.9,0.8,4.8,,0,0,1
243.0,Warren Kidd,23.0,PHI,PF,68.0,14.0,884.0,11.3,0.597,0.0,0.509,9.4,19.6,14.5,3.2,1.1,1.6,17.5,12.3,0.8,0.6,1.4,0.078,-3.2,-1.0,-4.2,-0.5,,1993,295.0,23.0,PHI,PF,68.0,14.0,13.0,1.5,2.5,0.592,0.0,0.0,,1.5,2.5,0.592,0.592,0.7,1.3,0.547,1.1,2.3,3.4,0.3,0.3,0.3,0.6,1.9,3.6,,0,0,1
249.0,Bo Outlaw,22.0,LAC,SF,37.0,14.0,871.0,14.3,0.605,0.012,0.617,10.0,15.8,12.9,5.6,2.0,2.6,12.7,11.5,1.5,0.9,2.3,0.127,-0.5,0.6,0.1,0.5,,1993,205.0,22.0,LAC,SF,37.0,14.0,23.5,2.6,4.5,0.587,0.0,0.1,0.0,2.6,4.5,0.594,0.587,1.6,2.8,0.592,2.2,3.5,5.7,1.0,1.0,1.0,0.8,2.5,6.9,,0,0,1
257.0,Scott Burrell,23.0,CHH,SF,51.0,16.0,767.0,10.4,0.461,0.026,0.299,6.8,12.0,9.5,11.1,2.4,1.3,14.5,17.2,-0.2,0.7,0.5,0.03,-2.8,0.2,-2.6,-0.1,,1993,257.0,23.0,CHH,SF,51.0,16.0,15.0,1.9,4.6,0.419,0.0,0.1,0.333,1.9,4.5,0.421,0.423,0.9,1.4,0.657,0.9,1.7,2.6,1.2,0.7,0.3,0.9,1.7,4.8,,0,0,1
259.0,Terry Dehere,22.0,LAC,PG,64.0,6.0,759.0,9.5,0.453,0.167,0.237,3.5,6.0,4.8,15.2,1.8,0.2,13.9,23.9,-0.7,0.2,-0.4,-0.028,-3.5,-2.3,-5.8,-0.7,,1993,243.0,22.0,LAC,PG,64.0,6.0,11.9,2.0,5.3,0.377,0.4,0.9,0.404,1.7,4.5,0.372,0.411,1.0,1.3,0.753,0.4,0.7,1.1,1.2,0.4,0.0,1.0,1.1,5.3,,0,0,1
266.0,Corie Blount,25.0,CHI,PF,67.0,8.0,690.0,12.3,0.478,0.0,0.431,12.9,20.0,16.5,11.4,1.4,3.3,20.1,16.6,0.0,1.2,1.2,0.085,-3.2,1.0,-2.3,0.0,,1993,315.0,25.0,CHI,PF,67.0,8.0,10.3,1.1,2.6,0.437,0.0,0.0,,1.1,2.6,0.437,0.437,0.7,1.1,0.613,1.1,1.8,2.9,0.8,0.3,0.5,0.8,1.4,3.0,,0,0,1
271.0,James Robinson,23.0,POR,PG,58.0,3.0,673.0,10.0,0.439,0.256,0.235,5.3,7.4,6.3,14.5,2.2,1.4,14.2,22.2,-0.5,0.7,0.2,0.015,-2.2,0.1,-2.1,0.0,,1993,260.0,23.0,POR,PG,58.0,3.0,11.6,1.8,4.9,0.365,0.4,1.3,0.315,1.4,3.7,0.382,0.405,0.8,1.2,0.672,0.6,0.8,1.3,1.2,0.5,0.3,0.9,1.2,4.8,,0,0,1
272.0,Mike Peplowski,23.0,SAC,C,55.0,19.0,667.0,9.6,0.549,0.007,0.312,7.9,20.1,13.8,5.2,1.3,2.4,17.5,12.3,0.3,0.7,0.9,0.066,-4.6,0.1,-4.4,-0.4,,1993,308.0,23.0,SAC,C,55.0,19.0,12.1,1.4,2.6,0.539,0.0,0.0,0.0,1.4,2.5,0.543,0.539,0.4,0.8,0.545,0.9,2.2,3.1,0.4,0.3,0.5,0.6,2.4,3.2,,0,0,1
273.0,Gheorghe Mureșan,22.0,WSB,C,54.0,2.0,650.0,17.4,0.571,0.0,0.302,11.7,23.1,17.3,4.5,2.2,4.6,16.9,21.2,0.6,0.7,1.3,0.094,-2.1,0.2,-1.8,0.0,,1993,236.0,22.0,WSB,C,54.0,2.0,12.0,2.4,4.4,0.545,0.0,0.0,,2.4,4.4,0.545,0.545,0.9,1.3,0.676,1.2,2.3,3.6,0.3,0.5,0.9,1.0,2.2,5.6,,0,0,1
284.0,David Wesley,23.0,NJN,PG,60.0,0.0,542.0,13.0,0.464,0.27,0.305,1.9,6.7,4.3,33.3,3.5,0.5,20.9,19.4,-0.1,0.7,0.6,0.053,-1.6,0.6,-0.9,0.2,,1993,312.0,23.0,NJN,PG,60.0,0.0,9.0,1.1,2.9,0.368,0.2,0.8,0.234,0.9,2.1,0.417,0.399,0.7,0.9,0.83,0.2,0.6,0.7,2.1,0.6,0.1,0.9,0.8,3.1,,0,0,1
286.0,Bob Martin,24.0,LAC,C,53.0,1.0,535.0,6.9,0.503,0.0,0.58,7.2,15.9,11.6,4.1,0.7,3.7,20.8,10.8,-0.1,0.4,0.3,0.03,-5.9,0.5,-5.4,-0.5,,1993,361.0,24.0,LAC,C,53.0,1.0,10.1,0.8,1.7,0.455,0.0,0.0,,0.8,1.7,0.455,0.455,0.6,1.0,0.608,0.7,1.5,2.2,0.3,0.2,0.6,0.5,2.0,2.1,,0,0,1
287.0,Bobby Hurley,22.0,SAC,PG,19.0,19.0,499.0,8.4,0.421,0.11,0.205,1.3,6.3,3.7,33.1,1.3,0.1,23.2,17.5,-0.6,0.1,-0.5,-0.044,-3.3,-3.0,-6.4,-0.6,,1993,199.0,22.0,SAC,PG,19.0,19.0,26.3,2.8,7.7,0.37,0.1,0.8,0.125,2.7,6.8,0.4,0.377,1.3,1.6,0.8,0.3,1.5,1.8,6.1,0.7,0.1,2.5,1.5,7.1,,0,0,1
298.0,Rex Walters,23.0,NJN,SG,48.0,0.0,386.0,16.2,0.623,0.243,0.296,1.6,8.9,5.2,28.6,2.0,0.5,18.8,17.5,0.8,0.4,1.2,0.149,0.3,0.1,0.3,0.2,,1993,303.0,23.0,NJN,SG,48.0,0.0,8.0,1.3,2.4,0.522,0.3,0.6,0.5,1.0,1.8,0.529,0.583,0.6,0.7,0.824,0.1,0.7,0.8,1.5,0.3,0.1,0.6,0.9,3.4,,0,0,1
300.0,Josh Grant,26.0,GSW,PF,53.0,0.0,382.0,11.7,0.494,0.418,0.199,7.8,17.3,12.6,8.6,2.3,1.3,15.9,20.4,0.0,0.5,0.5,0.06,-2.5,0.1,-2.3,0.0,,1993,318.0,26.0,GSW,PF,53.0,0.0,7.2,1.1,2.8,0.404,0.3,1.2,0.279,0.8,1.6,0.494,0.462,0.4,0.5,0.759,0.5,1.2,1.7,0.5,0.3,0.2,0.6,1.2,3.0,,0,0,1
301.0,Brian Davis,23.0,MIN,SF,68.0,3.0,374.0,9.2,0.42,0.024,0.54,6.7,10.4,8.6,9.1,2.2,0.7,10.9,20.4,-0.2,0.2,0.0,0.0,-3.5,-1.3,-4.7,-0.3,,1993,371.0,23.0,MIN,SF,68.0,3.0,5.5,0.6,1.9,0.317,0.0,0.0,0.333,0.6,1.8,0.317,0.321,0.7,1.0,0.735,0.3,0.5,0.8,0.3,0.2,0.1,0.3,0.5,1.9,,0,0,1
302.0,Darren Morningstar,24.0,2TM,C,23.0,15.0,367.0,8.9,0.504,0.0,0.366,8.8,16.5,12.4,6.1,1.9,0.4,16.6,13.2,0.1,0.3,0.4,0.048,-4.4,-0.1,-4.5,-0.2,,1993,279.0,24.0,2TM,C,23.0,15.0,16.0,1.7,3.6,0.476,0.0,0.0,,1.7,3.6,0.476,0.476,0.8,1.3,0.6,1.3,2.2,3.5,0.7,0.6,0.1,0.8,3.0,4.2,,0,0,1
310.0,Chris Whitney,22.0,SAS,PG,40.0,4.0,339.0,3.5,0.406,0.366,0.183,1.7,7.6,4.8,21.4,1.7,0.2,29.5,16.6,-0.7,0.3,-0.3,-0.049,-7.1,-1.0,-8.2,-0.5,,1993,376.0,22.0,SAS,PG,40.0,4.0,8.5,0.6,2.1,0.305,0.3,0.8,0.333,0.4,1.3,0.288,0.366,0.3,0.4,0.8,0.1,0.6,0.7,1.3,0.3,0.0,0.9,1.3,1.8,,0,0,1
320.0,Darnell Mee,22.0,DEN,SG,38.0,0.0,285.0,6.3,0.365,0.273,0.307,6.9,6.8,6.8,8.0,2.6,2.9,15.3,17.6,-0.6,0.4,-0.1,-0.022,-4.3,1.4,-3.0,-0.1,,1993,372.0,22.0,DEN,SG,38.0,0.0,7.5,0.7,2.3,0.318,0.1,0.6,0.208,0.6,1.7,0.359,0.347,0.3,0.7,0.444,0.4,0.5,0.9,0.4,0.4,0.3,0.5,0.9,1.9,,0,0,1
323.0,Ervin Johnson,26.0,SEA,C,45.0,3.0,280.0,16.1,0.463,0.0,0.434,20.3,29.7,25.0,3.6,1.8,5.6,16.0,23.0,0.0,0.7,0.7,0.114,-3.6,-1.1,-4.8,-0.2,,1993,338.0,26.0,SEA,C,45.0,3.0,6.2,1.0,2.4,0.415,0.0,0.0,,1.0,2.4,0.415,0.415,0.6,1.0,0.63,1.1,1.6,2.6,0.2,0.2,0.5,0.5,1.0,2.6,,0,0,1
324.0,Reggie Jordan,26.0,LAL,SG,23.0,0.0,259.0,20.1,0.498,0.039,0.495,18.5,9.2,14.0,15.1,2.7,1.2,10.0,22.7,0.6,0.2,0.8,0.142,3.8,-0.7,3.1,0.3,,1993,241.0,26.0,LAL,SG,23.0,0.0,11.3,1.9,4.5,0.427,0.1,0.2,0.5,1.8,4.3,0.424,0.437,1.5,2.2,0.686,2.0,0.9,2.9,1.1,0.6,0.2,0.6,1.1,5.4,,0,0,1
326.0,Antonio Harvey,23.0,LAL,PF,27.0,6.0,247.0,8.0,0.387,0.0,0.329,11.0,15.1,13.0,2.8,1.6,4.8,15.8,18.3,-0.4,0.2,-0.2,-0.039,-5.8,-1.1,-6.9,-0.3,,1993,337.0,23.0,LAL,PF,27.0,6.0,9.1,1.1,2.9,0.367,0.0,0.0,,1.1,2.9,0.367,0.367,0.4,1.0,0.462,1.0,1.2,2.2,0.2,0.3,0.7,0.6,1.4,2.6,,0,0,1
329.0,Eric Riley,23.0,HOU,C,47.0,2.0,219.0,13.4,0.51,0.014,0.529,12.9,16.8,15.0,6.3,1.2,2.6,14.8,20.5,0.1,0.4,0.4,0.097,-3.3,-0.8,-4.0,-0.1,,1993,373.0,23.0,HOU,C,47.0,2.0,4.7,0.7,1.5,0.486,0.0,0.0,0.0,0.7,1.5,0.493,0.486,0.4,0.8,0.541,0.5,0.7,1.3,0.2,0.1,0.2,0.3,0.6,1.9,,0,0,1
336.0,Scott Haskin,23.0,IND,C,27.0,2.0,186.0,11.3,0.515,0.0,0.422,11.0,22.8,17.1,4.7,0.6,5.5,19.6,15.7,0.0,0.3,0.3,0.087,-3.8,1.0,-2.8,0.0,,1993,368.0,23.0,IND,C,27.0,2.0,6.9,0.8,1.7,0.467,0.0,0.0,,0.8,1.7,0.467,0.467,0.5,0.7,0.684,0.6,1.4,2.0,0.2,0.1,0.6,0.5,1.2,2.0,,0,0,1
343.0,Gerald Madkins,24.0,CLE,SG,22.0,0.0,149.0,7.4,0.494,0.484,0.323,0.8,7.8,4.3,17.8,3.2,0.0,26.9,14.6,-0.1,0.2,0.1,0.019,-4.7,0.8,-4.0,-0.1,,1993,380.0,24.0,CLE,SG,22.0,0.0,6.8,0.5,1.4,0.355,0.2,0.7,0.333,0.3,0.7,0.375,0.435,0.4,0.5,0.8,0.0,0.5,0.5,0.9,0.4,0.0,0.6,0.7,1.6,,0,0,1
344.0,Evers Burns,22.0,SAC,PF,23.0,0.0,143.0,9.7,0.43,0.0,0.418,9.7,13.3,11.5,9.7,2.1,1.3,9.7,21.3,-0.1,0.1,0.1,0.02,-5.0,-0.6,-5.5,-0.1,,1993,346.0,22.0,SAC,PF,23.0,0.0,6.2,1.0,2.4,0.4,0.0,0.0,,1.0,2.4,0.4,0.4,0.5,1.0,0.522,0.6,0.7,1.3,0.4,0.3,0.1,0.3,1.4,2.4,,0,0,1
354.0,Doug Edwards,23.0,ATL,PF,16.0,0.0,107.0,9.4,0.384,0.02,0.327,7.2,11.3,9.2,11.3,1.0,3.0,9.7,24.9,-0.2,0.1,0.0,-0.009,-5.7,-2.4,-8.1,-0.2,,1993,333.0,23.0,ATL,PF,16.0,0.0,6.7,1.1,3.1,0.347,0.0,0.1,0.0,1.1,3.0,0.354,0.347,0.6,1.0,0.563,0.4,0.7,1.1,0.5,0.1,0.3,0.4,0.6,2.7,,0,0,1
356.0,Richard Petruška,25.0,HOU,C,22.0,0.0,92.0,12.3,0.535,0.326,0.174,11.5,25.2,18.7,1.8,1.1,2.0,23.2,31.0,-0.2,0.2,0.0,-0.014,-5.6,-2.6,-8.2,-0.1,,1993,348.0,25.0,HOU,C,22.0,0.0,4.2,0.9,2.1,0.435,0.3,0.7,0.467,0.6,1.4,0.419,0.511,0.3,0.4,0.75,0.4,1.0,1.4,0.0,0.1,0.1,0.7,0.7,2.4,,0,0,1
357.0,Stanley Jackson,23.0,MIN,SG,17.0,0.0,92.0,17.8,0.554,0.152,0.091,15.7,18.7,17.2,30.4,2.8,0.0,22.6,21.1,0.1,0.1,0.2,0.102,1.3,0.1,1.5,0.1,,1993,354.0,23.0,MIN,SG,17.0,0.0,5.4,1.0,1.9,0.515,0.1,0.3,0.2,0.9,1.6,0.571,0.53,0.2,0.2,1.0,0.7,0.9,1.6,0.9,0.3,0.0,0.6,0.8,2.2,,0,0,1
358.0,Luther Wright,22.0,UTA,C,15.0,2.0,92.0,-0.4,0.384,0.043,0.174,7.6,4.9,6.3,0.0,0.6,1.5,19.5,14.8,-0.2,0.1,-0.1,-0.064,-9.5,-2.8,-12.3,-0.2,,1993,388.0,22.0,UTA,C,15.0,2.0,6.1,0.5,1.5,0.348,0.0,0.1,0.0,0.5,1.5,0.364,0.348,0.2,0.3,0.75,0.4,0.3,0.7,0.0,0.1,0.1,0.4,1.4,1.3,,0,0,1
360.0,Chris King,24.0,SEA,SF,15.0,0.0,86.0,13.1,0.463,0.146,0.542,6.9,13.8,10.3,20.5,2.3,0.0,16.8,35.6,-0.1,0.1,0.0,0.002,-4.5,-2.5,-7.0,-0.1,,1993,292.0,24.0,SEA,SF,15.0,0.0,5.7,1.3,3.2,0.396,0.1,0.5,0.286,1.1,2.7,0.415,0.417,1.0,1.7,0.577,0.3,0.7,1.0,0.7,0.3,0.0,0.8,0.8,3.7,,0,0,1
362.0,Adonis Jordan,23.0,DEN,PG,6.0,0.0,79.0,5.6,0.326,0.435,0.0,4.4,4.1,4.2,33.3,0.0,0.8,20.7,15.6,-0.1,0.0,-0.1,-0.037,-2.2,-3.0,-5.3,-0.1,,1993,343.0,23.0,DEN,PG,6.0,0.0,13.2,1.0,3.8,0.261,0.5,1.7,0.3,0.5,2.2,0.231,0.326,0.0,0.0,,0.5,0.5,1.0,3.2,0.0,0.2,1.0,1.0,2.5,,0,0,1
365.0,Chris Jent,24.0,HOU,SF,3.0,0.0,78.0,11.0,0.577,0.423,0.077,6.0,14.8,10.7,14.0,0.0,0.0,15.7,18.1,0.1,0.1,0.2,0.1,-2.2,-2.2,-4.4,0.0,,1993,136.0,24.0,HOU,SF,3.0,0.0,26.0,4.3,8.7,0.5,1.3,3.7,0.364,3.0,5.0,0.6,0.577,0.3,0.7,0.5,1.3,3.7,5.0,2.3,0.0,0.0,1.7,4.3,10.3,,0,0,1
368.0,Andrew Gaze,28.0,WSB,SG,7.0,0.0,70.0,10.5,0.615,0.471,0.118,1.6,10.2,5.8,10.3,1.4,0.9,14.4,12.8,0.1,0.0,0.1,0.074,-1.7,-1.1,-2.8,0.0,,1993,311.0,28.0,WSB,SG,7.0,0.0,10.0,1.1,2.4,0.471,0.6,1.1,0.5,0.6,1.3,0.444,0.588,0.3,0.3,1.0,0.1,0.9,1.0,0.7,0.3,0.1,0.4,1.3,3.1,,0,0,1
369.0,Malcolm Mackey,23.0,PHO,C,22.0,0.0,69.0,12.6,0.395,0.054,0.216,19.8,19.4,19.6,2.2,0.0,2.7,4.7,25.8,0.0,0.1,0.1,0.036,-3.6,-5.1,-8.7,-0.1,,1993,384.0,23.0,PHO,C,22.0,0.0,3.1,0.6,1.7,0.378,0.0,0.1,0.0,0.6,1.6,0.4,0.378,0.2,0.4,0.5,0.5,0.5,1.1,0.0,0.0,0.1,0.1,0.4,1.5,,0,0,1
373.0,Kevin Thompson,22.0,POR,C,14.0,0.0,58.0,4.9,0.437,0.071,0.143,12.6,11.8,12.2,6.9,0.0,2.2,25.2,14.0,-0.1,0.0,0.0,-0.016,-7.3,-0.8,-8.1,-0.1,,1993,394.0,22.0,POR,C,14.0,0.0,4.1,0.4,1.0,0.429,0.0,0.1,0.0,0.4,0.9,0.462,0.429,0.1,0.1,0.5,0.5,0.4,0.9,0.2,0.0,0.1,0.4,0.8,0.9,,0,0,1
376.0,Gary Alexander,24.0,2TM,PF,11.0,0.0,55.0,8.6,0.529,0.0,0.643,14.7,16.8,15.8,5.4,2.9,0.0,30.8,21.0,-0.1,0.1,0.0,-0.032,-6.6,-1.5,-8.1,-0.1,,1993,377.0,24.0,2TM,PF,11.0,0.0,5.0,0.7,1.3,0.571,0.0,0.0,,0.7,1.3,0.571,0.571,0.3,0.8,0.333,0.6,0.7,1.4,0.2,0.3,0.0,0.7,0.9,1.7,,0,0,1
379.0,Bill Edwards,22.0,PHI,PF,3.0,0.0,44.0,-0.4,0.149,0.278,0.278,12.4,22.5,17.5,12.3,3.4,1.4,16.5,23.9,-0.3,0.1,-0.3,-0.282,-11.2,-2.4,-13.6,-0.1,,1993,366.0,22.0,PHI,PF,3.0,0.0,14.7,0.7,6.0,0.111,0.0,1.7,0.0,0.7,4.3,0.154,0.111,0.7,1.7,0.4,1.7,3.0,4.7,1.3,1.0,0.3,1.3,2.0,2.0,,0,0,1
380.0,Michael Curry,25.0,PHI,SG,10.0,0.0,43.0,-3.9,0.286,0.143,0.286,0.0,2.6,1.3,3.3,1.2,0.0,16.0,19.0,-0.2,0.0,-0.2,-0.217,-10.7,-2.8,-13.5,-0.1,,1993,393.0,25.0,PHI,SG,10.0,0.0,4.3,0.3,1.4,0.214,0.0,0.2,0.0,0.3,1.2,0.25,0.214,0.3,0.4,0.75,0.0,0.1,0.1,0.1,0.1,0.0,0.3,0.6,0.9,,0,0,1
382.0,Matt Wenstrom,23.0,BOS,C,11.0,0.0,37.0,15.6,0.625,0.0,1.0,18.2,18.4,18.3,0.0,0.0,3.4,21.7,21.6,0.0,0.0,0.1,0.098,-2.2,-1.6,-3.7,0.0,,1993,381.0,23.0,BOS,C,11.0,0.0,3.4,0.5,0.9,0.6,0.0,0.0,,0.5,0.9,0.6,0.6,0.5,0.9,0.6,0.5,0.5,1.1,0.0,0.0,0.2,0.4,0.6,1.6,,0,0,1
384.0,Andrés Guibert,25.0,MIN,C,5.0,0.0,33.0,6.1,0.331,0.0,0.3,36.4,20.8,28.4,10.5,0.0,1.9,20.9,37.9,-0.2,0.0,-0.2,-0.243,-9.6,-8.9,-18.5,-0.1,,1993,319.0,25.0,MIN,C,5.0,0.0,6.6,1.2,4.0,0.3,0.0,0.0,,1.2,4.0,0.3,0.3,0.6,1.2,0.5,2.0,1.2,3.2,0.4,0.0,0.2,1.2,1.2,3.0,,0,0,1
385.0,Keith Tower,23.0,ORL,C,11.0,0.0,32.0,5.5,0.444,0.0,0.0,0.0,20.8,10.5,4.3,0.0,0.0,0.0,12.0,0.0,0.0,0.0,0.051,-5.4,-1.4,-6.7,0.0,,1993,398.0,23.0,ORL,C,11.0,0.0,2.9,0.4,0.8,0.444,0.0,0.0,,0.4,0.8,0.444,0.444,0.0,0.0,,0.0,0.5,0.5,0.1,0.0,0.0,0.0,0.5,0.7,,0,0,1
392.0,Alphonso Ford,22.0,SEA,PG,6.0,0.0,16.0,28.9,0.576,0.077,0.154,0.0,0.0,0.0,15.3,6.3,0.0,6.7,39.9,0.0,0.0,0.1,0.193,3.8,3.4,7.3,0.0,,1993,334.0,22.0,SEA,PG,6.0,0.0,2.7,1.2,2.2,0.538,0.2,0.2,1.0,1.0,2.0,0.5,0.577,0.2,0.3,0.5,0.0,0.0,0.0,0.2,0.3,0.0,0.2,0.3,2.7,,0,0,1
393.0,Skeeter Henry,26.0,PHO,SG,4.0,0.0,15.0,5.6,0.296,0.4,0.8,0.0,14.8,7.5,33.2,0.0,0.0,12.9,21.7,0.0,0.0,0.0,-0.087,-7.3,-5.4,-12.7,0.0,,1993,391.0,26.0,PHO,SG,4.0,0.0,3.8,0.3,1.3,0.2,0.0,0.5,0.0,0.3,0.8,0.333,0.2,0.5,1.0,0.5,0.0,0.5,0.5,1.0,0.0,0.0,0.3,0.3,1.0,,0,0,1
396.0,Aaron Williams,22.0,UTA,PF,6.0,0.0,12.0,-7.0,0.237,0.0,0.125,9.8,19.0,14.4,13.0,0.0,0.0,10.6,34.8,-0.1,0.0,-0.1,-0.327,-17.6,-6.3,-23.9,-0.1,,1993,399.0,22.0,UTA,PF,6.0,0.0,2.0,0.3,1.3,0.25,0.0,0.0,,0.3,1.3,0.25,0.25,0.0,0.2,0.0,0.2,0.3,0.5,0.2,0.0,0.0,0.2,0.7,0.7,,0,0,1
397.0,Dell Demps,23.0,GSW,PG,2.0,0.0,11.0,4.5,0.291,0.0,0.333,0.0,0.0,0.0,12.9,8.8,0.0,12.7,29.5,-0.1,0.0,0.0,-0.207,-10.5,2.4,-8.0,0.0,,1993,365.0,23.0,GSW,PG,2.0,0.0,5.5,1.0,3.0,0.333,0.0,0.0,,1.0,3.0,0.333,0.333,0.0,1.0,0.0,0.0,0.0,0.0,0.5,1.0,0.0,0.5,0.5,2.0,,0,0,1
400.0,Ricky Grace,26.0,ATL,PG,3.0,0.0,8.0,10.8,0.515,0.0,0.667,0.0,13.8,6.9,21.9,0.0,0.0,0.0,20.8,0.0,0.0,0.0,0.103,-5.4,1.5,-3.9,0.0,,1993,386.0,26.0,ATL,PG,3.0,0.0,2.7,0.7,1.0,0.667,0.0,0.0,,0.7,1.0,0.667,0.667,0.0,0.7,0.0,0.0,0.3,0.3,0.3,0.0,0.0,0.0,1.0,1.3,,0,0,1
401.0,Chad Gallagher,24.0,UTA,C,2.0,0.0,3.0,66.8,1.0,0.0,0.0,0.0,0.0,0.0,0.0,0.0,0.0,0.0,44.2,0.1,0.0,0.1,1.442,20.4,9.6,30.1,0.0,,1993,317.0,24.0,UTA,C,2.0,0.0,1.5,1.5,1.5,1.0,0.0,0.0,,1.5,1.5,1.0,1.0,0.0,0.0,,0.0,0.0,0.0,0.0,0.0,0.0,0.0,1.0,3.0,,0,0,1
402.0,Geert Hammink,24.0,ORL,C,1.0,0.0,3.0,20.0,0.333,0.0,0.0,37.8,0.0,18.7,64.9,0.0,0.0,0.0,42.7,0.0,0.0,0.0,0.101,-0.8,-2.4,-3.2,0.0,,1993,367.0,24.0,ORL,C,1.0,0.0,3.0,1.0,3.0,0.333,0.0,0.0,,1.0,3.0,0.333,0.333,0.0,0.0,,1.0,0.0,1.0,1.0,0.0,0.0,0.0,1.0,2.0,,0,0,1
17.0,Glenn Robinson,22.0,MIL,SF,80.0,76.0,2958.0,16.6,0.538,0.19,0.354,6.7,14.4,10.4,12.2,2.0,0.6,16.1,29.1,1.1,2.2,3.2,0.053,0.6,-1.5,-0.9,0.8,ROY-3,1994,12.0,22.0,MIL,SF,80.0,76.0,37.0,8.0,17.6,0.451,1.1,3.4,0.321,6.9,14.3,0.482,0.482,5.0,6.2,0.796,2.1,4.3,6.4,2.5,1.4,0.3,3.9,2.9,21.9,ROY-3,1,1,1
46.0,Grant Hill,22.0,DET,SF,70.0,69.0,2678.0,19.0,0.541,0.025,0.48,5.4,14.1,9.7,22.5,2.4,1.7,13.5,24.9,3.7,1.8,5.4,0.097,2.1,-0.1,2.0,2.7,"ROY-1,AS",1994,26.0,22.0,DET,SF,70.0,69.0,38.3,7.3,15.2,0.477,0.1,0.4,0.148,7.2,14.8,0.486,0.479,5.3,7.3,0.732,1.8,4.6,6.4,5.0,1.8,0.9,2.9,2.9,19.9,"ROY-1,AS",1,1,1
47.0,Jason Kidd,21.0,DAL,PG,79.0,79.0,2668.0,15.1,0.471,0.3,0.321,5.8,11.9,8.7,33.2,2.9,0.6,20.4,19.0,1.1,2.6,3.7,0.066,0.6,0.6,1.2,2.1,"MVP-13,ROY-1",1994,109.0,21.0,DAL,PG,79.0,79.0,33.8,4.2,10.8,0.385,0.9,3.3,0.272,3.3,7.6,0.433,0.426,2.4,3.5,0.698,1.9,3.5,5.4,7.7,1.9,0.3,3.2,1.8,11.7,"MVP-13,ROY-1",1,1,1
59.0,Lamond Murray,21.0,LAC,SF,81.0,61.0,2556.0,11.6,0.472,0.199,0.242,5.7,10.9,8.1,8.7,1.4,1.6,11.9,23.4,-1.4,1.1,-0.3,-0.006,-1.5,-2.0,-3.4,-0.9,,1994,72.0,21.0,LAC,SF,81.0,61.0,31.6,5.4,13.5,0.402,0.8,2.7,0.298,4.6,10.8,0.427,0.431,2.5,3.3,0.754,1.6,2.7,4.4,1.6,0.9,0.7,2.0,2.2,14.1,,0,0,1
82.0,Juwan Howard,21.0,WSB,PF,65.0,52.0,2348.0,15.0,0.521,0.008,0.314,8.7,18.4,13.4,11.6,1.1,0.5,13.5,22.8,1.3,1.5,2.8,0.057,-0.7,-1.5,-2.2,-0.1,ROY-5,1994,46.0,21.0,WSB,PF,65.0,52.0,36.1,7.0,14.3,0.489,0.0,0.1,0.0,7.0,14.2,0.492,0.489,3.0,4.5,0.664,2.8,5.6,8.4,2.5,0.8,0.2,2.6,3.6,17.0,ROY-5,1,2,1
88.0,Eric Montross,23.0,BOS,C,78.0,75.0,2315.0,12.1,0.565,0.002,0.457,9.6,18.7,14.1,2.3,0.6,1.8,14.0,15.0,2.3,1.8,4.1,0.084,-1.9,-1.1,-3.0,-0.6,,1994,139.0,23.0,BOS,C,78.0,75.0,29.7,3.9,7.4,0.534,0.0,0.0,0.0,3.9,7.4,0.535,0.534,2.1,3.4,0.635,2.5,4.7,7.3,0.5,0.4,0.8,1.4,3.8,10.0,,1,2,1
90.0,Brian Grant,22.0,SAC,PF,80.0,59.0,2289.0,16.5,0.546,0.005,0.449,10.7,19.5,15.2,7.4,1.1,3.8,14.4,22.0,1.9,3.4,5.3,0.112,-0.8,0.6,-0.2,1.0,ROY-5,1994,88.0,22.0,SAC,PF,80.0,59.0,28.6,5.2,10.1,0.511,0.0,0.1,0.25,5.2,10.1,0.512,0.511,2.9,4.5,0.636,2.6,4.9,7.5,1.2,0.6,1.5,2.0,3.5,13.2,ROY-5,1,1,1
104.0,Donyell Marshall,21.0,2TM,SF,72.0,31.0,2086.0,12.5,0.465,0.277,0.253,7.6,15.0,11.3,8.6,1.1,3.0,10.6,22.9,-0.9,1.2,0.3,0.007,-1.6,-1.6,-3.2,-0.7,,1994,99.0,21.0,2TM,SF,72.0,31.0,29.0,4.8,12.2,0.394,1.0,3.4,0.284,3.8,8.8,0.436,0.433,2.0,3.1,0.662,1.9,3.7,5.6,1.5,0.6,1.2,1.6,2.2,12.6,,0,0,1
113.0,Sharone Wright,22.0,PHI,C,79.0,49.0,2044.0,14.0,0.502,0.01,0.363,10.8,16.1,13.5,4.1,1.0,3.7,14.4,23.0,-0.2,1.9,1.7,0.04,-2.5,-1.2,-3.7,-0.9,,1994,115.0,22.0,PHI,C,79.0,49.0,25.9,4.6,9.8,0.465,0.0,0.1,0.0,4.6,9.7,0.47,0.465,2.3,3.6,0.645,2.4,3.6,6.0,0.6,0.5,1.3,1.9,3.1,11.4,,0,0,1
123.0,Eddie Jones,23.0,LAL,SG,64.0,58.0,1981.0,16.3,0.548,0.331,0.227,4.4,9.5,7.0,9.9,3.3,1.4,8.4,19.4,2.9,2.1,5.0,0.122,1.0,1.3,2.3,2.1,ROY-4,1994,75.0,23.0,LAL,SG,64.0,58.0,31.0,5.3,11.6,0.46,1.4,3.8,0.37,3.9,7.8,0.504,0.521,1.9,2.6,0.722,1.2,2.7,3.9,2.0,2.0,0.6,1.2,2.7,14.0,ROY-4,1,1,1
136.0,Wesley Person,23.0,PHO,SG,78.0,56.0,1800.0,14.2,0.596,0.417,0.158,4.3,8.6,6.4,8.6,1.3,1.0,10.4,18.3,3.0,0.8,3.8,0.101,1.3,-1.3,0.0,0.9,,1994,131.0,23.0,PHO,SG,78.0,56.0,23.1,4.0,8.2,0.484,1.5,3.4,0.436,2.5,4.8,0.519,0.575,1.0,1.3,0.792,0.9,1.7,2.6,1.3,0.6,0.3,1.0,1.9,10.4,,1,2,1
137.0,Jalen Rose,22.0,DEN,SF,81.0,37.0,1798.0,15.1,0.55,0.228,0.468,3.9,10.4,7.2,33.3,1.9,0.9,21.0,19.1,2.4,1.5,3.8,0.103,0.7,-0.2,0.5,1.1,,1994,173.0,22.0,DEN,SF,81.0,37.0,22.2,2.8,6.2,0.454,0.4,1.4,0.316,2.4,4.8,0.495,0.49,2.1,2.9,0.739,0.7,2.0,2.7,4.8,0.8,0.3,2.0,2.5,8.2,,1,2,1
143.0,Michael Smith,22.0,SAC,PF,82.0,0.0,1736.0,13.5,0.544,0.005,0.645,11.9,20.6,16.3,6.1,1.8,2.1,16.9,16.1,0.9,2.8,3.7,0.101,-1.7,0.9,-0.9,0.5,,1994,203.0,22.0,SAC,PF,82.0,0.0,21.2,2.7,5.0,0.542,0.0,0.0,0.0,2.7,4.9,0.545,0.542,1.5,3.2,0.485,2.1,3.8,5.9,0.8,0.7,0.6,1.3,2.9,6.9,,0,0,1
170.0,Clifford Rozier,22.0,GSW,C,66.0,34.0,1494.0,11.5,0.49,0.018,0.39,14.7,21.4,18.0,4.4,1.1,1.8,16.3,15.4,0.1,1.2,1.3,0.043,-3.0,-1.4,-4.3,-0.9,,1994,208.0,22.0,GSW,C,66.0,34.0,22.6,2.9,5.9,0.485,0.0,0.1,0.286,2.8,5.8,0.488,0.487,1.0,2.3,0.447,3.0,4.3,7.4,0.7,0.5,0.6,1.3,3.0,6.8,,0,0,1
173.0,Khalid Reeves,22.0,MIA,PG,67.0,17.0,1462.0,16.9,0.561,0.368,0.422,4.1,11.0,7.5,30.2,2.7,0.5,19.3,20.6,2.1,1.4,3.5,0.115,1.8,0.1,1.9,1.4,,1994,158.0,22.0,MIA,PG,67.0,17.0,21.8,3.1,6.9,0.443,1.0,2.6,0.392,2.1,4.4,0.473,0.515,2.1,2.9,0.714,0.8,2.0,2.8,4.3,1.1,0.1,2.0,2.1,9.2,,0,0,1
200.0,Eric Piatkowski,24.0,LAC,SG,81.0,11.0,1208.0,13.9,0.559,0.434,0.252,5.8,7.3,6.5,10.6,1.6,0.9,11.1,20.5,1.6,0.4,2.0,0.079,0.8,-1.3,-0.5,0.4,,1994,198.0,24.0,LAC,SG,81.0,11.0,14.9,2.5,5.6,0.441,0.9,2.4,0.374,1.6,3.2,0.492,0.522,1.1,1.4,0.783,0.8,0.9,1.6,1.0,0.5,0.2,0.8,1.9,7.0,,0,0,1
220.0,Derrick Alston,22.0,PHI,C,64.0,1.0,1032.0,11.6,0.481,0.016,0.465,11.0,13.8,12.4,5.1,2.0,2.5,14.6,15.7,0.0,1.0,1.0,0.045,-2.5,-0.1,-2.6,-0.2,,1994,266.0,22.0,PHI,C,64.0,1.0,16.1,1.9,4.0,0.465,0.0,0.1,0.0,1.9,4.0,0.472,0.465,0.9,1.9,0.492,1.5,1.9,3.4,0.5,0.6,0.5,0.8,1.7,4.7,,0,0,1
224.0,Chris Childs,27.0,NJN,PG,53.0,11.0,1021.0,11.2,0.495,0.448,0.262,1.5,5.9,3.7,33.8,2.1,0.2,19.6,16.7,0.5,0.8,1.2,0.058,-1.9,-0.3,-2.2,-0.1,,1994,232.0,27.0,NJN,PG,53.0,11.0,19.3,2.0,5.3,0.38,0.8,2.4,0.328,1.2,2.9,0.422,0.453,1.0,1.4,0.753,0.3,1.0,1.3,4.1,0.8,0.1,1.4,2.2,5.8,,0,0,1
226.0,Carlos Rogers,23.0,GSW,C,49.0,18.0,1017.0,14.3,0.542,0.041,0.429,11.7,18.7,15.1,5.8,1.1,3.5,17.2,20.3,0.1,0.8,0.9,0.045,-2.3,-1.1,-3.3,-0.3,,1994,164.0,23.0,GSW,C,49.0,18.0,20.8,3.7,6.9,0.529,0.0,0.3,0.143,3.6,6.7,0.546,0.532,1.6,3.0,0.521,2.2,3.5,5.7,0.8,0.4,1.1,1.7,2.5,8.9,,0,0,1
230.0,Anthony Tucker,25.0,WSB,SF,62.0,13.0,982.0,9.2,0.493,0.005,0.395,5.0,15.3,10.0,9.9,2.4,0.8,18.5,13.5,-0.2,0.9,0.6,0.03,-3.8,0.7,-3.1,-0.3,,1994,301.0,25.0,WSB,SF,62.0,13.0,15.8,1.5,3.4,0.457,0.0,0.0,0.0,1.5,3.4,0.459,0.457,0.8,1.3,0.614,0.7,2.0,2.7,1.1,0.7,0.2,0.9,2.1,3.9,,0,0,1
235.0,Greg Minor,23.0,BOS,SG,63.0,8.0,945.0,14.7,0.562,0.04,0.259,5.9,10.9,8.4,10.9,1.7,1.2,11.6,17.4,1.4,0.6,2.1,0.106,0.0,0.1,0.2,0.5,,1994,228.0,23.0,BOS,SG,63.0,8.0,15.0,2.5,4.8,0.515,0.0,0.2,0.167,2.4,4.6,0.529,0.518,1.0,1.2,0.833,0.8,1.4,2.2,1.0,0.5,0.3,0.7,1.4,6.0,,0,0,1
250.0,Aaron McKie,22.0,POR,SG,45.0,20.0,827.0,13.3,0.5,0.107,0.28,4.6,13.5,8.8,15.9,2.2,1.4,11.7,17.0,0.8,1.2,2.0,0.115,-1.4,1.7,0.3,0.5,,1994,212.0,22.0,POR,SG,45.0,20.0,18.4,2.6,5.8,0.444,0.2,0.6,0.393,2.3,5.2,0.451,0.466,1.1,1.6,0.685,0.8,2.1,2.9,2.0,0.8,0.4,0.9,2.2,6.5,,0,0,1
256.0,B.J. Tyler,23.0,PHI,PG,55.0,8.0,809.0,8.5,0.462,0.27,0.265,1.9,7.1,4.5,32.8,2.3,0.2,31.5,17.0,-1.2,0.5,-0.7,-0.039,-3.2,-1.9,-5.0,-0.6,,1994,315.0,23.0,PHI,PG,55.0,8.0,14.7,1.3,3.4,0.381,0.3,0.9,0.314,1.0,2.5,0.406,0.423,0.6,0.9,0.7,0.2,0.9,1.1,3.2,0.7,0.0,1.8,1.1,3.5,,0,0,1
258.0,Darrick Martin,23.0,MIN,PG,34.0,9.0,803.0,10.3,0.485,0.163,0.279,2.2,7.6,4.9,28.2,2.2,0.0,19.2,18.4,-0.2,0.3,0.1,0.004,-3.1,-1.2,-4.4,-0.5,,1994,185.0,23.0,MIN,PG,34.0,9.0,23.6,2.8,6.9,0.408,0.2,1.1,0.184,2.6,5.7,0.451,0.423,1.7,1.9,0.877,0.4,1.5,1.9,3.9,1.0,0.0,1.8,2.6,7.5,,0,0,1
272.0,Jamie Watson,22.0,UTA,SF,60.0,1.0,673.0,9.6,0.552,0.125,0.368,3.1,10.2,6.9,12.4,2.7,1.3,22.4,15.3,-0.1,0.9,0.8,0.055,-3.1,1.6,-1.6,0.1,,1994,324.0,22.0,UTA,SF,60.0,1.0,11.2,1.3,2.5,0.5,0.1,0.3,0.263,1.2,2.2,0.534,0.516,0.6,0.9,0.679,0.3,1.0,1.2,1.0,0.6,0.2,0.9,1.4,3.3,,0,0,1
274.0,Ryan Lorthridge,22.0,GSW,SG,37.0,2.0,672.0,12.9,0.52,0.063,0.395,3.9,7.8,5.8,23.1,2.0,0.1,17.9,20.0,0.2,0.2,0.4,0.032,-1.4,-1.1,-2.4,-0.1,,1994,189.0,22.0,GSW,SG,37.0,2.0,18.2,2.9,6.0,0.475,0.1,0.4,0.214,2.8,5.6,0.493,0.482,1.5,2.4,0.648,0.6,1.3,1.9,2.7,0.8,0.0,1.5,1.1,7.4,,0,0,1
283.0,Tony Dumas,22.0,DAL,SG,58.0,0.0,613.0,8.8,0.465,0.292,0.308,5.3,5.6,5.5,14.2,1.1,0.4,15.0,22.5,-0.2,0.2,0.0,0.0,-3.2,-1.6,-4.8,-0.4,,1994,274.0,22.0,DAL,SG,58.0,0.0,10.6,1.7,4.3,0.384,0.4,1.3,0.301,1.3,3.1,0.418,0.428,0.9,1.3,0.649,0.6,0.5,1.1,1.0,0.2,0.1,0.9,1.3,4.6,,0,0,1
289.0,Bill Curley,22.0,DET,PF,53.0,1.0,595.0,9.0,0.477,0.0,0.269,10.6,13.9,12.2,6.2,1.8,2.6,14.3,13.2,0.1,0.4,0.5,0.042,-5.0,-0.2,-5.2,-0.5,,1994,343.0,22.0,DET,PF,53.0,1.0,11.2,1.1,2.5,0.433,0.0,0.0,,1.1,2.5,0.433,0.433,0.5,0.7,0.75,1.0,1.3,2.3,0.5,0.4,0.4,0.5,2.4,2.7,,0,0,1
290.0,Eric Mobley,24.0,MIL,C,46.0,26.0,587.0,14.3,0.593,0.015,0.341,10.9,20.7,15.7,5.7,0.7,3.4,13.7,13.3,0.8,0.5,1.3,0.107,-0.8,-0.3,-1.2,0.1,,1994,300.0,24.0,MIL,C,46.0,26.0,12.8,1.7,2.9,0.591,0.0,0.0,1.0,1.7,2.8,0.585,0.598,0.5,1.0,0.489,1.2,2.1,3.3,0.5,0.2,0.6,0.5,1.4,3.9,,0,0,1
291.0,Dickey Simpkins,22.0,CHI,PF,59.0,5.0,586.0,11.0,0.478,0.0,0.391,12.1,18.3,15.2,9.4,0.9,0.9,17.3,19.8,-0.1,0.8,0.7,0.058,-3.6,-1.4,-4.9,-0.4,,1994,314.0,22.0,CHI,PF,59.0,5.0,9.9,1.3,3.1,0.424,0.0,0.0,,1.3,3.1,0.424,0.424,0.8,1.2,0.694,1.0,1.5,2.6,0.6,0.2,0.1,0.8,1.2,3.5,,0,0,1
297.0,Howard Eisley,22.0,2TM,PG,49.0,4.0,552.0,6.1,0.43,0.303,0.328,2.7,7.8,5.3,26.4,1.7,0.8,26.4,15.6,-0.7,0.2,-0.5,-0.044,-5.3,-1.4,-6.8,-0.7,,1994,350.0,22.0,2TM,PG,49.0,4.0,11.3,0.8,2.5,0.328,0.2,0.8,0.243,0.6,1.7,0.365,0.365,0.6,0.8,0.775,0.2,0.7,1.0,1.9,0.4,0.1,1.0,1.7,2.4,,0,0,1
298.0,Jim McIlvaine,22.0,WSB,C,55.0,0.0,534.0,10.0,0.539,0.0,0.577,8.3,14.5,11.3,2.5,1.0,7.9,17.6,8.8,0.3,0.6,0.8,0.074,-4.4,2.0,-2.3,0.0,,1994,376.0,22.0,WSB,C,55.0,0.0,9.7,0.6,1.3,0.479,0.0,0.0,,0.6,1.3,0.479,0.479,0.5,0.7,0.683,0.7,1.2,1.9,0.2,0.2,1.1,0.3,1.7,1.7,,0,0,1
299.0,Anthony Miller,23.0,LAL,PF,46.0,1.0,527.0,14.7,0.571,0.038,0.576,14.1,17.8,15.9,9.6,1.9,0.9,18.7,16.6,0.6,0.6,1.2,0.111,-1.3,-0.8,-2.1,0.0,,1994,291.0,23.0,LAL,PF,46.0,1.0,11.5,1.5,2.9,0.53,0.0,0.1,0.4,1.5,2.8,0.535,0.538,1.0,1.7,0.618,1.5,1.8,3.3,0.8,0.4,0.2,0.8,1.7,4.1,,0,0,1
303.0,Monty Williams,23.0,NYK,SF,41.0,23.0,503.0,8.4,0.458,0.06,0.286,10.2,12.6,11.4,15.3,2.1,0.6,21.5,17.4,-0.5,0.8,0.3,0.032,-4.9,1.1,-3.8,-0.2,,1994,326.0,23.0,NYK,SF,41.0,23.0,12.3,1.5,3.2,0.451,0.0,0.2,0.0,1.5,3.0,0.48,0.451,0.4,0.9,0.447,1.0,1.4,2.4,1.2,0.5,0.1,1.0,2.1,3.3,,0,0,1
315.0,Darrin Hancock,23.0,CHH,SF,46.0,7.0,424.0,11.2,0.554,0.025,0.322,4.1,10.4,7.4,11.6,2.4,0.7,17.8,18.4,-0.1,0.5,0.4,0.049,-3.0,0.7,-2.3,0.0,,1994,321.0,23.0,CHH,SF,46.0,7.0,9.2,1.5,2.6,0.562,0.0,0.1,0.333,1.5,2.6,0.568,0.566,0.3,0.8,0.41,0.3,0.8,1.2,0.7,0.4,0.1,0.7,1.0,3.3,,0,0,1
319.0,Dwayne Morton,23.0,GSW,PG,41.0,6.0,395.0,11.0,0.502,0.194,0.659,5.8,10.5,8.1,6.7,1.4,2.6,14.0,20.7,0.0,0.2,0.2,0.025,-2.5,-0.9,-3.5,-0.1,,1994,292.0,23.0,GSW,PG,41.0,6.0,9.6,1.2,3.1,0.388,0.2,0.6,0.36,1.0,2.5,0.394,0.422,1.4,2.1,0.682,0.5,0.9,1.4,0.4,0.3,0.4,0.7,1.1,4.1,,0,0,1
322.0,Matt Fish,25.0,LAC,C,26.0,8.0,370.0,10.6,0.516,0.01,0.359,9.6,17.7,13.4,7.2,2.2,1.4,19.0,17.3,-0.1,0.3,0.2,0.03,-4.5,0.2,-4.3,-0.2,,1994,269.0,25.0,LAC,C,26.0,8.0,14.2,1.9,4.0,0.476,0.0,0.0,0.0,1.9,3.9,0.48,0.476,1.0,1.4,0.676,1.2,2.0,3.2,0.7,0.6,0.3,1.1,2.7,4.7,,0,0,1
325.0,Tim Breaux,24.0,HOU,SF,42.0,2.0,340.0,8.9,0.449,0.207,0.405,5.7,5.8,5.7,6.6,1.6,0.8,10.1,20.9,-0.2,0.2,0.0,0.0,-3.7,-1.4,-5.0,-0.3,,1994,334.0,24.0,HOU,SF,42.0,2.0,8.1,1.1,2.9,0.372,0.1,0.6,0.24,0.9,2.3,0.406,0.397,0.8,1.2,0.653,0.4,0.4,0.8,0.4,0.3,0.1,0.4,0.6,3.0,,0,0,1
326.0,Ivano Newbill,24.0,DET,SF,34.0,0.0,331.0,7.3,0.366,0.0,0.489,14.1,14.6,14.3,7.1,1.9,2.5,18.0,9.0,-0.1,0.2,0.1,0.022,-4.9,-0.7,-5.6,-0.3,,1994,389.0,24.0,DET,SF,34.0,0.0,9.7,0.5,1.3,0.356,0.0,0.0,,0.5,1.3,0.356,0.356,0.2,0.6,0.364,1.2,1.2,2.4,0.5,0.4,0.3,0.4,1.8,1.2,,0,0,1
327.0,Trevor Ruffin,24.0,PHO,PG,49.0,1.0,319.0,15.5,0.545,0.503,0.193,2.9,5.4,4.1,25.8,2.2,0.5,18.0,35.4,-0.1,0.2,0.1,0.009,0.8,-3.1,-2.2,0.0,,1994,261.0,24.0,PHO,PG,49.0,1.0,6.5,1.7,4.0,0.426,0.8,2.0,0.384,0.9,2.0,0.469,0.523,0.6,0.8,0.711,0.2,0.3,0.5,1.0,0.3,0.0,1.0,1.1,4.8,,0,0,1
339.0,Brooks Thompson,24.0,ORL,PG,38.0,2.0,246.0,10.5,0.486,0.509,0.105,3.4,7.2,5.3,25.5,2.1,0.6,18.5,25.5,-0.1,0.2,0.1,0.022,-3.5,-1.8,-5.3,-0.2,,1994,330.0,24.0,ORL,PG,38.0,2.0,6.5,1.2,3.0,0.395,0.5,1.5,0.31,0.7,1.5,0.482,0.474,0.2,0.3,0.667,0.2,0.4,0.6,1.1,0.3,0.1,0.7,1.2,3.1,,0,0,1
341.0,Reggie Slater,24.0,DEN,PF,25.0,0.0,236.0,14.5,0.57,0.0,0.679,11.0,17.8,14.5,8.4,1.6,0.9,19.8,25.1,0.1,0.3,0.4,0.081,-2.8,-0.2,-3.0,0.0,,1994,262.0,24.0,DEN,PF,25.0,0.0,9.4,1.6,3.2,0.494,0.0,0.0,,1.6,3.2,0.494,0.494,1.6,2.2,0.727,0.8,1.4,2.3,0.5,0.3,0.1,1.0,1.9,4.8,,0,0,1
350.0,Žan Tabak,24.0,HOU,C,37.0,0.0,182.0,11.2,0.518,0.019,0.83,15.3,20.4,18.0,3.3,0.6,2.7,19.9,22.3,-0.1,0.2,0.2,0.043,-6.3,-2.1,-8.4,-0.3,,1994,370.0,24.0,HOU,C,37.0,0.0,4.9,0.6,1.4,0.453,0.0,0.0,0.0,0.6,1.4,0.462,0.453,0.7,1.2,0.614,0.6,0.9,1.5,0.1,0.1,0.2,0.5,1.0,2.0,,0,0,1
354.0,Jerome Harmon,25.0,PHI,SG,10.0,0.0,158.0,10.1,0.413,0.019,0.113,6.6,10.4,8.5,12.4,3.0,0.0,11.2,17.7,-0.1,0.1,0.0,0.009,-3.7,0.5,-3.2,0.0,,1994,276.0,25.0,PHI,SG,10.0,0.0,15.8,2.1,5.3,0.396,0.1,0.1,1.0,2.0,5.2,0.385,0.406,0.3,0.6,0.5,0.9,1.4,2.3,1.2,0.9,0.0,0.7,1.2,4.6,,0,0,1
359.0,Askia Jones,23.0,MIN,SG,11.0,0.0,139.0,8.3,0.441,0.273,0.364,5.4,4.4,4.9,19.3,2.3,0.0,15.0,19.7,-0.1,0.0,-0.1,-0.021,-4.3,-2.1,-6.4,-0.2,,1994,290.0,23.0,MIN,SG,11.0,0.0,12.6,1.4,4.0,0.341,0.2,1.1,0.167,1.2,2.9,0.406,0.364,1.2,1.5,0.813,0.5,0.5,1.0,1.5,0.5,0.0,0.8,1.7,4.1,,0,0,1
364.0,Julius Nwosu,23.0,SAS,C,23.0,0.0,84.0,6.8,0.437,0.0,0.607,15.6,16.7,16.2,5.0,0.0,2.5,20.2,23.3,-0.1,0.1,0.0,-0.009,-7.8,-1.6,-9.4,-0.2,,1994,388.0,23.0,SAS,C,23.0,0.0,3.7,0.4,1.2,0.321,0.0,0.0,,0.4,1.2,0.321,0.321,0.6,0.7,0.765,0.5,0.6,1.0,0.1,0.0,0.1,0.4,0.9,1.3,,0,0,1
366.0,Dontonio Wingfield,20.0,SEA,SF,20.0,0.0,81.0,14.2,0.415,0.235,0.196,16.4,27.4,22.0,6.0,3.1,2.9,12.6,33.9,-0.2,0.2,0.0,0.007,-7.8,-3.4,-11.1,-0.2,,1994,360.0,20.0,SEA,SF,20.0,0.0,4.1,0.9,2.6,0.353,0.1,0.6,0.167,0.8,2.0,0.41,0.373,0.4,0.5,0.8,0.6,1.0,1.5,0.2,0.3,0.2,0.4,0.8,2.3,,0,0,1
368.0,James Blackwell,26.0,2TM,PG,13.0,0.0,80.0,11.6,0.628,0.0,0.231,2.8,13.0,8.0,20.0,2.6,0.0,25.9,10.6,0.1,0.1,0.2,0.091,-1.8,2.5,0.7,0.1,,1994,382.0,26.0,2TM,PG,13.0,0.0,6.2,0.6,1.0,0.615,0.0,0.0,,0.6,1.0,0.615,0.615,0.2,0.2,0.667,0.2,0.7,0.8,0.8,0.3,0.0,0.4,0.6,1.4,,0,0,1
373.0,Sergei Bazarevich,29.0,ATL,PG,10.0,0.0,74.0,13.6,0.578,0.273,0.409,1.5,9.7,5.5,31.4,0.7,1.0,21.2,20.2,0.1,0.1,0.2,0.101,-1.3,-0.3,-1.6,0.0,,1994,332.0,29.0,ATL,PG,10.0,0.0,7.4,1.1,2.2,0.5,0.1,0.6,0.167,1.0,1.6,0.625,0.523,0.7,0.9,0.778,0.1,0.6,0.7,1.4,0.1,0.1,0.7,1.0,3.0,,0,0,1
377.0,Antonio Lang,22.0,PHO,SF,12.0,0.0,53.0,0.3,0.468,0.0,0.4,6.5,2.2,4.3,2.4,0.0,2.8,29.8,13.7,-0.1,0.0,-0.1,-0.083,-8.0,-3.0,-11.0,-0.1,,1994,397.0,22.0,PHO,SF,12.0,0.0,4.4,0.3,0.8,0.4,0.0,0.0,,0.3,0.8,0.4,0.4,0.3,0.3,0.75,0.3,0.1,0.3,0.1,0.0,0.2,0.4,0.9,0.9,,0,0,1
378.0,Aaron Swinson,24.0,PHO,SF,9.0,0.0,51.0,11.7,0.594,0.0,0.278,6.7,11.3,9.0,9.0,1.0,0.0,19.8,21.4,0.0,0.0,0.0,0.039,-4.3,-2.5,-6.8,-0.1,,1994,345.0,24.0,PHO,SF,9.0,0.0,5.7,1.1,2.0,0.556,0.0,0.0,,1.1,2.0,0.556,0.556,0.4,0.6,0.8,0.3,0.6,0.9,0.3,0.1,0.0,0.6,0.9,2.7,,0,0,1
381.0,Charlie Ward,24.0,NYK,PG,10.0,0.0,44.0,-2.1,0.342,0.526,0.526,2.8,12.9,8.0,13.7,2.4,0.0,25.5,32.7,-0.3,0.1,-0.2,-0.258,-12.9,-2.1,-15.0,-0.1,,1994,379.0,24.0,NYK,PG,10.0,0.0,4.4,0.4,1.9,0.211,0.1,1.0,0.1,0.3,0.9,0.333,0.237,0.7,1.0,0.7,0.1,0.5,0.6,0.4,0.2,0.0,0.8,0.7,1.6,,0,0,1
389.0,Fred Vinson,24.0,ATL,SG,5.0,0.0,27.0,-6.5,0.269,0.857,0.143,0.0,0.0,0.0,5.2,0.0,0.0,21.2,15.9,-0.1,0.0,-0.1,-0.18,-11.6,-3.8,-15.4,-0.1,,1994,400.0,24.0,ATL,SG,5.0,0.0,5.4,0.2,1.4,0.143,0.2,1.2,0.167,0.0,0.2,0.0,0.214,0.2,0.2,1.0,0.0,0.0,0.0,0.2,0.0,0.0,0.4,0.8,0.8,,0,0,1
391.0,Elmer Bennett,24.0,CLE,PG,4.0,0.0,18.0,32.5,0.588,0.182,0.364,0.0,7.2,3.5,46.5,12.6,0.0,19.0,42.0,0.0,0.1,0.1,0.206,2.0,12.4,14.3,0.1,,1994,302.0,24.0,CLE,PG,4.0,0.0,4.5,1.5,2.8,0.545,0.0,0.5,0.0,1.5,2.3,0.667,0.545,0.8,1.0,0.75,0.0,0.3,0.3,0.8,1.0,0.0,0.8,0.8,3.8,,0,0,1
394.0,Eldridge Recasner,27.0,DEN,SG,3.0,0.0,13.0,15.3,0.387,0.167,0.667,0.0,18.0,9.2,11.0,12.1,0.0,20.5,33.9,-0.1,0.0,0.0,-0.047,-6.9,6.0,-0.9,0.0,,1994,368.0,27.0,DEN,SG,3.0,0.0,4.3,0.3,2.0,0.167,0.0,0.3,0.0,0.3,1.7,0.2,0.167,1.3,1.3,1.0,0.0,0.7,0.7,0.3,1.0,0.0,0.7,0.0,2.0,,0,0,1
396.0,Mark Strickland,24.0,IND,PF,4.0,0.0,9.0,13.8,0.387,0.0,0.667,27.4,26.3,26.9,0.0,0.0,8.6,20.5,24.8,0.0,0.0,0.0,-0.024,-1.8,-3.8,-5.6,0.0,,1994,399.0,24.0,IND,PF,4.0,0.0,2.3,0.3,0.8,0.333,0.0,0.0,,0.3,0.8,0.333,0.333,0.3,0.5,0.5,0.5,0.5,1.0,0.0,0.0,0.3,0.3,0.0,0.8,,0,0,1
397.0,Darrell Armstrong,26.0,ORL,PG,3.0,0.0,8.0,40.2,0.563,0.75,0.25,14.8,0.0,7.2,76.1,6.3,0.0,10.1,53.0,0.1,0.0,0.1,0.492,13.9,3.7,17.6,0.0,,1994,320.0,26.0,ORL,PG,3.0,0.0,2.7,1.0,2.7,0.375,0.7,2.0,0.333,0.3,0.7,0.5,0.5,0.7,0.7,1.0,0.3,0.0,0.3,1.0,0.3,0.0,0.3,1.0,3.3,,0,0,1
404.0,Derrick Phelps,22.0,SAC,PG,3.0,0.0,5.0,-17.3,0.0,0.0,2.0,0.0,0.0,0.0,26.3,0.0,0.0,0.0,16.7,0.0,0.0,0.0,-0.339,-23.6,-4.3,-27.9,0.0,,1994,407.0,22.0,SAC,PG,3.0,0.0,1.7,0.0,0.3,0.0,0.0,0.0,,0.0,0.3,0.0,0.0,0.0,0.7,0.0,0.0,0.0,0.0,0.3,0.0,0.0,0.0,1.0,0.0,,0,0,1
406.0,Tom Hovasse,28.0,ATL,SF,2.0,0.0,4.0,0.2,0.0,1.0,0.0,0.0,0.0,0.0,0.0,13.4,0.0,0.0,11.3,0.0,0.0,0.0,-0.076,-13.6,8.0,-5.6,0.0,,1994,405.0,28.0,ATL,SF,2.0,0.0,2.0,0.0,0.5,0.0,0.0,0.5,0.0,0.0,0.0,,0.0,0.0,0.0,,0.0,0.0,0.0,0.0,0.5,0.0,0.0,0.5,0.0,,0,0,1
407.0,Yinka Dare,22.0,NJN,C,1.0,0.0,3.0,-33.9,0.0,0.0,0.0,0.0,36.6,18.2,0.0,0.0,0.0,50.0,29.3,-0.1,0.0,0.0,-0.736,-40.6,-3.9,-44.6,0.0,,1994,404.0,22.0,NJN,C,1.0,0.0,3.0,0.0,1.0,0.0,0.0,0.0,,0.0,1.0,0.0,0.0,0.0,0.0,,0.0,1.0,1.0,0.0,0.0,0.0,1.0,2.0,0.0,,0,0,1
7.0,Michael Finley,22.0,PHO,SF,82.0,72.0,3212.0,14.0,0.551,0.191,0.331,5.1,8.3,6.7,13.9,1.4,0.7,10.6,17.3,5.0,1.3,6.3,0.095,0.6,-0.8,-0.2,1.5,ROY-4,1995,61.0,22.0,PHO,SF,82.0,72.0,39.2,5.7,11.9,0.476,0.7,2.3,0.328,4.9,9.6,0.511,0.508,3.0,3.9,0.749,1.7,2.9,4.6,3.5,1.0,0.4,1.6,2.4,15.0,ROY-4,0,0,1
30.0,Damon Stoudamire,22.0,TOR,PG,70.0,70.0,2865.0,16.7,0.528,0.298,0.262,2.4,9.3,5.8,37.4,1.8,0.5,17.5,23.5,3.7,0.6,4.3,0.072,2.5,-2.4,0.1,1.6,ROY-1,1995,34.0,22.0,TOR,PG,70.0,70.0,40.9,6.9,16.1,0.426,1.9,4.8,0.395,5.0,11.3,0.439,0.485,3.4,4.2,0.797,0.8,3.2,4.0,9.3,1.4,0.3,3.8,2.4,19.0,ROY-1,1,1,1
38.0,Joe Smith,20.0,GSW,PF,82.0,82.0,2821.0,17.2,0.523,0.027,0.383,12.1,17.2,14.6,4.6,1.5,3.4,10.3,20.6,4.1,2.7,6.8,0.116,0.3,-1.0,-0.7,0.9,ROY-3,1995,55.0,20.0,GSW,PF,82.0,82.0,34.4,5.7,12.5,0.458,0.1,0.3,0.357,5.6,12.1,0.461,0.463,3.7,4.8,0.773,3.7,5.1,8.7,1.0,1.0,1.6,1.7,2.7,15.3,ROY-3,1,1,1
47.0,Jerry Stackhouse,21.0,PHI,SG,72.0,71.0,2701.0,14.8,0.525,0.268,0.475,3.7,7.7,5.7,19.0,1.5,2.1,16.0,26.0,0.8,0.4,1.2,0.021,0.7,-1.7,-1.0,0.7,ROY-4,1995,33.0,21.0,PHI,SG,72.0,71.0,37.5,6.3,15.2,0.414,1.3,4.1,0.318,5.0,11.1,0.449,0.457,5.4,7.2,0.747,1.3,2.4,3.7,3.9,1.1,1.1,3.5,2.5,19.2,ROY-4,1,1,1
74.0,Tyus Edney,22.0,SAC,PG,80.0,60.0,2481.0,12.7,0.505,0.195,0.341,2.9,6.5,4.7,31.5,1.8,0.1,18.4,18.5,2.0,1.2,3.3,0.064,-0.5,-1.3,-1.8,0.1,,1995,137.0,22.0,SAC,PG,80.0,60.0,31.0,3.8,9.3,0.412,0.7,1.8,0.368,3.2,7.5,0.423,0.448,2.5,3.2,0.782,0.8,1.7,2.5,6.1,1.1,0.0,2.4,2.5,10.8,,1,2,1
78.0,Bryant Reeves,22.0,VAN,C,77.0,63.0,2460.0,13.4,0.506,0.003,0.341,8.2,19.4,13.6,8.3,0.9,1.7,13.5,21.6,0.0,2.3,2.3,0.045,-2.4,-1.2,-3.7,-1.0,,1995,90.0,22.0,VAN,C,77.0,63.0,31.9,5.2,11.4,0.457,0.0,0.0,0.0,5.2,11.4,0.459,0.457,2.8,3.9,0.732,2.3,5.1,7.4,1.4,0.6,0.7,2.0,2.9,13.3,,1,2,1
96.0,Kevin Garnett,19.0,MIN,SF,80.0,43.0,2293.0,15.8,0.522,0.038,0.203,9.1,17.0,13.1,10.6,1.9,4.4,12.1,17.6,1.8,2.6,4.4,0.092,0.1,0.9,1.0,1.7,ROY-6,1995,151.0,19.0,MIN,SF,80.0,43.0,28.7,4.5,9.2,0.491,0.1,0.4,0.286,4.4,8.8,0.499,0.497,1.3,1.9,0.705,2.2,4.1,6.3,1.8,1.1,1.6,1.4,2.4,10.4,ROY-6,1,2,1
98.0,Antonio McDyess,21.0,DEN,PF,76.0,75.0,2280.0,15.6,0.516,0.005,0.276,11.6,17.4,14.5,5.8,1.2,3.6,13.5,22.4,0.9,2.7,3.6,0.075,-1.4,-0.5,-1.9,0.0,,1995,87.0,21.0,DEN,PF,76.0,75.0,30.0,5.6,11.6,0.485,0.0,0.1,0.0,5.6,11.5,0.487,0.485,2.2,3.2,0.683,3.0,4.5,7.5,1.0,0.7,1.5,2.0,3.3,13.4,,1,1,1
137.0,Brent Barry,24.0,LAC,SG,79.0,44.0,1898.0,15.9,0.609,0.496,0.229,2.4,8.4,5.3,18.8,2.6,0.9,15.4,18.3,3.7,1.2,4.9,0.124,1.7,0.5,2.2,2.0,,1995,154.0,24.0,LAC,SG,79.0,44.0,24.0,3.6,7.6,0.474,1.6,3.7,0.416,2.0,3.8,0.532,0.577,1.4,1.7,0.81,0.5,1.6,2.1,2.9,1.2,0.3,1.5,2.5,10.1,,1,2,1
148.0,Rasheed Wallace,21.0,WSB,PF,65.0,51.0,1788.0,11.8,0.53,0.145,0.212,6.2,13.6,10.0,7.3,1.2,2.2,14.3,18.0,0.6,1.8,2.3,0.063,-1.6,0.2,-1.4,0.3,,1995,155.0,21.0,WSB,PF,65.0,51.0,27.5,4.2,8.7,0.487,0.4,1.3,0.329,3.8,7.4,0.513,0.511,1.2,1.8,0.65,1.4,3.2,4.7,1.3,0.6,0.8,1.6,3.2,10.1,,1,2,1
156.0,Arvydas Sabonis,31.0,POR,C,73.0,21.0,1735.0,24.7,0.617,0.144,0.422,9.7,28.8,19.3,13.8,1.9,3.4,15.2,25.5,4.5,3.9,8.4,0.233,3.7,2.9,6.7,3.8,"ROY-2,6MOY-2",1995,73.0,31.0,POR,C,73.0,21.0,23.8,5.4,9.9,0.545,0.5,1.4,0.375,4.9,8.5,0.574,0.572,3.2,4.2,0.757,2.0,6.0,8.1,1.8,0.9,1.1,2.1,2.9,14.5,"ROY-2,6MOY-2",0,0,1
170.0,Kurt Thomas,23.0,MIA,PF,74.0,42.0,1655.0,13.5,0.533,0.004,0.325,8.8,21.8,15.5,4.9,1.5,1.7,13.5,19.9,0.8,3.0,3.8,0.11,-2.6,0.8,-1.8,0.1,,1995,171.0,23.0,MIA,PF,74.0,42.0,22.4,3.7,7.4,0.501,0.0,0.0,0.0,3.7,7.4,0.503,0.501,1.6,2.4,0.663,1.6,4.3,5.9,0.6,0.6,0.5,1.3,3.7,9.0,,0,0,1
187.0,Eric Williams,23.0,BOS,SF,64.0,6.0,1470.0,13.3,0.506,0.018,0.546,6.8,9.8,8.3,7.6,1.9,0.5,11.5,22.4,0.7,0.9,1.6,0.052,-1.7,-1.2,-2.9,-0.3,,1995,146.0,23.0,BOS,SF,64.0,6.0,23.0,3.8,8.5,0.441,0.0,0.2,0.3,3.7,8.4,0.444,0.444,3.1,4.7,0.671,1.4,2.0,3.4,1.1,0.9,0.2,1.4,2.3,10.7,,0,0,1
195.0,Alan Henderson,23.0,ATL,PF,79.0,4.0,1416.0,12.9,0.482,0.007,0.461,13.2,16.7,14.9,5.8,1.7,2.4,14.3,19.3,0.5,1.6,2.0,0.069,-3.2,-0.9,-4.1,-0.8,,1995,223.0,23.0,ATL,PF,79.0,4.0,17.9,2.4,5.5,0.442,0.0,0.0,0.0,2.4,5.5,0.445,0.442,1.5,2.5,0.595,2.1,2.4,4.5,0.6,0.6,0.5,1.1,2.7,6.4,,0,0,1
203.0,Theo Ratliff,22.0,DET,C,75.0,2.0,1305.0,14.0,0.603,0.004,0.522,10.6,16.7,13.8,1.6,0.7,7.1,16.5,12.4,1.6,2.2,3.8,0.141,-1.4,2.0,0.6,0.9,,1995,279.0,22.0,DET,C,75.0,2.0,17.4,1.7,3.1,0.557,0.0,0.0,0.0,1.7,3.1,0.559,0.557,1.1,1.6,0.708,1.5,2.5,4.0,0.2,0.2,1.5,0.7,1.9,4.5,,0,0,1
210.0,Loren Meyer,23.0,DAL,C,72.0,21.0,1266.0,9.4,0.484,0.033,0.309,8.7,18.6,13.2,6.7,0.8,1.8,15.2,14.5,0.2,0.8,1.1,0.041,-5.2,-0.7,-5.9,-1.3,,1995,263.0,23.0,DAL,C,72.0,21.0,17.6,2.0,4.6,0.439,0.0,0.2,0.273,2.0,4.4,0.445,0.444,1.0,1.4,0.686,1.6,2.8,4.4,0.8,0.3,0.4,0.9,3.1,5.0,,0,0,1
212.0,Ed O'Bannon,23.0,NJN,SG,64.0,29.0,1253.0,9.2,0.446,0.14,0.27,5.6,9.3,7.4,8.4,1.9,0.7,12.2,17.8,-0.5,1.1,0.7,0.026,-3.4,0.0,-3.4,-0.4,,1995,229.0,23.0,NJN,SG,64.0,29.0,19.6,2.4,6.3,0.39,0.2,0.9,0.179,2.3,5.4,0.424,0.403,1.2,1.7,0.713,1.0,1.6,2.6,1.0,0.7,0.2,1.0,1.5,6.2,,0,0,1
215.0,Gary Trent,21.0,POR,PF,69.0,10.0,1219.0,12.4,0.527,0.021,0.329,7.9,14.3,11.1,7.0,1.1,0.7,15.8,21.0,0.1,1.6,1.7,0.065,-2.6,-0.3,-2.9,-0.3,,1995,203.0,21.0,POR,PF,69.0,10.0,17.7,3.2,6.2,0.513,0.0,0.1,0.0,3.2,6.1,0.524,0.513,1.1,2.0,0.553,1.2,2.2,3.4,0.7,0.4,0.2,1.3,1.7,7.5,,0,0,1
219.0,Bob Sura,22.0,CLE,SG,79.0,3.0,1150.0,15.0,0.5,0.217,0.392,3.9,11.9,7.8,35.7,2.8,1.6,21.4,23.6,0.2,1.5,1.6,0.069,-0.7,0.8,0.1,0.6,,1995,254.0,22.0,CLE,SG,79.0,3.0,14.6,1.9,4.6,0.411,0.3,1.0,0.346,1.5,3.6,0.429,0.449,1.3,1.8,0.702,0.4,1.3,1.7,2.9,0.7,0.3,1.5,1.6,5.3,,0,0,1
223.0,Ashraf Amaya,24.0,VAN,PF,54.0,34.0,1104.0,11.8,0.534,0.004,0.591,11.7,20.8,16.1,5.1,1.1,0.7,15.2,15.5,0.7,1.1,1.8,0.078,-3.3,-1.5,-4.8,-0.8,,1995,225.0,24.0,VAN,PF,54.0,34.0,20.4,2.2,4.7,0.48,0.0,0.0,0.0,2.2,4.6,0.482,0.48,1.8,2.8,0.651,2.1,3.5,5.6,0.6,0.4,0.2,1.1,2.8,6.3,,0,0,1
240.0,Don Reid,22.0,DET,PF,69.0,46.0,997.0,12.1,0.595,0.0,0.412,9.8,14.6,12.3,1.8,2.6,3.2,15.7,12.5,1.1,1.8,2.9,0.141,-3.3,2.6,-0.6,0.3,,1995,303.0,22.0,DET,PF,69.0,46.0,14.4,1.5,2.7,0.567,0.0,0.0,,1.5,2.7,0.567,0.567,0.7,1.1,0.662,1.1,1.8,2.9,0.2,0.7,0.6,0.6,2.9,3.8,,0,0,1
251.0,George Zídek,22.0,CHH,C,71.0,21.0,888.0,8.0,0.486,0.0,0.375,9.2,15.9,12.5,2.7,0.5,0.6,11.6,16.7,0.3,0.3,0.6,0.031,-5.2,-2.3,-7.5,-1.2,,1995,290.0,22.0,CHH,C,71.0,21.0,12.5,1.5,3.5,0.423,0.0,0.0,,1.5,3.5,0.423,0.423,1.0,1.3,0.763,1.0,1.6,2.6,0.2,0.1,0.1,0.5,2.4,4.0,,0,0,1
252.0,Cherokee Parks,23.0,DAL,C,64.0,3.0,869.0,10.9,0.456,0.105,0.251,7.3,19.9,13.0,5.0,1.4,2.6,10.2,14.6,0.1,0.8,0.9,0.05,-3.8,-0.2,-3.9,-0.4,,1995,296.0,23.0,DAL,C,64.0,3.0,13.6,1.6,3.9,0.409,0.1,0.4,0.269,1.5,3.5,0.425,0.423,0.6,1.0,0.661,1.0,2.3,3.4,0.5,0.4,0.5,0.5,1.6,3.9,,0,0,1
253.0,Jimmy King,22.0,TOR,SG,62.0,1.0,868.0,9.9,0.483,0.133,0.302,5.9,9.2,7.6,15.6,1.2,1.1,17.2,17.7,-0.1,0.1,0.0,0.0,-2.7,-2.1,-4.8,-0.6,,1995,278.0,22.0,TOR,SG,62.0,1.0,14.0,1.8,4.1,0.431,0.1,0.5,0.147,1.7,3.6,0.475,0.441,0.9,1.2,0.701,0.7,1.1,1.8,1.4,0.3,0.2,1.0,1.2,4.5,,0,0,1
256.0,Shawn Respert,23.0,MIL,SG,62.0,0.0,845.0,10.8,0.488,0.418,0.144,4.0,6.8,5.4,12.7,2.0,0.4,11.9,19.1,0.2,0.3,0.5,0.027,-1.0,-0.9,-1.9,0.0,,1995,267.0,23.0,MIL,SG,62.0,0.0,13.6,1.8,4.7,0.387,0.7,2.0,0.344,1.1,2.7,0.418,0.459,0.6,0.7,0.833,0.5,0.7,1.2,1.1,0.5,0.1,0.7,1.1,4.9,,0,0,1
291.0,Greg Ostertag,22.0,UTA,C,57.0,10.0,661.0,13.2,0.505,0.0,0.297,10.9,21.3,16.2,1.1,0.4,7.9,10.8,16.0,0.4,1.1,1.4,0.104,-2.6,0.5,-2.1,0.0,,1995,314.0,22.0,UTA,C,57.0,10.0,11.6,1.5,3.2,0.473,0.0,0.0,,1.5,3.2,0.473,0.473,0.6,0.9,0.667,1.0,2.1,3.1,0.1,0.1,1.1,0.4,1.6,3.6,,0,0,1
297.0,Anthony Goldwire,24.0,CHH,PG,42.0,8.0,621.0,10.4,0.536,0.439,0.317,1.5,7.0,4.2,27.4,1.4,0.0,22.6,20.3,0.2,0.1,0.3,0.021,-1.8,-2.5,-4.3,-0.3,,1995,243.0,24.0,CHH,PG,42.0,8.0,14.8,1.8,4.5,0.402,0.8,2.0,0.398,1.0,2.5,0.406,0.489,1.1,1.4,0.767,0.2,0.8,1.0,2.7,0.4,0.0,1.5,1.9,5.5,,0,0,1
301.0,Corliss Williamson,22.0,SAC,SF,53.0,3.0,609.0,8.5,0.487,0.011,0.313,10.6,11.1,10.8,6.9,0.9,1.1,19.9,27.5,-1.1,0.3,-0.8,-0.062,-6.3,-2.9,-9.3,-1.1,,1995,241.0,22.0,SAC,SF,53.0,3.0,11.5,2.4,5.1,0.466,0.0,0.1,0.0,2.4,5.0,0.472,0.466,0.9,1.6,0.56,1.1,1.1,2.2,0.4,0.2,0.2,1.4,2.2,5.6,,0,0,1
306.0,Chris Carr,21.0,PHO,SG,60.0,10.0,590.0,10.5,0.493,0.194,0.276,5.4,14.5,10.0,11.4,0.9,0.6,14.1,21.4,-0.1,0.3,0.3,0.021,-3.4,-1.8,-5.2,-0.5,,1995,288.0,21.0,PHO,SG,60.0,10.0,9.8,1.5,3.6,0.415,0.2,0.7,0.262,1.3,2.9,0.451,0.44,0.8,1.0,0.817,0.5,1.3,1.7,0.7,0.2,0.1,0.7,1.3,4.0,,0,0,1
308.0,Lawrence Moten,23.0,VAN,SG,44.0,3.0,573.0,15.7,0.52,0.223,0.304,7.1,5.3,6.2,17.4,2.7,1.1,13.6,25.8,0.1,0.4,0.6,0.047,0.9,-0.3,0.6,0.4,,1995,217.0,23.0,VAN,SG,44.0,3.0,13.0,2.5,5.6,0.453,0.4,1.3,0.327,2.1,4.4,0.49,0.49,1.1,1.7,0.653,0.8,0.6,1.4,1.1,0.7,0.2,1.0,1.2,6.6,,0,0,1
309.0,Travis Best,23.0,IND,PG,59.0,1.0,571.0,11.5,0.545,0.153,0.552,2.5,7.0,4.8,26.8,1.9,0.4,23.7,21.4,0.2,0.5,0.7,0.057,-1.9,-0.4,-2.2,0.0,,1995,307.0,23.0,IND,PG,59.0,1.0,9.7,1.2,2.8,0.423,0.1,0.4,0.32,1.0,2.3,0.442,0.448,1.3,1.5,0.833,0.2,0.6,0.7,1.6,0.3,0.1,1.1,1.4,3.7,,0,0,1
310.0,Mark Davis,22.0,MIN,SF,57.0,0.0,571.0,10.9,0.47,0.087,0.779,11.7,14.5,13.1,12.6,3.6,2.9,25.4,20.8,-0.8,0.8,-0.1,-0.005,-4.2,1.0,-3.2,-0.2,,1995,328.0,22.0,MIN,SF,57.0,0.0,10.0,1.0,2.6,0.369,0.1,0.2,0.308,0.9,2.4,0.375,0.383,1.3,2.0,0.638,1.0,1.2,2.2,0.8,0.7,0.4,1.2,1.6,3.3,,0,0,1
314.0,Cory Alexander,22.0,SAS,PG,60.0,0.0,560.0,8.7,0.506,0.426,0.161,1.9,6.3,4.2,31.6,2.5,0.3,29.1,18.8,-0.5,0.7,0.2,0.021,-4.2,-0.1,-4.3,-0.3,,1995,362.0,22.0,SAS,PG,60.0,0.0,9.3,1.1,2.6,0.406,0.4,1.1,0.394,0.6,1.5,0.416,0.49,0.3,0.4,0.64,0.2,0.6,0.7,2.0,0.5,0.0,1.1,1.6,2.8,,0,0,1
316.0,Jason Caffey,22.0,CHI,PF,57.0,0.0,545.0,7.9,0.474,0.006,0.42,10.9,12.8,11.9,6.3,1.2,1.0,20.0,19.4,-0.4,0.8,0.4,0.038,-6.1,-1.1,-7.1,-0.7,,1995,334.0,22.0,CHI,PF,57.0,0.0,9.6,1.2,2.8,0.438,0.0,0.0,0.0,1.2,2.8,0.441,0.438,0.7,1.2,0.588,0.9,1.1,1.9,0.4,0.2,0.1,0.8,1.6,3.2,,0,0,1
317.0,Sasha Danilović,25.0,MIA,SG,19.0,18.0,542.0,14.4,0.591,0.424,0.391,2.6,7.1,4.9,14.9,1.5,0.4,14.6,21.2,0.9,0.6,1.5,0.129,1.0,-0.6,0.4,0.3,,1995,84.0,25.0,MIA,SG,19.0,18.0,28.5,4.4,9.7,0.451,1.8,4.1,0.436,2.6,5.6,0.462,0.543,2.9,3.8,0.764,0.6,1.8,2.4,2.5,0.8,0.2,1.9,2.6,13.4,,0,0,1
323.0,Junior Burrough,23.0,BOS,PF,61.0,3.0,495.0,9.0,0.448,0.0,0.547,9.9,14.8,12.3,4.6,1.5,1.4,15.9,21.8,-0.6,0.4,-0.2,-0.018,-5.5,-2.0,-7.5,-0.7,,1995,341.0,23.0,BOS,PF,61.0,3.0,8.1,1.0,2.8,0.376,0.0,0.0,,1.0,2.8,0.376,0.376,1.0,1.5,0.656,0.7,1.0,1.8,0.2,0.2,0.2,0.7,1.2,3.1,,0,0,1
327.0,Terrence Rencher,22.0,2TM,PG,36.0,1.0,405.0,6.5,0.441,0.29,0.46,2.7,9.8,6.3,20.4,2.1,0.4,26.3,18.3,-0.7,0.5,-0.2,-0.021,-4.5,0.5,-4.0,-0.2,,1995,356.0,22.0,2TM,PG,36.0,1.0,11.3,0.9,2.8,0.33,0.3,0.8,0.31,0.7,2.0,0.338,0.375,0.9,1.3,0.674,0.3,1.0,1.2,1.5,0.4,0.1,1.2,1.0,2.9,,0,0,1
330.0,Eric Snow,22.0,SEA,PG,43.0,1.0,389.0,10.7,0.473,0.1,0.49,2.9,9.9,6.5,28.2,3.7,0.0,23.8,18.3,-0.2,0.7,0.5,0.061,-4.0,1.6,-2.4,0.0,,1995,370.0,22.0,SEA,PG,43.0,1.0,9.0,1.0,2.3,0.42,0.0,0.2,0.2,0.9,2.1,0.444,0.43,0.7,1.1,0.592,0.2,0.8,1.0,1.7,0.7,0.0,0.9,1.2,2.7,,0,0,1
331.0,Lou Roe,23.0,DET,SF,49.0,2.0,372.0,9.0,0.432,0.1,0.356,10.1,15.0,12.7,6.5,1.5,1.7,14.0,15.5,-0.1,0.5,0.4,0.053,-3.1,0.1,-3.0,-0.1,,1995,398.0,23.0,DET,SF,49.0,2.0,7.6,0.7,1.8,0.356,0.0,0.2,0.222,0.6,1.7,0.37,0.367,0.5,0.7,0.75,0.6,1.0,1.6,0.3,0.2,0.2,0.3,0.9,1.8,,0,0,1
332.0,Marques Bragg,25.0,MIN,PF,53.0,0.0,369.0,9.8,0.475,0.0,0.342,12.3,13.3,12.8,3.6,2.4,1.7,15.8,19.7,-0.3,0.3,0.1,0.012,-4.6,-1.0,-5.6,-0.3,,1995,373.0,25.0,MIN,PF,53.0,0.0,7.0,1.0,2.3,0.45,0.0,0.0,,1.0,2.3,0.45,0.45,0.4,0.8,0.561,0.7,0.8,1.5,0.2,0.3,0.2,0.5,1.3,2.5,,0,0,1
334.0,Jerome Allen,23.0,MIN,SG,41.0,0.0,362.0,7.8,0.447,0.314,0.343,1.7,6.6,4.1,20.8,3.0,1.1,22.0,19.0,-0.5,0.3,-0.3,-0.033,-4.3,-0.2,-4.6,-0.2,,1995,371.0,23.0,MIN,SG,41.0,0.0,8.8,0.9,2.6,0.343,0.2,0.8,0.303,0.6,1.8,0.361,0.39,0.6,0.9,0.722,0.1,0.5,0.6,1.2,0.5,0.1,0.8,1.0,2.6,,0,0,1
335.0,John Amaechi,25.0,CLE,PF,28.0,3.0,357.0,3.1,0.456,0.0,0.471,4.8,14.8,9.7,4.1,1.0,2.7,28.7,16.8,-0.9,0.4,-0.6,-0.075,-8.3,-0.9,-9.1,-0.6,,1995,363.0,25.0,CLE,PF,28.0,3.0,12.8,1.0,2.5,0.414,0.0,0.0,,1.0,2.5,0.414,0.414,0.7,1.2,0.576,0.5,1.4,1.9,0.3,0.2,0.4,1.2,1.8,2.8,,0,0,1
340.0,Voshon Lenard,22.0,MIA,SG,30.0,0.0,323.0,15.9,0.55,0.716,0.305,4.4,14.1,9.4,16.9,1.0,0.2,12.6,25.7,0.5,0.4,0.9,0.135,3.2,-0.7,2.5,0.4,,1995,235.0,22.0,MIA,SG,30.0,0.0,10.8,1.8,4.7,0.376,1.2,3.4,0.356,0.6,1.3,0.425,0.504,1.1,1.4,0.791,0.4,1.3,1.7,1.0,0.2,0.0,0.8,1.0,5.9,,0,0,1
342.0,Rich Manning,25.0,VAN,PF,29.0,0.0,311.0,7.6,0.449,0.009,0.124,5.8,15.2,10.4,4.2,0.5,1.5,12.5,20.0,-0.4,0.2,-0.2,-0.035,-6.0,-2.0,-8.0,-0.5,,1995,309.0,25.0,VAN,PF,29.0,0.0,10.7,1.7,3.9,0.434,0.0,0.0,0.0,1.7,3.9,0.438,0.434,0.3,0.5,0.643,0.6,1.3,1.9,0.2,0.1,0.2,0.6,1.3,3.7,,0,0,1
350.0,Vincenzo Esposito,26.0,TOR,PG,30.0,0.0,282.0,5.2,0.495,0.56,0.39,1.7,5.1,3.4,12.5,1.3,0.0,25.0,24.4,-0.6,0.0,-0.6,-0.106,-5.0,-4.4,-9.5,-0.5,,1995,293.0,26.0,TOR,PG,30.0,0.0,9.4,1.2,3.3,0.36,0.4,1.9,0.232,0.8,1.5,0.523,0.425,1.0,1.3,0.795,0.1,0.4,0.5,0.8,0.2,0.0,1.3,0.9,3.9,,0,0,1
353.0,David Vaughn,22.0,ORL,PF,33.0,0.0,266.0,6.0,0.364,0.013,0.225,14.8,20.1,17.5,4.3,1.2,4.2,17.0,18.0,-0.5,0.4,-0.1,-0.013,-9.4,-1.5,-10.9,-0.6,,1995,397.0,22.0,ORL,PF,33.0,0.0,8.1,0.8,2.4,0.338,0.0,0.0,0.0,0.8,2.4,0.342,0.338,0.3,0.5,0.556,1.0,1.4,2.4,0.2,0.2,0.5,0.5,2.1,1.9,,0,0,1
355.0,Randolph Childress,23.0,POR,PG,28.0,0.0,250.0,6.7,0.468,0.595,0.342,0.5,8.2,4.3,19.1,1.7,0.3,23.6,20.8,-0.3,0.3,0.0,-0.009,-4.9,-0.5,-5.4,-0.2,,1995,347.0,23.0,POR,PG,28.0,0.0,8.9,0.9,2.8,0.316,0.5,1.7,0.277,0.4,1.1,0.375,0.399,0.8,1.0,0.815,0.0,0.6,0.7,1.1,0.3,0.0,1.0,0.8,3.0,,0,0,1
359.0,Mario Bennett,22.0,PHO,SF,19.0,14.0,230.0,13.3,0.515,0.016,0.656,10.7,13.9,12.3,3.9,2.5,3.6,11.8,18.1,0.2,0.3,0.5,0.098,-3.4,0.8,-2.6,0.0,,1995,277.0,22.0,PHO,SF,19.0,14.0,12.1,1.5,3.4,0.453,0.0,0.1,0.0,1.5,3.3,0.46,0.453,1.4,2.2,0.643,1.1,1.5,2.6,0.3,0.6,0.6,0.6,2.4,4.5,,0,0,1
361.0,Donny Marshall,23.0,CLE,SF,34.0,0.0,208.0,10.5,0.462,0.441,0.515,5.7,11.1,8.3,5.8,2.2,0.9,7.7,22.0,0.0,0.2,0.2,0.051,-3.9,-1.3,-5.2,-0.2,,1995,385.0,23.0,CLE,SF,34.0,0.0,6.1,0.7,2.0,0.353,0.2,0.9,0.233,0.5,1.1,0.447,0.404,0.6,1.0,0.629,0.3,0.5,0.8,0.2,0.2,0.1,0.2,0.8,2.3,,0,0,1
362.0,Andrew DeClercq,22.0,GSW,C,22.0,1.0,203.0,12.1,0.505,0.02,0.38,10.1,12.0,11.1,6.8,1.8,1.8,6.4,13.4,0.3,0.1,0.4,0.102,-2.0,0.2,-1.7,0.0,,1995,369.0,22.0,GSW,C,22.0,1.0,9.2,1.1,2.3,0.48,0.0,0.0,0.0,1.1,2.2,0.49,0.48,0.5,0.9,0.579,0.8,1.0,1.8,0.4,0.3,0.2,0.2,1.4,2.7,,0,0,1
368.0,Martin Lewis,20.0,TOR,SF,16.0,0.0,189.0,11.2,0.528,0.117,0.417,9.4,8.9,9.1,2.5,2.2,1.2,16.5,19.8,0.0,0.1,0.0,0.011,-3.3,-2.8,-6.1,-0.2,,1995,270.0,20.0,TOR,SF,16.0,0.0,11.8,1.8,3.8,0.483,0.1,0.4,0.286,1.7,3.3,0.509,0.5,0.9,1.6,0.6,0.9,0.9,1.8,0.2,0.5,0.2,0.9,1.3,4.7,,0,0,1
375.0,Todd Mundt,25.0,2TM,C,33.0,0.0,151.0,7.0,0.416,0.0,0.195,8.2,13.8,10.9,3.0,0.7,2.5,6.3,14.0,0.0,0.1,0.1,0.035,-5.6,-1.5,-7.1,-0.2,,1995,414.0,25.0,2TM,C,33.0,0.0,4.6,0.5,1.2,0.39,0.0,0.0,,0.5,1.2,0.39,0.39,0.2,0.2,0.625,0.3,0.5,0.8,0.1,0.1,0.2,0.1,0.9,1.1,,0,0,1
376.0,Sherell Ford,23.0,SEA,SF,28.0,1.0,139.0,16.4,0.474,0.313,0.425,10.7,9.7,10.2,6.5,2.9,0.6,5.9,32.4,0.1,0.2,0.4,0.124,-3.8,-1.5,-5.2,-0.1,,1995,335.0,23.0,SEA,SF,28.0,1.0,5.0,1.1,2.9,0.375,0.1,0.9,0.16,0.9,2.0,0.473,0.4,0.9,1.2,0.765,0.4,0.4,0.9,0.2,0.3,0.0,0.2,1.0,3.2,,0,0,1
380.0,Melvin Booker,23.0,HOU,PG,11.0,0.0,131.0,6.2,0.401,0.38,0.22,0.9,6.8,3.9,24.5,2.0,0.5,18.0,22.9,-0.3,0.1,-0.2,-0.065,-7.3,-2.5,-9.8,-0.3,,1995,287.0,23.0,HOU,PG,11.0,0.0,11.9,1.5,4.5,0.32,0.3,1.7,0.158,1.2,2.8,0.419,0.35,0.8,1.0,0.818,0.1,0.7,0.8,1.9,0.5,0.1,1.1,1.6,4.0,,0,0,1
384.0,Dwayne Whitfield,23.0,TOR,PF,8.0,1.0,122.0,9.3,0.504,0.0,0.733,8.7,15.7,12.2,2.4,1.3,1.2,16.8,17.2,0.0,0.0,0.0,0.01,-4.6,-2.6,-7.2,-0.2,,1995,264.0,23.0,TOR,PF,8.0,1.0,15.3,1.6,3.8,0.433,0.0,0.0,,1.6,3.8,0.433,0.433,1.8,2.8,0.636,1.1,2.0,3.1,0.3,0.4,0.3,1.0,1.8,5.0,,0,0,1
389.0,Fred Hoiberg,23.0,IND,SG,15.0,1.0,85.0,14.4,0.594,0.158,0.947,6.1,7.1,6.6,14.3,3.8,0.9,20.6,18.3,0.1,0.1,0.2,0.138,-0.3,3.1,2.8,0.1,,1995,391.0,23.0,IND,SG,15.0,1.0,5.7,0.5,1.3,0.421,0.1,0.2,0.333,0.5,1.1,0.438,0.447,1.0,1.2,0.833,0.3,0.3,0.6,0.5,0.4,0.1,0.5,0.8,2.1,,0,0,1
395.0,Clint McDaniel,23.0,SAC,SG,12.0,0.0,71.0,15.6,0.499,0.261,0.696,4.9,11.5,8.2,15.4,3.6,0.0,6.2,19.8,0.1,0.1,0.2,0.151,-0.5,2.2,1.7,0.1,,1995,375.0,23.0,SAC,SG,12.0,0.0,5.9,0.7,1.9,0.348,0.2,0.5,0.333,0.5,1.4,0.353,0.391,1.0,1.3,0.75,0.3,0.6,0.8,0.6,0.4,0.0,0.2,0.8,2.5,,0,0,1
397.0,Thomas Hamilton,20.0,BOS,C,11.0,0.0,70.0,4.3,0.321,0.0,0.581,15.6,19.7,17.6,2.1,0.0,9.0,18.8,29.5,-0.4,0.1,-0.3,-0.213,-11.3,-3.4,-14.7,-0.2,,1995,384.0,20.0,BOS,C,11.0,0.0,6.4,0.8,2.8,0.29,0.0,0.0,,0.8,2.8,0.29,0.29,0.6,1.6,0.389,0.9,1.1,2.0,0.1,0.0,0.8,0.8,1.1,2.3,,0,0,1
400.0,Jeff Webster,24.0,WSB,SF,11.0,0.0,58.0,7.0,0.391,0.261,0.0,4.1,9.9,7.1,7.7,3.5,0.0,11.5,20.0,-0.1,0.1,0.0,-0.03,-4.8,-0.2,-4.9,0.0,,1995,404.0,24.0,WSB,SF,11.0,0.0,5.3,0.7,2.1,0.348,0.2,0.5,0.333,0.5,1.5,0.353,0.391,0.0,0.0,,0.2,0.5,0.6,0.3,0.4,0.0,0.3,0.6,1.6,,0,0,1
405.0,Rastko Cvetković,25.0,DEN,C,14.0,0.0,48.0,2.1,0.282,0.063,0.25,9.6,16.9,13.2,9.6,2.2,1.5,14.5,19.3,-0.2,0.1,-0.1,-0.118,-9.8,-1.3,-11.0,-0.1,,1995,424.0,25.0,DEN,C,14.0,0.0,3.4,0.4,1.1,0.313,0.0,0.1,0.0,0.4,1.1,0.333,0.313,0.0,0.3,0.0,0.3,0.5,0.8,0.2,0.1,0.1,0.2,0.8,0.7,,0,0,1
408.0,Donnie Boyce,22.0,ATL,SG,8.0,0.0,41.0,17.7,0.485,0.348,0.174,13.9,15.0,14.4,13.6,3.9,1.9,19.5,33.7,-0.1,0.1,0.0,0.004,1.6,-1.0,0.6,0.0,,1995,345.0,22.0,ATL,SG,8.0,0.0,5.1,1.1,2.9,0.391,0.5,1.0,0.5,0.6,1.9,0.333,0.478,0.3,0.5,0.5,0.6,0.6,1.3,0.4,0.4,0.1,0.8,0.3,3.0,,0,0,1
410.0,Corey Beck,24.0,CHH,PG,5.0,0.0,33.0,0.8,0.282,0.0,0.25,10.8,15.0,12.9,21.0,1.6,0.0,31.1,17.7,-0.1,0.0,-0.1,-0.14,-9.0,-0.7,-9.7,-0.1,,1995,420.0,24.0,CHH,PG,5.0,0.0,6.6,0.4,1.6,0.25,0.0,0.0,,0.4,1.6,0.25,0.25,0.2,0.4,0.5,0.6,0.8,1.4,1.0,0.2,0.0,0.8,1.6,1.0,,0,0,1
412.0,Logan Vander Velden,24.0,LAC,SF,15.0,0.0,31.0,1.8,0.286,0.357,0.286,3.8,19.7,11.6,4.6,0.0,0.0,0.0,22.7,-0.1,0.0,-0.1,-0.124,-8.9,-5.0,-13.9,-0.1,,1995,425.0,24.0,LAC,SF,15.0,0.0,2.1,0.2,0.9,0.214,0.0,0.3,0.0,0.2,0.6,0.333,0.214,0.2,0.3,0.75,0.1,0.3,0.4,0.1,0.0,0.0,0.0,0.3,0.6,,0,0,1
414.0,Stefano Rusconi,27.0,PHO,PF,7.0,0.0,30.0,2.4,0.357,0.0,0.556,11.8,11.4,11.6,14.5,0.0,5.0,21.1,21.1,-0.1,0.0,-0.1,-0.104,-11.1,-0.3,-11.4,-0.1,,1995,418.0,27.0,PHO,PF,7.0,0.0,4.3,0.4,1.3,0.333,0.0,0.0,,0.4,1.3,0.333,0.333,0.3,0.7,0.4,0.4,0.4,0.9,0.4,0.0,0.3,0.4,1.4,1.1,,0,0,1
415.0,Darryl Johnson,30.0,CLE,PG,11.0,0.0,28.0,9.7,0.466,0.083,0.167,9.3,0.0,4.8,6.9,0.0,0.0,7.2,25.0,0.0,0.0,0.0,0.01,-4.2,-4.2,-8.4,0.0,,1995,417.0,30.0,CLE,PG,11.0,0.0,2.5,0.5,1.1,0.417,0.0,0.1,0.0,0.5,1.0,0.455,0.417,0.2,0.2,1.0,0.2,0.0,0.2,0.1,0.0,0.0,0.1,0.3,1.1,,0,0,1
417.0,Frankie King,23.0,LAL,PG,6.0,0.0,20.0,0.7,0.284,0.091,0.273,5.9,5.7,5.8,15.0,5.2,0.0,14.0,32.1,-0.1,0.0,-0.1,-0.234,-13.1,-1.4,-14.5,-0.1,,1995,413.0,23.0,LAL,PG,6.0,0.0,3.3,0.5,1.8,0.273,0.0,0.2,0.0,0.5,1.7,0.3,0.273,0.2,0.5,0.333,0.2,0.2,0.3,0.3,0.3,0.0,0.3,0.7,1.2,,0,0,1
418.0,Robert Churchwell,23.0,GSW,SG,4.0,0.0,20.0,1.2,0.375,0.0,0.0,0.0,17.4,8.6,8.0,0.0,0.0,20.0,21.8,-0.1,0.0,-0.1,-0.166,-7.8,-2.9,-10.6,0.0,,1995,405.0,23.0,GSW,SG,4.0,0.0,5.0,0.8,2.0,0.375,0.0,0.0,,0.8,2.0,0.375,0.375,0.0,0.0,,0.0,0.8,0.8,0.3,0.0,0.0,0.5,0.3,1.5,,0,0,1
419.0,Cuonzo Martin,24.0,VAN,SG,4.0,0.0,19.0,20.6,0.765,0.6,0.4,6.0,6.4,6.2,19.5,2.8,0.0,14.5,16.5,0.1,0.0,0.1,0.17,7.3,1.8,9.2,0.1,,1995,386.0,24.0,VAN,SG,4.0,0.0,4.8,0.8,1.3,0.6,0.8,0.8,1.0,0.0,0.5,0.0,0.9,0.0,0.5,0.0,0.3,0.3,0.5,0.5,0.3,0.0,0.3,0.3,2.3,,0,0,1
422.0,Howard Nathan,24.0,ATL,PG,5.0,0.0,15.0,11.3,0.604,0.111,0.444,0.0,0.0,0.0,31.5,10.7,0.0,42.6,56.2,-0.2,0.0,-0.1,-0.37,-11.7,-0.5,-12.2,0.0,,1995,372.0,24.0,ATL,PG,5.0,0.0,3.0,1.0,1.8,0.556,0.0,0.2,0.0,1.0,1.6,0.625,0.556,0.6,0.8,0.75,0.0,0.0,0.0,0.4,0.6,0.0,1.6,0.4,2.6,,0,0,1
423.0,Alvin Heggs,28.0,HOU,SF,4.0,0.0,14.0,20.7,0.633,0.0,0.6,8.3,7.9,8.1,0.0,0.0,0.0,0.0,20.3,0.1,0.0,0.1,0.196,3.2,-2.4,0.8,0.0,,1995,392.0,28.0,HOU,SF,4.0,0.0,3.5,0.8,1.3,0.6,0.0,0.0,,0.8,1.3,0.6,0.6,0.5,0.8,0.667,0.3,0.3,0.5,0.0,0.0,0.0,0.0,0.0,2.0,,0,0,1
424.0,John Coker,24.0,PHO,C,5.0,0.0,11.0,37.3,0.8,0.0,0.0,21.4,0.0,10.5,21.2,0.0,6.8,0.0,20.2,0.1,0.0,0.1,0.36,11.6,1.9,13.5,0.0,,1995,403.0,24.0,PHO,C,5.0,0.0,2.2,0.8,1.0,0.8,0.0,0.0,,0.8,1.0,0.8,0.8,0.0,0.0,,0.4,0.0,0.4,0.2,0.0,0.2,0.0,0.2,1.6,,0,0,1
426.0,Charles Claxton,25.0,BOS,C,3.0,0.0,7.0,0.2,0.347,0.0,1.0,31.2,0.0,16.0,0.0,0.0,10.0,25.8,23.9,0.0,0.0,0.0,-0.179,-16.3,-2.6,-18.9,0.0,,1995,423.0,25.0,BOS,C,3.0,0.0,2.3,0.3,0.7,0.5,0.0,0.0,,0.3,0.7,0.5,0.5,0.0,0.7,0.0,0.7,0.0,0.7,0.0,0.0,0.3,0.3,1.3,0.7,,0,0,1
428.0,Cedric Lewis,26.0,WSB,C,3.0,0.0,4.0,62.7,0.667,0.0,0.0,60.0,0.0,29.4,0.0,12.8,0.0,0.0,33.5,0.0,0.0,0.1,0.613,23.7,1.9,25.6,0.0,,1995,409.0,26.0,WSB,C,3.0,0.0,1.3,0.7,1.0,0.667,0.0,0.0,,0.7,1.0,0.667,0.667,0.0,0.0,,0.7,0.0,0.7,0.0,0.3,0.0,0.0,0.0,1.3,,0,0,1
429.0,Larry Sykes,22.0,BOS,PF,1.0,0.0,2.0,0.0,,,,54.7,57.4,56.0,0.0,0.0,0.0,100.0,21.5,0.0,0.0,0.0,-0.397,-10.9,-6.9,-17.7,0.0,,1995,429.0,22.0,BOS,PF,1.0,0.0,2.0,0.0,0.0,,0.0,0.0,,0.0,0.0,,,0.0,0.0,,1.0,1.0,2.0,0.0,0.0,0.0,1.0,0.0,0.0,,0,0,1
25.0,Allen Iverson,21.0,PHI,PG,76.0,74.0,3045.0,18.0,0.513,0.303,0.362,4.0,7.2,5.6,33.6,2.6,0.6,16.2,28.9,3.1,1.0,4.1,0.065,2.5,-1.6,0.9,2.2,"MVP-17,ROY-1",1996,7.0,21.0,PHI,PG,76.0,74.0,40.1,8.2,19.8,0.416,2.0,6.0,0.341,6.2,13.8,0.448,0.467,5.0,7.2,0.702,1.5,2.6,4.1,7.5,2.1,0.3,4.4,3.1,23.5,"MVP-17,ROY-1",1,1,1
27.0,Kerry Kittles,22.0,NJN,SG,82.0,57.0,3012.0,16.0,0.523,0.352,0.191,3.6,8.1,5.7,14.0,2.7,0.9,9.0,20.1,5.1,1.8,6.9,0.11,1.4,0.4,1.8,2.9,ROY-5,1996,51.0,22.0,NJN,SG,82.0,57.0,36.7,6.2,14.5,0.426,1.9,5.1,0.377,4.3,9.4,0.453,0.493,2.1,2.8,0.771,1.3,2.6,3.9,3.0,1.9,0.4,1.5,2.0,16.4,ROY-5,1,2,1
34.0,Antoine Walker,20.0,BOS,PF,82.0,68.0,2970.0,15.5,0.474,0.117,0.27,10.4,19.0,14.4,15.3,1.8,1.3,13.2,25.2,0.0,1.7,1.7,0.027,-0.3,-1.8,-2.1,-0.1,ROY-4,1996,41.0,20.0,BOS,PF,82.0,68.0,36.2,7.0,16.5,0.425,0.6,1.9,0.327,6.4,14.6,0.438,0.445,2.8,4.5,0.631,3.5,5.5,9.0,3.2,1.3,0.6,2.8,3.3,17.5,ROY-4,1,1,1
51.0,Shareef Abdur-Rahim,20.0,VAN,PF,80.0,71.0,2802.0,17.4,0.518,0.022,0.428,8.8,14.2,11.5,12.1,1.5,2.2,13.5,27.6,1.7,1.2,2.9,0.049,0.3,-2.1,-1.8,0.2,ROY-3,1996,31.0,20.0,VAN,PF,80.0,71.0,35.0,6.9,15.2,0.453,0.1,0.3,0.259,6.8,14.8,0.457,0.456,4.8,6.5,0.746,2.7,4.2,6.9,2.2,1.0,1.0,2.8,2.5,18.7,ROY-3,1,1,1
73.0,Ray Allen,21.0,MIL,SG,82.0,81.0,2532.0,14.6,0.541,0.328,0.274,4.7,11.0,7.9,13.9,1.6,0.3,12.8,21.4,3.3,1.5,4.9,0.092,0.8,-0.9,-0.1,1.2,,1996,90.0,21.0,MIL,SG,82.0,81.0,30.9,4.8,11.1,0.43,1.4,3.6,0.393,3.3,7.4,0.448,0.494,2.5,3.0,0.823,1.2,2.8,4.0,2.6,0.9,0.1,1.8,2.7,13.4,,1,2,1
85.0,Matt Maloney,25.0,HOU,PG,82.0,82.0,2386.0,12.3,0.585,0.62,0.151,1.0,6.5,3.9,19.5,1.8,0.0,15.7,14.8,3.2,2.1,5.3,0.107,0.0,0.1,0.1,1.3,,1996,151.0,25.0,HOU,PG,82.0,82.0,29.1,3.3,7.5,0.441,1.9,4.6,0.404,1.4,2.9,0.5,0.566,0.9,1.1,0.763,0.2,1.7,2.0,3.7,1.0,0.0,1.5,1.5,9.4,,1,2,1
89.0,Stephon Marbury,19.0,MIN,PG,67.0,64.0,2324.0,16.1,0.519,0.331,0.387,2.8,6.6,4.7,38.1,1.5,0.6,17.1,24.2,2.5,1.2,3.7,0.077,2.2,-2.3,0.0,1.2,ROY-2,1996,58.0,19.0,MIN,PG,67.0,64.0,34.7,5.3,13.0,0.408,1.5,4.3,0.354,3.8,8.7,0.434,0.466,3.7,5.0,0.727,0.8,1.9,2.7,7.8,1.0,0.3,3.1,2.4,15.8,ROY-2,1,1,1
134.0,Lorenzen Wright,21.0,LAC,C,77.0,51.0,1936.0,12.5,0.504,0.008,0.305,12.0,16.6,14.2,4.0,1.3,2.4,12.4,14.7,1.5,1.7,3.2,0.079,-2.0,-1.0,-3.0,-0.5,,1996,192.0,21.0,LAC,C,77.0,51.0,25.1,3.1,6.4,0.481,0.0,0.1,0.25,3.1,6.3,0.483,0.482,1.1,1.9,0.587,2.7,3.4,6.1,0.6,0.6,0.8,1.0,2.7,7.3,,0,0,1
138.0,Marcus Camby,22.0,TOR,C,63.0,38.0,1897.0,17.8,0.523,0.018,0.339,7.9,16.7,12.2,9.6,1.8,5.5,13.0,24.3,1.4,2.3,3.7,0.095,-0.7,0.6,-0.1,0.9,,1996,69.0,22.0,TOR,C,63.0,38.0,30.1,6.0,12.3,0.482,0.0,0.2,0.143,5.9,12.1,0.488,0.483,2.9,4.2,0.693,2.1,4.2,6.3,1.5,1.0,2.1,2.1,3.4,14.8,,1,1,1
147.0,Roy Rogers,23.0,VAN,PF,82.0,50.0,1848.0,12.6,0.518,0.002,0.195,8.6,15.7,12.1,4.3,0.6,6.7,14.1,15.3,0.3,1.1,1.4,0.037,-3.4,-0.3,-3.7,-0.8,,1996,210.0,23.0,VAN,PF,82.0,50.0,22.5,3.0,5.9,0.505,0.0,0.0,1.0,3.0,5.9,0.504,0.506,0.7,1.1,0.574,1.7,3.0,4.7,0.6,0.3,2.0,1.0,2.6,6.6,,0,0,1
166.0,Dean Garrett,30.0,MIN,C,68.0,47.0,1665.0,17.7,0.603,0.0,0.355,10.7,24.4,17.6,3.8,1.3,4.3,7.0,13.3,3.7,2.5,6.2,0.179,0.4,0.6,1.0,1.3,,1996,171.0,30.0,MIN,C,68.0,47.0,24.5,3.3,5.7,0.573,0.0,0.0,,3.3,5.7,0.573,0.573,1.4,2.0,0.696,2.2,5.1,7.3,0.6,0.6,1.4,0.5,2.3,8.0,,0,0,1
203.0,Vitaly Potapenko,21.0,CLE,C,80.0,3.0,1238.0,9.5,0.486,0.005,0.296,10.9,12.0,11.4,6.1,1.2,2.5,18.6,23.7,-1.2,1.7,0.5,0.02,-5.9,-0.7,-6.6,-1.4,,1996,233.0,21.0,CLE,C,80.0,3.0,15.5,2.3,5.3,0.44,0.0,0.0,0.5,2.3,5.3,0.439,0.441,1.2,1.6,0.736,1.3,1.4,2.7,0.5,0.3,0.4,1.4,2.7,5.8,,0,0,1
213.0,Travis Knight,22.0,LAL,C,71.0,14.0,1156.0,14.1,0.536,0.0,0.364,13.0,18.5,15.7,5.3,1.4,3.8,13.3,14.3,1.4,1.8,3.3,0.137,-2.2,0.4,-1.8,0.1,,1996,271.0,22.0,LAL,C,71.0,14.0,16.3,2.0,3.9,0.509,0.0,0.0,,2.0,3.9,0.509,0.509,0.9,1.4,0.62,1.8,2.7,4.5,0.5,0.4,0.8,0.7,2.4,4.8,,1,2,1
218.0,Kobe Bryant,18.0,LAL,SF,71.0,6.0,1103.0,14.4,0.544,0.322,0.393,4.9,8.7,6.8,13.8,2.3,1.6,18.5,24.7,0.5,1.3,1.8,0.079,-0.2,0.1,-0.1,0.5,,1996,183.0,18.0,LAL,SF,71.0,6.0,15.5,2.5,5.9,0.417,0.7,1.9,0.375,1.8,4.0,0.437,0.477,1.9,2.3,0.819,0.7,1.2,1.9,1.3,0.7,0.3,1.6,1.4,7.6,,1,2,1
221.0,Shandon Anderson,23.0,UTA,SG,65.0,0.0,1066.0,10.4,0.534,0.148,0.311,6.5,14.0,10.5,7.1,1.4,0.6,16.8,18.9,0.1,1.2,1.2,0.056,-2.3,-1.4,-3.6,-0.4,,1996,229.0,23.0,UTA,SG,65.0,0.0,16.4,2.3,4.9,0.462,0.4,0.7,0.511,1.9,4.2,0.454,0.5,1.0,1.5,0.687,0.8,2.0,2.8,0.8,0.4,0.1,1.1,1.7,5.9,,0,0,1
228.0,Erick Dampier,21.0,IND,C,72.0,21.0,1052.0,11.8,0.451,0.003,0.5,11.1,22.1,16.7,6.9,1.0,5.6,17.0,21.7,-1.0,1.9,0.9,0.04,-4.4,0.7,-3.7,-0.4,,1996,251.0,21.0,IND,C,72.0,21.0,14.6,1.8,4.7,0.39,0.0,0.0,1.0,1.8,4.7,0.388,0.391,1.5,2.3,0.637,1.3,2.8,4.1,0.6,0.3,1.0,1.2,2.1,5.1,,0,0,1
239.0,Randy Livingston,21.0,HOU,PG,64.0,0.0,981.0,8.3,0.487,0.096,0.284,4.0,7.0,5.6,23.8,2.1,0.9,28.4,16.7,-0.8,1.1,0.3,0.012,-4.0,0.3,-3.7,-0.4,,1996,302.0,21.0,HOU,PG,64.0,0.0,15.3,1.6,3.6,0.437,0.1,0.3,0.409,1.4,3.2,0.44,0.456,0.7,1.0,0.646,0.5,1.0,1.5,2.4,0.6,0.2,1.6,1.7,3.9,,0,0,1
245.0,Todd Fuller,22.0,GSW,C,75.0,18.0,949.0,10.4,0.483,0.0,0.414,13.5,17.7,15.6,4.0,0.6,1.6,14.2,17.2,0.4,0.3,0.7,0.034,-3.4,-2.4,-5.8,-0.9,,1996,289.0,22.0,GSW,C,75.0,18.0,12.7,1.5,3.5,0.429,0.0,0.0,,1.5,3.5,0.429,0.429,1.0,1.5,0.691,1.4,1.9,3.3,0.3,0.1,0.3,0.7,1.9,4.1,,0,0,1
251.0,Derek Fisher,22.0,LAL,PG,80.0,3.0,921.0,11.0,0.491,0.279,0.458,3.1,8.8,6.0,20.1,2.3,0.4,18.4,18.8,0.0,1.0,1.1,0.056,-2.9,0.2,-2.7,-0.1,,1996,300.0,22.0,LAL,PG,80.0,3.0,11.5,1.3,3.3,0.397,0.3,0.9,0.301,1.0,2.4,0.434,0.439,1.0,1.5,0.658,0.3,0.9,1.2,1.5,0.5,0.1,0.9,1.1,3.9,,0,0,1
257.0,Tony Delk,23.0,CHH,PG,61.0,1.0,867.0,14.2,0.596,0.438,0.199,4.5,9.2,6.9,18.5,2.3,0.5,19.6,18.8,1.0,0.6,1.6,0.087,0.9,-0.6,0.3,0.5,,1996,243.0,23.0,CHH,PG,61.0,1.0,14.2,2.0,4.2,0.465,0.9,1.8,0.464,1.1,2.4,0.465,0.566,0.7,0.8,0.824,0.5,1.1,1.6,1.6,0.6,0.1,1.1,1.2,5.4,,0,0,1
258.0,Othella Harrington,23.0,HOU,PF,57.0,1.0,860.0,10.8,0.57,0.015,0.397,10.6,15.8,13.3,3.3,0.7,1.9,19.2,15.7,0.4,1.0,1.4,0.079,-3.8,-0.9,-4.7,-0.6,,1996,269.0,23.0,HOU,PF,57.0,1.0,15.1,2.0,3.6,0.549,0.0,0.1,0.0,2.0,3.5,0.557,0.549,0.9,1.4,0.605,1.3,2.2,3.5,0.3,0.2,0.4,1.0,2.0,4.8,,0,0,1
270.0,John Wallace,22.0,NYK,SF,68.0,6.0,787.0,13.0,0.571,0.017,0.466,8.1,15.3,11.8,8.2,1.4,2.6,21.1,21.1,0.1,1.4,1.6,0.095,-2.5,1.1,-1.3,0.1,,1996,272.0,22.0,NYK,SF,68.0,6.0,11.6,1.8,3.5,0.517,0.0,0.1,0.5,1.8,3.4,0.517,0.521,1.2,1.6,0.718,0.8,1.5,2.3,0.5,0.3,0.4,1.1,1.5,4.8,,0,0,1
276.0,Erick Strickland,23.0,DAL,SG,28.0,15.0,759.0,11.0,0.51,0.359,0.313,3.2,10.7,6.9,15.6,1.9,0.5,18.5,21.6,-0.2,0.5,0.3,0.017,-2.5,-0.3,-2.8,-0.2,,1996,132.0,23.0,DAL,SG,28.0,15.0,27.1,3.6,9.1,0.398,1.0,3.3,0.304,2.6,5.9,0.451,0.453,2.3,2.9,0.813,0.8,2.5,3.2,2.4,1.0,0.2,2.4,2.7,10.6,,0,0,1
285.0,Steve Nash,22.0,PHO,PG,65.0,2.0,684.0,10.8,0.539,0.314,0.291,2.8,8.0,5.4,29.5,1.5,0.0,24.2,17.1,0.4,0.3,0.7,0.047,-2.0,-1.1,-3.1,-0.2,,1996,329.0,22.0,PHO,PG,65.0,2.0,10.5,1.1,2.7,0.423,0.4,0.8,0.418,0.8,1.8,0.425,0.489,0.6,0.8,0.824,0.2,0.7,1.0,2.1,0.3,0.0,1.0,1.4,3.3,,0,0,1
286.0,Chris Robinson,22.0,VAN,SG,41.0,6.0,681.0,9.4,0.486,0.489,0.143,3.9,8.3,6.1,15.6,2.2,1.0,14.9,15.5,0.0,0.2,0.2,0.017,-2.8,-0.6,-3.3,-0.2,,1996,276.0,22.0,VAN,SG,41.0,6.0,16.6,1.7,4.4,0.379,0.8,2.2,0.382,0.9,2.3,0.376,0.473,0.4,0.6,0.615,0.6,1.2,1.7,1.6,0.7,0.2,0.8,2.1,4.6,,0,0,1
287.0,Brett Szabo,28.0,BOS,C,70.0,24.0,662.0,8.8,0.517,0.008,0.504,9.0,20.5,14.3,3.7,1.2,3.6,21.7,12.2,0.0,0.5,0.4,0.031,-5.4,-0.6,-6.0,-0.7,,1996,380.0,28.0,BOS,C,70.0,24.0,9.5,0.8,1.7,0.446,0.0,0.0,0.0,0.8,1.7,0.45,0.446,0.6,0.9,0.738,0.8,1.6,2.4,0.2,0.2,0.5,0.6,1.7,2.2,,0,0,1
292.0,Jamie Feick,22.0,2TM,C,41.0,0.0,624.0,11.1,0.405,0.089,0.427,15.3,26.3,20.6,6.6,1.4,1.8,14.3,16.2,-0.3,0.5,0.2,0.016,-3.5,-2.3,-5.8,-0.6,,1996,311.0,22.0,2TM,C,41.0,0.0,15.2,1.4,3.8,0.357,0.1,0.3,0.357,1.2,3.5,0.357,0.373,0.8,1.6,0.507,2.0,3.2,5.2,0.6,0.4,0.3,0.8,1.9,3.7,,0,0,1
295.0,Samaki Walker,20.0,DAL,PF,43.0,12.0,602.0,12.2,0.487,0.005,0.396,8.9,19.6,14.2,4.9,1.3,2.9,15.1,19.7,-0.2,0.7,0.5,0.037,-3.9,-0.6,-4.4,-0.4,,1996,262.0,20.0,DAL,PF,43.0,12.0,14.0,1.9,4.3,0.444,0.0,0.0,0.0,1.9,4.3,0.446,0.444,1.1,1.7,0.649,1.1,2.3,3.4,0.4,0.3,0.5,0.9,1.7,5.0,,0,0,1
296.0,Ray Owes,24.0,GSW,PF,57.0,1.0,592.0,11.1,0.442,0.028,0.256,12.8,19.9,16.3,4.0,1.3,2.6,10.3,16.8,0.1,0.4,0.4,0.036,-3.3,-1.5,-4.8,-0.4,,1996,336.0,24.0,GSW,PF,57.0,1.0,10.4,1.3,3.2,0.417,0.0,0.1,0.2,1.3,3.1,0.423,0.419,0.5,0.8,0.565,1.1,1.7,2.9,0.3,0.3,0.4,0.4,1.5,3.1,,0,0,1
306.0,Malik Rose,22.0,CHH,PF,54.0,1.0,525.0,13.7,0.515,0.016,0.484,16.7,21.0,18.9,9.6,2.9,2.4,20.9,17.6,0.3,0.8,1.1,0.1,-3.6,0.3,-3.3,-0.2,,1996,343.0,22.0,CHH,PF,54.0,1.0,9.7,1.1,2.4,0.477,0.0,0.0,0.0,1.1,2.3,0.484,0.477,0.7,1.1,0.613,1.3,1.7,3.0,0.6,0.5,0.3,0.8,2.1,3.0,,0,0,1
317.0,Jermaine O'Neal,18.0,POR,PF,45.0,0.0,458.0,13.7,0.494,0.007,0.51,10.4,21.4,16.0,2.9,0.2,4.4,12.6,21.1,0.1,0.7,0.8,0.087,-2.5,-0.9,-3.5,-0.2,,1996,291.0,18.0,POR,PF,45.0,0.0,10.2,1.5,3.4,0.451,0.0,0.0,0.0,1.5,3.4,0.454,0.451,1.0,1.7,0.603,0.9,1.9,2.8,0.2,0.0,0.6,0.6,1.0,4.1,,0,0,1
333.0,Martin Müürsepp,22.0,2TM,PF,42.0,0.0,348.0,14.9,0.482,0.183,0.534,11.5,10.8,11.2,10.4,1.9,2.5,10.0,23.8,0.3,0.3,0.6,0.081,-1.5,-0.2,-1.7,0.0,,1996,309.0,22.0,2TM,PF,42.0,0.0,8.3,1.3,3.1,0.412,0.1,0.6,0.167,1.2,2.5,0.467,0.427,1.0,1.7,0.629,0.8,0.8,1.6,0.5,0.3,0.3,0.4,1.4,3.7,,0,0,1
337.0,Michael Hawkins,24.0,BOS,PG,29.0,0.0,326.0,10.6,0.536,0.456,0.221,3.0,8.4,5.5,28.8,2.5,0.2,27.3,13.5,0.1,0.1,0.2,0.033,-2.9,-1.0,-3.9,-0.2,,1996,355.0,24.0,BOS,PG,29.0,0.0,11.2,1.0,2.3,0.426,0.3,1.1,0.323,0.7,1.3,0.514,0.5,0.4,0.5,0.8,0.3,0.8,1.1,2.2,0.6,0.0,1.0,1.4,2.8,,0,0,1
338.0,Darvin Ham,23.0,2TM,SF,36.0,3.0,318.0,8.5,0.536,0.0,0.565,10.5,9.6,10.0,6.9,1.5,1.7,22.1,14.0,0.0,0.1,0.1,0.018,-4.3,-0.2,-4.5,-0.2,,1996,374.0,23.0,2TM,SF,36.0,3.0,8.8,0.9,1.7,0.532,0.0,0.0,,0.9,1.7,0.532,0.532,0.5,1.0,0.486,0.8,0.8,1.6,0.4,0.3,0.2,0.6,1.6,2.3,,0,0,1
345.0,Mark Hendrickson,22.0,PHI,PF,29.0,1.0,301.0,11.5,0.481,0.156,0.338,12.4,21.2,16.7,1.5,1.7,1.0,13.7,14.4,0.1,0.2,0.3,0.054,-2.9,-2.2,-5.1,-0.2,,1996,348.0,22.0,PHI,PF,29.0,1.0,10.4,1.1,2.7,0.416,0.1,0.4,0.25,1.0,2.2,0.446,0.435,0.6,0.9,0.692,1.2,2.0,3.2,0.1,0.3,0.1,0.5,1.1,2.9,,0,0,1
349.0,Steve Hamer,23.0,BOS,C,35.0,3.0,268.0,8.9,0.545,0.035,0.509,6.8,20.0,12.9,4.0,0.4,1.1,15.7,13.3,0.1,0.1,0.2,0.031,-4.3,-2.2,-6.5,-0.3,,1996,379.0,23.0,BOS,C,35.0,3.0,7.7,0.9,1.6,0.526,0.0,0.1,0.0,0.9,1.6,0.545,0.526,0.5,0.8,0.552,0.5,1.2,1.7,0.2,0.1,0.1,0.4,1.1,2.2,,0,0,1
351.0,Donald Whiteside,27.0,TOR,PG,27.0,1.0,259.0,7.6,0.479,0.655,0.273,0.9,4.7,2.7,21.0,2.3,0.0,21.6,13.6,0.0,0.1,0.1,0.02,-3.0,-0.6,-3.6,-0.1,,1996,381.0,27.0,TOR,PG,27.0,1.0,9.6,0.7,2.0,0.327,0.4,1.3,0.333,0.2,0.7,0.316,0.436,0.4,0.6,0.733,0.1,0.4,0.4,1.3,0.4,0.0,0.6,0.9,2.2,,0,0,1
355.0,Mark Bradtke,28.0,PHI,C,36.0,0.0,251.0,9.6,0.463,0.0,0.224,11.0,18.7,14.8,4.2,1.0,1.4,12.4,12.2,0.1,0.1,0.2,0.044,-3.5,-1.1,-4.6,-0.2,,1996,403.0,28.0,PHI,C,36.0,0.0,7.0,0.7,1.6,0.431,0.0,0.0,,0.7,1.6,0.431,0.431,0.3,0.4,0.692,0.7,1.2,1.9,0.2,0.1,0.1,0.3,0.9,1.6,,0,0,1
356.0,Reggie Geary,23.0,CLE,PG,39.0,0.0,246.0,8.7,0.454,0.362,0.19,2.1,5.9,4.0,24.7,3.1,0.7,19.3,15.8,-0.1,0.4,0.3,0.056,-3.8,2.4,-1.4,0.0,,1996,411.0,23.0,CLE,PG,39.0,0.0,6.3,0.6,1.5,0.379,0.2,0.5,0.381,0.4,0.9,0.378,0.448,0.1,0.3,0.455,0.1,0.3,0.4,0.9,0.3,0.1,0.4,0.9,1.5,,0,0,1
359.0,Shane Heal,26.0,MIN,PG,43.0,0.0,236.0,5.0,0.378,0.67,0.052,1.0,8.0,4.5,22.1,0.7,1.0,14.6,22.5,-0.5,0.1,-0.4,-0.086,-4.0,-2.8,-6.8,-0.3,,1996,399.0,26.0,MIN,PG,43.0,0.0,5.5,0.6,2.3,0.268,0.5,1.5,0.308,0.1,0.7,0.188,0.371,0.1,0.1,0.6,0.0,0.4,0.4,0.8,0.1,0.1,0.4,0.5,1.7,,0,0,1
360.0,Emanual Davis,28.0,HOU,PG,13.0,0.0,230.0,9.7,0.565,0.5,0.148,1.1,9.6,5.5,17.1,2.1,0.7,22.8,14.7,0.0,0.3,0.3,0.063,-1.8,1.2,-0.6,0.0,,1996,254.0,28.0,HOU,PG,13.0,0.0,17.7,1.8,4.2,0.444,0.9,2.1,0.444,0.9,2.1,0.444,0.556,0.4,0.6,0.625,0.2,1.5,1.7,2.0,0.7,0.2,1.3,1.5,5.0,,0,0,1
366.0,Ben Wallace,22.0,WSB,PF,34.0,0.0,197.0,6.0,0.347,0.0,0.435,15.1,19.3,17.2,1.4,2.1,4.2,24.7,16.6,-0.6,0.3,-0.2,-0.052,-7.6,-0.7,-8.3,-0.3,,1996,428.0,22.0,WSB,PF,34.0,0.0,5.8,0.5,1.4,0.348,0.0,0.0,,0.5,1.4,0.348,0.348,0.2,0.6,0.3,0.7,1.0,1.7,0.1,0.2,0.3,0.5,0.8,1.1,,0,0,1
368.0,Walter McCarty,22.0,NYK,PF,35.0,0.0,192.0,6.4,0.431,0.206,0.206,5.2,9.1,7.2,11.5,1.9,3.8,18.6,21.9,-0.4,0.3,0.0,-0.007,-6.4,1.9,-4.5,-0.1,,1996,394.0,22.0,NYK,PF,35.0,0.0,5.5,0.7,1.9,0.382,0.1,0.4,0.286,0.6,1.5,0.407,0.412,0.2,0.4,0.571,0.2,0.4,0.7,0.4,0.2,0.3,0.5,1.1,1.8,,0,0,1
369.0,Marcus Brown,22.0,POR,PG,21.0,0.0,184.0,12.9,0.523,0.457,0.271,2.7,6.9,4.8,18.0,2.3,0.8,14.2,22.4,0.2,0.2,0.4,0.105,-0.9,0.0,-1.0,0.0,,1996,297.0,22.0,POR,PG,21.0,0.0,8.8,1.3,3.3,0.4,0.6,1.5,0.406,0.7,1.8,0.395,0.493,0.6,0.9,0.684,0.2,0.5,0.7,1.0,0.4,0.1,0.6,1.2,3.9,,0,0,1
372.0,Priest Lauderdale,23.0,ATL,C,35.0,0.0,180.0,13.6,0.56,0.011,0.258,10.8,17.5,14.2,15.2,0.3,3.9,27.2,35.7,-0.5,0.3,-0.2,-0.048,-8.0,-0.9,-8.9,-0.3,,1996,332.0,23.0,ATL,C,35.0,0.0,5.1,1.4,2.5,0.551,0.0,0.0,0.0,1.4,2.5,0.557,0.551,0.4,0.7,0.565,0.5,0.8,1.2,0.3,0.0,0.3,1.1,1.1,3.2,,0,0,1
373.0,Jerome Williams,23.0,DET,PF,33.0,0.0,177.0,12.6,0.419,0.0,0.333,15.8,19.3,17.6,6.6,4.2,0.5,18.2,20.0,-0.2,0.4,0.2,0.049,-3.1,0.3,-2.8,0.0,,1996,416.0,23.0,DET,PF,33.0,0.0,5.4,0.6,1.5,0.392,0.0,0.0,,0.6,1.5,0.392,0.392,0.3,0.5,0.529,0.7,0.8,1.5,0.2,0.4,0.0,0.4,0.5,1.5,,0,0,1
375.0,Kevin Salvadori,26.0,SAC,C,23.0,0.0,154.0,8.3,0.452,0.0,0.545,4.5,14.5,9.5,9.6,0.7,6.4,22.7,15.4,-0.2,0.2,0.0,-0.007,-6.2,0.2,-5.9,-0.2,,1996,408.0,26.0,SAC,C,23.0,0.0,6.7,0.5,1.4,0.364,0.0,0.0,,0.5,1.4,0.364,0.364,0.6,0.8,0.722,0.3,0.8,1.1,0.4,0.1,0.6,0.5,0.7,1.6,,0,0,1
383.0,Nate Driggers,23.0,BOS,SG,15.0,0.0,132.0,6.8,0.366,0.209,0.326,9.7,9.4,9.6,6.8,1.1,1.1,10.9,17.9,-0.2,0.0,-0.2,-0.059,-4.5,-3.1,-7.5,-0.2,,1996,370.0,23.0,BOS,SG,15.0,0.0,8.8,0.9,2.9,0.302,0.0,0.6,0.0,0.9,2.3,0.382,0.302,0.7,0.9,0.714,0.8,0.7,1.5,0.4,0.2,0.1,0.4,0.7,2.4,,0,0,1
387.0,Jeff McInnis,22.0,DEN,PG,13.0,0.0,117.0,14.8,0.609,0.531,0.204,2.0,3.9,2.9,28.5,0.9,0.6,19.6,25.4,0.2,0.0,0.1,0.06,2.9,-2.7,0.3,0.1,,1996,259.0,22.0,DEN,PG,13.0,0.0,9.0,1.8,3.8,0.469,0.9,2.0,0.462,0.8,1.8,0.478,0.592,0.5,0.8,0.7,0.2,0.3,0.5,1.4,0.2,0.1,1.0,1.2,5.0,,0,0,1
390.0,Ruben Nembhard,24.0,2TM,PG,10.0,0.0,113.0,13.3,0.483,0.162,0.27,3.5,5.2,4.4,24.2,4.2,0.0,16.2,20.1,0.0,0.2,0.2,0.085,-1.6,2.6,1.0,0.1,,1996,295.0,24.0,2TM,PG,10.0,0.0,11.3,1.6,3.7,0.432,0.0,0.6,0.0,1.6,3.1,0.516,0.432,0.8,1.0,0.8,0.3,0.5,0.8,1.7,0.9,0.0,0.8,1.2,4.0,,0,0,1
391.0,Amal McCaskill,23.0,ORL,C,17.0,1.0,109.0,6.1,0.376,0.063,0.375,4.2,19.9,11.8,10.3,1.5,3.6,22.8,20.4,-0.3,0.2,-0.2,-0.086,-6.5,0.9,-5.6,-0.1,,1996,407.0,23.0,ORL,C,17.0,1.0,6.4,0.6,1.9,0.313,0.0,0.1,0.0,0.6,1.8,0.333,0.313,0.5,0.7,0.667,0.2,1.1,1.3,0.4,0.2,0.3,0.6,0.4,1.6,,0,0,1
394.0,Horacio Llamas,23.0,PHO,C,20.0,2.0,101.0,10.5,0.539,0.0,0.286,4.7,16.1,10.4,6.2,5.1,3.7,25.9,19.0,-0.2,0.2,0.0,0.019,-7.8,3.7,-4.1,-0.1,,1996,400.0,23.0,PHO,C,20.0,2.0,5.1,0.8,1.4,0.536,0.0,0.0,,0.8,1.4,0.536,0.536,0.2,0.4,0.5,0.2,0.7,0.9,0.2,0.5,0.3,0.6,1.3,1.7,,0,0,1
396.0,Ben Davis,24.0,PHO,PF,20.0,0.0,98.0,9.4,0.417,0.0,0.769,14.4,17.8,16.1,0.0,2.1,0.8,7.9,17.4,0.0,0.1,0.1,0.037,-4.4,-2.2,-6.6,-0.1,,1996,410.0,24.0,PHO,PF,20.0,0.0,4.9,0.5,1.3,0.385,0.0,0.0,,0.5,1.3,0.385,0.385,0.5,1.0,0.45,0.6,0.8,1.4,0.0,0.2,0.1,0.2,0.8,1.5,,0,0,1
398.0,Moochie Norris,23.0,VAN,PG,8.0,0.0,89.0,8.2,0.248,0.455,0.227,3.9,11.9,7.8,38.7,2.4,0.0,17.1,15.2,-0.2,0.0,-0.1,-0.066,-3.9,-1.9,-5.9,-0.1,,1996,412.0,23.0,VAN,PG,8.0,0.0,11.1,0.5,2.8,0.182,0.3,1.3,0.2,0.3,1.5,0.167,0.227,0.3,0.6,0.4,0.4,1.1,1.5,2.9,0.5,0.0,0.6,0.6,1.5,,0,0,1
406.0,Jason Sasser,23.0,2TM,SF,8.0,0.0,69.0,5.8,0.413,0.13,0.0,1.7,12.6,6.9,5.0,2.4,0.0,8.0,16.8,-0.1,0.0,0.0,-0.032,-6.3,-0.3,-6.6,-0.1,,1996,367.0,23.0,2TM,SF,8.0,0.0,8.6,1.1,2.9,0.391,0.1,0.4,0.333,1.0,2.5,0.4,0.413,0.0,0.0,,0.1,0.9,1.0,0.3,0.4,0.0,0.3,1.4,2.4,,0,0,1
407.0,Aleksandar Djordjevic,29.0,POR,SG,8.0,0.0,61.0,12.5,0.687,0.438,0.313,2.0,7.6,4.9,13.1,0.0,0.0,21.6,17.1,0.1,0.0,0.1,0.114,2.0,-0.8,1.1,0.1,,1996,337.0,29.0,POR,SG,8.0,0.0,7.6,1.0,2.0,0.5,0.6,0.9,0.714,0.4,1.1,0.333,0.656,0.5,0.6,0.8,0.1,0.5,0.6,0.6,0.0,0.0,0.6,0.4,3.1,,0,0,1
408.0,Stevin Smith,25.0,DAL,SG,8.0,0.0,60.0,3.3,0.38,0.333,0.056,3.8,15.7,9.7,10.9,0.9,0.0,17.8,17.2,-0.1,0.0,-0.1,-0.072,-7.8,-1.7,-9.5,-0.1,,1996,396.0,25.0,DAL,SG,8.0,0.0,7.5,0.8,2.3,0.333,0.1,0.8,0.167,0.6,1.5,0.417,0.361,0.1,0.1,1.0,0.3,1.0,1.3,0.5,0.1,0.0,0.5,1.1,1.8,,0,0,1
409.0,Brian Evans,23.0,ORL,SF,14.0,0.0,59.0,11.7,0.455,0.364,0.0,1.9,14.3,8.0,20.5,0.9,2.6,8.3,18.7,0.0,0.1,0.1,0.07,0.1,0.6,0.7,0.0,,1996,418.0,23.0,ORL,SF,14.0,0.0,4.2,0.6,1.6,0.364,0.3,0.6,0.5,0.3,1.0,0.286,0.455,0.0,0.0,,0.1,0.5,0.6,0.5,0.1,0.1,0.1,0.4,1.4,,0,0,1
412.0,Brent Scott,25.0,IND,PF,16.0,0.0,55.0,7.0,0.484,0.0,0.353,6.6,12.8,9.8,9.6,1.0,1.5,16.9,19.9,0.0,0.1,0.0,0.019,-6.5,0.2,-6.4,-0.1,,1996,425.0,25.0,IND,PF,16.0,0.0,3.4,0.5,1.1,0.471,0.0,0.0,,0.5,1.1,0.471,0.471,0.2,0.4,0.5,0.2,0.4,0.6,0.2,0.1,0.1,0.3,0.9,1.2,,0,0,1
413.0,Shawnelle Scott,24.0,CLE,C,16.0,0.0,50.0,18.7,0.48,0.0,0.688,20.5,21.2,20.8,0.0,0.0,5.4,0.0,20.8,0.1,0.1,0.2,0.17,1.9,-1.6,0.3,0.0,,1996,423.0,24.0,CLE,C,16.0,0.0,3.1,0.5,1.0,0.5,0.0,0.0,,0.5,1.0,0.5,0.5,0.3,0.7,0.364,0.5,0.5,1.0,0.0,0.0,0.2,0.0,0.4,1.3,,0,0,1
415.0,Devin Gray,24.0,2TM,PF,6.0,0.0,49.0,4.6,0.319,0.0,0.192,14.2,19.5,16.8,6.4,4.4,0.0,15.1,31.1,-0.3,0.1,-0.2,-0.179,-12.0,-3.2,-15.2,-0.2,,1996,338.0,24.0,2TM,PF,6.0,0.0,8.2,1.3,4.3,0.308,0.0,0.0,,1.3,4.3,0.308,0.308,0.3,0.8,0.4,1.0,1.3,2.3,0.3,0.7,0.0,0.8,1.8,3.0,,0,0,1
416.0,Dexter Boney,26.0,PHO,SG,8.0,0.0,48.0,10.2,0.422,0.316,0.421,7.3,7.2,7.3,0.0,2.1,1.5,4.3,22.1,0.0,0.0,0.0,0.013,-4.0,-2.1,-6.1,0.0,,1996,369.0,26.0,PHO,SG,8.0,0.0,6.0,0.8,2.4,0.316,0.1,0.8,0.167,0.6,1.6,0.385,0.342,0.8,1.0,0.75,0.4,0.4,0.8,0.0,0.3,0.1,0.1,0.4,2.4,,0,0,1
421.0,Evric Gray,27.0,NJN,SF,5.0,0.0,42.0,2.8,0.388,0.267,0.267,2.4,5.5,3.9,7.2,1.2,0.0,15.2,20.1,-0.1,0.0,-0.1,-0.08,-6.3,-2.9,-9.2,-0.1,,1996,361.0,27.0,NJN,SF,5.0,0.0,8.4,0.8,3.0,0.267,0.2,0.8,0.25,0.6,2.2,0.273,0.3,0.8,0.8,1.0,0.2,0.4,0.6,0.4,0.2,0.0,0.6,1.0,2.6,,0,0,1
422.0,Gaylon Nickerson,27.0,2TM,SG,4.0,0.0,42.0,12.9,0.497,0.167,0.583,2.8,11.6,7.1,3.8,1.2,1.9,6.2,17.7,0.1,0.0,0.1,0.076,-0.6,-0.5,-1.2,0.0,,1996,303.0,27.0,2TM,SG,4.0,0.0,10.5,1.0,3.0,0.333,0.0,0.5,0.0,1.0,2.5,0.4,0.333,1.8,1.8,1.0,0.3,1.0,1.3,0.3,0.3,0.3,0.3,0.3,3.8,,0,0,1
424.0,James Scott,24.0,MIA,SF,8.0,0.0,32.0,-4.1,0.056,0.5,0.25,3.8,18.2,11.1,13.2,3.4,0.0,18.4,16.0,-0.2,0.1,-0.1,-0.187,-14.0,0.9,-13.1,-0.1,,1996,436.0,24.0,MIA,SF,8.0,0.0,4.0,0.0,1.0,0.0,0.0,0.5,0.0,0.0,0.5,0.0,0.0,0.1,0.3,0.5,0.1,0.6,0.8,0.4,0.3,0.0,0.3,0.6,0.1,,0,0,1
430.0,Jimmy Carruth,27.0,MIL,PF,4.0,0.0,21.0,9.7,0.727,0.0,0.333,0.0,23.2,11.7,0.0,0.0,7.1,22.5,9.8,0.0,0.0,0.0,0.09,-6.1,3.1,-3.0,0.0,,1996,422.0,27.0,MIL,PF,4.0,0.0,5.3,0.5,0.8,0.667,0.0,0.0,,0.5,0.8,0.667,0.667,0.3,0.3,1.0,0.0,1.0,1.0,0.0,0.0,0.5,0.3,1.0,1.3,,0,0,1
433.0,Matt Steigenga,26.0,CHI,SF,2.0,0.0,12.0,7.0,0.307,0.5,0.5,0.0,27.8,14.1,22.3,4.4,6.3,29.1,25.6,-0.1,0.0,0.0,-0.126,-10.7,2.2,-8.5,0.0,,1996,413.0,26.0,CHI,SF,2.0,0.0,6.0,0.5,2.0,0.25,0.0,1.0,0.0,0.5,1.0,0.5,0.25,0.5,1.0,0.5,0.0,1.5,1.5,1.0,0.5,0.5,1.0,0.5,1.5,,0,0,1
438.0,Joe Stephens,24.0,HOU,PF,2.0,0.0,9.0,3.0,0.3,0.6,0.0,27.1,12.3,19.3,0.0,17.5,0.0,37.5,40.5,-0.1,0.0,-0.1,-0.308,-15.7,3.8,-11.9,0.0,,1996,414.0,24.0,HOU,PF,2.0,0.0,4.5,0.5,2.5,0.2,0.5,1.5,0.333,0.0,1.0,0.0,0.3,0.0,0.0,,1.0,0.5,1.5,0.0,1.5,0.0,1.5,1.5,1.5,,0,0,1
441.0,Bruce Bowen,25.0,MIA,SF,1.0,0.0,1.0,37.7,,,,0.0,0.0,0.0,0.0,0.0,77.8,,0.0,0.0,0.0,0.0,0.321,36.8,60.7,97.4,0.0,,1996,438.0,25.0,MIA,SF,1.0,0.0,1.0,0.0,0.0,,0.0,0.0,,0.0,0.0,,,0.0,0.0,,0.0,0.0,0.0,0.0,0.0,1.0,0.0,0.0,0.0,,0,0,1
7.0,Tim Duncan,21.0,SAS,PF,82.0,82.0,3204.0,22.6,0.577,0.008,0.375,10.5,23.8,17.6,13.7,0.9,4.5,15.7,26.0,5.6,7.2,12.8,0.192,2.5,2.0,4.6,5.3,"MVP-5,ROY-1,DPOY-5,AS,NBA1,DEF2",1997,14.0,21.0,SAS,PF,82.0,82.0,39.1,8.6,15.7,0.549,0.0,0.1,0.0,8.6,15.6,0.553,0.549,3.9,5.9,0.662,3.3,8.6,11.9,2.7,0.7,2.5,3.4,3.1,21.1,"MVP-5,ROY-1,DPOY-5,AS,NBA1,DEF2",1,1,1
46.0,Ron Mercer,21.0,BOS,SG,80.0,62.0,2662.0,14.1,0.491,0.024,0.196,4.4,8.3,6.2,11.6,2.4,0.5,9.6,22.3,2.2,1.9,4.0,0.073,-0.7,-0.7,-1.4,0.4,,1997,60.0,21.0,BOS,SG,80.0,62.0,33.3,6.4,14.3,0.45,0.0,0.4,0.107,6.4,14.0,0.458,0.451,2.4,2.8,0.839,1.4,2.1,3.5,2.2,1.6,0.2,1.7,2.7,15.3,,1,1,1
61.0,Cedric Henderson,22.0,CLE,SF,82.0,71.0,2527.0,10.7,0.514,0.006,0.262,3.5,12.2,7.9,11.6,2.0,1.4,16.9,17.8,-0.2,4.0,3.8,0.072,-2.7,1.1,-1.6,0.3,,1997,136.0,22.0,CLE,SF,82.0,71.0,30.8,4.2,8.8,0.48,0.0,0.0,0.0,4.2,8.8,0.483,0.48,1.7,2.3,0.716,0.9,3.1,4.0,2.0,1.2,0.5,2.0,2.9,10.1,,1,2,1
65.0,Brevin Knight,22.0,CLE,PG,80.0,76.0,2483.0,17.1,0.515,0.012,0.424,3.4,9.1,6.3,43.7,4.2,0.6,21.6,16.7,3.5,4.9,8.4,0.163,0.5,3.1,3.6,3.5,DPOY-11,1997,161.0,22.0,CLE,PG,80.0,76.0,31.0,3.3,7.4,0.441,0.0,0.1,0.0,3.3,7.3,0.446,0.441,2.5,3.1,0.801,0.8,2.3,3.2,8.2,2.5,0.2,2.4,3.4,9.0,DPOY-11,1,1,1
73.0,Zydrunas Ilgauskas,22.0,CLE,C,82.0,81.0,2379.0,19.7,0.564,0.005,0.345,14.6,22.6,18.6,5.7,1.2,4.3,12.6,22.4,4.5,4.9,9.4,0.189,1.0,0.5,1.4,2.1,,1997,75.0,22.0,CLE,C,82.0,81.0,29.0,5.5,10.7,0.518,0.0,0.0,0.25,5.5,10.6,0.519,0.519,2.8,3.7,0.762,3.4,5.4,8.8,0.9,0.6,1.6,1.8,3.5,13.9,,1,1,1
84.0,Keith Van Horn,22.0,NJN,PF,62.0,62.0,2325.0,15.7,0.516,0.214,0.291,6.6,14.1,10.1,7.9,1.5,0.8,12.2,25.2,3.2,1.6,4.8,0.098,0.7,-1.6,-0.8,0.7,ROY-2,1997,21.0,22.0,NJN,PF,62.0,62.0,37.5,7.2,16.9,0.426,1.1,3.6,0.308,6.1,13.3,0.458,0.459,4.2,4.9,0.846,2.3,4.3,6.6,1.7,1.0,0.4,2.6,3.5,19.7,ROY-2,1,1,1
92.0,Anthony Johnson,23.0,SAC,PG,77.0,62.0,2266.0,8.6,0.437,0.21,0.181,2.4,6.0,4.2,22.3,1.5,0.2,15.4,15.2,-0.4,0.8,0.4,0.008,-3.3,-1.1,-4.4,-1.4,,1997,194.0,23.0,SAC,PG,77.0,62.0,29.4,2.9,7.9,0.371,0.5,1.7,0.328,2.4,6.2,0.383,0.406,1.0,1.4,0.727,0.7,1.6,2.2,4.3,0.8,0.1,1.6,2.4,7.5,,0,0,1
103.0,Chauncey Billups,21.0,2TM,PG,80.0,70.0,2216.0,13.6,0.516,0.434,0.355,3.0,7.1,5.0,22.6,2.5,0.1,16.7,20.4,2.1,0.9,3.0,0.065,0.2,-1.4,-1.2,0.5,,1997,116.0,21.0,2TM,PG,80.0,70.0,27.7,3.5,9.4,0.374,1.3,4.1,0.329,2.2,5.3,0.408,0.445,2.8,3.3,0.85,0.8,1.6,2.4,3.9,1.3,0.1,2.2,2.2,11.2,,0,0,1
122.0,Bobby Jackson,24.0,DEN,PG,68.0,53.0,2042.0,13.6,0.453,0.102,0.231,4.4,13.3,8.7,29.5,2.8,0.4,17.4,23.5,-1.3,0.7,-0.6,-0.014,-1.3,-1.3,-2.6,-0.3,,1997,106.0,24.0,DEN,PG,68.0,53.0,30.0,4.6,11.6,0.392,0.3,1.2,0.259,4.3,10.4,0.407,0.405,2.2,2.7,0.814,1.1,3.3,4.4,4.7,1.5,0.2,2.7,2.4,11.6,,1,2,1
128.0,Antonio Daniels,22.0,VAN,SG,74.0,50.0,1956.0,9.9,0.465,0.095,0.31,1.3,7.1,4.2,26.6,1.5,0.4,20.8,17.9,-0.9,-0.4,-1.3,-0.032,-2.4,-2.6,-5.0,-1.5,,1997,183.0,22.0,VAN,SG,74.0,50.0,26.4,3.1,7.4,0.416,0.1,0.7,0.212,2.9,6.7,0.438,0.426,1.5,2.3,0.659,0.3,1.6,1.9,4.5,0.7,0.1,2.2,1.2,7.8,,0,0,1
138.0,Derek Anderson,23.0,CLE,SF,66.0,13.0,1839.0,15.3,0.531,0.143,0.538,3.7,8.7,6.2,21.3,2.5,0.5,15.0,21.4,2.6,2.8,5.3,0.139,0.3,1.4,1.7,1.7,,1997,105.0,23.0,CLE,SF,66.0,13.0,27.9,3.6,8.9,0.408,0.3,1.3,0.202,3.4,7.6,0.442,0.422,4.2,4.8,0.873,0.8,2.0,2.8,3.4,1.3,0.2,1.9,2.1,11.7,,1,2,1
142.0,Danny Fortson,21.0,DEN,PF,80.0,23.0,1811.0,14.3,0.537,0.005,0.555,11.5,17.8,14.6,8.0,1.3,1.2,17.1,23.1,1.5,0.4,1.9,0.051,-2.5,-2.5,-5.0,-1.4,,1997,132.0,21.0,DEN,PF,80.0,23.0,22.6,3.5,7.6,0.452,0.0,0.0,0.333,3.4,7.6,0.452,0.453,3.3,4.2,0.776,2.3,3.3,5.6,1.0,0.6,0.4,2.0,3.9,10.2,,0,0,1
148.0,Tim Thomas,20.0,PHI,SF,77.0,48.0,1779.0,14.8,0.538,0.25,0.338,6.9,11.8,9.3,9.3,1.6,0.7,13.1,22.8,2.1,1.3,3.4,0.091,0.7,-1.2,-0.5,0.7,,1997,120.0,20.0,PHI,SF,77.0,48.0,23.1,4.0,8.9,0.447,0.8,2.2,0.363,3.2,6.7,0.476,0.493,2.2,3.0,0.74,1.4,2.4,3.7,1.2,0.7,0.2,1.5,2.4,11.0,,1,2,1
149.0,Michael Stewart,22.0,SAC,C,81.0,37.0,1761.0,12.9,0.486,0.0,0.44,12.2,21.9,16.9,5.2,0.9,7.5,18.1,11.9,0.4,2.6,3.0,0.081,-3.3,1.9,-1.5,0.2,,1997,276.0,22.0,SAC,C,81.0,37.0,21.7,1.9,4.0,0.48,0.0,0.0,,1.9,4.0,0.48,0.48,0.8,1.8,0.458,2.4,4.2,6.6,0.8,0.4,2.4,1.0,3.1,4.6,,0,0,1
181.0,Eric Washington,23.0,DEN,SG,66.0,36.0,1539.0,9.6,0.478,0.275,0.167,3.5,6.3,4.9,9.3,1.8,1.2,11.9,17.9,-0.1,-0.2,-0.3,-0.008,-2.3,-1.7,-4.1,-0.8,,1997,190.0,23.0,DEN,SG,66.0,36.0,23.3,3.0,7.5,0.404,0.7,2.1,0.321,2.4,5.5,0.435,0.448,1.0,1.3,0.783,0.7,1.2,1.9,1.2,0.8,0.4,1.1,2.2,7.7,,0,0,1
184.0,Maurice Taylor,21.0,LAC,PF,71.0,3.0,1513.0,16.1,0.521,0.001,0.361,8.8,13.5,11.1,6.6,1.2,1.8,12.0,26.1,1.5,0.3,1.8,0.057,-1.5,-2.4,-3.8,-0.7,,1997,109.0,21.0,LAC,PF,71.0,3.0,21.3,4.5,9.5,0.476,0.0,0.0,0.0,4.5,9.5,0.476,0.476,2.4,3.4,0.709,1.7,2.5,4.2,0.7,0.5,0.6,1.5,3.1,11.5,,1,2,1
185.0,Tony Battie,21.0,DEN,PF,65.0,49.0,1506.0,13.3,0.477,0.027,0.198,10.5,17.2,13.7,7.6,1.9,3.4,14.7,20.2,-0.3,0.8,0.5,0.015,-2.5,-1.3,-3.9,-0.7,,1997,171.0,21.0,DEN,PF,65.0,49.0,23.2,3.6,8.1,0.446,0.0,0.2,0.214,3.6,7.9,0.452,0.449,1.1,1.6,0.702,2.1,3.3,5.4,0.9,0.8,1.1,1.5,3.1,8.4,,0,0,1
229.0,Tracy McGrady,18.0,TOR,SF,64.0,17.0,1179.0,17.4,0.505,0.103,0.279,9.6,16.2,12.8,14.0,2.2,3.6,12.9,19.1,1.3,0.7,2.0,0.081,1.3,-0.7,0.6,0.8,,1997,211.0,18.0,TOR,SF,64.0,17.0,18.4,2.8,6.2,0.45,0.2,0.6,0.341,2.6,5.6,0.462,0.467,1.2,1.7,0.712,1.6,2.6,4.2,1.5,0.8,1.0,1.0,1.3,7.0,,0,0,1
240.0,Lawrence Funderburke,27.0,SAC,PF,52.0,1.0,1094.0,16.2,0.534,0.018,0.415,8.0,16.0,11.9,10.0,0.9,0.9,11.8,21.3,1.4,0.7,2.1,0.092,0.9,-1.4,-0.5,0.4,,1997,146.0,27.0,SAC,PF,52.0,1.0,21.0,3.7,7.5,0.49,0.0,0.1,0.143,3.7,7.4,0.496,0.491,2.1,3.1,0.679,1.5,3.0,4.5,1.2,0.4,0.3,1.2,1.1,9.5,,0,0,1
243.0,Alvin Williams,23.0,2TM,SG,54.0,13.0,1071.0,10.3,0.504,0.099,0.319,2.6,6.0,4.4,15.7,1.9,0.2,15.3,16.0,0.5,0.8,1.3,0.059,-2.6,0.0,-2.6,-0.2,,1997,233.0,23.0,2TM,SG,54.0,13.0,19.8,2.3,5.2,0.443,0.2,0.5,0.321,2.1,4.7,0.457,0.459,1.2,1.7,0.722,0.4,1.1,1.5,1.9,0.7,0.1,1.1,1.5,6.0,,0,0,1
244.0,Rodrick Rhodes,24.0,HOU,SF,58.0,13.0,1070.0,7.7,0.439,0.026,0.59,3.1,4.6,3.9,16.1,3.1,0.7,20.2,20.4,-1.5,0.6,-0.9,-0.04,-5.1,-0.4,-5.4,-0.9,,1997,240.0,24.0,HOU,SF,58.0,13.0,18.4,1.9,5.3,0.367,0.0,0.1,0.25,1.9,5.1,0.37,0.37,1.9,3.1,0.617,0.5,0.7,1.2,1.9,1.1,0.2,1.7,2.2,5.8,,0,0,1
251.0,Kelvin Cato,23.0,POR,C,74.0,8.0,1007.0,13.3,0.496,0.013,0.546,10.9,17.9,14.6,3.6,1.5,6.8,13.4,14.7,0.7,2.0,2.7,0.129,-3.2,2.6,-0.6,0.4,,1997,305.0,23.0,POR,C,74.0,8.0,13.6,1.3,3.1,0.428,0.0,0.0,0.0,1.3,3.1,0.434,0.428,1.2,1.7,0.688,1.2,2.2,3.4,0.3,0.4,1.3,0.6,2.2,3.8,,0,0,1
257.0,Tariq Abdul-Wahad,23.0,SAC,SG,59.0,16.0,959.0,10.1,0.456,0.053,0.35,5.0,8.6,6.7,8.9,1.9,0.9,13.6,22.1,-0.8,0.6,-0.2,-0.008,-3.6,-1.2,-4.8,-0.7,,1997,219.0,23.0,SAC,SG,59.0,16.0,16.3,2.4,6.1,0.403,0.1,0.3,0.211,2.4,5.7,0.414,0.409,1.4,2.1,0.672,0.7,1.2,2.0,0.9,0.6,0.2,1.1,1.4,6.4,,0,0,1
277.0,Keith Closs,21.0,LAC,C,58.0,1.0,740.0,14.0,0.482,0.0,0.372,9.6,16.3,12.9,4.2,0.8,7.3,13.6,16.7,0.1,0.5,0.6,0.041,-2.3,0.4,-1.9,0.0,,1997,297.0,21.0,LAC,C,58.0,1.0,12.8,1.6,3.6,0.449,0.0,0.0,,1.6,3.6,0.449,0.449,0.8,1.3,0.597,1.1,1.8,2.9,0.3,0.2,1.4,0.7,1.3,4.0,,0,0,1
290.0,Chris Anstey,23.0,DAL,C,41.0,8.0,680.0,13.2,0.455,0.069,0.32,8.5,17.4,12.8,8.7,2.4,2.8,13.5,20.5,-0.2,0.9,0.6,0.044,-3.4,0.6,-2.8,-0.1,,1997,238.0,23.0,DAL,C,41.0,8.0,16.6,2.2,5.6,0.398,0.1,0.4,0.188,2.2,5.2,0.414,0.405,1.3,1.8,0.716,1.3,2.5,3.8,0.9,0.8,0.7,1.0,2.3,5.9,,0,0,1
292.0,Adonal Foyle,22.0,GSW,C,55.0,1.0,656.0,9.2,0.418,0.006,0.365,11.5,18.6,15.0,3.5,1.0,5.4,20.2,16.4,-1.0,0.9,-0.1,-0.009,-5.9,0.5,-5.3,-0.6,,1997,336.0,22.0,GSW,C,55.0,1.0,11.9,1.3,3.1,0.406,0.0,0.0,0.0,1.3,3.1,0.408,0.406,0.5,1.1,0.435,1.3,2.0,3.3,0.3,0.2,0.9,0.9,1.7,3.0,,0,0,1
297.0,Rick Brunson,25.0,POR,PG,38.0,10.0,622.0,9.6,0.481,0.433,0.44,2.7,7.6,5.2,24.8,2.1,0.4,23.6,16.0,-0.1,0.7,0.6,0.048,-2.4,0.0,-2.4,-0.1,,1997,282.0,25.0,POR,PG,38.0,10.0,16.4,1.3,3.7,0.348,0.6,1.6,0.361,0.7,2.1,0.338,0.426,1.1,1.6,0.677,0.4,1.1,1.5,2.6,0.7,0.1,1.4,1.4,4.3,,0,0,1
308.0,John Thomas,22.0,2TM,PF,54.0,2.0,535.0,9.1,0.552,0.0,0.478,9.7,13.5,11.5,4.9,2.1,1.7,25.2,14.8,0.0,0.4,0.4,0.034,-4.7,-0.5,-5.2,-0.4,,1997,347.0,22.0,2TM,PF,54.0,2.0,9.9,1.0,2.1,0.487,0.0,0.0,,1.0,2.1,0.487,0.487,0.8,1.0,0.759,0.9,1.1,2.0,0.3,0.4,0.2,0.9,1.8,2.8,,0,0,1
309.0,Jerald Honeycutt,23.0,MIL,PF,38.0,0.0,530.0,11.8,0.497,0.348,0.262,6.2,15.3,10.7,11.1,2.0,0.8,16.6,25.4,-0.2,0.5,0.3,0.029,-2.2,-0.7,-2.9,-0.1,,1997,221.0,23.0,MIL,PF,38.0,0.0,13.9,2.4,5.8,0.407,0.8,2.0,0.377,1.6,3.8,0.424,0.473,0.9,1.5,0.621,0.7,1.7,2.4,0.9,0.5,0.2,1.3,2.2,6.4,,0,0,1
315.0,Ed Gray,22.0,ATL,SG,30.0,3.0,472.0,13.0,0.492,0.228,0.322,2.3,8.7,5.6,12.8,1.7,1.6,11.5,25.6,0.4,0.4,0.8,0.083,-1.3,-0.2,-1.4,0.1,,1997,191.0,22.0,ATL,SG,30.0,3.0,15.7,2.6,6.7,0.381,0.6,1.5,0.391,2.0,5.2,0.378,0.426,1.8,2.2,0.846,0.3,1.2,1.5,1.1,0.5,0.4,1.0,2.4,7.6,,0,0,1
323.0,Kevin Ollie,25.0,2TM,PG,35.0,0.0,430.0,8.9,0.477,0.01,0.714,2.3,8.2,5.2,24.3,1.6,0.0,25.5,18.4,-0.4,0.2,-0.1,-0.014,-3.8,-0.6,-4.4,-0.3,,1997,314.0,25.0,2TM,PG,35.0,0.0,12.3,1.1,2.8,0.378,0.0,0.0,0.0,1.1,2.8,0.381,0.378,1.4,2.0,0.7,0.3,0.9,1.1,1.9,0.4,0.0,1.3,0.9,3.5,,0,0,1
327.0,Jacque Vaughn,22.0,UTA,PG,45.0,0.0,419.0,6.9,0.457,0.066,0.557,1.3,9.5,5.6,30.8,1.2,0.2,26.9,23.0,-0.6,0.2,-0.4,-0.048,-5.1,-2.4,-7.6,-0.6,,1997,333.0,22.0,UTA,PG,45.0,0.0,9.3,1.0,2.7,0.361,0.1,0.2,0.375,0.9,2.5,0.36,0.373,1.1,1.5,0.706,0.1,0.8,0.8,1.9,0.2,0.0,1.2,1.4,3.1,,0,0,1
331.0,Bubba Wells,23.0,DAL,SG,39.0,2.0,395.0,11.1,0.474,0.052,0.371,6.1,13.2,9.6,14.3,2.0,0.7,18.7,19.2,-0.2,0.3,0.1,0.013,-3.1,-0.5,-3.5,-0.2,,1997,326.0,23.0,DAL,SG,39.0,2.0,10.1,1.2,3.0,0.414,0.0,0.2,0.167,1.2,2.8,0.427,0.418,0.8,1.1,0.721,0.6,1.2,1.7,0.9,0.4,0.1,0.8,1.0,3.3,,0,0,1
335.0,Travis Williams,28.0,CHH,SF,39.0,0.0,365.0,13.7,0.488,0.008,0.387,17.7,12.8,15.2,9.2,2.6,1.0,17.7,21.4,0.1,0.4,0.5,0.065,-2.3,-0.9,-3.2,-0.1,,1997,319.0,28.0,CHH,SF,39.0,0.0,9.4,1.4,3.1,0.471,0.0,0.0,0.0,1.4,3.0,0.475,0.471,0.6,1.2,0.522,1.4,1.0,2.4,0.5,0.5,0.1,0.8,1.4,3.5,,0,0,1
343.0,Scot Pollard,22.0,DET,C,33.0,0.0,317.0,13.3,0.555,0.0,0.329,12.7,15.1,13.9,4.7,1.4,2.4,13.0,13.5,0.5,0.4,0.9,0.141,-1.5,-0.4,-2.0,0.0,,1997,356.0,22.0,DET,C,33.0,0.0,9.6,1.1,2.1,0.5,0.0,0.0,,1.1,2.1,0.5,0.5,0.6,0.7,0.826,1.0,1.2,2.2,0.3,0.2,0.3,0.4,1.5,2.7,,0,0,1
345.0,Chris Garner,22.0,TOR,PG,38.0,0.0,293.0,5.6,0.363,0.2,0.1,2.6,6.8,4.6,23.1,3.7,0.9,25.5,14.7,-0.5,0.1,-0.4,-0.069,-6.9,-0.2,-7.1,-0.4,,1997,408.0,22.0,TOR,PG,38.0,0.0,7.7,0.6,1.8,0.329,0.1,0.4,0.286,0.5,1.5,0.339,0.357,0.1,0.2,0.429,0.2,0.4,0.6,1.2,0.6,0.1,0.7,1.3,1.4,,0,0,1
347.0,Charles Smith,22.0,2TM,SG,34.0,0.0,292.0,9.8,0.458,0.376,0.088,5.2,5.5,5.3,12.6,2.2,1.4,17.2,24.0,-0.4,0.0,-0.3,-0.057,-2.6,-2.5,-5.1,-0.2,,1997,313.0,22.0,2TM,SG,34.0,0.0,8.6,1.4,3.7,0.392,0.4,1.4,0.319,1.0,2.3,0.436,0.452,0.2,0.3,0.545,0.4,0.4,0.8,0.6,0.4,0.2,0.8,0.7,3.5,,0,0,1
351.0,Chris Crawford,22.0,ATL,PF,40.0,0.0,256.0,20.4,0.536,0.027,0.618,9.5,9.3,9.4,6.4,2.6,1.9,11.4,28.6,0.6,0.3,0.9,0.17,0.9,-0.7,0.3,0.1,,1997,306.0,22.0,ATL,PF,40.0,0.0,6.4,1.2,2.8,0.418,0.0,0.1,0.333,1.1,2.7,0.421,0.423,1.4,1.7,0.838,0.5,0.5,1.0,0.2,0.3,0.2,0.5,0.7,3.8,,0,0,1
352.0,Drew Barry,24.0,ATL,PG,27.0,0.0,256.0,10.7,0.64,0.553,0.342,2.4,13.3,8.0,29.2,2.1,0.3,40.7,13.3,0.0,0.3,0.3,0.058,-2.7,-0.5,-3.2,-0.1,,1997,378.0,24.0,ATL,PG,27.0,0.0,9.5,0.7,1.4,0.474,0.3,0.8,0.429,0.3,0.6,0.529,0.592,0.4,0.5,0.846,0.2,1.1,1.3,1.8,0.4,0.0,1.1,1.0,2.1,,0,0,1
354.0,Austin Croshere,22.0,IND,PF,26.0,0.0,243.0,7.7,0.412,0.151,0.163,5.2,16.5,11.1,5.4,2.0,1.5,12.4,20.6,-0.4,0.4,0.0,0.003,-6.0,-0.1,-6.1,-0.3,,1997,343.0,22.0,IND,PF,26.0,0.0,9.3,1.2,3.3,0.372,0.2,0.5,0.308,1.1,2.8,0.384,0.395,0.3,0.5,0.571,0.4,1.3,1.7,0.3,0.3,0.2,0.5,1.2,2.9,,0,0,1
357.0,Charles O'Bannon,22.0,DET,SG,30.0,0.0,234.0,10.5,0.423,0.043,0.217,7.1,9.7,8.4,12.0,2.1,0.3,10.6,16.8,0.0,0.2,0.2,0.048,-2.2,0.1,-2.1,0.0,,1997,384.0,22.0,DET,SG,30.0,0.0,7.8,0.9,2.3,0.377,0.0,0.1,0.0,0.9,2.2,0.394,0.377,0.4,0.5,0.8,0.5,0.6,1.1,0.6,0.3,0.0,0.3,0.5,2.1,,0,0,1
359.0,Kiwane Lemorris Garris,23.0,DEN,SG,28.0,0.0,225.0,8.7,0.447,0.215,0.385,1.5,8.6,5.0,21.4,1.7,0.3,16.5,18.4,-0.1,0.0,-0.1,-0.03,-3.6,-2.0,-5.6,-0.2,,1997,371.0,23.0,DEN,SG,28.0,0.0,8.0,0.8,2.3,0.338,0.2,0.5,0.357,0.6,1.8,0.333,0.377,0.7,0.9,0.76,0.1,0.6,0.7,1.0,0.3,0.0,0.5,0.8,2.4,,0,0,1
364.0,Anthony Parker,22.0,PHI,SG,37.0,0.0,196.0,14.0,0.501,0.444,0.317,4.7,10.6,7.6,16.4,3.0,1.1,13.3,19.0,0.2,0.2,0.4,0.089,0.0,1.0,1.0,0.1,,1997,394.0,22.0,PHI,SG,37.0,0.0,5.3,0.7,1.7,0.397,0.2,0.8,0.321,0.4,0.9,0.457,0.468,0.4,0.5,0.65,0.2,0.5,0.7,0.5,0.3,0.1,0.3,0.5,1.9,,0,0,1
365.0,Mark Pope,25.0,IND,SF,28.0,0.0,193.0,3.4,0.402,0.073,0.415,5.9,10.1,8.1,5.5,0.8,2.2,17.1,14.4,-0.2,0.2,0.0,-0.003,-7.1,-0.4,-7.6,-0.3,,1997,411.0,25.0,IND,SF,28.0,0.0,6.9,0.5,1.5,0.341,0.0,0.1,0.333,0.5,1.4,0.342,0.354,0.4,0.6,0.588,0.3,0.6,0.9,0.3,0.1,0.2,0.4,1.3,1.4,,0,0,1
369.0,Tony Farmer,28.0,CHH,C,27.0,2.0,169.0,13.9,0.477,0.17,0.736,11.5,11.3,11.4,4.6,3.2,1.7,11.4,21.7,0.2,0.2,0.4,0.109,-1.9,-0.6,-2.5,0.0,,1997,366.0,28.0,CHH,C,27.0,2.0,6.3,0.6,2.0,0.321,0.1,0.3,0.222,0.6,1.6,0.341,0.34,1.1,1.4,0.795,0.6,0.6,1.2,0.2,0.4,0.1,0.3,0.9,2.5,,0,0,1
372.0,Marko Milič,20.0,PHO,SF,33.0,0.0,163.0,18.4,0.644,0.094,0.266,7.3,10.5,9.0,13.5,3.2,0.0,22.7,25.7,0.1,0.2,0.3,0.102,-0.4,-0.1,-0.5,0.1,,1997,349.0,20.0,PHO,SF,33.0,0.0,4.9,1.2,1.9,0.609,0.1,0.2,0.5,1.1,1.8,0.621,0.633,0.3,0.5,0.647,0.3,0.5,0.8,0.4,0.3,0.0,0.6,0.5,2.8,,0,0,1
374.0,DeJuan Wheat,24.0,MIN,PG,34.0,0.0,150.0,13.5,0.504,0.34,0.3,2.3,6.0,4.2,25.3,2.1,0.5,13.7,19.4,0.2,0.1,0.2,0.072,0.9,-0.9,0.0,0.1,,1997,400.0,24.0,MIN,PG,34.0,0.0,4.4,0.6,1.5,0.4,0.2,0.5,0.471,0.4,1.0,0.364,0.48,0.3,0.4,0.6,0.1,0.2,0.3,0.7,0.2,0.0,0.3,0.4,1.7,,0,0,1
375.0,God Shammgod,21.0,WAS,PG,20.0,0.0,146.0,9.2,0.428,0.034,0.517,1.5,4.0,2.7,38.1,2.5,0.5,22.8,28.1,-0.3,0.1,-0.1,-0.049,-4.5,-1.8,-6.2,-0.2,,1997,332.0,21.0,WAS,PG,20.0,0.0,7.3,1.0,2.9,0.328,0.0,0.1,0.0,1.0,2.8,0.339,0.328,1.2,1.5,0.767,0.1,0.3,0.4,1.8,0.4,0.1,1.1,1.4,3.1,,0,0,1
378.0,Rusty LaRue,24.0,CHI,PG,14.0,0.0,140.0,7.3,0.466,0.327,0.163,0.8,5.7,3.3,5.7,1.2,0.5,10.3,18.7,0.0,0.1,0.1,0.04,-3.7,0.2,-3.6,-0.1,,1997,315.0,24.0,CHI,PG,14.0,0.0,10.0,1.4,3.5,0.408,0.3,1.1,0.25,1.1,2.4,0.485,0.449,0.4,0.6,0.625,0.1,0.5,0.6,0.4,0.2,0.1,0.4,0.9,3.5,,0,0,1
379.0,Brandon Williams,22.0,GSW,SG,9.0,2.0,140.0,2.9,0.357,0.18,0.08,3.0,8.6,5.7,3.6,2.2,1.5,14.8,18.9,-0.4,0.1,-0.3,-0.089,-8.1,-0.9,-9.1,-0.3,,1997,294.0,22.0,GSW,SG,9.0,2.0,15.6,1.8,5.6,0.32,0.3,1.0,0.333,1.4,4.6,0.317,0.35,0.2,0.4,0.5,0.4,1.2,1.7,0.3,0.7,0.3,1.0,2.0,4.1,,0,0,1
383.0,Kebu Stewart,24.0,PHI,PF,15.0,0.0,110.0,14.0,0.541,0.0,0.962,9.3,23.2,16.2,3.0,2.4,1.3,17.8,18.4,0.1,0.2,0.2,0.098,-1.6,0.1,-1.4,0.0,,1997,358.0,24.0,PHI,PF,15.0,0.0,7.3,0.8,1.7,0.462,0.0,0.0,,0.8,1.7,0.462,0.462,1.1,1.7,0.64,0.6,1.5,2.1,0.1,0.3,0.1,0.5,0.9,2.7,,0,0,1
384.0,Johnny Taylor,23.0,ORL,SF,12.0,0.0,108.0,4.4,0.431,0.054,0.432,4.3,10.0,7.1,1.6,1.5,1.3,15.4,22.1,-0.2,0.1,-0.1,-0.032,-8.0,-1.6,-9.6,-0.2,,1997,329.0,23.0,ORL,SF,12.0,0.0,9.0,1.1,3.1,0.351,0.1,0.2,0.5,1.0,2.9,0.343,0.365,0.9,1.3,0.688,0.3,0.8,1.1,0.1,0.3,0.2,0.7,1.8,3.2,,0,0,1
387.0,James Collins,24.0,LAC,SG,23.0,0.0,103.0,15.3,0.482,0.364,0.255,7.7,7.8,7.7,5.4,3.0,1.9,11.6,29.8,0.0,0.0,0.0,0.008,1.0,-2.0,-1.0,0.0,,1997,359.0,24.0,LAC,SG,23.0,0.0,4.5,0.9,2.4,0.382,0.4,0.9,0.45,0.5,1.5,0.343,0.464,0.3,0.6,0.571,0.3,0.3,0.6,0.1,0.3,0.1,0.3,0.5,2.6,,0,0,1
389.0,Dontae' Jones,22.0,BOS,SF,15.0,0.0,91.0,3.8,0.386,0.404,0.0,3.6,8.5,5.8,9.9,1.1,2.6,16.2,32.3,-0.4,0.1,-0.3,-0.175,-6.5,-4.3,-10.9,-0.2,,1997,346.0,22.0,BOS,SF,15.0,0.0,6.1,1.3,3.8,0.333,0.4,1.5,0.261,0.9,2.3,0.382,0.386,0.0,0.0,,0.2,0.4,0.6,0.3,0.1,0.2,0.7,0.8,2.9,,0,0,1
393.0,Jason Lawson,23.0,ORL,C,17.0,0.0,80.0,21.5,0.67,0.0,0.667,11.5,28.6,19.9,10.7,2.8,3.6,9.3,12.3,0.3,0.2,0.5,0.28,1.1,3.7,4.8,0.1,,1997,405.0,23.0,ORL,C,17.0,0.0,4.7,0.5,0.9,0.6,0.0,0.0,,0.5,0.9,0.6,0.6,0.5,0.6,0.8,0.5,1.1,1.6,0.3,0.2,0.2,0.1,0.8,1.5,,0,0,1
405.0,Jeff Nordgaard,24.0,MIL,PF,13.0,0.0,48.0,11.6,0.41,0.0,0.5,10.1,25.7,17.8,10.0,2.2,0.0,12.0,23.7,0.0,0.1,0.0,0.043,-3.2,-0.5,-3.7,0.0,,1997,410.0,24.0,MIL,PF,13.0,0.0,3.7,0.4,1.4,0.278,0.0,0.0,,0.4,1.4,0.278,0.278,0.6,0.7,0.889,0.3,0.8,1.1,0.2,0.2,0.0,0.2,0.5,1.4,,0,0,1
415.0,William Cunningham,23.0,2TM,C,7.0,2.0,39.0,9.3,0.444,0.0,0.0,13.6,14.5,15.3,3.9,2.8,0.0,0.0,10.7,0.1,0.1,0.1,0.131,-3.5,0.4,-3.1,0.0,,1997,418.0,23.0,2TM,C,7.0,2.0,5.6,0.6,1.3,0.444,0.0,0.0,,0.6,1.3,0.444,0.444,0.0,0.0,,0.6,0.9,1.4,0.1,0.3,0.0,0.0,1.4,1.1,,0,0,1
417.0,Derek Grimm,23.0,SAC,SF,9.0,0.0,34.0,7.9,0.47,0.857,0.143,0.0,13.4,6.5,0.0,4.6,2.0,16.8,23.4,-0.1,0.1,0.0,-0.012,-4.1,1.6,-2.5,0.0,,1997,401.0,23.0,SAC,SF,9.0,0.0,3.8,0.4,1.6,0.286,0.4,1.3,0.333,0.0,0.2,0.0,0.429,0.2,0.2,1.0,0.0,0.4,0.4,0.0,0.3,0.1,0.3,0.7,1.6,,0,0,1
420.0,James Cotton,22.0,SEA,SG,9.0,0.0,33.0,12.5,0.481,0.19,0.429,7.4,14.2,10.9,0.0,1.6,2.3,19.4,43.5,-0.1,0.0,-0.1,-0.104,-6.1,-4.6,-10.7,-0.1,,1997,352.0,22.0,SEA,SG,9.0,0.0,3.7,0.9,2.3,0.381,0.0,0.4,0.0,0.9,1.9,0.471,0.381,0.9,1.0,0.889,0.2,0.4,0.7,0.0,0.1,0.1,0.7,0.3,2.7,,0,0,1
425.0,Reggie Hanson,29.0,BOS,SF,8.0,0.0,26.0,6.9,0.5,0.0,0.0,12.5,14.9,13.6,5.9,4.0,3.0,33.3,15.0,0.0,0.0,0.0,0.001,-8.5,2.9,-5.6,0.0,,1997,425.0,29.0,BOS,SF,8.0,0.0,3.3,0.4,0.8,0.5,0.0,0.0,,0.4,0.8,0.5,0.5,0.0,0.0,,0.4,0.4,0.8,0.1,0.3,0.1,0.4,1.0,0.8,,0,0,1
426.0,Troy Hudson,21.0,UTA,PG,8.0,0.0,23.0,19.1,0.429,0.214,0.0,5.8,5.1,5.4,35.1,4.7,0.0,6.7,30.2,0.0,0.0,0.0,0.075,-1.1,0.5,-0.6,0.0,,1997,404.0,21.0,UTA,PG,8.0,0.0,2.9,0.8,1.8,0.429,0.0,0.4,0.0,0.8,1.4,0.545,0.429,0.0,0.0,,0.1,0.1,0.3,0.5,0.3,0.0,0.1,0.1,1.5,,0,0,1
427.0,Keith Booth,23.0,CHI,SF,6.0,0.0,17.0,13.8,0.579,0.167,1.0,13.4,13.5,13.5,9.0,0.0,0.0,25.8,30.7,0.0,0.0,0.0,0.107,-4.3,-2.7,-7.0,0.0,,1997,398.0,23.0,CHI,SF,6.0,0.0,2.8,0.3,1.0,0.333,0.0,0.2,0.0,0.3,0.8,0.4,0.333,1.0,1.0,1.0,0.3,0.3,0.7,0.2,0.0,0.0,0.5,0.5,1.7,,0,0,1
428.0,Ed Stokes,26.0,TOR,C,4.0,0.0,17.0,6.4,0.387,0.0,0.667,6.3,20.6,13.2,8.6,3.0,8.1,34.0,15.2,-0.1,0.0,0.0,-0.078,-9.8,2.2,-7.6,0.0,,1997,427.0,26.0,TOR,C,4.0,0.0,4.3,0.3,0.8,0.333,0.0,0.0,,0.3,0.8,0.333,0.333,0.3,0.5,0.5,0.3,0.8,1.0,0.3,0.3,0.5,0.5,1.0,0.8,,0,0,1
432.0,Etdrick Bohannon,24.0,IND,PF,5.0,0.0,11.0,-10.3,0.0,0.0,0.0,23.1,41.7,32.8,12.3,0.0,12.9,42.9,30.3,-0.2,0.0,-0.1,-0.52,-22.7,-1.2,-23.9,-0.1,,1997,435.0,24.0,IND,PF,5.0,0.0,2.2,0.0,0.8,0.0,0.0,0.0,,0.0,0.8,0.0,0.0,0.0,0.0,,0.4,0.8,1.2,0.2,0.0,0.4,0.6,0.6,0.0,,0,0,1
435.0,Shea Seals,22.0,LAL,SG,4.0,0.0,9.0,4.9,0.205,0.375,0.5,38.7,12.3,25.1,0.0,5.7,0.0,0.0,47.8,-0.1,0.0,-0.1,-0.27,-10.2,-7.2,-17.5,0.0,,1997,423.0,22.0,LAL,SG,4.0,0.0,2.3,0.3,2.0,0.125,0.0,0.8,0.0,0.3,1.3,0.2,0.125,0.5,1.0,0.5,0.8,0.3,1.0,0.0,0.3,0.0,0.0,0.3,1.0,,0,0,1
438.0,Michael McDonald,28.0,CHH,C,1.0,0.0,4.0,-22.1,,,,30.5,0.0,15.1,0.0,0.0,0.0,100.0,23.1,-0.1,0.0,-0.1,-0.638,-26.2,-6.2,-32.4,0.0,,1997,439.0,28.0,CHH,C,1.0,0.0,4.0,0.0,0.0,,0.0,0.0,,0.0,0.0,,,0.0,0.0,,1.0,0.0,1.0,0.0,0.0,0.0,2.0,1.0,0.0,,0,0,1
19.0,Jason Williams,23.0,SAC,PG,50.0,50.0,1805.0,12.8,0.483,0.524,0.17,0.8,8.1,4.5,25.2,2.6,0.0,17.7,19.1,0.7,1.3,2.1,0.055,-0.6,-0.3,-1.0,0.5,ROY-2,1998,72.0,23.0,SAC,PG,50.0,50.0,36.1,4.6,12.3,0.374,2.0,6.5,0.31,2.6,5.9,0.446,0.455,1.6,2.1,0.752,0.3,2.8,3.1,6.0,1.9,0.0,2.9,1.8,12.8,ROY-2,1,1,1
30.0,Vince Carter,22.0,TOR,SF,50.0,49.0,1760.0,19.6,0.516,0.086,0.35,6.1,12.6,9.3,17.2,1.7,3.3,11.1,25.6,3.6,1.4,5.0,0.136,3.1,-0.4,2.8,2.1,"MVP-16,ROY-1",1998,25.0,22.0,TOR,SF,50.0,49.0,35.2,6.9,15.3,0.45,0.4,1.3,0.288,6.5,14.0,0.466,0.463,4.1,5.4,0.761,1.9,3.8,5.7,3.0,1.1,1.5,2.2,2.8,18.3,"MVP-16,ROY-1",1,1,1
31.0,Mike Bibby,20.0,VAN,PG,50.0,50.0,1758.0,14.8,0.487,0.122,0.279,2.0,7.2,4.6,35.1,2.4,0.2,17.7,21.5,1.1,0.2,1.3,0.035,-0.2,-1.6,-1.8,0.1,,1998,67.0,20.0,VAN,PG,50.0,50.0,35.2,5.2,12.1,0.43,0.3,1.5,0.203,4.9,10.6,0.461,0.442,2.5,3.4,0.751,0.6,2.1,2.7,6.5,1.6,0.1,2.9,2.4,13.2,,1,1,1
47.0,Paul Pierce,21.0,BOS,SF,48.0,47.0,1632.0,19.2,0.54,0.315,0.301,7.8,13.6,10.6,12.3,2.6,2.2,13.4,23.1,2.9,2.0,4.9,0.144,3.4,0.3,3.7,2.3,ROY-3,1998,34.0,21.0,BOS,SF,48.0,47.0,34.0,5.9,13.5,0.439,1.8,4.3,0.412,4.2,9.2,0.451,0.504,2.9,4.1,0.713,2.4,4.0,6.4,2.4,1.7,1.0,2.4,2.9,16.5,ROY-3,1,1,1
59.0,Michael Dickerson,23.0,HOU,SG,50.0,50.0,1558.0,11.5,0.554,0.355,0.156,2.1,4.0,3.1,10.4,0.9,0.5,11.8,16.9,2.0,0.2,2.2,0.069,-0.4,-1.7,-2.1,0.0,,1998,104.0,23.0,HOU,SG,50.0,50.0,31.2,4.3,9.2,0.465,1.4,3.3,0.433,2.9,6.0,0.483,0.542,0.9,1.4,0.639,0.5,1.1,1.7,1.9,0.5,0.2,1.3,1.8,10.9,,1,2,1
76.0,Cuttino Mobley,23.0,HOU,PG,49.0,37.0,1456.0,12.2,0.537,0.365,0.272,1.9,6.7,4.5,13.7,1.6,1.1,14.8,17.2,1.6,0.8,2.3,0.077,-0.6,-0.4,-1.1,0.4,,1998,122.0,23.0,HOU,PG,49.0,37.0,29.7,3.5,8.3,0.425,1.1,3.0,0.358,2.4,5.2,0.463,0.49,1.8,2.2,0.818,0.4,1.8,2.3,2.5,0.9,0.5,1.6,2.0,9.9,,1,2,1
107.0,Tyrone Nesby,23.0,LAC,SF,50.0,36.0,1288.0,17.0,0.543,0.237,0.328,4.9,11.5,8.0,11.3,3.2,1.2,10.3,18.2,2.7,0.4,3.1,0.117,1.2,0.5,1.8,1.2,,1998,120.0,23.0,LAC,SF,50.0,36.0,25.8,3.6,8.1,0.449,0.7,1.9,0.365,2.9,6.2,0.476,0.493,2.1,2.7,0.782,1.1,2.4,3.5,1.6,1.5,0.4,1.1,2.9,10.1,,0,0,1
108.0,Michael Olowokandi,23.0,LAC,C,45.0,36.0,1279.0,11.8,0.445,0.0,0.296,10.5,23.2,16.5,3.4,1.1,3.2,15.9,19.0,-0.8,0.5,-0.3,-0.01,-2.9,-2.1,-5.0,-1.0,,1998,151.0,23.0,LAC,C,45.0,36.0,28.4,3.8,8.9,0.431,0.0,0.0,,3.8,8.9,0.431,0.431,1.3,2.6,0.483,2.7,5.3,7.9,0.6,0.6,1.2,1.9,3.0,8.9,,1,2,1
122.0,Felipe López,24.0,VAN,SG,47.0,32.0,1218.0,11.8,0.498,0.116,0.356,6.6,9.5,8.0,9.5,2.2,0.9,15.8,19.6,0.3,0.2,0.5,0.021,-2.2,-1.1,-3.3,-0.4,,1998,135.0,24.0,VAN,SG,47.0,32.0,25.9,3.6,8.1,0.446,0.3,0.9,0.273,3.3,7.1,0.469,0.462,1.9,2.9,0.644,1.5,2.1,3.5,1.3,1.0,0.3,1.7,2.7,9.3,,0,0,1
152.0,Matt Harpring,22.0,ORL,SF,50.0,22.0,1114.0,13.0,0.533,0.078,0.447,9.0,13.4,11.2,7.1,1.5,0.4,16.0,18.6,1.2,1.5,2.6,0.113,-1.5,-0.3,-1.7,0.1,,1998,168.0,22.0,ORL,SF,50.0,22.0,22.3,3.0,6.4,0.463,0.2,0.5,0.4,2.8,5.9,0.468,0.478,2.0,2.9,0.713,1.8,2.5,4.3,0.9,0.6,0.1,1.5,2.2,8.2,,1,1,1
163.0,Antawn Jamison,22.0,GSW,SF,47.0,24.0,1058.0,16.6,0.487,0.025,0.388,12.9,17.6,15.2,5.9,1.9,1.1,12.8,22.2,0.9,1.4,2.3,0.105,0.4,-0.4,0.0,0.5,,1998,128.0,22.0,GSW,SF,47.0,24.0,22.5,3.8,8.4,0.452,0.1,0.2,0.3,3.7,8.2,0.456,0.456,1.9,3.3,0.588,2.8,3.6,6.4,0.7,0.8,0.3,1.4,2.2,9.6,,1,2,1
173.0,Peja Stojaković,21.0,SAC,SF,48.0,1.0,1025.0,13.5,0.496,0.477,0.198,4.4,10.2,7.4,10.8,2.0,0.4,11.6,19.1,1.0,0.7,1.7,0.081,0.5,-0.5,0.1,0.5,,1998,164.0,21.0,SAC,SF,48.0,1.0,21.4,2.9,7.8,0.378,1.2,3.7,0.32,1.8,4.1,0.431,0.454,1.3,1.5,0.851,0.9,2.1,3.0,1.5,0.9,0.1,1.1,0.9,8.4,,0,0,1
179.0,Larry Hughes,20.0,PHI,PG,50.0,1.0,988.0,16.7,0.474,0.126,0.365,9.6,12.7,11.1,15.3,2.4,1.1,12.4,25.2,0.9,1.5,2.4,0.117,1.3,0.2,1.5,0.9,,1998,141.0,20.0,PHI,PG,50.0,1.0,19.8,3.4,8.3,0.411,0.2,1.0,0.154,3.2,7.2,0.448,0.42,2.1,3.0,0.709,1.7,2.1,3.8,1.5,0.9,0.3,1.4,1.9,9.1,,0,0,1
184.0,Dirk Nowitzki,20.0,DAL,PF,47.0,24.0,958.0,12.8,0.491,0.202,0.381,4.8,14.3,9.5,8.4,1.6,2.0,15.7,22.3,0.1,0.7,0.8,0.04,-1.8,-0.7,-2.5,-0.1,,1998,169.0,20.0,DAL,PF,47.0,24.0,20.4,2.9,7.1,0.405,0.3,1.4,0.206,2.6,5.7,0.455,0.426,2.1,2.7,0.773,0.9,2.6,3.4,1.0,0.6,0.6,1.6,2.2,8.2,,0,0,1
195.0,Kornél Dávid,27.0,CHI,SF,50.0,6.0,902.0,13.6,0.528,0.004,0.457,8.8,14.2,11.3,8.6,1.4,1.4,14.1,17.7,1.0,0.7,1.7,0.09,-1.5,-0.9,-2.4,-0.1,,1998,218.0,27.0,CHI,SF,50.0,6.0,18.0,2.2,4.9,0.449,0.0,0.0,0.0,2.2,4.8,0.45,0.449,1.8,2.2,0.811,1.4,2.1,3.5,0.8,0.5,0.3,1.0,1.8,6.2,,0,0,1
214.0,Robert Traylor,21.0,MIL,C,49.0,43.0,786.0,17.0,0.548,0.005,0.398,12.5,15.4,14.0,8.2,3.1,4.6,15.1,16.9,1.3,1.2,2.5,0.152,-0.8,1.7,0.9,0.6,,1998,244.0,21.0,MIL,C,49.0,43.0,16.0,2.2,4.1,0.537,0.0,0.0,0.0,2.2,4.1,0.54,0.537,0.9,1.6,0.538,1.6,2.1,3.7,0.8,0.9,0.9,0.9,2.9,5.3,,0,0,1
216.0,Michael Doleac,21.0,ORL,C,49.0,0.0,780.0,13.7,0.503,0.0,0.3,9.7,12.4,11.0,4.8,1.3,1.6,7.9,19.1,1.2,1.1,2.2,0.138,-2.2,-0.1,-2.3,0.0,,1998,219.0,21.0,ORL,C,49.0,0.0,15.9,2.6,5.4,0.468,0.0,0.0,,2.6,5.4,0.468,0.468,1.1,1.6,0.675,1.3,1.7,3.0,0.4,0.4,0.3,0.5,2.4,6.2,,1,2,1
244.0,Cory Carr,23.0,CHI,SG,42.0,7.0,624.0,5.1,0.372,0.139,0.148,1.4,8.2,4.6,20.2,1.8,0.9,16.7,20.8,-1.6,0.4,-1.2,-0.089,-6.7,-1.5,-8.2,-1.0,,1998,284.0,23.0,CHI,SG,42.0,7.0,14.9,1.7,5.1,0.329,0.1,0.7,0.167,1.6,4.4,0.355,0.34,0.6,0.8,0.75,0.2,1.0,1.2,1.6,0.5,0.2,1.1,1.6,4.1,,0,0,1
255.0,Ricky Davis,19.0,CHH,SG,46.0,1.0,557.0,12.9,0.462,0.06,0.295,8.9,8.9,8.9,19.2,2.9,0.9,19.3,23.8,-0.4,0.5,0.2,0.015,-1.6,-0.5,-2.1,0.0,,1998,271.0,19.0,CHH,SG,46.0,1.0,12.1,1.8,4.3,0.405,0.0,0.3,0.167,1.7,4.1,0.42,0.41,1.0,1.3,0.763,0.9,1.0,1.8,1.3,0.7,0.2,1.2,1.0,4.5,,0,0,1
259.0,Pat Garrity,22.0,PHO,PF,39.0,9.0,538.0,13.0,0.557,0.106,0.329,5.5,10.8,8.1,5.7,0.8,0.4,9.3,18.4,0.9,0.2,1.1,0.101,-1.1,-1.9,-3.0,-0.1,,1998,234.0,22.0,PHO,PF,39.0,9.0,13.8,2.2,4.4,0.5,0.2,0.5,0.389,2.0,3.9,0.513,0.521,1.0,1.4,0.714,0.7,1.3,1.9,0.5,0.2,0.1,0.5,1.6,5.6,,0,0,1
269.0,Charles Jones,23.0,CHI,SG,29.0,5.0,476.0,6.5,0.407,0.496,0.179,2.1,8.6,5.2,15.5,2.1,0.8,17.9,16.0,-0.7,0.3,-0.4,-0.037,-4.4,-0.9,-5.3,-0.4,,1998,298.0,23.0,CHI,SG,29.0,5.0,16.4,1.3,4.2,0.317,0.7,2.1,0.311,0.7,2.1,0.323,0.394,0.4,0.8,0.5,0.3,1.1,1.4,1.4,0.6,0.2,1.0,1.0,3.7,,0,0,1
271.0,Brad Miller,22.0,CHH,C,38.0,0.0,469.0,21.2,0.651,0.014,0.739,9.2,19.8,14.7,9.0,1.0,2.8,14.9,21.7,1.6,0.5,2.1,0.22,1.6,0.0,1.6,0.4,,1998,217.0,22.0,CHH,C,38.0,0.0,12.3,2.1,3.6,0.565,0.0,0.1,0.5,2.0,3.6,0.566,0.569,2.1,2.7,0.794,0.9,2.2,3.1,0.6,0.2,0.5,0.8,1.7,6.3,,0,0,1
281.0,Bryce Drew,24.0,HOU,PG,34.0,0.0,441.0,6.6,0.445,0.38,0.062,0.9,7.2,4.2,19.0,1.5,0.6,19.0,17.4,-0.3,0.2,-0.1,-0.007,-4.6,-0.9,-5.5,-0.4,,1998,304.0,24.0,HOU,PG,34.0,0.0,13.0,1.4,3.8,0.364,0.5,1.4,0.327,0.9,2.4,0.388,0.426,0.2,0.2,1.0,0.1,0.9,0.9,1.5,0.4,0.1,0.9,1.8,3.5,,0,0,1
287.0,Keon Clark,23.0,DEN,C,28.0,0.0,409.0,11.3,0.483,0.013,0.463,9.9,17.5,13.6,4.0,1.3,5.4,17.9,13.0,0.1,0.2,0.2,0.029,-3.0,0.0,-3.0,-0.1,,1998,313.0,23.0,DEN,C,28.0,0.0,14.6,1.3,2.9,0.45,0.0,0.0,0.0,1.3,2.8,0.456,0.45,0.8,1.3,0.568,1.3,2.1,3.4,0.4,0.4,1.1,0.8,1.9,3.3,,0,0,1
292.0,Raef LaFrentz,22.0,DEN,C,12.0,12.0,387.0,18.9,0.553,0.24,0.372,9.5,17.9,13.6,3.8,1.2,3.1,5.7,18.6,1.1,0.1,1.2,0.144,2.9,-1.5,1.4,0.3,,1998,62.0,22.0,DEN,C,12.0,12.0,32.3,4.9,10.8,0.457,1.0,2.6,0.387,3.9,8.2,0.48,0.504,3.0,4.0,0.75,2.8,4.8,7.6,0.7,0.8,1.4,0.8,3.2,13.8,,0,0,1
303.0,Roshown McLeod,23.0,ATL,SF,34.0,0.0,348.0,11.3,0.443,0.061,0.276,4.1,12.7,8.4,8.8,0.3,0.2,11.2,27.8,-0.1,0.4,0.3,0.035,-2.8,-2.0,-4.8,-0.2,,1998,265.0,23.0,ATL,SF,34.0,0.0,10.2,1.8,4.8,0.38,0.0,0.3,0.1,1.8,4.5,0.399,0.383,1.1,1.3,0.822,0.4,1.1,1.5,0.4,0.1,0.0,0.7,0.7,4.8,,0,0,1
304.0,Damon Jones,22.0,2TM,PG,24.0,0.0,344.0,13.7,0.494,0.521,0.143,1.9,12.8,7.2,20.1,2.0,0.0,11.8,18.5,0.4,0.3,0.7,0.095,0.4,0.1,0.5,0.2,,1998,245.0,22.0,2TM,PG,24.0,0.0,14.3,1.8,5.0,0.361,1.0,2.6,0.403,0.8,2.4,0.316,0.466,0.6,0.7,0.824,0.3,1.6,1.8,1.8,0.5,0.0,0.7,1.0,5.2,,0,0,1
308.0,J.R. Henderson,22.0,VAN,SF,30.0,0.0,331.0,9.0,0.419,0.052,0.469,7.0,9.8,8.4,11.7,1.5,0.9,13.5,18.6,-0.2,0.0,-0.2,-0.025,-2.9,-1.9,-4.8,-0.2,,1998,318.0,22.0,VAN,SF,30.0,0.0,11.0,1.2,3.2,0.365,0.1,0.2,0.4,1.1,3.0,0.363,0.375,0.8,1.5,0.556,0.7,0.9,1.6,0.7,0.3,0.1,0.6,1.0,3.2,,0,0,1
309.0,Jelani McCoy,21.0,SEA,C,26.0,0.0,331.0,21.1,0.704,0.0,0.553,9.3,18.3,13.8,2.2,1.8,4.5,9.6,14.3,1.1,0.3,1.4,0.201,2.0,0.5,2.5,0.4,,1998,248.0,21.0,SEA,C,26.0,0.0,12.7,2.2,2.9,0.737,0.0,0.0,,2.2,2.9,0.737,0.737,0.8,1.6,0.5,1.0,2.0,3.0,0.2,0.4,0.8,0.4,1.6,5.1,,0,0,1
310.0,Corey Benjamin,20.0,CHI,PG,31.0,1.0,320.0,8.3,0.438,0.12,0.342,5.3,9.7,7.4,6.3,1.9,1.9,13.5,22.9,-0.4,0.3,-0.2,-0.023,-5.1,-0.9,-6.0,-0.3,,1998,294.0,20.0,CHI,PG,31.0,1.0,10.3,1.4,3.8,0.376,0.1,0.5,0.214,1.3,3.3,0.398,0.389,0.9,1.3,0.675,0.5,0.8,1.3,0.3,0.4,0.3,0.7,1.5,3.8,,0,0,1
313.0,Vladimir Stepania,22.0,SEA,C,23.0,6.0,313.0,11.3,0.445,0.024,0.32,9.8,17.9,13.8,6.9,1.7,5.5,18.3,25.3,-0.5,0.3,-0.1,-0.022,-6.0,-0.2,-6.2,-0.3,,1998,239.0,22.0,SEA,C,23.0,6.0,13.6,2.3,5.4,0.424,0.0,0.1,0.0,2.3,5.3,0.434,0.424,0.9,1.7,0.525,1.2,2.1,3.3,0.5,0.4,1.0,1.4,2.5,5.5,,0,0,1
320.0,Andrae Patterson,23.0,MIN,PF,35.0,0.0,284.0,14.5,0.505,0.052,0.371,11.0,14.9,12.8,8.6,3.5,1.9,16.3,20.9,0.2,0.5,0.7,0.114,-3.3,1.4,-1.9,0.0,,1998,314.0,23.0,MIN,PF,35.0,0.0,8.1,1.2,2.8,0.443,0.0,0.1,0.0,1.2,2.6,0.467,0.443,0.8,1.0,0.778,0.9,1.0,1.9,0.4,0.5,0.2,0.6,1.8,3.3,,0,0,1
322.0,Randell Jackson,23.0,WAS,PF,27.0,8.0,271.0,11.6,0.467,0.065,0.296,12.6,10.6,11.6,5.2,0.6,3.1,17.6,25.2,-0.2,0.1,-0.1,-0.014,-3.2,-2.4,-5.6,-0.2,,1998,281.0,23.0,WAS,PF,27.0,8.0,10.0,1.7,4.0,0.426,0.0,0.3,0.143,1.7,3.7,0.446,0.431,0.8,1.2,0.656,1.1,0.9,2.0,0.3,0.1,0.4,1.0,1.1,4.2,,0,0,1
326.0,Brian Skinner,22.0,LAC,PF,21.0,0.0,258.0,13.2,0.503,0.0,0.465,8.7,16.0,12.1,0.7,2.1,3.8,18.2,18.4,0.0,0.1,0.1,0.012,-1.7,-1.0,-2.7,0.0,,1998,285.0,22.0,LAC,PF,21.0,0.0,12.3,1.6,3.4,0.465,0.0,0.0,,1.6,3.4,0.465,0.465,1.0,1.6,0.606,1.0,1.6,2.5,0.0,0.5,0.6,0.9,1.0,4.1,,0,0,1
329.0,Toby Bailey,23.0,PHO,SG,27.0,10.0,249.0,11.3,0.425,0.058,0.151,11.0,14.3,12.6,8.6,1.9,0.6,10.7,19.0,0.0,0.2,0.2,0.041,-2.6,-1.6,-4.2,-0.1,,1998,329.0,23.0,PHO,SG,27.0,10.0,9.2,1.3,3.2,0.395,0.0,0.2,0.2,1.2,3.0,0.407,0.401,0.3,0.5,0.692,0.9,1.1,2.0,0.5,0.3,0.1,0.4,0.9,2.9,,0,0,1
333.0,Gerald Brown,23.0,PHO,SG,33.0,0.0,236.0,7.3,0.42,0.112,0.157,2.4,8.5,5.4,21.7,1.1,0.3,18.8,22.9,-0.4,0.1,-0.3,-0.06,-4.4,-2.4,-6.7,-0.3,,1998,346.0,23.0,PHO,SG,33.0,0.0,7.2,1.0,2.7,0.371,0.1,0.3,0.3,0.9,2.4,0.38,0.388,0.3,0.4,0.786,0.2,0.5,0.7,0.9,0.2,0.0,0.7,0.6,2.4,,0,0,1
334.0,Earl Boykins,22.0,2TM,PG,22.0,0.0,221.0,7.2,0.405,0.228,0.038,4.0,5.6,4.7,28.4,1.5,0.0,19.9,21.5,-0.4,0.1,-0.3,-0.07,-4.0,-2.4,-6.5,-0.3,,1998,326.0,22.0,2TM,PG,22.0,0.0,10.0,1.4,3.6,0.38,0.1,0.8,0.167,1.2,2.8,0.443,0.399,0.1,0.1,0.667,0.3,0.5,0.8,1.5,0.3,0.0,0.9,0.9,3.0,,0,0,1
336.0,Marlon Garnett,23.0,BOS,PG,24.0,0.0,205.0,6.5,0.426,0.451,0.392,1.6,10.2,5.8,13.0,1.3,0.4,16.7,15.6,-0.1,0.1,0.0,0.002,-4.0,-0.9,-4.9,-0.2,,1998,369.0,23.0,BOS,PG,24.0,0.0,8.5,0.6,2.1,0.294,0.3,1.0,0.261,0.4,1.2,0.321,0.353,0.6,0.8,0.75,0.1,0.8,0.9,0.8,0.2,0.0,0.5,0.8,2.1,,0,0,1
338.0,Ryan Stack,23.0,CLE,PF,18.0,0.0,199.0,9.7,0.513,0.0,0.541,12.3,9.5,10.9,4.3,0.6,4.5,16.4,13.4,0.2,0.1,0.4,0.086,-3.9,-1.1,-5.0,-0.2,,1998,338.0,23.0,CLE,PF,18.0,0.0,11.1,0.8,2.1,0.378,0.0,0.0,,0.8,2.1,0.378,0.378,1.1,1.1,0.95,1.1,0.8,1.9,0.3,0.1,0.6,0.5,1.7,2.6,,0,0,1
340.0,Jahidi White,22.0,WAS,PF,20.0,0.0,191.0,9.4,0.517,0.0,1.094,13.7,21.9,17.7,0.8,0.8,4.3,25.2,15.3,-0.1,0.2,0.2,0.039,-5.3,-0.8,-6.1,-0.2,,1998,345.0,22.0,WAS,PF,20.0,0.0,9.6,0.9,1.6,0.531,0.0,0.0,,0.9,1.6,0.531,0.531,0.8,1.8,0.429,1.2,1.8,2.9,0.1,0.2,0.6,0.8,2.0,2.5,,0,0,1
342.0,Tyronn Lue,21.0,LAL,PG,15.0,0.0,188.0,11.2,0.505,0.246,0.323,1.3,2.4,1.9,21.6,1.4,0.0,12.9,20.4,0.2,0.0,0.2,0.062,-1.3,-2.3,-3.6,-0.1,,1998,254.0,21.0,LAL,PG,15.0,0.0,12.5,1.9,4.3,0.431,0.5,1.1,0.438,1.4,3.3,0.429,0.485,0.8,1.4,0.571,0.1,0.3,0.4,1.7,0.3,0.0,0.7,1.9,5.0,,0,0,1
344.0,Jeff Sheppard,24.0,ATL,SG,18.0,5.0,185.0,8.7,0.447,0.179,0.333,3.8,10.0,7.0,15.5,0.9,0.0,13.5,13.2,0.1,0.2,0.3,0.073,-2.5,0.8,-1.7,0.0,,1998,365.0,24.0,ATL,SG,18.0,5.0,10.3,0.8,2.2,0.385,0.1,0.4,0.286,0.7,1.8,0.406,0.41,0.4,0.7,0.615,0.3,0.9,1.2,0.9,0.2,0.0,0.4,0.7,2.2,,0,0,1
350.0,Al Harrington,18.0,IND,PF,21.0,0.0,160.0,6.4,0.359,0.089,0.268,15.1,13.8,14.5,5.2,1.4,0.9,14.9,22.0,-0.3,0.1,-0.2,-0.049,-6.2,-2.8,-9.0,-0.3,,1998,370.0,18.0,IND,PF,21.0,0.0,7.6,0.9,2.7,0.321,0.0,0.2,0.0,0.9,2.4,0.353,0.321,0.4,0.7,0.6,1.0,0.9,1.9,0.2,0.2,0.1,0.5,1.2,2.1,,0,0,1
354.0,Rashard Lewis,19.0,SEA,SF,20.0,7.0,145.0,4.5,0.404,0.115,0.269,10.2,9.7,9.9,4.6,3.0,0.5,25.6,24.4,-0.5,0.1,-0.4,-0.136,-7.5,-2.0,-9.5,-0.3,,1998,347.0,19.0,SEA,SF,20.0,7.0,7.3,1.0,2.6,0.365,0.1,0.3,0.167,0.9,2.3,0.391,0.375,0.4,0.7,0.571,0.7,0.6,1.3,0.2,0.4,0.1,1.0,1.0,2.4,,0,0,1
356.0,Ruben Patterson,23.0,LAL,SF,24.0,2.0,144.0,14.3,0.503,0.118,0.608,14.1,10.3,12.2,2.2,1.8,1.5,15.7,24.0,0.1,0.1,0.2,0.07,-1.5,-2.5,-4.1,-0.1,,1998,335.0,23.0,LAL,SF,24.0,2.0,6.0,0.9,2.1,0.412,0.0,0.3,0.167,0.8,1.9,0.444,0.422,0.9,1.3,0.71,0.7,0.5,1.3,0.1,0.2,0.1,0.5,0.7,2.7,,0,0,1
363.0,Nazr Mohammed,21.0,PHI,C,26.0,0.0,121.0,10.0,0.41,0.0,0.5,17.0,18.6,17.8,3.0,2.2,2.6,19.0,23.7,-0.2,0.2,0.0,0.013,-5.8,-1.7,-7.5,-0.2,,1998,387.0,21.0,PHI,C,26.0,0.0,4.7,0.6,1.6,0.357,0.0,0.0,,0.6,1.6,0.357,0.357,0.5,0.8,0.571,0.7,0.7,1.4,0.1,0.2,0.2,0.5,0.8,1.6,,0,0,1
380.0,Gerard King,26.0,SAS,SF,19.0,0.0,63.0,13.6,0.525,0.0,1.286,11.4,13.5,12.5,10.2,1.7,1.1,15.4,19.1,0.1,0.1,0.2,0.166,-2.9,1.0,-1.9,0.0,,1998,405.0,26.0,SAS,SF,19.0,0.0,3.3,0.3,0.7,0.429,0.0,0.0,,0.3,0.7,0.429,0.429,0.6,0.9,0.611,0.3,0.4,0.7,0.2,0.1,0.1,0.2,0.6,1.2,,0,0,1
389.0,Jerome James,23.0,SAC,C,16.0,0.0,42.0,11.4,0.41,0.0,0.5,15.1,27.5,21.3,4.2,2.4,9.1,23.5,38.9,-0.2,0.1,-0.1,-0.137,-11.4,0.5,-10.9,-0.1,,1998,390.0,23.0,SAC,C,16.0,0.0,2.6,0.6,1.5,0.375,0.0,0.0,,0.6,1.5,0.375,0.375,0.4,0.8,0.5,0.4,0.7,1.1,0.1,0.1,0.4,0.6,0.7,1.5,,0,0,1
393.0,Bonzi Wells,22.0,POR,SF,7.0,0.0,35.0,26.3,0.555,0.15,0.9,13.7,15.9,14.8,21.3,1.5,2.1,17.7,44.4,0.0,0.1,0.1,0.103,2.3,-1.3,1.0,0.0,,1998,274.0,22.0,POR,SF,7.0,0.0,5.0,1.6,2.9,0.55,0.1,0.4,0.333,1.4,2.4,0.588,0.575,1.1,2.6,0.444,0.6,0.7,1.3,0.4,0.1,0.1,0.9,0.7,4.4,,0,0,1
399.0,Rasho Nesterović,22.0,MIN,C,2.0,0.0,30.0,3.5,0.311,0.0,0.167,10.4,20.2,14.9,5.0,0.0,0.0,7.2,20.3,-0.1,0.0,0.0,-0.049,-6.5,-3.1,-9.7,-0.1,,1998,290.0,22.0,MIN,C,2.0,0.0,15.0,1.5,6.0,0.25,0.0,0.0,,1.5,6.0,0.25,0.25,1.0,1.0,1.0,1.5,2.5,4.0,0.5,0.0,0.0,0.5,2.5,4.0,,0,0,1
401.0,Sean Marks,23.0,TOR,PF,8.0,0.0,28.0,7.8,0.619,0.0,0.25,0.0,4.2,2.1,0.0,1.9,0.0,25.3,19.2,0.0,0.0,0.0,-0.036,-4.8,-2.7,-7.5,0.0,,1998,398.0,23.0,TOR,PF,8.0,0.0,3.5,0.6,1.0,0.625,0.0,0.0,,0.6,1.0,0.625,0.625,0.1,0.3,0.5,0.0,0.1,0.1,0.0,0.1,0.0,0.4,0.4,1.4,,0,0,1
403.0,Makhtar N'Diaye,25.0,VAN,PF,4.0,0.0,27.0,3.9,0.434,0.0,1.0,12.8,8.9,10.9,5.8,0.0,2.8,14.8,11.5,0.0,0.0,0.0,0.026,-8.0,-2.7,-10.6,-0.1,,1998,403.0,25.0,VAN,PF,4.0,0.0,6.8,0.3,1.0,0.25,0.0,0.0,,0.3,1.0,0.25,0.25,0.8,1.0,0.75,0.8,0.5,1.3,0.3,0.0,0.3,0.3,2.3,1.3,,0,0,1
406.0,Alvin Sims,24.0,PHO,SG,4.0,0.0,25.0,10.9,0.451,0.1,0.5,13.7,4.7,9.3,34.2,4.3,0.0,33.0,33.6,-0.1,0.0,-0.1,-0.139,-2.6,-1.4,-4.0,0.0,,1998,334.0,24.0,PHO,SG,4.0,0.0,6.3,1.0,2.5,0.4,0.3,0.3,1.0,0.8,2.3,0.333,0.45,0.5,1.3,0.4,0.8,0.3,1.0,1.3,0.5,0.0,1.5,0.5,2.8,,0,0,1
409.0,Miles Simon,23.0,ORL,SG,5.0,0.0,19.0,-7.2,0.2,0.4,0.0,6.0,6.2,6.1,0.0,2.8,0.0,37.5,19.1,-0.1,0.0,-0.1,-0.289,-13.5,-3.8,-17.4,-0.1,,1998,430.0,23.0,ORL,SG,5.0,0.0,3.8,0.2,1.0,0.2,0.0,0.4,0.0,0.2,0.6,0.333,0.2,0.0,0.0,,0.2,0.2,0.4,0.0,0.2,0.0,0.6,0.2,0.4,,0,0,1
415.0,Korleone Young,20.0,DET,SF,3.0,0.0,15.0,31.3,0.597,0.4,0.2,16.2,16.4,16.3,18.8,0.0,0.0,8.4,37.6,0.1,0.0,0.1,0.28,9.9,-0.5,9.4,0.0,,1998,279.0,20.0,DET,SF,3.0,0.0,5.0,1.7,3.3,0.5,0.3,1.3,0.25,1.3,2.0,0.667,0.55,0.7,0.7,1.0,0.7,0.7,1.3,0.3,0.0,0.0,0.3,1.0,4.3,,0,0,1
417.0,Casey Shaw,23.0,PHI,C,9.0,0.0,14.0,-14.9,0.125,0.0,0.0,24.4,0.0,12.5,0.0,0.0,0.0,20.0,32.4,-0.1,0.0,-0.1,-0.498,-18.5,-11.3,-29.8,-0.1,,1998,431.0,23.0,PHI,C,9.0,0.0,1.6,0.1,0.9,0.125,0.0,0.0,,0.1,0.9,0.125,0.125,0.0,0.0,,0.3,0.0,0.3,0.0,0.0,0.0,0.2,0.2,0.2,,0,0,1
418.0,Paul Grant,25.0,2TM,C,6.0,0.0,13.0,-4.6,0.333,0.0,0.0,8.0,0.0,4.3,0.0,4.2,0.0,25.0,27.9,-0.1,0.0,-0.1,-0.253,-16.2,-3.3,-19.6,-0.1,,1998,419.0,25.0,2TM,C,6.0,0.0,2.2,0.3,1.0,0.333,0.0,0.0,,0.3,1.0,0.333,0.333,0.0,0.0,,0.2,0.0,0.2,0.0,0.2,0.0,0.3,0.7,0.7,,0,0,1
420.0,Sam Jacobson,23.0,LAL,PG,2.0,0.0,12.0,20.6,0.68,0.2,0.4,0.0,28.6,14.6,0.0,0.0,0.0,14.5,25.8,0.0,0.0,0.0,0.185,-4.0,-0.2,-4.2,0.0,,1998,286.0,23.0,LAL,PG,2.0,0.0,6.0,1.5,2.5,0.6,0.0,0.5,0.0,1.5,2.0,0.75,0.6,1.0,1.0,1.0,0.0,1.5,1.5,0.0,0.0,0.0,0.5,1.0,4.0,,0,0,1
422.0,Bruno Šundov,18.0,DAL,C,3.0,0.0,11.0,-8.8,0.286,0.0,0.0,0.0,0.0,0.0,16.8,0.0,0.0,12.5,33.4,-0.1,0.0,-0.1,-0.328,-14.9,-4.5,-19.4,0.0,,1998,404.0,18.0,DAL,C,3.0,0.0,3.7,0.7,2.3,0.286,0.0,0.0,,0.7,2.3,0.286,0.286,0.0,0.0,,0.0,0.0,0.0,0.3,0.0,0.0,0.3,1.3,1.3,,0,0,1
426.0,Mikki Moore,23.0,DET,C,2.0,0.0,6.0,35.7,1.064,0.0,2.0,0.0,20.5,10.2,0.0,0.0,0.0,0.0,14.9,0.1,0.0,0.1,0.527,15.2,3.0,18.2,0.0,,1998,375.0,23.0,DET,C,2.0,0.0,3.0,0.5,0.5,1.0,0.0,0.0,,0.5,0.5,1.0,1.0,1.0,1.0,1.0,0.0,0.5,0.5,0.0,0.0,0.0,0.0,0.0,2.0,,0,0,1
428.0,Peter Aluma,25.0,SAC,C,2.0,0.0,5.0,3.1,0.5,0.0,0.0,21.2,21.0,21.1,0.0,10.0,12.7,50.0,34.1,0.0,0.0,0.0,-0.206,-26.4,6.6,-19.8,0.0,,1998,411.0,25.0,SAC,C,2.0,0.0,2.5,0.5,1.0,0.5,0.0,0.0,,0.5,1.0,0.5,0.5,0.0,0.0,,0.5,0.5,1.0,0.0,0.5,0.5,1.0,2.0,1.0,,0,0,1
429.0,Jonathan Kerner,24.0,ORL,C,1.0,0.0,5.0,-15.2,0.0,0.0,0.0,0.0,0.0,0.0,0.0,0.0,0.0,0.0,9.1,0.0,0.0,0.0,-0.177,-19.6,-2.4,-22.1,0.0,,1998,436.0,24.0,ORL,C,1.0,0.0,5.0,0.0,1.0,0.0,0.0,0.0,,0.0,1.0,0.0,0.0,0.0,0.0,,0.0,0.0,0.0,0.0,0.0,0.0,0.0,2.0,0.0,,0,0,1
431.0,Trevor Winter,25.0,MIN,C,1.0,0.0,5.0,-4.3,,,,20.8,48.5,33.6,0.0,0.0,0.0,,0.0,0.0,0.0,0.0,0.202,-24.4,-0.6,-25.0,0.0,,1998,439.0,25.0,MIN,C,1.0,0.0,5.0,0.0,0.0,,0.0,0.0,,0.0,0.0,,,0.0,0.0,,1.0,2.0,3.0,0.0,0.0,0.0,0.0,5.0,0.0,,0,0,1
434.0,Kelly McCarty,23.0,DEN,SG,2.0,0.0,4.0,31.7,0.667,0.0,0.0,56.0,29.9,43.3,0.0,0.0,0.0,40.0,56.6,0.0,0.0,0.0,-0.238,2.3,-9.9,-7.6,0.0,,1998,374.0,23.0,DEN,SG,2.0,0.0,2.0,1.0,1.5,0.667,0.0,0.0,,1.0,1.5,0.667,0.667,0.0,0.0,,1.0,0.5,1.5,0.0,0.0,0.0,1.0,0.0,2.0,,0,0,1
435.0,Shammond Williams,23.0,ATL,PG,2.0,0.0,4.0,33.8,0.543,0.0,4.0,0.0,0.0,0.0,39.2,0.0,0.0,0.0,32.5,0.0,0.0,0.0,0.446,7.0,-0.3,6.8,0.0,,1998,396.0,23.0,ATL,PG,2.0,0.0,2.0,0.0,0.5,0.0,0.0,0.0,,0.0,0.5,0.0,0.0,1.5,2.0,0.75,0.0,0.0,0.0,0.5,0.0,0.0,0.0,0.0,1.5,,0,0,1
437.0,Tyson Wheeler,23.0,DEN,PG,1.0,0.0,3.0,76.1,1.064,1.0,2.0,0.0,0.0,0.0,100.0,0.0,0.0,0.0,28.4,0.1,0.0,0.1,1.367,42.5,8.5,51.1,0.0,,1998,291.0,23.0,DEN,PG,1.0,0.0,3.0,1.0,1.0,1.0,1.0,1.0,1.0,0.0,0.0,,1.5,1.0,2.0,0.5,0.0,0.0,0.0,2.0,0.0,0.0,0.0,1.0,4.0,,0,0,1
438.0,Mark Baker,29.0,TOR,PG,1.0,0.0,2.0,-46.6,0.0,0.0,0.0,0.0,0.0,0.0,0.0,0.0,0.0,50.0,45.4,-0.1,0.0,-0.1,-1.289,-39.4,-24.3,-63.7,0.0,,1998,432.0,29.0,TOR,PG,1.0,0.0,2.0,0.0,1.0,0.0,0.0,0.0,,0.0,1.0,0.0,0.0,0.0,0.0,,0.0,0.0,0.0,0.0,0.0,0.0,1.0,0.0,0.0,,0,0,1
15.0,Elton Brand,20.0,CHI,PF,81.0,80.0,2999.0,20.6,0.528,0.002,0.41,13.3,18.4,15.8,11.8,1.2,3.3,12.9,27.0,4.2,3.3,7.5,0.121,2.2,-0.9,1.3,2.5,ROY-1,1999,19.0,20.0,CHI,PF,81.0,80.0,37.0,7.8,16.1,0.482,0.0,0.0,0.0,7.8,16.1,0.483,0.482,4.5,6.6,0.685,4.3,5.7,10.0,1.9,0.8,1.6,2.8,3.2,20.1,ROY-1,1,1,1
38.0,Steve Francis,22.0,HOU,PG,77.0,77.0,2776.0,18.4,0.543,0.278,0.327,6.3,10.2,8.3,31.6,2.2,0.7,19.3,25.0,4.4,2.0,6.4,0.111,2.7,-0.6,2.0,2.8,ROY-1,1999,33.0,22.0,HOU,PG,77.0,77.0,36.1,6.5,14.5,0.445,1.4,4.0,0.345,5.1,10.5,0.483,0.493,3.7,4.7,0.786,2.0,3.3,5.3,6.6,1.5,0.4,4.0,3.0,18.0,ROY-1,1,1,1
42.0,Lamar Odom,20.0,LAC,SF,76.0,70.0,2767.0,16.8,0.521,0.16,0.41,6.2,18.2,12.0,20.2,1.7,2.3,17.6,23.5,1.7,1.5,3.2,0.055,0.8,-0.2,0.6,1.8,ROY-3,1999,48.0,20.0,LAC,SF,76.0,70.0,36.4,5.9,13.5,0.438,0.8,2.2,0.36,5.1,11.3,0.453,0.467,4.0,5.5,0.719,2.1,5.7,7.8,4.2,1.2,1.3,3.4,3.8,16.6,ROY-3,1,1,1
92.0,Metta World Peace,20.0,CHI,SF,72.0,63.0,2238.0,13.4,0.491,0.252,0.368,3.2,13.1,8.1,17.7,2.9,1.3,15.8,21.4,-0.3,2.6,2.3,0.05,-1.1,0.9,-0.2,1.0,,1999,98.0,20.0,CHI,SF,72.0,63.0,31.1,4.3,10.5,0.407,0.8,2.7,0.314,3.5,7.9,0.438,0.447,2.6,3.9,0.674,0.9,3.4,4.3,2.8,1.7,0.5,2.3,2.2,12.0,,1,2,1
99.0,Wally Szczerbiak,22.0,MIN,SF,73.0,53.0,2171.0,15.4,0.571,0.117,0.241,4.7,9.9,7.3,14.2,1.4,0.8,10.1,17.1,4.5,1.7,6.2,0.137,1.0,-0.1,0.9,1.6,,1999,108.0,22.0,MIN,SF,73.0,53.0,29.7,4.7,9.2,0.511,0.4,1.1,0.359,4.3,8.1,0.531,0.532,1.8,2.2,0.826,1.2,2.5,3.7,2.8,0.8,0.3,1.1,2.4,11.6,,1,1,1
110.0,Andre Miller,23.0,CLE,PG,82.0,36.0,2093.0,17.9,0.517,0.065,0.387,4.5,10.5,7.5,38.7,2.0,0.6,15.8,21.8,3.5,1.8,5.3,0.122,1.9,0.0,1.9,2.1,ROY-4,1999,115.0,23.0,CLE,PG,82.0,36.0,25.5,4.1,9.2,0.449,0.1,0.6,0.204,4.0,8.6,0.466,0.456,2.8,3.6,0.774,1.0,2.4,3.4,5.8,1.0,0.2,2.0,2.4,11.1,ROY-4,1,1,1
117.0,James Posey,23.0,DEN,SF,81.0,77.0,2052.0,13.0,0.55,0.41,0.28,4.5,12.4,8.4,10.8,2.4,1.1,13.6,14.8,2.5,1.9,4.3,0.101,-0.5,1.2,0.7,1.4,,1999,166.0,23.0,DEN,SF,81.0,77.0,25.3,2.8,6.6,0.429,1.0,2.7,0.373,1.8,3.9,0.468,0.506,1.5,1.9,0.8,1.0,2.9,3.9,1.8,1.2,0.4,1.2,2.6,8.2,,1,2,1
127.0,Adrian Griffin,25.0,BOS,SG,72.0,47.0,1927.0,12.6,0.503,0.138,0.383,7.2,15.2,11.0,13.4,3.1,0.6,16.2,13.0,1.8,2.1,3.9,0.098,-0.9,1.4,0.6,1.3,,1999,212.0,25.0,BOS,SG,72.0,47.0,26.8,2.4,5.7,0.424,0.2,0.8,0.281,2.2,4.9,0.447,0.443,1.7,2.2,0.753,1.8,3.4,5.2,2.5,1.6,0.2,1.3,3.1,6.7,,0,0,1
131.0,Jason Terry,22.0,ATL,PG,81.0,27.0,1888.0,13.9,0.497,0.262,0.233,1.4,8.2,4.8,29.3,2.5,0.3,19.1,19.2,0.9,0.9,1.9,0.047,-0.4,-0.6,-1.0,0.5,,1999,170.0,22.0,ATL,PG,81.0,27.0,23.3,3.1,7.4,0.415,0.6,1.9,0.293,2.5,5.5,0.458,0.453,1.4,1.7,0.807,0.3,1.8,2.0,4.3,1.1,0.1,1.9,1.6,8.1,,1,2,1
133.0,Anthony Carter,24.0,MIA,PG,79.0,30.0,1859.0,11.0,0.442,0.045,0.244,3.1,9.0,6.2,31.7,2.7,0.2,23.5,18.5,-1.0,2.4,1.4,0.036,-3.0,0.2,-2.7,-0.4,,1999,231.0,24.0,MIA,PG,79.0,30.0,23.5,2.5,6.4,0.395,0.0,0.3,0.13,2.5,6.2,0.407,0.398,1.2,1.6,0.75,0.6,1.9,2.5,4.8,1.2,0.1,2.2,2.1,6.3,,0,0,1
145.0,Kenny Thomas,22.0,HOU,PF,72.0,29.0,1797.0,12.0,0.477,0.23,0.394,9.4,17.7,13.6,9.8,1.5,0.8,15.2,18.0,0.6,1.6,2.2,0.058,-1.8,-0.8,-2.6,-0.3,,1999,163.0,22.0,HOU,PF,72.0,29.0,25.0,2.9,7.4,0.399,0.4,1.7,0.262,2.5,5.7,0.44,0.429,1.9,2.9,0.66,2.0,4.0,6.1,1.6,0.8,0.3,1.6,2.3,8.3,,0,0,1
147.0,Vonteego Cummings,23.0,GSW,PG,75.0,11.0,1793.0,12.9,0.484,0.231,0.258,3.1,7.9,5.4,22.6,2.6,0.5,15.3,20.2,0.7,0.7,1.3,0.036,-1.2,-0.5,-1.7,0.2,,1999,137.0,23.0,GSW,PG,75.0,11.0,23.9,3.5,8.7,0.405,0.7,2.0,0.325,2.9,6.7,0.429,0.442,1.7,2.3,0.751,0.8,1.7,2.5,3.3,1.2,0.2,1.8,2.3,9.4,,0,0,1
171.0,Chucky Atkins,25.0,ORL,PG,82.0,0.0,1626.0,14.4,0.489,0.22,0.179,1.3,7.1,4.2,30.9,1.6,0.1,15.1,24.3,1.1,1.3,2.4,0.072,0.6,-1.4,-0.8,0.5,,1999,136.0,25.0,ORL,PG,82.0,0.0,19.8,3.8,9.0,0.424,0.7,2.0,0.35,3.1,7.0,0.445,0.462,1.2,1.6,0.729,0.2,1.3,1.5,3.7,0.6,0.0,1.7,1.7,9.5,,1,2,1
189.0,Baron Davis,20.0,CHH,PG,82.0,0.0,1523.0,12.9,0.486,0.256,0.353,3.6,8.4,6.1,32.6,3.3,0.9,21.9,18.9,-0.1,2.2,2.1,0.065,-2.0,1.2,-0.8,0.5,,1999,249.0,20.0,CHH,PG,82.0,0.0,18.6,2.2,5.3,0.42,0.3,1.4,0.225,1.9,3.9,0.488,0.449,1.2,1.9,0.634,0.6,1.4,2.0,3.8,1.2,0.2,1.7,2.5,5.9,,0,0,1
200.0,Richard Hamilton,21.0,WAS,SG,71.0,12.0,1373.0,11.6,0.482,0.127,0.22,3.1,7.7,5.4,13.7,1.1,0.3,11.2,24.2,0.4,0.3,0.7,0.024,-1.4,-2.2,-3.7,-0.6,,1999,144.0,21.0,WAS,SG,71.0,12.0,19.3,3.6,8.5,0.42,0.4,1.1,0.364,3.2,7.4,0.428,0.443,1.5,1.9,0.774,0.5,1.3,1.8,1.5,0.4,0.1,1.2,2.0,9.0,,0,0,1
201.0,Corey Maggette,20.0,ORL,SF,77.0,5.0,1370.0,14.1,0.553,0.023,0.557,9.8,14.3,12.0,7.0,0.9,1.3,19.1,22.1,1.2,1.4,2.6,0.091,-1.5,-1.0,-2.5,-0.2,,1999,161.0,20.0,ORL,SF,77.0,5.0,17.8,2.9,6.1,0.478,0.0,0.1,0.182,2.9,5.9,0.485,0.48,2.5,3.4,0.751,1.6,2.3,3.9,0.8,0.3,0.3,1.8,2.2,8.4,,0,0,1
215.0,Shawn Marion,21.0,PHO,SF,51.0,38.0,1260.0,17.1,0.511,0.047,0.18,9.5,19.7,14.7,9.1,1.5,3.0,9.1,19.6,1.7,2.4,4.1,0.158,0.3,0.9,1.3,1.0,,1999,125.0,21.0,PHO,SF,51.0,38.0,24.7,4.4,9.2,0.471,0.1,0.4,0.182,4.3,8.8,0.486,0.476,1.4,1.7,0.847,2.1,4.5,6.5,1.4,0.7,1.0,1.0,2.2,10.2,,1,2,1
230.0,Eddie Robinson,23.0,CHH,SF,67.0,8.0,1112.0,16.4,0.569,0.01,0.166,5.6,12.8,9.3,5.2,2.2,1.6,8.6,18.3,1.5,1.5,3.0,0.13,0.4,0.2,0.6,0.7,,1999,204.0,23.0,CHH,SF,67.0,8.0,16.6,3.2,5.8,0.549,0.0,0.1,0.0,3.2,5.7,0.555,0.549,0.7,1.0,0.734,0.8,1.9,2.7,0.5,0.7,0.4,0.6,1.0,7.0,,0,0,1
248.0,Michael Ruffin,23.0,CHI,PF,71.0,6.0,975.0,7.8,0.45,0.0,0.638,13.8,16.3,15.0,7.7,1.4,2.0,25.0,11.1,-0.4,1.0,0.6,0.032,-5.0,-0.4,-5.4,-0.8,,1999,381.0,23.0,CHI,PF,71.0,6.0,13.7,0.8,1.9,0.42,0.0,0.0,,0.8,1.9,0.42,0.42,0.6,1.2,0.489,1.6,1.9,3.5,0.6,0.4,0.4,0.8,2.4,2.2,,0,0,1
254.0,Greg Buckner,23.0,DAL,SG,48.0,1.0,923.0,12.1,0.527,0.112,0.27,6.6,13.7,10.1,8.6,2.1,1.5,12.1,14.2,1.0,0.8,1.8,0.094,-2.2,0.7,-1.5,0.1,,1999,252.0,23.0,DAL,SG,48.0,1.0,19.2,2.3,4.9,0.476,0.2,0.5,0.385,2.1,4.3,0.488,0.498,0.9,1.3,0.683,1.2,2.5,3.6,1.1,0.8,0.4,0.8,3.1,5.7,,0,0,1
256.0,Quincy Lewis,22.0,UTA,SG,74.0,0.0,896.0,6.6,0.441,0.211,0.174,6.4,8.9,7.7,7.1,1.4,1.3,12.5,18.9,-0.5,0.9,0.3,0.018,-4.5,-0.9,-5.5,-0.8,,1999,319.0,22.0,UTA,SG,74.0,0.0,12.1,1.5,4.0,0.372,0.3,0.9,0.365,1.2,3.2,0.374,0.411,0.5,0.7,0.731,0.6,0.9,1.5,0.5,0.3,0.2,0.6,2.1,3.8,,0,0,1
301.0,Chris Herren,24.0,DEN,PG,45.0,1.0,597.0,8.9,0.498,0.54,0.323,2.2,7.4,4.7,26.8,1.3,0.2,22.9,13.4,0.3,0.2,0.5,0.041,-2.4,-1.6,-4.0,-0.3,,1999,342.0,24.0,DEN,PG,45.0,1.0,13.3,1.0,2.8,0.363,0.5,1.5,0.358,0.5,1.3,0.368,0.46,0.6,0.9,0.675,0.3,0.9,1.2,2.5,0.3,0.0,0.9,1.6,3.1,,0,0,1
303.0,Ryan Bowen,24.0,DEN,SF,52.0,0.0,589.0,11.8,0.467,0.077,0.453,13.7,7.3,10.5,4.9,3.4,1.5,9.1,11.4,0.8,0.6,1.4,0.111,-1.7,1.5,-0.2,0.3,,1999,365.0,24.0,DEN,SF,52.0,0.0,11.3,0.9,2.3,0.393,0.0,0.2,0.111,0.9,2.1,0.417,0.397,0.7,1.0,0.717,1.4,0.8,2.2,0.4,0.8,0.3,0.3,1.8,2.5,,0,0,1
309.0,Todd MacCulloch,24.0,PHI,C,56.0,6.0,528.0,16.1,0.557,0.0,0.335,9.9,20.8,15.3,4.2,1.1,5.1,12.3,17.5,0.7,1.0,1.7,0.15,-1.6,1.6,0.0,0.3,,1999,322.0,24.0,PHI,C,56.0,6.0,9.4,1.6,2.9,0.553,0.0,0.0,,1.6,2.9,0.553,0.553,0.5,1.0,0.519,0.9,1.8,2.6,0.2,0.2,0.7,0.5,1.7,3.7,,0,0,1
311.0,Dedric Willoughby,25.0,CHI,PG,25.0,1.0,508.0,12.2,0.472,0.547,0.285,2.5,9.4,5.9,24.6,2.4,0.3,15.5,21.5,0.0,0.4,0.4,0.04,-0.6,-0.4,-1.0,0.1,,1999,187.0,25.0,CHI,PG,25.0,1.0,20.3,2.4,7.2,0.341,1.2,3.9,0.296,1.3,3.2,0.395,0.422,1.6,2.0,0.765,0.4,1.6,2.0,2.6,0.9,0.1,1.5,1.3,7.6,,0,0,1
316.0,William Avery,20.0,MIN,PG,59.0,1.0,484.0,6.7,0.391,0.348,0.199,1.9,7.8,4.8,26.2,1.5,0.3,17.6,22.3,-0.8,0.3,-0.5,-0.046,-4.3,-2.0,-6.3,-0.5,,1999,360.0,20.0,MIN,PG,59.0,1.0,8.2,0.9,3.1,0.309,0.3,1.1,0.286,0.6,2.0,0.322,0.359,0.4,0.6,0.667,0.1,0.5,0.7,1.5,0.2,0.0,0.7,1.0,2.6,,0,0,1
325.0,Dion Glover,21.0,ATL,SG,30.0,1.0,446.0,12.4,0.483,0.263,0.409,3.7,5.6,4.7,9.9,1.8,0.6,12.2,22.8,0.2,0.1,0.3,0.029,-1.0,-1.6,-2.6,-0.1,,1999,223.0,21.0,ATL,SG,30.0,1.0,14.9,2.2,5.7,0.386,0.4,1.5,0.267,1.8,4.2,0.429,0.421,1.7,2.3,0.729,0.5,0.8,1.3,0.9,0.5,0.1,0.9,0.9,6.5,,0,0,1
327.0,Scott Padgett,23.0,UTA,PF,47.0,9.0,432.0,7.6,0.395,0.314,0.193,6.9,17.7,12.4,8.9,1.7,1.4,12.7,18.6,-0.5,0.6,0.1,0.013,-4.0,-0.5,-4.5,-0.3,,1999,364.0,23.0,UTA,PF,47.0,9.0,9.2,0.9,3.0,0.314,0.3,0.9,0.295,0.7,2.0,0.323,0.361,0.4,0.6,0.704,0.5,1.4,1.9,0.5,0.3,0.2,0.5,1.2,2.6,,0,0,1
329.0,Cal Bowdler,22.0,ATL,SF,46.0,0.0,423.0,10.0,0.463,0.009,0.33,5.7,16.3,11.0,5.2,1.7,1.4,13.8,16.0,-0.1,0.3,0.2,0.027,-3.4,-0.3,-3.7,-0.2,,1999,357.0,22.0,ATL,SF,46.0,0.0,9.2,1.1,2.5,0.426,0.0,0.0,0.0,1.1,2.5,0.43,0.426,0.5,0.8,0.632,0.5,1.4,1.8,0.3,0.3,0.2,0.5,1.0,2.7,,0,0,1
333.0,Milt Palacio,21.0,VAN,PG,53.0,0.0,394.0,8.8,0.473,0.02,0.378,5.1,10.4,7.7,19.7,2.7,0.0,27.8,18.3,-0.5,0.2,-0.3,-0.041,-4.0,-0.4,-4.4,-0.2,,1999,389.0,21.0,VAN,PG,53.0,0.0,7.4,0.8,1.8,0.439,0.0,0.0,0.0,0.8,1.8,0.448,0.439,0.4,0.7,0.595,0.3,0.6,1.0,0.9,0.4,0.0,0.8,0.6,2.0,,0,0,1
338.0,Rodney Buford,22.0,MIA,SG,34.0,0.0,386.0,11.2,0.457,0.192,0.146,3.1,10.9,7.2,9.2,1.4,1.5,5.3,20.5,0.1,0.5,0.6,0.072,-2.5,-0.5,-3.0,-0.1,,1999,301.0,22.0,MIA,SG,34.0,0.0,11.4,1.8,4.4,0.411,0.2,0.9,0.241,1.6,3.6,0.451,0.434,0.5,0.6,0.727,0.3,1.1,1.4,0.6,0.3,0.2,0.3,1.3,4.3,,0,0,1
340.0,Evan Eschmeyer,24.0,NJN,C,31.0,5.0,373.0,11.8,0.534,0.0,0.417,11.5,21.0,16.1,8.7,1.1,3.9,19.8,12.7,0.3,0.4,0.7,0.095,-4.2,0.6,-3.5,-0.1,,1999,345.0,24.0,NJN,C,31.0,5.0,12.0,1.2,2.3,0.528,0.0,0.0,,1.2,2.3,0.528,0.528,0.5,1.0,0.5,1.3,2.2,3.5,0.7,0.3,0.7,0.7,2.7,2.9,,0,0,1
342.0,Rafer Alston,23.0,MIL,PG,27.0,0.0,361.0,4.3,0.31,0.147,0.042,1.6,5.8,3.7,26.8,1.7,0.0,23.1,15.5,-0.7,0.0,-0.7,-0.095,-5.0,-2.3,-7.3,-0.5,,1999,376.0,23.0,MIL,PG,27.0,0.0,13.4,1.0,3.5,0.284,0.1,0.5,0.214,0.9,3.0,0.296,0.3,0.1,0.1,0.75,0.2,0.7,0.9,2.6,0.4,0.0,1.1,1.1,2.2,,0,0,1
344.0,Obinna Ekezie,24.0,VAN,PF,39.0,0.0,351.0,11.8,0.538,0.0,0.727,11.5,19.9,15.7,3.7,1.4,0.8,18.3,18.4,0.2,0.2,0.5,0.063,-3.1,-1.7,-4.8,-0.2,,1999,338.0,24.0,VAN,PF,39.0,0.0,9.0,1.1,2.3,0.466,0.0,0.0,,1.1,2.3,0.466,0.466,1.1,1.6,0.672,0.9,1.5,2.4,0.2,0.2,0.1,0.7,1.6,3.2,,0,0,1
346.0,Devean George,22.0,LAL,SF,49.0,1.0,345.0,12.1,0.478,0.326,0.285,9.1,14.1,11.6,5.5,1.5,0.8,11.5,23.3,0.1,0.6,0.7,0.093,-2.5,-1.0,-3.5,-0.1,,1999,339.0,22.0,LAL,SF,49.0,1.0,7.0,1.1,2.9,0.389,0.3,1.0,0.34,0.8,2.0,0.412,0.444,0.6,0.8,0.659,0.6,0.9,1.5,0.2,0.2,0.1,0.4,1.1,3.2,,0,0,1
369.0,Laron Profit,22.0,WAS,SG,33.0,1.0,225.0,4.4,0.386,0.288,0.169,1.0,12.4,6.7,16.7,1.6,1.3,23.1,16.2,-0.5,0.1,-0.3,-0.073,-5.6,-0.2,-5.8,-0.2,,1999,413.0,22.0,WAS,SG,33.0,1.0,6.8,0.6,1.8,0.356,0.1,0.5,0.176,0.5,1.3,0.429,0.381,0.1,0.3,0.4,0.1,0.7,0.8,0.8,0.2,0.1,0.6,0.8,1.5,,0,0,1
370.0,Rick Hughes,26.0,DAL,PF,21.0,0.0,224.0,10.9,0.491,0.014,0.361,11.6,11.9,11.8,6.1,0.7,0.3,14.4,19.2,0.1,0.1,0.1,0.029,-2.4,-2.6,-5.0,-0.2,,1999,315.0,26.0,DAL,PF,21.0,0.0,10.7,1.7,3.4,0.486,0.0,0.0,0.0,1.7,3.4,0.493,0.486,0.6,1.2,0.462,1.1,1.2,2.3,0.4,0.1,0.0,0.7,1.4,3.9,,0,0,1
376.0,John Celestand,22.0,LAL,PG,16.0,0.0,185.0,2.7,0.388,0.2,0.133,0.6,5.7,3.2,15.2,1.9,0.0,25.1,15.1,-0.4,0.2,-0.1,-0.038,-7.7,0.1,-7.6,-0.3,,1999,371.0,22.0,LAL,PG,16.0,0.0,11.6,0.9,2.8,0.333,0.1,0.6,0.222,0.8,2.3,0.361,0.356,0.3,0.4,0.833,0.1,0.6,0.7,1.3,0.4,0.0,1.0,1.4,2.3,,0,0,1
379.0,Lazaro Borrell,27.0,SEA,SF,17.0,6.0,167.0,15.0,0.457,0.048,0.175,9.1,17.3,13.1,9.7,1.8,1.3,8.1,19.5,0.1,0.2,0.3,0.079,-0.3,-0.9,-1.2,0.0,,1999,326.0,27.0,SEA,SF,17.0,6.0,9.8,1.6,3.7,0.444,0.0,0.2,0.0,1.6,3.5,0.467,0.444,0.4,0.6,0.545,0.8,1.5,2.4,0.6,0.4,0.2,0.4,0.5,3.6,,0,0,1
384.0,Trajan Langdon,23.0,CLE,SG,10.0,0.0,145.0,10.9,0.546,0.475,0.275,3.0,8.6,5.8,11.7,1.7,0.0,11.8,15.2,0.2,0.1,0.3,0.098,-1.0,0.3,-0.7,0.0,,1999,285.0,23.0,CLE,SG,10.0,0.0,14.5,1.5,4.0,0.375,0.8,1.9,0.421,0.7,2.1,0.333,0.475,1.1,1.1,1.0,0.4,1.1,1.5,1.1,0.5,0.0,0.6,1.6,4.9,,0,0,1
386.0,Calvin Booth,23.0,WAS,C,11.0,0.0,143.0,11.9,0.403,0.0,0.304,11.9,13.8,12.9,7.6,1.1,7.1,10.3,18.0,0.0,0.2,0.1,0.043,-3.9,0.1,-3.8,-0.1,,1999,318.0,23.0,WAS,C,11.0,0.0,13.0,1.5,4.2,0.348,0.0,0.0,,1.5,4.2,0.348,0.348,0.9,1.3,0.714,1.4,1.5,2.9,0.6,0.3,1.3,0.5,2.1,3.8,,0,0,1
387.0,Jumaine Jones,20.0,PHI,SF,33.0,0.0,138.0,12.6,0.432,0.069,0.31,12.6,17.9,15.2,6.1,2.3,2.6,17.5,25.4,-0.2,0.3,0.0,0.008,-2.7,-0.7,-3.4,0.0,,1999,404.0,20.0,PHI,SF,33.0,0.0,4.2,0.7,1.8,0.379,0.1,0.1,0.5,0.6,1.6,0.37,0.397,0.3,0.5,0.611,0.5,0.7,1.2,0.2,0.2,0.2,0.4,0.3,1.7,,0,0,1
388.0,Tim Young,23.0,GSW,C,25.0,0.0,137.0,11.7,0.492,0.0,0.923,9.4,18.0,13.4,5.5,0.7,0.5,14.1,19.6,0.1,0.0,0.2,0.058,-2.6,-2.3,-4.9,-0.1,,1999,382.0,23.0,GSW,C,25.0,0.0,5.5,0.5,1.6,0.333,0.0,0.0,,0.5,1.6,0.333,0.333,1.1,1.4,0.778,0.5,0.9,1.4,0.2,0.1,0.0,0.4,0.7,2.2,,0,0,1
390.0,Lari Ketner,22.0,2TM,PF,22.0,0.0,132.0,7.1,0.456,0.0,0.375,10.0,19.2,14.5,1.4,1.5,1.7,21.2,15.8,-0.1,0.2,0.0,0.004,-5.6,-1.4,-7.0,-0.2,,1999,411.0,22.0,2TM,PF,22.0,0.0,6.0,0.6,1.5,0.406,0.0,0.0,,0.6,1.5,0.406,0.406,0.4,0.5,0.667,0.5,1.0,1.5,0.0,0.2,0.1,0.5,0.9,1.5,,0,0,1
391.0,Jonathan Bender,19.0,IND,SF,24.0,1.0,130.0,7.6,0.397,0.171,0.343,3.6,14.1,9.1,3.9,0.4,2.5,8.0,30.6,-0.3,0.1,-0.2,-0.074,-7.5,-3.1,-10.6,-0.3,,1999,356.0,19.0,IND,SF,24.0,1.0,5.4,1.0,2.9,0.329,0.1,0.5,0.167,0.9,2.4,0.362,0.343,0.7,1.0,0.667,0.2,0.7,0.9,0.1,0.0,0.2,0.3,0.8,2.7,,0,0,1
399.0,Derrick Dial,24.0,SAS,SG,8.0,0.0,95.0,12.0,0.415,0.261,0.109,17.5,13.7,15.6,9.3,0.6,0.7,11.1,26.3,-0.1,0.1,0.1,0.032,-1.5,-3.1,-4.6,-0.1,,1999,280.0,24.0,SAS,SG,8.0,0.0,11.9,2.1,5.8,0.37,0.4,1.5,0.25,1.8,4.3,0.412,0.402,0.4,0.6,0.6,1.8,1.5,3.3,0.6,0.1,0.1,0.8,1.3,5.0,,0,0,1
400.0,Mirsad Türkcan,23.0,2TM,PF,17.0,0.0,90.0,11.1,0.397,0.158,0.211,17.1,25.8,21.5,8.9,1.8,0.8,16.2,24.8,-0.1,0.1,0.0,-0.019,-4.4,-2.0,-6.3,-0.1,,1999,392.0,23.0,2TM,PF,17.0,0.0,5.3,0.8,2.2,0.368,0.0,0.4,0.0,0.8,1.9,0.438,0.368,0.3,0.5,0.625,0.8,1.2,1.9,0.3,0.2,0.1,0.5,0.8,1.9,,0,0,1
401.0,Jeff Foster,23.0,IND,C,19.0,0.0,86.0,25.6,0.632,0.043,1.087,16.3,25.1,20.9,9.4,3.0,0.8,5.6,19.0,0.5,0.2,0.6,0.345,2.8,1.7,4.4,0.1,,1999,372.0,23.0,IND,C,19.0,0.0,4.5,0.7,1.2,0.565,0.0,0.1,0.0,0.7,1.2,0.591,0.565,0.9,1.3,0.68,0.6,1.1,1.7,0.3,0.3,0.1,0.1,0.9,2.3,,0,0,1
403.0,Harold Jamison,23.0,MIA,PF,12.0,0.0,74.0,6.6,0.322,0.0,0.9,26.3,7.5,16.4,8.2,1.4,1.0,12.5,20.1,-0.1,0.1,0.0,-0.017,-5.5,-2.8,-8.3,-0.1,,1999,412.0,23.0,MIA,PF,12.0,0.0,6.2,0.6,1.7,0.35,0.0,0.0,,0.6,1.7,0.35,0.35,0.3,1.5,0.222,1.3,0.4,1.8,0.3,0.2,0.1,0.3,1.4,1.5,,0,0,1
404.0,Jermaine Jackson,23.0,DET,SG,7.0,0.0,73.0,-1.5,0.241,0.091,0.727,1.6,15.8,8.7,7.3,2.1,0.0,32.5,13.0,-0.3,0.1,-0.2,-0.15,-8.6,-0.3,-8.9,-0.1,,1999,423.0,23.0,DET,SG,7.0,0.0,10.4,0.1,1.6,0.091,0.0,0.1,0.0,0.1,1.4,0.1,0.091,0.7,1.1,0.625,0.1,1.4,1.6,0.6,0.4,0.0,1.0,1.0,1.0,,0,0,1
408.0,A.J. Bramlett,23.0,CLE,C,8.0,0.0,61.0,-0.4,0.19,0.0,0.0,21.7,18.5,20.1,0.0,0.8,0.0,12.5,17.1,-0.2,0.1,-0.2,-0.129,-9.2,-6.7,-15.9,-0.2,,1999,422.0,23.0,CLE,C,8.0,0.0,7.6,0.5,2.6,0.19,0.0,0.0,,0.5,2.6,0.19,0.19,0.0,0.0,,1.5,1.3,2.8,0.0,0.1,0.0,0.4,1.6,1.0,,0,0,1
412.0,Jamel Thomas,26.0,2TM,SF,7.0,0.0,46.0,9.1,0.461,0.167,0.056,2.2,10.1,5.9,21.9,1.1,0.0,21.3,21.8,-0.1,0.0,-0.1,-0.065,-3.3,-2.0,-5.2,0.0,,1999,368.0,26.0,2TM,SF,7.0,0.0,6.6,1.1,2.6,0.444,0.0,0.4,0.0,1.1,2.1,0.533,0.444,0.1,0.1,1.0,0.1,0.6,0.7,0.9,0.1,0.0,0.7,0.3,2.4,,0,0,1
414.0,Wayne Turner,23.0,BOS,PG,3.0,0.0,41.0,-1.7,0.231,0.0,1.0,2.6,5.9,4.2,16.3,0.0,0.0,25.8,12.3,-0.1,0.0,-0.1,-0.148,-8.0,-4.5,-12.5,-0.1,,1999,417.0,23.0,BOS,PG,3.0,0.0,13.7,0.3,2.0,0.167,0.0,0.0,,0.3,2.0,0.167,0.167,0.7,2.0,0.333,0.3,0.7,1.0,1.7,0.0,0.0,1.0,1.3,1.3,,0,0,1
418.0,DeMarco Johnson,24.0,NYK,PF,5.0,0.0,37.0,0.5,0.333,0.0,0.0,9.9,12.4,11.2,0.0,1.5,0.0,25.0,15.4,-0.1,0.0,-0.1,-0.091,-9.6,-0.7,-10.3,-0.1,,1999,419.0,24.0,NYK,PF,5.0,0.0,7.4,0.6,1.8,0.333,0.0,0.0,,0.6,1.8,0.333,0.333,0.0,0.0,,0.6,0.8,1.4,0.0,0.2,0.0,0.6,1.0,1.2,,0,0,1
424.0,Ryan Robertson,23.0,SAC,SG,1.0,0.0,25.0,2.6,0.388,0.333,0.167,0.0,0.0,0.0,0.0,0.0,0.0,0.0,10.7,0.0,0.0,0.0,-0.022,-3.8,-1.6,-5.4,0.0,,1999,283.0,23.0,SAC,SG,1.0,0.0,25.0,2.0,6.0,0.333,0.0,2.0,0.0,2.0,4.0,0.5,0.333,1.0,1.0,1.0,0.0,0.0,0.0,0.0,0.0,0.0,0.0,0.0,5.0,,0,0,1
426.0,Aleksandar Radojević,23.0,TOR,C,3.0,0.0,24.0,2.4,0.363,0.0,0.857,9.0,29.0,18.7,6.2,4.3,2.9,34.2,27.0,-0.2,0.1,-0.1,-0.202,-12.2,0.1,-12.1,-0.1,,1999,374.0,23.0,TOR,C,3.0,0.0,8.0,0.7,2.3,0.286,0.0,0.0,,0.7,2.3,0.286,0.286,1.0,2.0,0.5,0.7,2.0,2.7,0.3,0.7,0.3,1.7,1.7,2.3,,0,0,1
427.0,Tim James,23.0,MIA,SF,4.0,0.0,23.0,12.6,0.359,0.0,0.214,15.9,4.8,10.1,16.3,0.0,9.5,11.5,35.1,-0.1,0.0,-0.1,-0.105,-2.5,-2.5,-5.0,0.0,,1999,350.0,23.0,MIA,SF,4.0,0.0,5.8,1.3,3.5,0.357,0.0,0.0,,1.3,3.5,0.357,0.357,0.3,0.8,0.333,0.8,0.3,1.0,0.5,0.0,0.8,0.5,0.3,2.8,,0,0,1
430.0,Ira Bowman,26.0,PHI,SG,11.0,0.0,20.0,13.3,0.868,0.0,1.0,0.0,11.2,5.5,7.6,2.6,0.0,25.8,8.5,0.0,0.0,0.1,0.128,0.3,3.4,3.6,0.0,,1999,433.0,26.0,PHI,SG,11.0,0.0,1.8,0.2,0.2,1.0,0.0,0.0,,0.2,0.2,1.0,1.0,0.1,0.2,0.5,0.0,0.2,0.2,0.1,0.1,0.0,0.1,0.0,0.5,,0,0,1
436.0,Derek Hood,23.0,CHH,PF,2.0,0.0,4.0,-24.2,0.0,0.0,0.0,0.0,27.5,14.1,0.0,0.0,0.0,0.0,33.6,-0.1,0.0,-0.1,-0.738,-18.9,-10.6,-29.5,0.0,,1999,436.0,23.0,CHH,PF,2.0,0.0,2.0,0.0,1.5,0.0,0.0,0.0,,0.0,1.5,0.0,0.0,0.0,0.0,,0.0,0.5,0.5,0.0,0.0,0.0,0.0,0.0,0.0,,0,0,1
438.0,Jason Miskiri,24.0,CHH,PG,1.0,0.0,3.0,-12.4,0.0,1.0,0.0,0.0,0.0,0.0,44.9,0.0,0.0,0.0,14.9,0.0,0.0,0.0,-0.205,-17.6,-1.0,-18.6,0.0,,1999,438.0,24.0,CHH,PG,1.0,0.0,3.0,0.0,1.0,0.0,0.0,1.0,0.0,0.0,0.0,,0.0,0.0,0.0,,0.0,0.0,0.0,1.0,0.0,0.0,0.0,2.0,0.0,,0,0,1
80.0,Mike Miller,20.0,ORL,SF,82.0,62.0,2390.0,13.2,0.541,0.431,0.151,3.0,12.4,7.6,9.7,1.1,0.6,9.7,18.5,3.3,1.9,5.3,0.106,0.7,-0.9,-0.2,1.0,ROY-1,2000,94.0,20.0,ORL,SF,82.0,62.0,29.1,4.5,10.3,0.436,1.8,4.4,0.407,2.7,5.9,0.457,0.523,1.1,1.6,0.711,0.8,3.2,4.0,1.7,0.6,0.2,1.2,2.4,11.9,ROY-1,1,1,1
96.0,Kenyon Martin,23.0,NJN,PF,68.0,68.0,2272.0,13.4,0.472,0.014,0.247,6.7,19.0,12.7,10.4,1.8,3.7,13.8,19.9,-0.4,2.5,2.1,0.044,-2.1,0.4,-1.7,0.2,ROY-2,2000,89.0,23.0,NJN,PF,68.0,68.0,33.4,5.1,11.4,0.445,0.0,0.2,0.091,5.1,11.3,0.45,0.446,1.8,2.8,0.63,2.0,5.4,7.4,1.9,1.1,1.7,2.0,4.1,12.0,ROY-2,1,1,1
104.0,Darius Miles,19.0,LAC,SF,81.0,21.0,2133.0,14.7,0.518,0.03,0.378,7.0,18.3,12.8,8.1,1.3,4.1,16.7,19.1,0.5,2.6,3.0,0.068,-1.3,0.8,-0.5,0.8,ROY-4,2000,138.0,19.0,LAC,SF,81.0,21.0,26.3,3.9,7.8,0.505,0.0,0.2,0.053,3.9,7.5,0.519,0.506,1.5,2.9,0.521,1.6,4.3,5.9,1.2,0.6,1.5,1.8,2.4,9.4,ROY-4,1,1,1
139.0,Morris Peterson,23.0,TOR,SG,80.0,49.0,1809.0,14.1,0.507,0.245,0.215,6.8,9.4,8.1,9.6,1.8,0.8,9.6,20.1,2.3,1.3,3.6,0.096,0.1,-0.8,-0.7,0.5,ROY-4,2000,143.0,23.0,TOR,SG,80.0,49.0,22.6,3.6,8.4,0.431,0.8,2.1,0.382,2.8,6.4,0.447,0.478,1.3,1.8,0.717,1.4,1.8,3.2,1.3,0.8,0.3,1.0,2.1,9.3,ROY-4,1,1,1
156.0,Stephen Jackson,22.0,NJN,SF,77.0,40.0,1660.0,12.1,0.503,0.271,0.236,2.8,11.9,7.2,15.1,2.7,0.6,17.1,20.8,-0.4,1.3,0.9,0.026,-1.6,0.1,-1.6,0.2,,2000,163.0,22.0,NJN,SF,77.0,40.0,21.6,3.2,7.4,0.425,0.7,2.0,0.335,2.5,5.4,0.458,0.47,1.3,1.8,0.719,0.5,2.2,2.7,1.8,1.1,0.2,1.7,2.2,8.2,,0,0,1
169.0,Marcus Fizer,22.0,CHI,PF,72.0,13.0,1580.0,11.0,0.476,0.06,0.249,5.5,18.5,11.8,9.4,1.0,0.9,14.7,24.7,-1.3,0.6,-0.7,-0.022,-3.3,-2.8,-6.1,-1.6,,2000,133.0,22.0,CHI,PF,72.0,13.0,21.9,3.9,9.0,0.43,0.1,0.5,0.256,3.7,8.4,0.442,0.438,1.6,2.2,0.727,1.1,3.3,4.3,1.1,0.4,0.3,1.7,2.4,9.5,,1,2,1
176.0,Desmond Mason,23.0,SEA,SF,78.0,14.0,1522.0,10.5,0.483,0.153,0.207,5.5,13.3,9.4,6.5,1.3,1.0,10.0,15.8,1.0,0.8,1.7,0.055,-1.8,-1.0,-2.8,-0.3,,2000,232.0,23.0,SEA,SF,78.0,14.0,19.5,2.4,5.6,0.431,0.2,0.9,0.269,2.2,4.8,0.46,0.451,0.9,1.2,0.736,0.9,2.3,3.2,0.8,0.5,0.3,0.7,1.9,5.9,,1,2,1
189.0,Marc Jackson,26.0,GSW,C,48.0,35.0,1410.0,16.1,0.534,0.045,0.378,8.3,19.8,13.6,7.3,1.2,1.4,13.6,20.5,1.9,0.7,2.6,0.089,-0.2,-1.4,-1.6,0.2,ROY-3,2000,67.0,26.0,GSW,C,48.0,35.0,29.4,4.9,10.6,0.467,0.1,0.5,0.217,4.8,10.1,0.478,0.471,3.2,4.0,0.802,2.5,5.0,7.5,1.2,0.7,0.6,1.9,2.9,13.2,ROY-3,1,1,1
192.0,Courtney Alexander,23.0,2TM,PG,65.0,24.0,1382.0,11.6,0.484,0.08,0.262,3.5,8.4,5.9,8.0,1.7,0.3,10.5,23.2,0.3,0.5,0.8,0.027,-2.4,-1.9,-4.3,-0.8,,2000,132.0,23.0,2TM,PG,65.0,24.0,21.3,3.7,8.8,0.417,0.3,0.7,0.37,3.4,8.1,0.421,0.432,1.9,2.3,0.82,0.6,1.6,2.2,1.0,0.7,0.1,1.2,2.1,9.5,,1,2,1
195.0,Quentin Richardson,20.0,LAC,SG,76.0,28.0,1358.0,16.5,0.516,0.288,0.301,9.1,12.5,10.8,8.3,1.7,0.4,9.7,22.4,2.1,1.0,3.0,0.106,2.0,-1.1,0.8,0.9,,2000,166.0,20.0,LAC,SG,76.0,28.0,17.9,3.1,6.9,0.442,0.7,2.0,0.331,2.4,4.9,0.487,0.49,1.3,2.1,0.627,1.4,2.0,3.4,0.8,0.6,0.1,0.8,1.3,8.1,,0,0,1
197.0,DerMarr Johnson,20.0,ATL,SF,78.0,21.0,1313.0,8.4,0.463,0.326,0.223,4.7,10.4,7.6,7.9,1.7,1.6,17.8,17.7,-0.9,0.9,0.0,0.0,-2.8,-0.8,-3.5,-0.5,,2000,255.0,20.0,ATL,SF,78.0,21.0,16.8,1.9,5.0,0.374,0.5,1.6,0.323,1.3,3.4,0.399,0.427,0.8,1.1,0.736,0.7,1.6,2.3,0.8,0.6,0.4,1.2,1.7,5.1,,0,0,1
198.0,Stromile Swift,21.0,VAN,PF,80.0,6.0,1312.0,13.1,0.487,0.012,0.416,9.6,15.1,12.4,3.5,2.5,4.3,13.8,16.2,0.2,1.6,1.9,0.069,-2.9,0.9,-2.0,0.0,,2000,265.0,21.0,VAN,PF,80.0,6.0,16.4,1.9,4.2,0.451,0.0,0.1,0.0,1.9,4.2,0.457,0.451,1.1,1.8,0.603,1.4,2.2,3.6,0.4,0.8,1.0,0.8,2.0,4.9,,0,0,1
207.0,Mateen Cleaves,23.0,DET,PG,78.0,8.0,1268.0,9.0,0.458,0.043,0.343,2.2,9.1,5.6,26.8,2.0,0.1,23.2,20.5,-1.3,1.2,-0.1,-0.006,-4.5,-0.7,-5.2,-1.0,,2000,243.0,23.0,DET,PG,78.0,8.0,16.3,2.1,5.1,0.4,0.1,0.2,0.294,2.0,4.9,0.405,0.406,1.2,1.8,0.708,0.3,1.4,1.7,2.7,0.6,0.0,1.8,2.0,5.4,,0,0,1
209.0,Hedo Türkoğlu,21.0,SAC,SF,74.0,7.0,1245.0,11.7,0.509,0.257,0.334,4.4,13.6,9.1,8.3,2.1,1.3,12.5,15.6,1.0,1.8,2.8,0.106,-2.0,1.1,-0.9,0.4,,2000,249.0,21.0,SAC,SF,74.0,7.0,16.8,1.9,4.5,0.412,0.4,1.2,0.326,1.5,3.4,0.442,0.454,1.2,1.5,0.777,0.7,2.2,2.8,0.9,0.7,0.3,0.7,1.9,5.3,,1,2,1
212.0,Keyon Dooling,20.0,LAC,PG,76.0,1.0,1237.0,12.6,0.509,0.221,0.494,0.8,7.3,4.1,23.7,1.8,0.6,17.6,20.0,0.8,0.7,1.4,0.056,-1.5,-0.9,-2.5,-0.2,,2000,229.0,20.0,LAC,PG,76.0,1.0,16.3,1.9,4.8,0.409,0.4,1.1,0.35,1.6,3.7,0.426,0.448,1.6,2.4,0.698,0.1,1.1,1.2,2.3,0.5,0.1,1.2,1.4,5.9,,0,0,1
223.0,Chris Mihm,21.0,CLE,C,59.0,43.0,1166.0,12.6,0.5,0.003,0.322,10.6,17.3,13.9,2.4,0.9,3.3,15.2,20.4,0.3,1.0,1.3,0.053,-2.9,-1.3,-4.2,-0.7,,2000,177.0,21.0,CLE,C,59.0,43.0,19.8,2.9,6.6,0.442,0.0,0.0,0.0,2.9,6.6,0.444,0.442,1.7,2.1,0.794,1.8,2.9,4.7,0.3,0.3,0.9,1.4,2.6,7.6,,1,2,1
227.0,Chris Porter,22.0,GSW,SF,51.0,35.0,1147.0,11.1,0.434,0.011,0.317,7.6,10.1,8.7,9.0,2.0,0.4,10.4,20.8,-0.1,0.3,0.2,0.008,-2.7,-1.8,-4.5,-0.7,,2000,153.0,22.0,GSW,SF,51.0,35.0,22.5,3.4,8.7,0.389,0.0,0.1,0.0,3.4,8.6,0.393,0.389,1.8,2.8,0.667,1.7,2.0,3.7,1.2,0.9,0.1,1.2,2.2,8.6,,0,0,1
232.0,Mark Blount,25.0,BOS,C,64.0,50.0,1098.0,11.1,0.541,0.0,0.33,9.9,14.9,12.3,4.8,1.8,5.3,21.3,12.0,0.5,1.4,1.9,0.084,-4.2,1.1,-3.1,-0.3,,2000,311.0,25.0,BOS,C,64.0,50.0,17.2,1.6,3.1,0.505,0.0,0.0,,1.6,3.1,0.505,0.505,0.7,1.0,0.697,1.5,2.1,3.6,0.5,0.6,1.2,1.0,2.9,3.9,,0,0,1
233.0,Jamaal Magloire,22.0,CHH,C,74.0,0.0,1095.0,13.4,0.506,0.007,0.535,10.8,19.9,15.4,4.2,0.9,5.2,15.4,16.7,0.6,2.0,2.6,0.114,-3.0,0.8,-2.2,-0.1,,2000,282.0,22.0,CHH,C,74.0,0.0,14.8,1.6,3.7,0.45,0.0,0.0,0.0,1.6,3.6,0.454,0.45,1.3,2.0,0.655,1.4,2.6,4.0,0.4,0.2,1.1,0.8,1.9,4.6,,0,0,1
238.0,Jamal Crawford,20.0,CHI,PG,61.0,8.0,1050.0,8.5,0.442,0.385,0.112,1.0,9.4,5.0,23.0,2.2,1.0,21.0,17.9,-1.3,0.4,-0.9,-0.043,-2.9,-1.5,-4.4,-0.6,,2000,280.0,20.0,CHI,PG,61.0,8.0,17.2,1.8,5.0,0.352,0.7,1.9,0.35,1.1,3.1,0.353,0.419,0.4,0.6,0.794,0.1,1.3,1.5,2.3,0.7,0.2,1.4,1.1,4.6,,0,0,1
244.0,Hanno Möttölä,24.0,ATL,SF,73.0,3.0,989.0,7.5,0.504,0.011,0.325,5.5,14.2,9.8,4.2,0.6,0.6,17.5,17.3,-0.1,0.5,0.4,0.018,-5.1,-1.5,-6.6,-1.1,,2000,295.0,24.0,ATL,SF,73.0,3.0,13.5,1.7,3.8,0.444,0.0,0.0,0.0,1.7,3.8,0.449,0.444,1.0,1.2,0.811,0.7,1.7,2.4,0.3,0.2,0.1,0.9,2.2,4.4,,0,0,1
251.0,Jake Tsakalidis,21.0,PHO,C,57.0,39.0,947.0,9.6,0.502,0.0,0.423,9.8,19.4,14.5,3.2,0.5,4.2,20.6,15.1,-0.3,1.6,1.3,0.067,-4.7,0.8,-4.0,-0.5,,2000,291.0,21.0,PHO,C,57.0,39.0,16.6,1.8,3.8,0.47,0.0,0.0,,1.8,3.8,0.47,0.47,0.9,1.6,0.593,1.5,2.8,4.2,0.3,0.2,1.0,1.2,2.4,4.5,,0,0,1
253.0,Khalid El-Amin,21.0,CHI,PG,50.0,14.0,936.0,12.2,0.458,0.27,0.232,2.6,7.9,5.1,27.5,2.8,0.2,13.6,19.7,0.2,0.4,0.6,0.03,-1.7,-0.7,-2.4,-0.1,,2000,217.0,21.0,CHI,PG,50.0,14.0,18.7,2.3,6.2,0.37,0.6,1.7,0.333,1.7,4.5,0.383,0.415,1.1,1.4,0.778,0.4,1.2,1.6,2.9,1.0,0.0,1.1,2.0,6.3,,0,0,1
267.0,Mike Penberthy,26.0,LAL,PG,53.0,0.0,851.0,11.2,0.567,0.626,0.14,1.3,7.0,4.2,12.4,1.4,0.2,12.6,14.2,1.3,0.2,1.6,0.088,-0.3,-1.2,-1.6,0.1,,2000,259.0,26.0,LAL,PG,53.0,0.0,16.1,1.7,4.2,0.414,1.0,2.6,0.396,0.7,1.6,0.446,0.538,0.5,0.6,0.903,0.2,1.0,1.2,1.3,0.4,0.0,0.6,1.1,5.0,,0,0,1
293.0,Mark Madsen,25.0,LAL,PF,70.0,3.0,641.0,9.2,0.53,0.009,0.327,13.2,13.6,13.4,5.4,0.7,0.9,17.3,10.9,0.8,0.3,1.1,0.085,-2.9,-1.6,-4.5,-0.4,,2000,396.0,25.0,LAL,PF,70.0,3.0,9.2,0.8,1.6,0.487,0.0,0.0,1.0,0.8,1.6,0.482,0.491,0.4,0.5,0.703,1.1,1.1,2.2,0.3,0.1,0.1,0.4,1.6,2.0,,0,0,1
297.0,A.J. Guyton,22.0,CHI,PG,33.0,8.0,630.0,10.3,0.495,0.359,0.094,1.8,5.1,3.4,18.1,0.8,0.6,10.7,16.5,0.4,-0.1,0.3,0.02,-0.8,-3.2,-4.0,-0.3,,2000,224.0,22.0,CHI,PG,33.0,8.0,19.1,2.4,5.8,0.406,0.8,2.1,0.391,1.5,3.7,0.415,0.477,0.5,0.5,0.833,0.3,0.8,1.1,1.9,0.3,0.2,0.7,1.1,6.0,,0,0,1
302.0,Dragan Tarlać,27.0,CHI,C,43.0,12.0,598.0,5.6,0.454,0.0,0.333,7.1,17.5,12.1,8.4,0.6,2.4,25.1,11.8,-0.4,0.2,-0.2,-0.016,-6.2,-1.1,-7.3,-0.8,,2000,374.0,27.0,CHI,C,43.0,12.0,13.9,0.9,2.3,0.394,0.0,0.0,,0.9,2.3,0.394,0.394,0.6,0.8,0.758,0.9,2.0,2.8,0.7,0.2,0.4,0.9,2.2,2.4,,0,0,1
304.0,Paul McPherson,22.0,2TM,PG,55.0,0.0,595.0,13.6,0.542,0.056,0.269,7.0,7.6,7.3,11.6,2.2,0.5,16.3,21.0,0.4,0.5,0.9,0.074,-1.6,-0.3,-1.9,0.0,,2000,266.0,22.0,2TM,PG,55.0,0.0,10.8,2.0,3.9,0.505,0.0,0.2,0.167,1.9,3.7,0.525,0.509,0.8,1.1,0.724,0.7,0.7,1.4,0.7,0.5,0.1,0.9,1.5,4.8,,0,0,1
308.0,Daniel Santiago,24.0,PHO,C,54.0,2.0,581.0,7.9,0.528,0.0,0.455,6.7,13.3,9.9,3.0,1.5,2.6,22.6,16.0,-0.3,0.9,0.6,0.052,-5.8,1.1,-4.8,-0.4,,2000,348.0,24.0,PHO,C,54.0,2.0,10.8,1.2,2.5,0.478,0.0,0.0,,1.2,2.5,0.478,0.478,0.8,1.1,0.689,0.6,1.2,1.9,0.2,0.3,0.4,0.9,1.9,3.1,,0,0,1
312.0,Eddie House,22.0,MIA,PG,50.0,0.0,550.0,11.6,0.478,0.223,0.142,1.1,8.0,4.5,19.4,1.3,0.0,11.8,26.2,-0.2,0.6,0.4,0.035,-2.4,-0.9,-3.3,-0.2,,2000,257.0,22.0,MIA,PG,50.0,0.0,11.0,2.1,4.9,0.421,0.4,1.1,0.345,1.7,3.8,0.443,0.46,0.5,0.7,0.686,0.1,0.7,0.8,1.0,0.3,0.0,0.7,1.2,5.0,,0,0,1
325.0,Lee Nailon,25.0,CHH,SF,42.0,0.0,469.0,11.7,0.529,0.007,0.316,7.1,15.3,11.2,9.1,1.0,0.8,14.8,17.9,0.4,0.6,0.9,0.096,-2.5,-0.1,-2.6,-0.1,,2000,314.0,25.0,CHH,SF,42.0,0.0,11.2,1.6,3.2,0.485,0.0,0.0,0.0,1.6,3.2,0.489,0.485,0.8,1.0,0.744,0.7,1.5,2.2,0.6,0.2,0.1,0.6,1.4,3.9,,0,0,1
330.0,Eduardo Nájera,24.0,DAL,PF,40.0,4.0,431.0,14.0,0.522,0.027,0.297,10.9,13.6,12.3,9.7,1.6,1.3,11.9,15.0,0.6,0.4,1.1,0.12,0.1,-0.2,-0.1,0.2,,2000,338.0,24.0,DAL,PF,40.0,4.0,10.8,1.5,2.8,0.523,0.0,0.1,0.333,1.4,2.7,0.528,0.527,0.4,0.8,0.424,1.0,1.4,2.4,0.7,0.3,0.2,0.4,1.2,3.3,,0,0,1
332.0,David Vanterpool,27.0,WAS,PG,22.0,0.0,411.0,10.9,0.462,0.055,0.455,4.2,6.4,5.3,26.4,2.9,0.5,21.9,18.3,-0.2,0.2,0.0,0.0,-2.7,-0.9,-3.7,-0.2,,2000,242.0,27.0,WAS,PG,22.0,0.0,18.7,2.1,5.0,0.418,0.0,0.3,0.0,2.1,4.7,0.442,0.418,1.4,2.3,0.6,0.7,1.0,1.7,3.0,1.0,0.1,1.7,2.0,5.5,,0,0,1
346.0,Rubén Wolkowyski,27.0,SEA,PF,34.0,1.0,305.0,6.4,0.399,0.025,0.43,4.5,12.7,8.7,1.4,1.0,4.3,11.3,15.7,-0.3,0.2,-0.1,-0.012,-5.3,-0.6,-5.9,-0.3,,2000,385.0,27.0,SEA,PF,34.0,1.0,9.0,0.7,2.3,0.316,0.0,0.1,0.0,0.7,2.3,0.325,0.316,0.7,1.0,0.735,0.4,1.0,1.4,0.1,0.2,0.5,0.4,1.1,2.2,,0,0,1
348.0,DeShawn Stevenson,19.0,UTA,SG,40.0,2.0,293.0,4.3,0.413,0.132,0.418,3.9,7.9,5.9,9.6,1.8,0.6,20.6,21.3,-0.6,0.2,-0.4,-0.071,-6.0,-1.7,-7.7,-0.4,,2000,384.0,19.0,UTA,SG,40.0,2.0,7.3,0.8,2.3,0.341,0.0,0.3,0.083,0.8,2.0,0.38,0.346,0.7,1.0,0.684,0.2,0.5,0.7,0.5,0.3,0.1,0.7,0.7,2.2,,0,0,1
352.0,Joel Przybilla,21.0,MIL,C,33.0,13.0,270.0,5.9,0.339,0.0,0.314,12.3,17.5,14.9,1.0,0.6,8.2,24.6,8.9,-0.2,0.3,0.1,0.018,-6.8,0.6,-6.3,-0.3,,2000,428.0,21.0,MIL,C,33.0,13.0,8.2,0.4,1.1,0.343,0.0,0.0,,0.4,1.1,0.343,0.343,0.1,0.3,0.273,0.9,1.3,2.2,0.1,0.1,0.9,0.4,1.7,0.8,,0,0,1
355.0,Dalibor Bagarić,20.0,CHI,C,35.0,0.0,259.0,3.3,0.304,0.015,0.431,9.7,16.2,12.8,6.2,1.9,4.6,21.4,17.6,-0.9,0.2,-0.7,-0.121,-8.9,-1.2,-10.0,-0.5,,2000,414.0,20.0,CHI,C,35.0,0.0,7.4,0.5,1.9,0.262,0.0,0.0,0.0,0.5,1.8,0.266,0.262,0.4,0.8,0.464,0.6,1.0,1.6,0.3,0.3,0.5,0.6,1.3,1.3,,0,0,1
358.0,Dan Langhi,23.0,HOU,SF,33.0,0.0,241.0,9.4,0.403,0.01,0.293,6.4,13.1,9.8,2.8,1.5,0.3,6.7,22.9,-0.2,0.2,-0.1,-0.014,-4.0,-2.3,-6.3,-0.3,,2000,359.0,23.0,HOU,SF,33.0,0.0,7.3,1.1,3.0,0.374,0.0,0.0,0.0,1.1,3.0,0.378,0.374,0.5,0.9,0.552,0.4,0.8,1.2,0.1,0.2,0.0,0.2,0.5,2.7,,0,0,1
361.0,Soumaila Samake,22.0,NJN,C,34.0,0.0,226.0,9.0,0.393,0.0,0.5,10.9,16.2,13.5,0.7,0.5,4.6,6.4,12.6,0.0,0.2,0.1,0.028,-2.9,-0.9,-3.9,-0.1,,2000,413.0,22.0,NJN,C,34.0,0.0,6.6,0.5,1.4,0.375,0.0,0.0,,0.5,1.4,0.375,0.375,0.3,0.7,0.417,0.6,0.9,1.6,0.0,0.1,0.4,0.1,0.7,1.4,,0,0,1
362.0,Jason Collier,23.0,HOU,C,23.0,0.0,222.0,7.4,0.435,0.014,0.338,6.4,12.7,9.6,4.4,0.5,0.9,11.9,19.2,-0.1,0.1,0.0,-0.001,-4.5,-2.0,-6.5,-0.2,,2000,345.0,23.0,HOU,C,23.0,0.0,9.7,1.2,3.1,0.38,0.0,0.0,0.0,1.2,3.0,0.386,0.38,0.7,1.0,0.708,0.5,1.1,1.6,0.3,0.1,0.1,0.5,1.2,3.1,,0,0,1
363.0,Olumide Oyedeji,19.0,SEA,C,30.0,1.0,221.0,10.6,0.532,0.0,0.324,12.5,22.2,17.4,1.3,1.7,3.3,20.6,10.9,0.1,0.3,0.4,0.09,-3.8,0.0,-3.8,-0.1,,2000,410.0,19.0,SEA,C,30.0,1.0,7.4,0.6,1.2,0.486,0.0,0.0,,0.6,1.2,0.486,0.486,0.3,0.4,0.75,0.8,1.4,2.2,0.1,0.2,0.3,0.4,1.3,1.5,,0,0,1
372.0,Ira Newble,26.0,SAS,SF,27.0,6.0,184.0,8.9,0.435,0.164,0.291,8.4,12.9,10.8,5.3,0.6,1.5,10.1,17.6,0.0,0.2,0.2,0.055,-2.8,-1.2,-4.0,-0.1,,2000,397.0,26.0,SAS,SF,27.0,6.0,6.8,0.8,2.0,0.382,0.1,0.3,0.444,0.6,1.7,0.37,0.418,0.3,0.6,0.5,0.5,0.8,1.3,0.2,0.1,0.1,0.3,0.7,2.0,,0,0,1
373.0,Mike Smith,24.0,WAS,SF,17.0,0.0,180.0,8.1,0.386,0.305,0.271,6.4,7.9,7.2,9.0,1.4,1.2,9.6,18.1,-0.1,0.0,-0.1,-0.033,-1.6,-2.5,-4.2,-0.1,,2000,352.0,24.0,WAS,SF,17.0,0.0,10.6,1.1,3.5,0.322,0.2,1.1,0.167,0.9,2.4,0.39,0.347,0.6,0.9,0.625,0.6,0.7,1.3,0.6,0.3,0.2,0.4,0.5,3.0,,0,0,1
376.0,Lavor Postell,22.0,NYK,SG,26.0,0.0,169.0,7.2,0.448,0.204,0.5,5.9,11.8,8.9,5.0,1.3,1.0,20.5,24.0,-0.3,0.2,-0.1,-0.027,-4.2,-0.9,-5.1,-0.1,,2000,377.0,22.0,NYK,SG,26.0,0.0,6.5,0.7,2.1,0.315,0.1,0.4,0.273,0.5,1.7,0.326,0.343,0.8,1.0,0.815,0.3,0.7,1.0,0.2,0.2,0.1,0.7,0.5,2.3,,0,0,1
380.0,Eddie Gill,22.0,NJN,PG,8.0,0.0,152.0,8.9,0.451,0.22,0.122,0.0,7.0,3.4,26.3,1.4,0.5,18.8,15.9,-0.1,0.0,0.0,-0.01,-2.8,-1.9,-4.7,-0.1,,2000,264.0,22.0,NJN,PG,8.0,0.0,19.0,2.0,5.1,0.39,0.4,1.1,0.333,1.6,4.0,0.406,0.427,0.5,0.6,0.8,0.0,1.1,1.1,3.0,0.5,0.1,1.3,1.1,4.9,,0,0,1
381.0,Pepe Sánchez,23.0,2TM,PG,29.0,0.0,150.0,12.6,0.346,0.036,0.071,2.3,8.9,5.6,41.3,3.9,0.5,17.2,10.5,0.1,0.2,0.3,0.107,-2.2,2.8,0.6,0.1,,2000,429.0,23.0,2TM,PG,29.0,0.0,5.2,0.3,1.0,0.321,0.0,0.0,0.0,0.3,0.9,0.333,0.321,0.1,0.1,1.0,0.1,0.4,0.5,1.4,0.4,0.0,0.2,0.7,0.7,,0,0,1
386.0,Jake Voskuhl,23.0,CHI,C,16.0,2.0,143.0,5.8,0.481,0.0,0.56,9.6,19.0,14.1,5.7,1.9,3.1,27.8,14.0,-0.2,0.1,0.0,-0.007,-8.7,-1.2,-9.9,-0.3,,2000,398.0,23.0,CHI,C,16.0,2.0,8.9,0.7,1.6,0.44,0.0,0.0,,0.7,1.6,0.44,0.44,0.5,0.9,0.571,0.8,1.4,2.1,0.3,0.3,0.4,0.8,2.4,1.9,,0,0,1
387.0,Jérôme Moïso,22.0,BOS,C,24.0,0.0,135.0,3.2,0.422,0.033,0.867,9.9,27.1,18.1,3.6,1.2,2.3,30.3,20.0,-0.4,0.2,-0.3,-0.096,-9.5,-0.8,-10.3,-0.3,,2000,409.0,22.0,BOS,C,24.0,0.0,5.6,0.5,1.3,0.4,0.0,0.0,0.0,0.5,1.2,0.414,0.4,0.5,1.1,0.423,0.5,1.3,1.8,0.1,0.1,0.2,0.8,1.2,1.5,,0,0,1
388.0,Steve Goodrich,24.0,CHI,PF,12.0,0.0,133.0,4.1,0.451,0.167,0.389,6.0,13.0,9.4,7.1,0.8,0.6,27.5,10.2,-0.1,0.0,-0.1,-0.038,-4.9,-2.6,-7.5,-0.2,,2000,405.0,24.0,CHI,PF,12.0,0.0,11.1,0.6,1.5,0.389,0.1,0.3,0.333,0.5,1.3,0.4,0.417,0.3,0.6,0.571,0.6,1.2,1.8,0.5,0.2,0.1,0.7,1.2,1.6,,0,0,1
391.0,Brian Cardinal,23.0,DET,PF,15.0,0.0,126.0,4.7,0.398,0.161,0.581,6.7,13.0,9.8,3.6,2.8,1.1,18.8,16.5,-0.2,0.2,0.0,-0.009,-7.7,1.4,-6.3,-0.1,,2000,388.0,23.0,DET,PF,15.0,0.0,8.4,0.7,2.1,0.323,0.0,0.3,0.0,0.7,1.7,0.385,0.323,0.7,1.2,0.611,0.5,1.0,1.5,0.2,0.5,0.1,0.6,1.8,2.1,,0,0,1
404.0,Rubén Garcés,27.0,2TM,PF,13.0,0.0,73.0,9.7,0.313,0.0,0.364,23.7,20.6,22.2,10.5,2.1,2.0,16.4,18.4,-0.1,0.1,0.0,0.009,-4.1,-0.8,-4.9,-0.1,,2000,419.0,27.0,2TM,PF,13.0,0.0,5.6,0.5,1.7,0.318,0.0,0.0,,0.5,1.7,0.318,0.318,0.2,0.6,0.25,1.2,1.0,2.2,0.4,0.2,0.2,0.4,1.1,1.2,,0,0,1
406.0,Jamal Robinson,27.0,MIA,SF,6.0,0.0,72.0,-1.9,0.136,0.091,0.0,5.0,13.2,9.1,4.4,4.6,0.0,12.0,16.8,-0.4,0.2,-0.2,-0.166,-10.7,0.8,-9.9,-0.1,,2000,426.0,27.0,MIA,SF,6.0,0.0,12.0,0.5,3.7,0.136,0.0,0.3,0.0,0.5,3.3,0.15,0.136,0.0,0.0,,0.5,1.3,1.8,0.3,1.0,0.0,0.5,1.2,1.0,,0,0,1
408.0,Jabari Smith,23.0,SAC,C,9.0,0.0,66.0,14.7,0.528,0.0,0.273,1.7,11.1,6.5,14.8,3.1,0.0,10.9,18.5,0.1,0.1,0.2,0.126,-2.3,0.4,-1.9,0.0,,2000,353.0,23.0,SAC,C,9.0,0.0,7.3,1.2,2.4,0.5,0.0,0.0,,1.2,2.4,0.5,0.5,0.4,0.7,0.667,0.1,0.8,0.9,0.7,0.4,0.0,0.3,0.8,2.9,,0,0,1
409.0,Donnell Harvey,20.0,DAL,PF,18.0,0.0,65.0,9.8,0.523,0.0,1.143,10.6,23.4,17.2,4.7,2.4,1.1,25.0,19.6,-0.1,0.1,0.1,0.039,-6.6,0.1,-6.5,-0.1,,2000,421.0,20.0,DAL,PF,18.0,0.0,3.6,0.4,0.8,0.571,0.0,0.0,,0.4,0.8,0.571,0.571,0.3,0.9,0.375,0.3,0.8,1.1,0.1,0.2,0.1,0.4,0.8,1.2,,0,0,1
412.0,Dan McClintock,23.0,DEN,C,6.0,1.0,58.0,9.9,0.446,0.0,0.278,18.5,13.3,15.9,2.9,0.0,2.4,12.9,17.8,0.0,0.0,0.0,0.007,-4.6,-3.3,-7.9,-0.1,,2000,351.0,23.0,DEN,C,6.0,1.0,9.7,1.5,3.0,0.5,0.0,0.0,,1.5,3.0,0.5,0.5,0.0,0.8,0.0,1.7,1.2,2.8,0.2,0.0,0.3,0.5,1.8,3.0,,0,0,1
415.0,Sean Colson,25.0,2TM,PG,13.0,0.0,44.0,6.8,0.291,0.208,0.167,5.4,10.2,7.7,38.7,1.2,0.0,7.2,28.8,-0.1,0.0,-0.1,-0.106,-5.7,-3.2,-8.9,-0.1,,2000,420.0,25.0,2TM,PG,13.0,0.0,3.4,0.5,1.8,0.25,0.1,0.4,0.2,0.4,1.5,0.263,0.271,0.2,0.3,0.5,0.2,0.3,0.5,0.8,0.1,0.0,0.2,0.5,1.2,,0,0,1
418.0,Stanislav Medvedenko,21.0,LAL,PF,7.0,0.0,39.0,21.8,0.528,0.04,0.48,2.9,22.9,13.0,10.8,1.3,1.8,9.0,38.2,0.1,0.0,0.1,0.126,-1.3,-0.9,-2.3,0.0,,2000,283.0,21.0,LAL,PF,7.0,0.0,5.6,1.7,3.6,0.48,0.1,0.1,1.0,1.6,3.4,0.458,0.5,1.0,1.7,0.583,0.1,1.1,1.3,0.3,0.1,0.1,0.4,1.3,4.6,,0,0,1
420.0,Erick Barkley,22.0,POR,PG,8.0,0.0,38.0,10.3,0.432,0.364,0.0,0.0,9.1,4.7,28.8,2.8,0.0,18.5,33.0,-0.1,0.0,-0.1,-0.075,-4.6,-3.2,-7.7,-0.1,,2000,369.0,22.0,POR,PG,8.0,0.0,4.8,1.0,2.8,0.364,0.4,1.0,0.375,0.6,1.8,0.357,0.432,0.0,0.0,,0.0,0.4,0.4,0.8,0.3,0.0,0.6,0.3,2.4,,0,0,1
421.0,Wang Zhizhi,23.0,DAL,C,5.0,0.0,38.0,14.9,0.513,0.105,0.526,3.0,17.2,10.3,0.0,0.0,0.0,4.1,29.2,0.1,0.0,0.1,0.122,-4.6,-4.2,-8.8,-0.1,,2000,270.0,23.0,DAL,C,5.0,0.0,7.6,1.6,3.8,0.421,0.0,0.4,0.0,1.6,3.4,0.471,0.421,1.6,2.0,0.8,0.2,1.2,1.4,0.0,0.0,0.0,0.2,1.6,4.8,,0,0,1
422.0,Michael Redd,21.0,MIL,SG,6.0,0.0,35.0,3.4,0.3,0.158,0.316,9.8,3.2,6.5,4.4,1.5,0.0,4.4,29.3,-0.1,0.0,-0.1,-0.163,-6.2,-5.2,-11.4,-0.1,,2000,382.0,21.0,MIL,SG,6.0,0.0,5.8,0.8,3.2,0.263,0.0,0.5,0.0,0.8,2.7,0.313,0.263,0.5,1.0,0.5,0.5,0.2,0.7,0.2,0.2,0.0,0.2,0.3,2.2,,0,0,1
427.0,Raja Bell,24.0,PHI,SG,5.0,0.0,30.0,-0.6,0.357,0.429,0.0,0.0,3.7,1.9,0.0,1.8,0.0,22.2,13.6,-0.1,0.0,-0.1,-0.091,-7.2,-2.2,-9.4,-0.1,,2000,424.0,24.0,PHI,SG,5.0,0.0,6.0,0.4,1.4,0.286,0.2,0.6,0.333,0.2,0.8,0.25,0.357,0.0,0.0,,0.0,0.2,0.2,0.0,0.2,0.0,0.4,0.2,1.0,,0,0,1
428.0,Art Long,28.0,SAC,PF,9.0,0.0,20.0,-3.6,0.0,0.0,0.5,11.1,31.5,21.5,6.4,0.0,10.0,29.1,15.2,-0.1,0.1,-0.1,-0.214,-15.4,1.6,-13.8,-0.1,,2000,439.0,28.0,SAC,PF,9.0,0.0,2.2,0.0,0.4,0.0,0.0,0.0,,0.0,0.4,0.0,0.0,0.0,0.2,0.0,0.2,0.7,0.9,0.1,0.0,0.3,0.2,0.6,0.0,,0,0,1
431.0,Zendon Hamilton,25.0,LAC,C,3.0,0.0,19.0,5.7,0.359,0.0,0.889,18.6,29.3,24.1,0.0,0.0,0.0,13.8,35.3,-0.1,0.0,0.0,-0.119,-8.9,-6.1,-15.0,-0.1,,2000,350.0,25.0,LAC,C,3.0,0.0,6.3,0.7,3.0,0.222,0.0,0.0,,0.7,3.0,0.222,0.222,1.7,2.7,0.625,1.0,1.7,2.7,0.0,0.0,0.0,0.7,1.3,3.0,,0,0,1
433.0,Garth Joseph,27.0,2TM,C,4.0,0.0,16.0,-5.0,0.17,0.0,0.4,13.7,0.0,7.0,9.8,0.0,4.3,25.4,22.0,-0.1,0.0,-0.1,-0.345,-13.6,-6.3,-19.9,-0.1,,2000,432.0,27.0,2TM,C,4.0,0.0,4.0,0.3,1.3,0.2,0.0,0.0,,0.3,1.3,0.2,0.2,0.0,0.5,0.0,0.5,0.0,0.5,0.3,0.0,0.3,0.5,0.3,0.5,,0,0,1
434.0,Terrance Roberson,24.0,CHH,SF,3.0,0.0,13.0,-15.0,0.0,0.5,0.0,0.0,8.7,4.4,10.9,0.0,0.0,50.0,14.2,-0.1,0.0,-0.1,-0.334,-18.7,-2.4,-21.1,-0.1,,2000,441.0,24.0,CHH,SF,3.0,0.0,4.3,0.0,0.7,0.0,0.0,0.3,0.0,0.0,0.3,0.0,0.0,0.0,0.0,,0.0,0.3,0.3,0.3,0.0,0.0,0.7,1.0,0.0,,0,0,1
436.0,Mamadou N'Diaye,25.0,TOR,C,3.0,0.0,10.0,6.6,0.41,0.0,0.5,11.0,11.6,11.3,0.0,0.0,0.0,0.0,21.8,0.0,0.0,0.0,0.083,-7.1,-4.7,-11.7,0.0,,2000,417.0,25.0,TOR,C,3.0,0.0,3.3,0.3,1.3,0.25,0.0,0.0,,0.3,1.3,0.25,0.25,0.7,0.7,1.0,0.3,0.3,0.7,0.0,0.0,0.0,0.0,1.0,1.3,,0,0,1
437.0,Jason Hart,22.0,MIL,PG,1.0,0.0,10.0,1.7,1.0,0.0,0.0,0.0,0.0,0.0,14.6,0.0,0.0,66.7,13.6,0.0,0.0,0.0,-0.159,-5.7,-4.4,-10.2,0.0,,2000,394.0,22.0,MIL,PG,1.0,0.0,10.0,1.0,1.0,1.0,0.0,0.0,,1.0,1.0,1.0,1.0,0.0,0.0,,0.0,0.0,0.0,1.0,0.0,0.0,2.0,0.0,2.0,,0,0,1
441.0,Andy Panko,23.0,ATL,SF,1.0,0.0,1.0,0.0,,,,0.0,0.0,0.0,0.0,0.0,0.0,,0.0,0.0,0.0,0.0,-0.017,-3.2,-2.9,-6.2,0.0,,2000,440.0,23.0,ATL,SF,1.0,0.0,1.0,0.0,0.0,,0.0,0.0,,0.0,0.0,,,0.0,0.0,,0.0,0.0,0.0,0.0,0.0,0.0,0.0,0.0,0.0,,0,0,1
15.0,Shane Battier,23.0,MEM,SF,78.0,78.0,3097.0,13.9,0.518,0.287,0.294,6.5,8.6,7.5,11.9,2.1,1.8,12.5,18.2,2.7,2.1,4.8,0.074,0.2,0.3,0.5,1.9,,2001,62.0,23.0,MEM,SF,78.0,78.0,39.7,5.3,12.3,0.429,1.3,3.5,0.373,4.0,8.8,0.451,0.482,2.5,3.6,0.7,2.3,3.1,5.4,2.8,1.6,1.0,2.0,2.8,14.4,,1,1,1
24.0,Pau Gasol,21.0,MEM,PF,82.0,79.0,3007.0,19.5,0.566,0.005,0.448,8.8,18.2,13.5,13.8,0.7,3.9,15.0,22.6,4.8,2.8,7.6,0.121,1.5,0.2,1.7,2.8,ROY-1,2001,41.0,21.0,MEM,PF,82.0,79.0,36.7,6.7,13.0,0.518,0.0,0.1,0.2,6.7,12.9,0.519,0.518,4.1,5.8,0.709,2.9,6.0,8.9,2.7,0.5,2.1,2.7,2.4,17.6,ROY-1,1,1,1
49.0,Jason Richardson,21.0,GSW,SG,80.0,75.0,2629.0,13.8,0.487,0.226,0.193,4.9,9.0,6.9,15.4,2.0,0.8,11.9,21.5,2.0,0.9,2.9,0.052,0.1,-1.0,-0.9,0.7,ROY-3,2001,63.0,21.0,GSW,SG,80.0,75.0,32.9,5.8,13.6,0.426,1.0,3.1,0.333,4.8,10.6,0.453,0.463,1.8,2.6,0.671,1.6,2.7,4.3,3.0,1.3,0.4,2.0,2.4,14.4,ROY-3,1,1,1
68.0,Jamaal Tinsley,23.0,IND,PG,80.0,78.0,2442.0,13.4,0.446,0.23,0.245,3.7,9.9,6.9,42.8,3.0,1.2,24.3,20.7,-1.3,2.9,1.7,0.033,-0.6,0.2,-0.4,1.0,ROY-3,2001,145.0,23.0,IND,PG,80.0,78.0,30.5,3.6,9.5,0.38,0.5,2.2,0.24,3.1,7.3,0.422,0.408,1.6,2.3,0.704,1.0,2.8,3.7,8.1,1.7,0.5,3.4,3.1,9.4,ROY-3,1,2,1
85.0,Tony Parker,19.0,SAS,PG,77.0,72.0,2267.0,11.7,0.497,0.296,0.25,1.7,8.0,5.0,23.9,2.1,0.2,17.5,17.7,0.8,2.9,3.8,0.08,-1.7,0.6,-1.1,0.6,,2001,151.0,19.0,SAS,PG,77.0,72.0,29.4,3.5,8.3,0.419,0.8,2.5,0.323,2.7,5.8,0.46,0.467,1.4,2.1,0.675,0.4,2.1,2.6,4.3,1.2,0.1,2.0,2.2,9.2,,1,1,1
90.0,Trenton Hassell,22.0,CHI,SG,78.0,47.0,2237.0,10.4,0.502,0.263,0.182,3.3,10.2,6.7,13.0,1.3,1.5,13.0,16.0,0.6,0.9,1.5,0.033,-1.7,-1.0,-2.7,-0.4,,2001,161.0,22.0,CHI,SG,78.0,47.0,28.7,3.4,8.1,0.425,0.8,2.1,0.364,2.7,5.9,0.447,0.473,1.1,1.5,0.763,0.8,2.4,3.3,2.2,0.7,0.6,1.3,2.4,8.7,,0,0,1
105.0,Andrei Kirilenko,20.0,UTA,SF,82.0,40.0,2151.0,18.8,0.553,0.158,0.586,8.3,14.2,11.2,7.4,2.9,5.9,11.9,19.0,4.0,3.3,7.3,0.164,1.8,1.9,3.7,3.1,ROY-3,2001,123.0,20.0,UTA,SF,82.0,40.0,26.2,3.5,7.7,0.45,0.3,1.2,0.25,3.2,6.5,0.488,0.47,3.5,4.5,0.768,1.8,3.1,4.9,1.1,1.4,1.9,1.3,1.9,10.7,ROY-3,1,1,1
126.0,Richard Jefferson,21.0,NJN,SF,79.0,9.0,1917.0,13.4,0.524,0.095,0.448,4.9,12.2,8.6,11.7,1.7,1.8,13.1,19.1,1.8,2.9,4.7,0.117,-1.3,0.9,-0.4,0.8,ROY-2,2001,143.0,21.0,NJN,SF,79.0,9.0,24.3,3.4,7.5,0.457,0.2,0.7,0.232,3.3,6.8,0.48,0.468,2.4,3.4,0.713,1.1,2.6,3.7,1.8,0.8,0.6,1.4,2.7,9.4,ROY-2,1,2,1
128.0,Joe Johnson,20.0,2TM,SG,77.0,60.0,1916.0,11.8,0.478,0.223,0.091,4.3,10.8,7.5,15.0,1.6,0.8,10.5,16.0,1.1,1.9,3.0,0.075,-1.2,0.5,-0.7,0.6,,2001,187.0,20.0,2TM,SG,77.0,60.0,24.9,3.3,7.6,0.43,0.5,1.7,0.292,2.8,5.9,0.469,0.462,0.5,0.7,0.774,1.0,2.4,3.3,2.3,0.8,0.3,0.9,1.5,7.5,,0,0,1
131.0,Eddie Griffin,19.0,HOU,PF,73.0,24.0,1896.0,13.8,0.456,0.41,0.129,7.0,18.2,12.5,4.8,0.5,4.8,6.3,18.4,1.0,1.4,2.4,0.061,-0.3,-0.6,-0.9,0.5,,2001,157.0,19.0,HOU,PF,73.0,24.0,26.0,3.3,9.1,0.366,1.2,3.7,0.33,2.1,5.4,0.392,0.434,0.9,1.2,0.744,1.6,4.1,5.7,0.7,0.2,1.8,0.6,1.6,8.8,,1,2,1
183.0,Speedy Claxton,23.0,PHI,PG,67.0,18.0,1528.0,12.6,0.469,0.073,0.301,3.5,8.4,5.9,21.9,3.4,0.3,15.7,18.2,0.4,2.4,2.8,0.087,-2.5,2.1,-0.4,0.6,,2001,194.0,23.0,PHI,PG,67.0,18.0,22.8,2.7,6.7,0.4,0.1,0.5,0.121,2.6,6.3,0.422,0.405,1.7,2.0,0.838,0.7,1.7,2.4,3.0,1.4,0.1,1.4,2.2,7.2,,0,0,1
191.0,Troy Murphy,21.0,GSW,PF,82.0,4.0,1448.0,10.3,0.488,0.021,0.369,7.1,17.0,11.9,7.6,1.3,1.0,14.6,16.7,0.7,0.7,1.4,0.046,-3.3,-1.0,-4.3,-0.8,,2001,237.0,21.0,GSW,PF,82.0,4.0,17.7,2.2,5.2,0.421,0.0,0.1,0.333,2.1,5.0,0.423,0.424,1.5,1.9,0.776,1.2,2.7,3.9,0.9,0.4,0.3,1.0,2.6,5.9,,0,0,1
194.0,Jarron Collins,23.0,UTA,C,70.0,68.0,1440.0,11.5,0.532,0.003,0.528,11.5,13.3,12.4,6.6,1.1,1.2,11.7,15.0,2.3,1.0,3.3,0.111,-2.1,-1.2,-3.3,-0.5,,2001,222.0,23.0,UTA,C,70.0,68.0,20.6,2.3,4.9,0.461,0.0,0.0,0.0,2.3,4.9,0.462,0.461,1.9,2.6,0.74,2.0,2.3,4.2,0.8,0.4,0.3,0.8,3.3,6.4,,0,0,1
199.0,Jason Collins,23.0,NJN,C,77.0,9.0,1407.0,10.7,0.5,0.007,0.59,10.5,13.6,12.0,8.4,1.1,2.4,17.1,13.5,1.0,2.0,3.0,0.104,-2.6,0.6,-2.1,0.0,,2001,283.0,23.0,NJN,C,77.0,9.0,18.3,1.5,3.6,0.421,0.0,0.0,0.5,1.5,3.6,0.42,0.423,1.5,2.1,0.701,1.7,2.2,3.9,1.1,0.4,0.6,0.9,2.2,4.5,,0,0,1
200.0,Tyson Chandler,19.0,CHI,C,71.0,31.0,1389.0,13.0,0.543,0.0,0.73,9.3,19.8,14.4,6.5,1.1,5.0,19.8,16.6,0.4,1.4,1.8,0.062,-3.3,-0.2,-3.5,-0.5,,2001,231.0,19.0,CHI,C,71.0,31.0,19.6,2.1,4.3,0.497,0.0,0.0,,2.1,4.3,0.497,0.497,1.9,3.1,0.604,1.6,3.2,4.8,0.8,0.4,1.3,1.4,2.5,6.1,,0,0,1
218.0,Brendan Haywood,22.0,WAS,C,62.0,2.0,1266.0,13.7,0.54,0.0,0.724,13.0,16.6,14.8,3.5,0.9,5.3,14.6,12.4,1.7,1.4,3.1,0.116,-1.7,0.5,-1.3,0.2,,2001,259.0,22.0,WAS,C,62.0,2.0,20.4,1.8,3.6,0.493,0.0,0.0,,1.8,3.6,0.493,0.493,1.6,2.6,0.606,2.3,2.9,5.2,0.5,0.3,1.5,0.8,2.5,5.1,,0,0,1
225.0,Vladimir Radmanović,21.0,SEA,PF,61.0,16.0,1230.0,12.7,0.528,0.444,0.203,4.4,17.4,11.0,9.8,2.5,1.5,15.7,17.3,0.6,1.5,2.1,0.084,-0.2,0.8,0.6,0.8,,2001,215.0,21.0,SEA,PF,61.0,16.0,20.2,2.4,5.8,0.412,1.1,2.6,0.42,1.3,3.2,0.406,0.506,0.8,1.2,0.681,0.7,3.0,3.8,1.3,0.9,0.4,1.2,2.0,6.7,,0,0,1
228.0,Željko Rebrača,29.0,DET,C,74.0,4.0,1179.0,16.2,0.569,0.0,0.468,8.4,20.5,14.5,5.7,1.3,4.4,15.7,21.4,1.4,1.9,3.3,0.134,-2.9,0.6,-2.3,-0.1,,2001,208.0,29.0,DET,C,74.0,4.0,15.9,2.6,5.1,0.505,0.0,0.0,,2.6,5.1,0.505,0.505,1.8,2.4,0.771,1.1,2.8,3.9,0.5,0.4,1.0,1.1,2.6,6.9,,1,2,1
229.0,Predrag Drobnjak,26.0,SEA,C,64.0,12.0,1174.0,12.7,0.49,0.005,0.176,7.7,14.2,11.0,6.9,0.9,2.0,10.3,19.7,0.8,0.8,1.6,0.065,-2.0,-1.5,-3.4,-0.4,,2001,210.0,26.0,SEA,C,64.0,12.0,18.3,3.0,6.5,0.461,0.0,0.0,0.0,3.0,6.4,0.464,0.461,0.9,1.1,0.753,1.2,2.3,3.4,0.8,0.3,0.5,0.8,1.7,6.8,,0,0,1
231.0,Gilbert Arenas,20.0,GSW,PG,47.0,30.0,1155.0,17.0,0.562,0.294,0.417,3.7,8.7,6.1,24.8,3.0,0.6,17.6,20.1,2.1,0.7,2.7,0.114,1.0,0.0,1.0,0.9,,2001,118.0,20.0,GSW,PG,47.0,30.0,24.6,3.7,8.2,0.453,0.8,2.4,0.345,2.9,5.8,0.498,0.504,2.6,3.4,0.775,0.9,1.9,2.8,3.7,1.5,0.2,2.1,2.4,10.9,,0,0,1
233.0,Eddy Curry,19.0,CHI,C,72.0,31.0,1150.0,14.4,0.54,0.0,0.424,11.0,16.8,13.8,4.0,0.7,3.4,13.4,20.7,1.0,0.8,1.8,0.075,-2.4,-1.9,-4.4,-0.7,,2001,213.0,19.0,CHI,C,72.0,31.0,16.0,2.6,5.2,0.501,0.0,0.0,,2.6,5.2,0.501,0.501,1.5,2.2,0.656,1.5,2.2,3.8,0.3,0.2,0.7,1.0,2.4,6.7,,0,0,1
240.0,Terence Morris,23.0,HOU,SF,68.0,12.0,1110.0,9.5,0.423,0.27,0.097,7.8,14.0,10.9,9.5,1.0,1.7,13.0,14.5,-0.2,0.4,0.2,0.009,-2.2,-1.1,-3.3,-0.4,,2001,319.0,23.0,HOU,SF,68.0,12.0,16.3,1.6,4.3,0.384,0.2,1.1,0.192,1.4,3.1,0.455,0.41,0.3,0.4,0.643,1.1,2.0,3.1,0.9,0.3,0.4,0.7,1.1,3.8,,0,0,1
244.0,Óscar Torres,25.0,HOU,SG,65.0,13.0,1075.0,11.4,0.502,0.37,0.308,4.9,8.1,6.5,6.4,1.3,0.6,11.2,18.8,0.7,0.1,0.9,0.039,-1.1,-1.6,-2.7,-0.2,,2001,236.0,25.0,HOU,SG,65.0,13.0,16.5,2.1,5.2,0.396,0.6,1.9,0.294,1.5,3.3,0.456,0.45,1.3,1.6,0.781,0.7,1.2,1.9,0.6,0.4,0.1,0.8,1.0,6.0,,0,0,1
250.0,Earl Watson,22.0,SEA,PG,64.0,0.0,964.0,11.6,0.507,0.208,0.17,3.9,6.2,5.1,18.8,3.4,0.4,18.3,13.4,0.7,0.8,1.5,0.076,-1.8,1.6,-0.2,0.4,,2001,327.0,22.0,SEA,PG,64.0,0.0,15.1,1.5,3.3,0.453,0.3,0.7,0.364,1.3,2.6,0.476,0.491,0.4,0.6,0.639,0.5,0.8,1.3,2.0,0.9,0.1,0.8,1.5,3.6,,0,0,1
261.0,Will Solomon,23.0,MEM,SG,62.0,4.0,872.0,8.8,0.442,0.489,0.221,1.5,7.2,4.3,17.8,2.1,0.6,14.6,22.1,-0.9,0.5,-0.5,-0.027,-3.3,-1.1,-4.4,-0.5,,2001,256.0,23.0,MEM,SG,62.0,4.0,14.1,1.8,5.3,0.341,0.7,2.6,0.284,1.1,2.7,0.396,0.411,0.8,1.2,0.671,0.2,0.9,1.1,1.5,0.6,0.1,1.0,1.2,5.2,,0,0,1
265.0,Kwame Brown,19.0,WAS,PF,57.0,3.0,817.0,11.2,0.45,0.004,0.407,8.9,19.4,14.1,8.4,1.1,2.4,13.0,18.6,0.0,0.8,0.8,0.048,-3.1,-0.9,-4.0,-0.4,,2001,282.0,19.0,WAS,PF,57.0,3.0,14.3,1.6,4.3,0.387,0.0,0.0,0.0,1.6,4.2,0.388,0.387,1.2,1.7,0.707,1.1,2.4,3.5,0.8,0.3,0.5,0.8,1.8,4.5,,0,0,1
298.0,Etan Thomas,23.0,WAS,C,47.0,0.0,618.0,15.7,0.553,0.0,0.49,10.2,24.0,17.0,1.6,1.5,4.2,12.4,15.6,0.8,0.9,1.6,0.127,-1.2,0.0,-1.2,0.1,,2001,296.0,23.0,WAS,C,47.0,0.0,13.1,1.7,3.2,0.536,0.0,0.0,,1.7,3.2,0.536,0.536,0.9,1.6,0.554,1.2,2.7,3.9,0.1,0.4,0.7,0.6,1.6,4.3,,0,0,1
310.0,Kenny Satterfield,20.0,DEN,PG,36.0,4.0,560.0,11.5,0.431,0.136,0.231,3.3,7.5,5.3,31.8,2.9,0.1,19.5,21.8,-0.5,0.3,-0.2,-0.014,-2.5,-1.1,-3.5,-0.2,,2001,255.0,20.0,DEN,PG,36.0,4.0,15.6,2.0,5.5,0.367,0.2,0.8,0.259,1.8,4.8,0.384,0.384,1.0,1.3,0.783,0.5,1.0,1.4,3.0,0.9,0.0,1.5,1.2,5.3,,0,0,1
314.0,Loren Woods,23.0,MIN,C,60.0,0.0,516.0,9.9,0.449,0.021,0.625,10.4,16.8,13.7,5.8,1.7,4.9,22.7,13.9,-0.2,0.7,0.5,0.047,-3.8,1.2,-2.5,-0.1,,2001,402.0,23.0,MIN,C,60.0,0.0,8.6,0.6,1.6,0.344,0.0,0.0,0.0,0.6,1.6,0.351,0.344,0.7,1.0,0.733,0.8,1.3,2.0,0.4,0.3,0.6,0.6,1.0,1.8,,0,0,1
315.0,Steven Hunter,20.0,ORL,C,53.0,21.0,516.0,12.9,0.502,0.0,0.639,8.6,12.4,10.5,1.5,0.5,5.8,7.8,17.7,0.5,0.5,1.0,0.094,-3.7,-0.4,-4.0,-0.3,,2001,326.0,20.0,ORL,C,53.0,21.0,9.7,1.3,2.8,0.456,0.0,0.0,,1.3,2.8,0.456,0.456,1.0,1.8,0.585,0.8,1.1,1.8,0.1,0.1,0.8,0.3,1.5,3.6,,0,0,1
324.0,Alton Ford,20.0,PHO,PF,53.0,0.0,452.0,10.0,0.573,0.0,0.483,7.9,19.0,13.4,2.4,0.7,1.1,18.3,17.3,0.3,0.5,0.8,0.083,-5.6,-0.8,-6.4,-0.5,,2001,352.0,20.0,PHO,PF,53.0,0.0,8.5,1.2,2.2,0.517,0.0,0.0,,1.2,2.2,0.517,0.517,0.8,1.1,0.737,0.6,1.4,2.0,0.1,0.1,0.1,0.6,1.9,3.1,,0,0,1
327.0,Gerald Wallace,19.0,SAC,SF,54.0,1.0,430.0,13.3,0.443,0.04,0.263,12.4,9.8,11.1,9.6,2.2,0.9,10.1,22.0,0.1,0.6,0.6,0.071,-2.0,-0.4,-2.4,0.0,,2001,348.0,19.0,SAC,SF,54.0,1.0,8.0,1.4,3.2,0.429,0.0,0.1,0.0,1.4,3.1,0.446,0.429,0.4,0.9,0.5,0.9,0.7,1.6,0.5,0.4,0.1,0.4,0.9,3.2,,0,0,1
332.0,Mengke Bateer,26.0,DEN,C,27.0,10.0,408.0,8.0,0.469,0.091,0.28,8.5,18.8,13.4,8.9,1.3,0.9,17.8,19.8,-0.2,0.3,0.1,0.007,-6.3,-1.1,-7.4,-0.6,,2001,258.0,26.0,DEN,C,27.0,10.0,15.1,2.0,4.9,0.402,0.1,0.4,0.333,1.8,4.4,0.408,0.417,1.1,1.4,0.784,1.2,2.4,3.6,0.8,0.4,0.2,1.2,3.5,5.1,,0,0,1
333.0,Tierre Brown,22.0,HOU,SG,40.0,1.0,403.0,12.4,0.483,0.104,0.243,3.4,8.6,6.0,29.5,2.6,0.5,23.9,19.3,-0.1,0.2,0.1,0.006,-2.3,-1.0,-3.3,-0.1,,2001,351.0,22.0,HOU,SG,40.0,1.0,10.1,1.2,2.9,0.426,0.1,0.3,0.333,1.1,2.6,0.437,0.443,0.5,0.7,0.75,0.3,0.8,1.1,1.8,0.5,0.1,1.0,0.7,3.1,,0,0,1
335.0,Carlos Arroyo,22.0,2TM,PG,37.0,1.0,371.0,12.4,0.467,0.018,0.162,3.5,9.0,6.2,31.2,1.6,0.2,16.2,17.2,0.2,0.1,0.4,0.047,-1.8,-1.1,-2.9,-0.1,,2001,354.0,22.0,2TM,PG,37.0,1.0,10.0,1.3,3.0,0.441,0.0,0.1,0.0,1.3,2.9,0.45,0.441,0.4,0.5,0.722,0.3,0.8,1.1,1.9,0.3,0.0,0.6,0.8,3.0,,0,0,1
339.0,Bobby Simmons,21.0,WAS,SF,30.0,3.0,343.0,13.2,0.518,0.147,0.316,8.4,9.3,8.8,8.0,2.1,1.1,11.5,16.4,0.4,0.2,0.7,0.092,0.3,-0.3,0.0,0.2,,2001,322.0,21.0,WAS,SF,30.0,3.0,11.4,1.4,3.2,0.453,0.1,0.5,0.286,1.3,2.7,0.481,0.474,0.7,1.0,0.733,0.8,0.9,1.7,0.6,0.4,0.2,0.5,1.0,3.7,,0,0,1
340.0,Tremaine Fowlkes,25.0,LAC,SF,22.0,17.0,343.0,9.5,0.477,0.0,0.484,10.7,10.4,10.6,7.3,1.7,0.2,14.3,11.9,0.3,0.2,0.5,0.071,-2.5,0.0,-2.5,0.0,,2001,334.0,25.0,LAC,SF,22.0,17.0,15.6,1.1,2.9,0.391,0.0,0.0,,1.1,2.9,0.391,0.391,1.1,1.4,0.774,1.5,1.5,2.9,0.8,0.5,0.0,0.6,1.8,3.4,,0,0,1
342.0,Antonis Fotsis,20.0,MEM,PF,28.0,1.0,320.0,11.3,0.479,0.221,0.192,8.7,12.9,10.8,5.3,1.5,2.4,15.7,19.0,-0.1,0.2,0.1,0.017,-2.0,-1.4,-3.4,-0.1,,2001,312.0,20.0,MEM,PF,28.0,1.0,11.4,1.5,3.7,0.404,0.3,0.8,0.304,1.3,2.9,0.432,0.438,0.6,0.7,0.85,0.9,1.3,2.2,0.4,0.3,0.4,0.8,0.8,3.9,,0,0,1
347.0,Brian Scalabrine,23.0,NJN,PF,28.0,0.0,290.0,4.2,0.408,0.149,0.224,4.6,15.2,9.9,10.5,1.6,0.5,24.6,15.1,-0.5,0.4,-0.1,-0.015,-6.4,0.0,-6.4,-0.3,,2001,390.0,23.0,NJN,PF,28.0,0.0,10.4,0.8,2.4,0.343,0.1,0.4,0.3,0.7,2.0,0.351,0.366,0.4,0.5,0.733,0.4,1.4,1.8,0.8,0.3,0.1,0.9,1.4,2.1,,0,0,1
351.0,Chris Andersen,23.0,DEN,C,24.0,1.0,262.0,13.8,0.417,0.054,0.378,15.8,17.4,16.5,4.2,1.4,7.9,13.1,17.0,0.0,0.3,0.3,0.058,-3.3,0.3,-3.0,-0.1,,2001,355.0,23.0,DEN,C,24.0,1.0,10.9,1.0,3.1,0.338,0.0,0.2,0.0,1.0,2.9,0.357,0.338,0.9,1.2,0.786,1.6,1.6,3.2,0.3,0.3,1.2,0.5,1.5,3.0,,0,0,1
356.0,Ruben Boumtje-Boumtje,23.0,POR,C,33.0,1.0,245.0,6.5,0.453,0.0,0.781,10.0,16.5,13.2,2.3,0.7,5.0,24.6,10.6,-0.1,0.3,0.2,0.03,-6.1,0.5,-5.6,-0.2,,2001,418.0,23.0,POR,C,33.0,1.0,7.4,0.4,1.0,0.406,0.0,0.0,,0.4,1.0,0.406,0.406,0.4,0.8,0.52,0.6,1.0,1.7,0.1,0.1,0.5,0.4,1.2,1.2,,0,0,1
357.0,Kedrick Brown,20.0,BOS,SF,29.0,5.0,245.0,11.9,0.4,0.386,0.286,4.8,17.9,11.2,9.8,3.8,2.2,8.2,16.0,-0.1,0.5,0.4,0.075,-2.3,3.1,0.8,0.2,,2001,379.0,20.0,BOS,SF,29.0,5.0,8.4,0.8,2.4,0.329,0.2,0.9,0.185,0.6,1.5,0.419,0.364,0.4,0.7,0.6,0.4,1.3,1.7,0.5,0.6,0.2,0.2,0.6,2.2,,0,0,1
358.0,Zach Randolph,20.0,POR,PF,41.0,0.0,238.0,16.9,0.479,0.0,0.252,15.1,19.0,17.0,9.8,1.6,1.3,11.2,25.7,0.2,0.3,0.5,0.098,-1.3,-1.7,-3.0,-0.1,,2001,363.0,20.0,POR,PF,41.0,0.0,5.8,1.2,2.6,0.449,0.0,0.0,,1.2,2.6,0.449,0.449,0.4,0.7,0.667,0.8,0.9,1.7,0.3,0.2,0.1,0.4,0.7,2.8,,0,0,1
367.0,Brandon Armstrong,21.0,NJN,SG,35.0,0.0,196.0,3.8,0.358,0.2,0.118,5.7,3.5,4.6,6.5,1.9,0.4,8.2,22.3,-0.4,0.2,-0.2,-0.054,-7.4,-1.7,-9.0,-0.3,,2001,399.0,21.0,NJN,SG,35.0,0.0,5.6,0.8,2.4,0.318,0.1,0.5,0.294,0.6,1.9,0.324,0.347,0.1,0.3,0.5,0.3,0.2,0.5,0.2,0.2,0.0,0.2,0.7,1.8,,0,0,1
371.0,Samuel Dalembert,20.0,PHI,C,34.0,0.0,177.0,13.2,0.44,0.0,0.36,16.2,27.3,21.8,4.8,1.8,5.6,19.5,18.6,-0.2,0.4,0.3,0.072,-4.4,0.8,-3.6,-0.1,,2001,407.0,20.0,PHI,C,34.0,0.0,5.2,0.6,1.5,0.44,0.0,0.0,,0.6,1.5,0.44,0.44,0.2,0.5,0.389,0.7,1.3,2.0,0.1,0.2,0.4,0.4,0.9,1.5,,0,0,1
377.0,Malik Allen,23.0,MIA,PF,12.0,2.0,161.0,15.0,0.469,0.02,0.196,11.0,16.6,13.8,5.5,1.0,3.8,3.5,17.0,0.2,0.3,0.5,0.141,-1.4,0.3,-1.1,0.0,,2001,290.0,23.0,MIA,PF,12.0,2.0,13.4,1.8,4.3,0.431,0.0,0.1,0.0,1.8,4.2,0.44,0.431,0.7,0.8,0.8,1.3,1.9,3.2,0.4,0.3,0.7,0.2,1.3,4.3,,0,0,1
378.0,Primož Brezec,22.0,IND,C,22.0,4.0,160.0,9.8,0.538,0.0,0.862,11.6,8.3,9.9,5.8,0.0,3.1,13.0,13.0,0.2,0.1,0.3,0.096,-3.0,-0.9,-3.9,-0.1,,2001,391.0,22.0,IND,C,22.0,4.0,7.3,0.6,1.3,0.483,0.0,0.0,,0.6,1.3,0.483,0.483,0.7,1.1,0.6,0.7,0.5,1.3,0.3,0.0,0.3,0.3,1.3,2.0,,0,0,1
380.0,Joe Crispin,22.0,2TM,PG,21.0,0.0,156.0,17.1,0.536,0.574,0.191,1.4,6.6,4.0,27.4,1.7,0.0,11.9,24.0,0.3,0.1,0.4,0.136,3.8,-0.2,3.6,0.2,,2001,316.0,22.0,2TM,PG,21.0,0.0,7.4,1.2,3.2,0.382,0.7,1.9,0.385,0.5,1.4,0.379,0.493,0.6,0.6,0.923,0.1,0.4,0.5,1.2,0.2,0.0,0.5,0.5,3.8,,0,0,1
386.0,Ansu Sesay,25.0,SEA,SF,9.0,0.0,142.0,15.5,0.549,0.0,0.455,5.9,10.6,8.3,8.9,1.1,1.1,3.6,17.9,0.4,0.1,0.5,0.156,-0.4,-1.4,-1.8,0.0,,2001,226.0,25.0,SEA,SF,9.0,0.0,15.8,2.4,4.9,0.5,0.0,0.0,,2.4,4.9,0.5,0.5,1.6,2.2,0.7,0.8,1.4,2.2,0.9,0.3,0.2,0.2,2.0,6.4,,0,0,1
387.0,Dean Oliver,23.0,GSW,PG,20.0,0.0,139.0,6.0,0.42,0.283,0.196,0.0,6.3,3.1,23.8,1.1,0.0,18.0,18.5,-0.1,0.0,-0.1,-0.049,-5.7,-3.6,-9.3,-0.3,,2001,389.0,23.0,GSW,PG,20.0,0.0,7.0,0.9,2.3,0.37,0.1,0.7,0.154,0.8,1.7,0.455,0.391,0.3,0.5,0.667,0.0,0.4,0.4,1.1,0.2,0.0,0.6,0.8,2.1,,0,0,1
390.0,Rodney White,21.0,DET,SF,16.0,0.0,129.0,11.0,0.423,0.15,0.233,1.8,14.5,8.2,16.6,3.7,1.1,17.5,29.3,-0.4,0.2,-0.2,-0.056,-4.7,0.2,-4.5,-0.1,,2001,329.0,21.0,DET,SF,16.0,0.0,8.1,1.3,3.8,0.35,0.1,0.6,0.222,1.2,3.2,0.373,0.367,0.8,0.9,0.857,0.1,1.0,1.1,0.8,0.6,0.1,0.9,0.4,3.5,,0,0,1
391.0,Alvin Jones,23.0,PHI,C,23.0,2.0,126.0,6.2,0.451,0.0,1.0,11.8,20.5,16.2,3.7,1.3,5.4,27.6,14.5,-0.2,0.3,0.1,0.034,-9.5,0.9,-8.7,-0.2,,2001,426.0,23.0,PHI,C,23.0,2.0,5.5,0.3,0.9,0.4,0.0,0.0,,0.3,0.9,0.4,0.4,0.4,0.9,0.5,0.6,1.0,1.6,0.1,0.1,0.4,0.5,1.5,1.1,,0,0,1
393.0,Mike James,26.0,MIA,PG,15.0,0.0,119.0,9.4,0.456,0.488,0.163,2.0,11.7,6.9,27.7,2.8,0.6,22.0,23.7,-0.2,0.2,0.0,0.004,-3.6,1.1,-2.6,0.0,,2001,360.0,26.0,MIA,PG,15.0,0.0,7.9,1.0,2.9,0.349,0.5,1.4,0.381,0.5,1.5,0.318,0.442,0.3,0.5,0.571,0.1,0.8,0.9,1.3,0.4,0.1,0.9,1.1,2.8,,0,0,1
394.0,Michael Bradley,22.0,TOR,PF,26.0,0.0,118.0,9.9,0.526,0.08,0.32,6.6,17.1,11.7,4.0,0.0,3.8,17.4,13.4,0.0,0.1,0.1,0.053,-3.7,-1.1,-4.8,-0.1,,2001,419.0,22.0,TOR,PF,26.0,0.0,4.5,0.5,1.0,0.52,0.0,0.1,0.0,0.5,0.9,0.565,0.52,0.2,0.3,0.5,0.3,0.7,0.9,0.1,0.0,0.2,0.2,0.4,1.2,,0,0,1
396.0,DeSagana Diop,20.0,CLE,C,18.0,1.0,109.0,3.2,0.401,0.0,0.172,5.4,12.8,9.2,7.3,0.5,6.7,27.8,18.2,-0.4,0.1,-0.3,-0.124,-9.4,-0.2,-9.5,-0.2,,2001,415.0,20.0,CLE,C,18.0,1.0,6.1,0.7,1.6,0.414,0.0,0.0,,0.7,1.6,0.414,0.414,0.1,0.3,0.2,0.3,0.7,0.9,0.3,0.1,0.6,0.7,1.1,1.4,,0,0,1
398.0,Leon Smith,21.0,ATL,C,14.0,0.0,100.0,14.0,0.463,0.0,0.654,11.4,24.1,17.7,4.7,2.6,0.7,8.2,16.5,0.1,0.1,0.2,0.109,-1.9,-1.0,-3.0,0.0,,2001,384.0,21.0,ATL,C,14.0,0.0,7.1,0.7,1.9,0.385,0.0,0.0,,0.7,1.9,0.385,0.385,0.8,1.2,0.647,0.7,1.5,2.2,0.2,0.4,0.1,0.2,0.9,2.2,,0,0,1
399.0,Tang Hamilton,23.0,MIA,SF,9.0,2.0,98.0,10.9,0.514,0.053,0.053,7.2,14.2,10.7,8.5,2.2,0.0,9.3,10.4,0.1,0.2,0.2,0.12,-2.3,2.1,-0.2,0.0,,2001,381.0,23.0,MIA,SF,9.0,2.0,10.9,1.1,2.1,0.526,0.0,0.1,0.0,1.1,2.0,0.556,0.526,0.0,0.1,0.0,0.7,1.3,2.0,0.6,0.4,0.0,0.2,1.1,2.2,,0,0,1
408.0,Kirk Haston,22.0,CHH,PF,15.0,0.0,77.0,4.0,0.306,0.077,0.205,7.4,22.2,14.8,11.0,0.0,0.9,6.6,27.0,-0.3,0.1,-0.2,-0.116,-7.5,-3.8,-11.3,-0.2,,2001,404.0,22.0,CHH,PF,15.0,0.0,5.1,0.7,2.6,0.282,0.0,0.2,0.0,0.7,2.4,0.306,0.282,0.3,0.5,0.5,0.3,1.0,1.3,0.3,0.0,0.1,0.2,0.6,1.7,,0,0,1
409.0,Jeff Trepagnier,22.0,CLE,SG,12.0,0.0,77.0,8.4,0.345,0.043,0.304,4.6,13.6,9.2,23.9,5.5,3.8,29.7,22.1,-0.3,0.1,-0.2,-0.114,-5.0,4.0,-1.1,0.0,,2001,413.0,22.0,CLE,SG,12.0,0.0,6.4,0.6,1.9,0.304,0.0,0.1,0.0,0.6,1.8,0.318,0.304,0.3,0.6,0.571,0.3,0.8,1.0,1.0,0.7,0.3,0.9,0.7,1.5,,0,0,1
411.0,Isaac Fontaine,26.0,MEM,SG,6.0,0.0,75.0,-0.9,0.331,0.357,0.429,0.0,7.4,3.7,7.8,0.0,0.0,19.4,12.5,-0.2,0.0,-0.2,-0.112,-7.3,-2.4,-9.7,-0.1,,2001,400.0,26.0,MEM,SG,6.0,0.0,12.5,0.5,2.3,0.214,0.2,0.8,0.2,0.3,1.5,0.222,0.25,0.7,1.0,0.667,0.0,0.8,0.8,0.7,0.0,0.0,0.7,1.0,1.8,,0,0,1
413.0,Damone Brown,22.0,PHI,SF,17.0,0.0,67.0,1.6,0.469,0.048,0.381,3.4,3.4,3.4,5.0,0.8,1.1,26.8,22.9,-0.2,0.1,-0.1,-0.096,-8.5,-2.5,-11.1,-0.1,,2001,414.0,22.0,PHI,SF,17.0,0.0,3.9,0.5,1.2,0.381,0.0,0.1,0.0,0.5,1.2,0.4,0.381,0.4,0.5,0.875,0.1,0.1,0.2,0.1,0.1,0.1,0.5,0.6,1.4,,0,0,1
414.0,Norm Richardson,22.0,2TM,SG,11.0,0.0,67.0,10.3,0.501,0.308,0.346,5.1,8.9,6.9,4.7,0.0,0.0,9.1,22.6,0.0,0.0,0.0,0.006,-1.2,-5.2,-6.4,-0.1,,2001,364.0,22.0,2TM,SG,11.0,0.0,6.1,0.9,2.4,0.385,0.4,0.7,0.5,0.5,1.6,0.333,0.462,0.5,0.8,0.667,0.3,0.5,0.7,0.2,0.0,0.0,0.3,0.5,2.7,,0,0,1
421.0,Maurice Evans,23.0,MIN,SG,10.0,0.0,45.0,11.5,0.506,0.158,0.211,7.8,2.5,5.1,14.8,0.0,0.0,8.8,22.9,0.1,0.0,0.1,0.079,-2.2,-2.5,-4.7,0.0,,2001,388.0,23.0,MIN,SG,10.0,0.0,4.5,0.9,1.9,0.474,0.0,0.3,0.0,0.9,1.6,0.563,0.474,0.3,0.4,0.75,0.3,0.1,0.4,0.4,0.0,0.0,0.2,0.9,2.1,,0,0,1
422.0,Charlie Bell,22.0,2TM,SG,7.0,0.0,44.0,-1.8,0.337,0.545,0.182,5.1,7.7,6.4,6.4,0.0,0.0,29.6,17.2,-0.2,0.0,-0.2,-0.172,-8.3,-4.0,-12.3,-0.1,,2001,423.0,22.0,2TM,SG,7.0,0.0,6.3,0.4,1.6,0.273,0.0,0.9,0.0,0.4,0.7,0.6,0.273,0.3,0.3,1.0,0.3,0.4,0.7,0.3,0.0,0.0,0.7,0.4,1.1,,0,0,1
423.0,Jamison Brewer,21.0,IND,SG,13.0,0.0,43.0,10.0,0.4,0.2,0.0,5.4,15.4,10.5,30.3,2.4,0.0,37.5,8.4,0.0,0.1,0.0,0.052,-3.2,2.2,-1.0,0.0,,2001,437.0,21.0,IND,SG,13.0,0.0,3.3,0.2,0.4,0.4,0.0,0.1,0.0,0.2,0.3,0.5,0.4,0.0,0.0,,0.2,0.5,0.6,0.7,0.2,0.0,0.2,0.2,0.3,,0,0,1
426.0,Joseph Forte,20.0,BOS,SG,8.0,0.0,39.0,2.8,0.218,0.25,0.333,2.7,14.4,8.4,22.2,2.7,0.0,17.9,19.6,-0.2,0.1,-0.1,-0.144,-7.2,0.5,-6.7,0.0,,2001,434.0,20.0,BOS,SG,8.0,0.0,4.9,0.1,1.5,0.083,0.0,0.4,0.0,0.1,1.1,0.111,0.083,0.5,0.5,1.0,0.1,0.6,0.8,0.8,0.3,0.0,0.4,0.1,0.8,,0,0,1
427.0,Jeryl Sasser,22.0,ORL,SG,7.0,0.0,36.0,7.0,0.309,0.0,0.357,9.2,12.5,10.9,8.0,4.3,0.0,11.0,22.6,-0.1,0.1,-0.1,-0.07,-7.7,0.1,-7.6,0.0,,2001,416.0,22.0,ORL,SG,7.0,0.0,5.1,0.4,2.0,0.214,0.0,0.0,,0.4,2.0,0.214,0.214,0.6,0.7,0.8,0.4,0.6,1.0,0.3,0.4,0.0,0.3,0.4,1.4,,0,0,1
434.0,Ernest Brown,22.0,MIA,C,3.0,0.0,21.0,-9.7,0.193,0.0,0.667,5.6,27.6,16.7,0.0,0.0,3.7,27.9,24.5,-0.2,0.0,-0.2,-0.349,-16.5,-1.7,-18.2,-0.1,,2001,430.0,22.0,MIA,C,3.0,0.0,7.0,0.3,2.0,0.167,0.0,0.0,,0.3,2.0,0.167,0.167,0.3,1.3,0.25,0.3,1.7,2.0,0.0,0.0,0.3,1.0,1.3,1.0,,0,0,1
439.0,Ratko Varda,22.0,DET,C,1.0,0.0,6.0,15.0,0.727,0.0,0.333,0.0,19.5,9.8,0.0,0.0,0.0,22.5,34.9,0.0,0.0,0.0,0.098,-8.4,2.3,-6.1,0.0,,2001,263.0,22.0,DET,C,1.0,0.0,6.0,2.0,3.0,0.667,0.0,0.0,,2.0,3.0,0.667,0.667,1.0,1.0,1.0,0.0,1.0,1.0,0.0,0.0,0.0,1.0,3.0,5.0,,0,0,1
35.0,Caron Butler,22.0,MIA,SF,78.0,78.0,2858.0,15.1,0.502,0.104,0.363,5.3,10.9,8.0,14.1,2.6,0.9,13.8,22.9,1.6,3.6,5.1,0.086,-0.4,1.0,0.5,1.8,ROY-3,2002,59.0,22.0,MIA,SF,78.0,78.0,36.6,5.5,13.2,0.416,0.4,1.4,0.318,5.1,11.9,0.427,0.432,4.0,4.8,0.824,1.7,3.4,5.1,2.7,1.8,0.4,2.5,2.9,15.4,ROY-3,1,1,1
59.0,Amar'e Stoudemire,20.0,PHO,PF,82.0,71.0,2570.0,16.2,0.53,0.012,0.583,10.9,20.9,15.9,5.0,1.3,2.5,15.3,21.5,2.6,3.6,6.2,0.116,-0.9,-0.4,-1.4,0.4,ROY-1,2002,74.0,20.0,PHO,PF,82.0,71.0,31.3,4.8,10.1,0.472,0.0,0.1,0.2,4.8,10.0,0.476,0.473,3.9,5.9,0.661,3.0,5.7,8.8,1.0,0.8,1.1,2.3,3.3,13.5,ROY-1,1,1,1
77.0,Yao Ming,22.0,HOU,C,82.0,72.0,2382.0,20.6,0.57,0.002,0.461,9.7,22.6,16.3,10.6,0.7,4.4,15.2,22.1,5.2,3.5,8.7,0.176,1.3,0.9,2.2,2.5,"ROY-2,AS",2002,73.0,22.0,HOU,C,82.0,72.0,29.0,4.9,9.8,0.498,0.0,0.0,0.5,4.9,9.8,0.498,0.499,3.7,4.5,0.811,2.4,5.8,8.2,1.7,0.4,1.8,2.1,2.8,13.5,"ROY-2,AS",1,1,1
95.0,Nenê,20.0,DEN,C,80.0,53.0,2258.0,15.4,0.545,0.005,0.551,10.2,15.3,12.7,12.2,3.0,2.3,19.1,18.7,1.3,3.8,5.0,0.107,-1.1,1.9,0.8,1.6,ROY-6,2002,109.0,20.0,DEN,C,80.0,53.0,28.2,4.0,7.7,0.519,0.0,0.0,0.0,4.0,7.7,0.521,0.519,2.5,4.3,0.578,2.6,3.5,6.1,1.9,1.6,0.8,2.3,3.7,10.5,ROY-6,0,0,1
106.0,Gordan Giriček,25.0,2TM,SG,76.0,62.0,2148.0,12.1,0.529,0.31,0.228,1.9,10.8,6.3,10.8,1.3,0.3,14.1,21.5,0.9,0.7,1.6,0.036,-1.1,-1.8,-2.9,-0.5,,2002,86.0,25.0,2TM,SG,76.0,62.0,28.3,4.6,10.6,0.436,1.1,3.3,0.341,3.5,7.3,0.478,0.489,2.0,2.4,0.82,0.5,2.7,3.1,1.8,0.7,0.1,1.9,2.1,12.3,,1,2,1
112.0,Carlos Boozer,21.0,CLE,PF,81.0,54.0,2049.0,17.9,0.577,0.002,0.311,10.8,22.7,16.6,9.3,1.5,1.7,12.8,17.1,4.2,1.8,5.9,0.139,0.6,-0.6,0.0,1.0,ROY-7,2002,117.0,21.0,CLE,PF,81.0,54.0,25.3,4.1,7.6,0.536,0.0,0.0,0.0,4.1,7.6,0.536,0.536,1.8,2.4,0.771,2.5,5.0,7.5,1.3,0.7,0.6,1.3,2.8,10.0,ROY-7,1,2,1
117.0,Junior Harrington,22.0,DEN,PG,82.0,51.0,2003.0,6.4,0.405,0.06,0.24,2.4,12.6,7.3,23.2,2.1,0.6,23.3,15.0,-2.8,2.4,-0.4,-0.009,-6.0,0.9,-5.1,-1.6,,2002,249.0,22.0,DEN,PG,82.0,51.0,24.4,2.1,5.7,0.362,0.1,0.3,0.25,2.0,5.4,0.369,0.369,0.9,1.4,0.652,0.5,2.5,3.0,3.4,1.0,0.2,1.9,3.0,5.1,,0,0,1
127.0,Jay Williams,21.0,CHI,PG,75.0,54.0,1961.0,12.2,0.472,0.295,0.235,1.5,9.3,5.5,29.2,2.3,0.6,18.4,21.0,-0.5,1.3,0.8,0.02,-1.3,-0.8,-2.0,0.0,,2002,129.0,21.0,CHI,PG,75.0,54.0,26.1,3.6,9.1,0.399,0.9,2.7,0.322,2.8,6.4,0.431,0.446,1.4,2.1,0.64,0.4,2.2,2.6,4.7,1.1,0.2,2.3,2.4,9.5,,1,2,1
146.0,Drew Gooden,21.0,2TM,SF,70.0,47.0,1873.0,15.0,0.503,0.062,0.273,9.8,17.7,13.7,7.8,1.5,1.3,14.7,24.5,0.4,1.3,1.7,0.043,-1.1,-1.9,-3.0,-0.4,ROY-5,2002,84.0,21.0,2TM,SF,70.0,47.0,26.8,5.1,11.1,0.457,0.2,0.7,0.292,4.9,10.4,0.468,0.466,2.2,3.0,0.712,2.3,4.2,6.5,1.2,0.8,0.5,2.1,2.5,12.5,ROY-5,1,1,1
181.0,Rasual Butler,23.0,MIA,SG,72.0,28.0,1514.0,9.5,0.437,0.299,0.182,2.1,12.3,7.1,11.4,0.8,2.2,11.1,21.6,-1.4,1.4,0.1,0.002,-1.9,-0.6,-2.5,-0.2,,2002,172.0,23.0,MIA,SG,72.0,28.0,21.0,2.9,7.9,0.362,0.7,2.4,0.292,2.2,5.6,0.392,0.406,1.1,1.4,0.731,0.4,2.2,2.6,1.3,0.3,0.6,1.1,1.5,7.5,,0,0,1
182.0,J.R. Bremer,22.0,BOS,PG,64.0,41.0,1503.0,12.7,0.515,0.616,0.239,1.3,9.8,5.5,19.2,1.3,0.2,10.3,17.7,1.8,1.2,3.0,0.096,0.0,-0.5,-0.5,0.6,,2002,155.0,22.0,BOS,PG,64.0,41.0,23.5,2.7,7.3,0.369,1.6,4.5,0.353,1.1,2.8,0.393,0.477,1.3,1.7,0.766,0.3,2.0,2.3,2.6,0.6,0.0,0.9,1.3,8.3,,1,2,1
190.0,Manu Ginóbili,25.0,SAS,SG,69.0,5.0,1431.0,14.7,0.556,0.373,0.431,4.0,8.8,6.5,15.8,3.6,0.8,17.5,18.5,1.8,2.4,4.2,0.141,-0.7,2.6,1.9,1.4,ROY-4,2002,171.0,25.0,SAS,SG,69.0,5.0,20.7,2.5,5.8,0.438,0.7,2.1,0.345,1.8,3.6,0.494,0.503,1.8,2.5,0.737,0.7,1.7,2.3,2.0,1.4,0.2,1.4,2.5,7.6,ROY-4,1,2,1
194.0,Dajuan Wagner,19.0,CLE,SG,47.0,24.0,1385.0,10.9,0.466,0.288,0.264,1.6,5.1,3.3,16.8,1.4,0.4,11.2,23.8,0.2,0.1,0.3,0.011,-1.9,-2.8,-4.7,-0.9,,2002,76.0,19.0,CLE,SG,47.0,24.0,29.5,4.7,12.9,0.369,1.2,3.7,0.316,3.6,9.2,0.39,0.414,2.7,3.4,0.8,0.4,1.3,1.7,2.8,0.8,0.1,1.8,2.3,13.4,,0,0,1
196.0,Vincent Yarbrough,21.0,DEN,SG,59.0,39.0,1381.0,9.5,0.446,0.182,0.145,2.9,11.2,6.8,16.8,2.2,1.9,15.1,17.3,-0.7,1.7,1.0,0.035,-3.3,0.9,-2.4,-0.1,,2002,192.0,21.0,DEN,SG,59.0,39.0,23.4,2.8,7.3,0.393,0.4,1.3,0.269,2.5,5.9,0.42,0.417,0.8,1.1,0.79,0.6,2.1,2.7,2.2,1.0,0.6,1.4,2.5,6.9,,0,0,1
197.0,Marko Jarić,24.0,LAC,SF,66.0,12.0,1379.0,14.4,0.498,0.372,0.235,2.9,10.2,6.6,23.8,3.7,0.6,17.3,19.5,0.6,1.3,1.9,0.067,-0.8,1.2,0.4,0.8,,2002,177.0,24.0,LAC,SF,66.0,12.0,20.9,2.7,6.8,0.401,0.8,2.5,0.319,1.9,4.2,0.45,0.461,1.2,1.6,0.752,0.5,1.9,2.4,2.9,1.5,0.2,1.6,1.9,7.4,,0,0,1
205.0,Mehmet Okur,23.0,DET,PF,72.0,9.0,1366.0,14.8,0.514,0.265,0.31,10.0,19.2,14.5,9.5,1.0,2.1,12.1,19.3,1.7,2.1,3.8,0.134,-0.6,0.0,-0.5,0.5,,2002,189.0,23.0,DET,PF,72.0,9.0,19.0,2.5,5.9,0.426,0.5,1.6,0.339,2.0,4.3,0.457,0.47,1.3,1.8,0.733,1.6,3.0,4.7,1.0,0.3,0.5,0.9,2.3,6.9,,0,0,1
206.0,Reggie Evans,22.0,SEA,PF,67.0,60.0,1365.0,10.4,0.51,0.0,1.1,14.2,24.3,19.2,3.7,1.5,0.6,20.0,8.9,1.3,1.7,3.0,0.105,-2.4,-0.3,-2.8,-0.3,,2002,329.0,22.0,SEA,PF,67.0,60.0,20.4,1.0,2.1,0.471,0.0,0.0,,1.0,2.1,0.471,0.471,1.2,2.3,0.519,2.5,4.1,6.6,0.5,0.6,0.2,0.8,2.6,3.2,,0,0,1
215.0,Nikoloz Tskitishvili,19.0,DEN,SF,81.0,16.0,1320.0,4.9,0.374,0.387,0.165,5.4,10.8,8.0,11.6,1.2,1.8,16.6,17.0,-2.3,1.3,-1.0,-0.035,-4.9,-0.7,-5.5,-1.2,,2002,309.0,19.0,DEN,SF,81.0,16.0,16.3,1.4,4.9,0.293,0.5,1.9,0.243,1.0,3.0,0.324,0.34,0.6,0.8,0.738,0.8,1.4,2.2,1.1,0.4,0.4,1.0,1.7,3.9,,0,0,1
220.0,Mike Dunleavy,22.0,GSW,SF,82.0,3.0,1305.0,12.5,0.505,0.36,0.24,5.4,11.9,8.7,12.6,2.1,1.0,15.7,17.8,1.1,0.4,1.5,0.055,-0.3,-0.5,-0.8,0.4,,2002,228.0,22.0,GSW,SF,82.0,3.0,15.9,2.0,5.1,0.403,0.6,1.8,0.347,1.4,3.3,0.434,0.465,1.0,1.2,0.78,0.8,1.8,2.6,1.3,0.6,0.2,1.0,1.5,5.7,,0,0,1
224.0,Mike Batiste,25.0,MEM,PF,75.0,2.0,1248.0,12.2,0.476,0.173,0.188,7.5,15.6,11.6,6.9,1.7,0.9,12.0,20.7,0.0,0.7,0.8,0.029,-2.1,-1.4,-3.5,-0.5,,2002,207.0,25.0,MEM,PF,75.0,2.0,16.6,2.6,6.2,0.422,0.2,1.1,0.222,2.4,5.1,0.464,0.441,0.9,1.2,0.784,1.1,2.3,3.4,0.7,0.6,0.2,0.9,1.6,6.4,,0,0,1
233.0,Casey Jacobsen,21.0,PHO,SF,72.0,0.0,1147.0,9.2,0.493,0.505,0.321,2.8,5.4,4.1,9.8,1.6,0.4,12.8,16.7,0.5,0.7,1.2,0.051,-1.9,-0.3,-2.3,-0.1,,2002,250.0,21.0,PHO,SF,72.0,0.0,15.9,1.7,4.5,0.373,0.7,2.3,0.315,1.0,2.3,0.432,0.453,1.0,1.5,0.686,0.4,0.8,1.2,1.0,0.5,0.1,0.8,1.3,5.1,,0,0,1
237.0,Smush Parker,21.0,CLE,PG,66.0,18.0,1103.0,11.3,0.523,0.349,0.349,2.9,9.3,6.0,24.7,2.2,0.8,25.4,20.6,-0.4,0.5,0.1,0.005,-2.2,-1.2,-3.4,-0.4,,2002,212.0,21.0,CLE,PG,66.0,18.0,16.7,2.1,5.1,0.402,0.6,1.8,0.322,1.5,3.3,0.445,0.459,1.5,1.8,0.831,0.4,1.4,1.8,2.5,0.7,0.2,2.0,1.6,6.2,,0,0,1
259.0,Kareem Rush,22.0,LAL,PG,76.0,0.0,872.0,5.8,0.447,0.279,0.094,3.3,8.9,6.1,11.7,0.6,0.9,19.9,16.1,-0.9,0.3,-0.6,-0.033,-3.7,-2.3,-6.0,-0.9,,2002,342.0,22.0,LAL,PG,76.0,0.0,11.5,1.3,3.2,0.393,0.3,0.9,0.279,1.0,2.3,0.438,0.432,0.2,0.3,0.696,0.3,0.9,1.2,0.9,0.1,0.1,0.8,0.9,3.0,,0,0,1
274.0,Melvin Ely,24.0,LAC,C,52.0,7.0,802.0,10.8,0.54,0.0,0.398,9.1,15.4,12.3,3.1,0.7,2.8,18.6,15.1,0.4,0.4,0.8,0.048,-3.1,-1.1,-4.2,-0.4,,2002,274.0,24.0,LAC,C,52.0,7.0,15.4,1.8,3.6,0.495,0.0,0.0,,1.8,3.6,0.495,0.495,1.0,1.4,0.703,1.2,2.1,3.3,0.3,0.2,0.6,1.0,1.8,4.5,,0,0,1
278.0,Pat Burke,29.0,ORL,C,62.0,8.0,783.0,8.3,0.415,0.024,0.196,8.1,13.4,10.7,4.9,1.3,2.3,12.8,21.1,-1.0,0.6,-0.3,-0.021,-4.9,-1.7,-6.6,-0.9,,2002,289.0,29.0,ORL,C,62.0,8.0,12.6,1.8,4.8,0.382,0.0,0.1,0.143,1.8,4.7,0.388,0.383,0.6,0.9,0.69,0.9,1.4,2.4,0.4,0.3,0.4,0.8,1.6,4.3,,0,0,1
282.0,Dan Gadzuric,24.0,MIL,C,49.0,30.0,760.0,11.2,0.498,0.007,0.386,10.1,20.3,15.2,1.8,1.5,5.1,13.7,12.0,0.4,0.7,1.2,0.075,-3.6,0.1,-3.5,-0.3,,2002,323.0,24.0,MIL,C,49.0,30.0,15.5,1.4,3.0,0.483,0.0,0.0,0.0,1.4,2.9,0.486,0.483,0.6,1.1,0.518,1.3,2.7,4.0,0.2,0.4,1.1,0.6,2.6,3.4,,0,0,1
286.0,Mike Wilks,23.0,2TM,SG,46.0,7.0,688.0,9.3,0.436,0.236,0.318,3.4,8.1,5.9,19.4,2.1,0.4,14.2,13.0,0.3,0.4,0.7,0.049,-2.3,0.6,-1.7,0.0,,2002,328.0,23.0,2TM,SG,46.0,7.0,15.0,1.1,3.2,0.338,0.2,0.8,0.286,0.9,2.5,0.354,0.372,0.8,1.0,0.787,0.4,1.1,1.5,2.0,0.6,0.1,0.6,1.5,3.2,,0,0,1
287.0,Juaquin Hawkins,29.0,HOU,SG,58.0,10.0,685.0,7.3,0.427,0.162,0.135,2.8,10.2,6.6,10.9,2.3,0.6,15.6,12.5,-0.3,0.7,0.4,0.027,-3.8,1.6,-2.3,-0.1,,2002,358.0,29.0,HOU,SG,58.0,10.0,11.8,1.0,2.6,0.385,0.2,0.4,0.417,0.8,2.1,0.379,0.419,0.2,0.3,0.5,0.3,1.1,1.3,0.8,0.5,0.1,0.5,1.0,2.3,,0,0,1
288.0,Lonny Baxter,24.0,CHI,C,55.0,0.0,682.0,11.3,0.521,0.01,0.5,10.7,16.0,13.4,3.8,0.7,2.3,15.5,19.3,0.4,0.5,0.9,0.063,-4.0,-1.4,-5.4,-0.6,,2002,257.0,24.0,CHI,C,55.0,0.0,12.4,1.7,3.7,0.466,0.0,0.0,0.0,1.7,3.7,0.471,0.466,1.3,1.9,0.68,1.2,1.8,3.0,0.3,0.2,0.4,0.8,2.5,4.8,,0,0,1
291.0,Chris Jefferies,22.0,TOR,SF,51.0,10.0,666.0,6.8,0.463,0.278,0.222,2.6,7.7,5.0,5.4,1.5,1.7,17.4,17.7,-0.8,0.2,-0.5,-0.039,-4.2,-1.7,-5.8,-0.7,,2002,306.0,22.0,TOR,SF,51.0,10.0,13.1,1.5,3.8,0.387,0.4,1.1,0.333,1.1,2.7,0.407,0.433,0.6,0.8,0.674,0.3,0.8,1.2,0.4,0.4,0.3,0.9,1.1,3.9,,0,0,1
293.0,Juan Dixon,24.0,WAS,PG,42.0,3.0,647.0,11.0,0.464,0.31,0.17,2.4,10.8,6.6,11.3,2.2,0.3,12.6,24.3,-0.5,0.5,0.1,0.005,-2.6,-1.2,-3.8,-0.3,,2002,208.0,24.0,WAS,PG,42.0,3.0,15.4,2.5,6.5,0.384,0.6,2.0,0.298,1.9,4.5,0.422,0.43,0.9,1.1,0.804,0.3,1.4,1.7,1.0,0.6,0.1,1.0,1.3,6.4,,0,0,1
308.0,Dan Dickau,24.0,ATL,PG,50.0,0.0,515.0,9.9,0.504,0.359,0.153,2.1,7.2,4.8,28.3,1.4,0.3,22.6,20.9,-0.1,0.1,0.0,0.001,-2.7,-2.4,-5.1,-0.4,,2002,313.0,24.0,ATL,PG,50.0,0.0,10.3,1.4,3.4,0.412,0.4,1.2,0.361,1.0,2.2,0.44,0.476,0.4,0.5,0.808,0.2,0.7,0.9,1.7,0.3,0.0,1.1,1.3,3.7,,0,0,1
312.0,John Salmons,23.0,PHI,PG,64.0,1.0,504.0,9.5,0.502,0.267,0.302,3.7,10.2,6.9,14.3,1.8,0.9,18.1,14.3,0.2,0.4,0.6,0.058,-1.9,0.6,-1.3,0.1,,2002,365.0,23.0,PHI,PG,64.0,1.0,7.9,0.8,1.8,0.414,0.2,0.5,0.323,0.6,1.3,0.447,0.457,0.4,0.5,0.743,0.3,0.7,0.9,0.7,0.3,0.1,0.5,0.8,2.1,,0,0,1
316.0,Sean Lampley,23.0,MIA,SF,35.0,0.0,487.0,12.4,0.512,0.031,0.636,6.0,13.9,9.8,11.3,0.8,0.5,13.2,18.4,0.4,0.4,0.9,0.084,-1.5,-0.8,-2.3,0.0,,2002,262.0,23.0,MIA,SF,35.0,0.0,13.9,1.6,3.7,0.434,0.0,0.1,0.0,1.6,3.6,0.448,0.434,1.6,2.3,0.695,0.7,1.6,2.4,0.9,0.2,0.1,0.7,1.2,4.8,,0,0,1
317.0,Chris Wilcox,20.0,LAC,PF,46.0,3.0,479.0,12.5,0.528,0.0,0.357,7.6,16.9,12.3,7.8,0.8,1.8,13.8,17.7,0.3,0.3,0.6,0.062,-2.0,-1.1,-3.2,-0.1,,2002,315.0,20.0,LAC,PF,46.0,3.0,10.4,1.6,3.0,0.521,0.0,0.0,,1.6,3.0,0.521,0.521,0.5,1.1,0.5,0.7,1.6,2.3,0.5,0.2,0.3,0.6,1.4,3.7,,0,0,1
324.0,Ryan Humphrey,23.0,2TM,PF,48.0,1.0,444.0,4.1,0.339,0.0,0.325,8.6,16.8,12.7,3.7,1.0,3.0,14.4,16.2,-0.9,0.4,-0.5,-0.052,-7.8,-1.5,-9.3,-0.8,,2002,373.0,23.0,2TM,PF,48.0,1.0,9.3,0.7,2.5,0.292,0.0,0.0,,0.7,2.5,0.292,0.292,0.5,0.8,0.59,0.7,1.4,2.1,0.2,0.2,0.4,0.5,1.6,1.9,,0,0,1
325.0,Marcus Haislip,22.0,MIL,PF,39.0,8.0,441.0,9.6,0.474,0.078,0.248,5.5,8.5,7.0,3.3,0.8,3.0,11.0,20.1,-0.1,0.1,0.0,-0.003,-3.6,-2.3,-5.9,-0.4,,2002,297.0,22.0,MIL,PF,39.0,8.0,11.3,1.7,3.9,0.431,0.1,0.3,0.25,1.6,3.6,0.447,0.441,0.7,1.0,0.684,0.5,0.8,1.4,0.2,0.2,0.5,0.5,1.4,4.1,,0,0,1
327.0,Tayshaun Prince,22.0,DET,SF,42.0,5.0,435.0,11.7,0.546,0.398,0.144,1.3,11.1,6.1,9.9,1.3,2.4,14.3,16.2,0.2,0.6,0.8,0.084,-0.6,0.5,0.0,0.2,,2002,326.0,22.0,DET,SF,42.0,5.0,10.4,1.3,2.8,0.449,0.5,1.1,0.426,0.8,1.7,0.465,0.534,0.3,0.4,0.647,0.1,1.0,1.1,0.6,0.2,0.3,0.5,0.6,3.3,,0,0,1
336.0,Jannero Pargo,23.0,LAL,PG,34.0,0.0,342.0,7.3,0.449,0.258,0.043,2.9,9.3,6.1,17.1,2.0,0.4,19.5,15.3,-0.2,0.2,0.1,0.007,-5.0,-0.4,-5.4,-0.3,,2002,352.0,23.0,LAL,PG,34.0,0.0,10.1,1.1,2.7,0.398,0.2,0.7,0.292,0.9,2.0,0.435,0.435,0.1,0.1,1.0,0.3,0.8,1.1,1.1,0.4,0.1,0.7,1.3,2.5,,0,0,1
338.0,Qyntel Woods,21.0,POR,PF,53.0,0.0,334.0,11.2,0.505,0.076,0.169,5.4,13.7,9.6,6.2,2.4,0.2,15.4,20.7,-0.1,0.4,0.2,0.034,-3.4,-0.7,-4.1,-0.2,,2002,354.0,21.0,POR,PF,53.0,0.0,6.3,1.1,2.2,0.5,0.1,0.2,0.333,1.1,2.1,0.514,0.513,0.1,0.4,0.35,0.3,0.7,1.0,0.2,0.3,0.0,0.4,0.7,2.4,,0,0,1
341.0,Jared Jeffries,21.0,WAS,SF,20.0,1.0,292.0,11.1,0.521,0.095,0.46,10.5,13.0,11.7,9.0,1.5,1.3,21.7,15.6,0.1,0.2,0.3,0.049,-1.7,-0.6,-2.3,0.0,,2002,299.0,21.0,WAS,SF,20.0,1.0,14.6,1.5,3.2,0.476,0.2,0.3,0.5,1.4,2.9,0.474,0.5,0.8,1.5,0.552,1.3,1.6,2.9,0.8,0.4,0.3,1.1,1.4,4.0,,0,0,1
345.0,Tamar Slay,22.0,NJN,SG,36.0,0.0,274.0,7.1,0.428,0.243,0.097,3.3,9.6,6.5,8.6,2.7,0.8,15.7,21.0,-0.5,0.5,0.0,-0.004,-5.4,0.7,-4.7,-0.2,,2002,350.0,22.0,NJN,SG,36.0,0.0,7.6,1.1,2.9,0.379,0.2,0.7,0.28,0.9,2.2,0.41,0.413,0.2,0.3,0.7,0.2,0.6,0.9,0.4,0.4,0.1,0.6,0.9,2.6,,0,0,1
348.0,Predrag Savović,26.0,DEN,SG,27.0,0.0,256.0,6.0,0.392,0.28,0.312,3.9,7.6,5.7,15.1,2.9,0.3,16.6,22.0,-0.5,0.3,-0.2,-0.04,-5.9,0.6,-5.3,-0.2,,2002,333.0,26.0,DEN,SG,27.0,0.0,9.5,1.1,3.4,0.312,0.1,1.0,0.154,0.9,2.5,0.373,0.333,0.8,1.1,0.724,0.3,0.6,0.9,0.8,0.5,0.0,0.8,1.2,3.1,,0,0,1
350.0,Igor Rakočević,24.0,MIN,PG,42.0,0.0,244.0,8.4,0.528,0.207,0.621,1.9,5.9,3.9,19.0,0.9,0.0,23.8,18.0,0.0,0.1,0.1,0.022,-3.0,-1.8,-4.9,-0.2,,2002,379.0,24.0,MIN,PG,42.0,0.0,5.8,0.5,1.4,0.379,0.1,0.3,0.417,0.4,1.1,0.37,0.422,0.7,0.9,0.806,0.1,0.3,0.4,0.8,0.1,0.0,0.5,0.6,1.9,,0,0,1
351.0,Jiří Welsch,23.0,GSW,SF,37.0,0.0,234.0,4.5,0.348,0.053,0.387,5.5,7.2,6.4,16.6,1.7,0.6,17.8,19.4,-0.4,0.0,-0.4,-0.086,-5.7,-1.9,-7.6,-0.3,,2002,390.0,23.0,GSW,SF,37.0,0.0,6.3,0.5,2.0,0.253,0.0,0.1,0.25,0.5,1.9,0.254,0.26,0.6,0.8,0.759,0.3,0.4,0.8,0.7,0.2,0.1,0.5,0.9,1.6,,0,0,1
363.0,Frank Williams,22.0,NYK,PG,21.0,0.0,167.0,6.4,0.393,0.485,0.182,2.1,10.8,6.3,29.4,2.2,0.9,32.3,14.6,-0.2,0.1,-0.1,-0.035,-3.9,-0.1,-4.1,-0.1,,2002,402.0,22.0,NYK,PG,21.0,0.0,8.0,0.4,1.6,0.273,0.3,0.8,0.375,0.1,0.8,0.176,0.364,0.2,0.3,0.667,0.1,0.7,0.9,1.6,0.3,0.1,0.8,1.0,1.3,,0,0,1
364.0,Ken Johnson,24.0,MIA,C,16.0,0.0,156.0,6.1,0.404,0.0,0.162,2.9,21.3,11.8,0.0,0.4,6.0,13.1,13.8,-0.2,0.2,0.0,-0.002,-7.2,0.3,-6.8,-0.2,,2002,370.0,24.0,MIA,C,16.0,0.0,9.8,0.9,2.3,0.405,0.0,0.0,,0.9,2.3,0.405,0.405,0.1,0.4,0.333,0.3,1.8,2.0,0.0,0.1,0.8,0.4,1.3,2.0,,0,0,1
367.0,Efthimios Rentzias,27.0,PHI,C,35.0,0.0,144.0,10.6,0.413,0.136,0.153,8.0,13.3,10.6,8.0,2.2,1.1,6.0,20.9,0.0,0.2,0.2,0.058,-2.6,-1.2,-3.8,-0.1,,2002,395.0,27.0,PHI,C,35.0,0.0,4.1,0.6,1.7,0.339,0.1,0.2,0.5,0.5,1.5,0.314,0.373,0.2,0.3,0.889,0.3,0.5,0.7,0.2,0.2,0.1,0.1,0.6,1.5,,0,0,1
372.0,Fred Jones,23.0,IND,SG,19.0,1.0,115.0,5.5,0.446,0.292,0.167,4.0,4.8,4.4,6.7,2.7,0.6,18.9,12.5,-0.1,0.1,0.0,0.019,-4.8,1.1,-3.7,0.0,,2002,403.0,23.0,IND,SG,19.0,1.0,6.1,0.5,1.3,0.375,0.1,0.4,0.286,0.4,0.9,0.412,0.417,0.2,0.2,0.75,0.2,0.3,0.5,0.3,0.3,0.1,0.3,0.7,1.2,,0,0,1
374.0,Roger Mason,22.0,CHI,SF,17.0,0.0,113.0,7.4,0.471,0.581,0.065,2.0,9.6,5.9,16.3,1.8,0.0,13.6,14.5,0.0,0.1,0.1,0.038,-3.5,-0.8,-4.3,-0.1,,2002,382.0,22.0,CHI,SF,17.0,0.0,6.6,0.6,1.8,0.355,0.4,1.1,0.333,0.3,0.8,0.385,0.452,0.1,0.1,1.0,0.1,0.6,0.7,0.7,0.2,0.0,0.3,1.2,1.8,,0,0,1
376.0,Adam Harrington,22.0,2TM,SG,19.0,0.0,111.0,7.4,0.387,0.378,0.108,1.0,7.5,4.1,18.0,0.9,0.7,4.9,16.5,0.0,0.1,0.0,0.017,-4.1,-1.2,-5.2,-0.1,,2002,388.0,22.0,2TM,SG,19.0,0.0,5.8,0.6,1.9,0.297,0.3,0.7,0.357,0.3,1.2,0.261,0.365,0.2,0.2,0.75,0.1,0.4,0.4,0.6,0.1,0.1,0.1,0.4,1.6,,0,0,1
378.0,Maceo Baston,27.0,TOR,PF,16.0,0.0,106.0,18.0,0.661,0.0,0.48,4.1,21.3,12.4,0.0,2.0,7.3,16.5,15.6,0.2,0.2,0.3,0.153,-1.6,2.7,1.0,0.1,,2002,351.0,27.0,TOR,PF,16.0,0.0,6.6,0.9,1.6,0.6,0.0,0.0,,0.9,1.6,0.6,0.6,0.6,0.8,0.833,0.3,1.2,1.4,0.0,0.3,0.7,0.4,1.0,2.5,,0,0,1
386.0,Devin Brown,24.0,2TM,SG,10.0,2.0,93.0,6.9,0.389,0.029,0.229,10.0,12.8,11.2,13.5,2.3,0.9,18.9,23.0,-0.2,0.1,-0.1,-0.043,-6.6,0.1,-6.5,-0.1,,2002,337.0,24.0,2TM,SG,10.0,2.0,9.3,1.2,3.5,0.343,0.0,0.1,0.0,1.2,3.4,0.353,0.343,0.6,0.8,0.75,0.8,1.0,1.8,0.7,0.4,0.1,0.9,1.4,3.0,,0,0,1
387.0,Antoine Rigaudeau,31.0,DAL,SG,11.0,0.0,91.0,-2.4,0.243,0.143,0.0,4.8,4.8,4.8,9.3,1.7,0.0,14.6,20.4,-0.4,0.1,-0.4,-0.192,-11.0,-3.7,-14.7,-0.3,,2002,396.0,31.0,DAL,SG,11.0,0.0,8.3,0.7,3.2,0.229,0.1,0.5,0.2,0.6,2.7,0.233,0.243,0.0,0.0,,0.4,0.4,0.7,0.5,0.3,0.0,0.5,1.0,1.5,,0,0,1
391.0,Cezary Trybański,23.0,MEM,C,15.0,0.0,86.0,-1.4,0.287,0.0,0.5,8.0,10.3,9.2,1.6,0.0,4.8,24.7,17.0,-0.4,0.0,-0.3,-0.186,-9.4,-2.6,-12.0,-0.2,,2002,412.0,23.0,MEM,C,15.0,0.0,5.7,0.3,1.3,0.25,0.0,0.0,,0.3,1.3,0.25,0.25,0.3,0.7,0.4,0.4,0.5,0.9,0.1,0.0,0.4,0.5,0.9,0.9,,0,0,1
396.0,Boštjan Nachbar,22.0,HOU,SF,14.0,1.0,77.0,5.8,0.41,0.323,0.323,4.6,11.7,8.2,6.8,1.4,1.9,14.5,24.8,-0.2,0.1,-0.1,-0.053,-6.2,-1.3,-7.5,-0.1,,2002,364.0,22.0,HOU,SF,14.0,1.0,5.5,0.8,2.2,0.355,0.1,0.7,0.2,0.6,1.5,0.429,0.387,0.4,0.7,0.5,0.2,0.6,0.8,0.2,0.1,0.1,0.4,0.9,2.1,,0,0,1
399.0,Nate Huffman,27.0,TOR,C,7.0,0.0,76.0,11.8,0.403,0.0,0.32,12.9,21.9,17.2,11.0,0.7,2.8,9.5,18.9,0.0,0.1,0.1,0.04,-4.2,-2.3,-6.5,-0.1,,2002,324.0,27.0,TOR,C,7.0,0.0,10.9,1.3,3.6,0.36,0.0,0.0,,1.3,3.6,0.36,0.36,0.7,1.1,0.625,1.3,2.0,3.3,0.7,0.1,0.4,0.4,1.9,3.3,,0,0,1
400.0,Robert Archibald,22.0,MEM,PF,12.0,0.0,72.0,2.4,0.34,0.0,0.9,9.5,17.0,13.3,6.1,0.0,2.9,20.0,21.8,-0.3,0.0,-0.2,-0.158,-8.8,-3.3,-12.0,-0.2,,2002,389.0,22.0,MEM,PF,12.0,0.0,6.0,0.5,1.7,0.3,0.0,0.0,,0.5,1.7,0.3,0.3,0.6,1.5,0.389,0.5,0.9,1.4,0.3,0.0,0.3,0.6,0.8,1.6,,0,0,1
403.0,Ronald Murray,23.0,2TM,SG,14.0,0.0,62.0,6.6,0.391,0.161,0.258,0.0,7.7,3.8,13.9,3.4,0.0,18.8,32.0,-0.3,0.0,-0.3,-0.198,-6.6,-2.0,-8.5,-0.1,,2002,374.0,23.0,2TM,SG,14.0,0.0,4.4,0.8,2.2,0.355,0.0,0.4,0.0,0.8,1.9,0.423,0.355,0.4,0.6,0.625,0.0,0.3,0.3,0.4,0.3,0.0,0.6,0.0,1.9,,0,0,1
410.0,Tito Maddox,21.0,HOU,SG,9.0,0.0,35.0,11.2,0.354,0.25,0.667,3.4,19.3,11.5,22.8,4.6,2.0,16.2,24.4,-0.1,0.1,0.0,-0.011,-5.2,3.8,-1.4,0.0,,2002,404.0,21.0,HOU,SG,9.0,0.0,3.9,0.3,1.3,0.25,0.0,0.3,0.0,0.3,1.0,0.333,0.25,0.6,0.9,0.625,0.1,0.7,0.8,0.6,0.3,0.1,0.3,0.4,1.2,,0,0,1
423.0,Jamal Sampson,19.0,MIL,PF,5.0,0.0,8.0,8.4,0.0,0.0,0.0,14.6,14.7,14.6,16.3,6.6,0.0,0.0,11.6,0.0,0.0,0.0,-0.066,-2.9,-0.3,-3.2,0.0,,2002,426.0,19.0,MIL,PF,5.0,0.0,1.6,0.0,0.4,0.0,0.0,0.0,,0.0,0.4,0.0,0.0,0.0,0.0,,0.2,0.2,0.4,0.2,0.2,0.0,0.0,0.0,0.0,,0,0,1
425.0,Chris Owens,23.0,MEM,SF,1.0,0.0,6.0,20.1,0.667,0.0,0.0,19.0,0.0,9.4,0.0,0.0,0.0,25.0,30.0,0.0,0.0,0.0,-0.032,3.6,-4.2,-0.5,0.0,,2002,302.0,23.0,MEM,SF,1.0,0.0,6.0,2.0,3.0,0.667,0.0,0.0,,2.0,3.0,0.667,0.667,0.0,0.0,,1.0,0.0,1.0,0.0,0.0,0.0,1.0,0.0,4.0,,0,0,1
427.0,Paul Shirley,25.0,ATL,PF,2.0,0.0,5.0,-28.0,0.0,0.0,0.0,0.0,21.9,11.4,0.0,0.0,0.0,0.0,36.7,-0.1,0.0,-0.1,-0.823,-16.5,-9.6,-26.0,0.0,,2002,428.0,25.0,ATL,PF,2.0,0.0,2.5,0.0,2.0,0.0,0.0,0.0,,0.0,2.0,0.0,0.0,0.0,0.0,,0.0,0.5,0.5,0.0,0.0,0.0,0.0,0.0,0.0,,0,0,1
428.0,Guy Rucker,25.0,GSW,PF,3.0,0.0,4.0,7.8,,,,0.0,26.3,13.3,32.3,0.0,0.0,,0.0,0.0,0.0,0.0,0.117,-1.6,7.2,5.6,0.0,,2002,425.0,25.0,GSW,PF,3.0,0.0,1.3,0.0,0.0,,0.0,0.0,,0.0,0.0,,,0.0,0.0,,0.0,0.3,0.3,0.3,0.0,0.0,0.0,0.3,0.0,,0,0,1
9.0,LeBron James,19.0,CLE,SG,79.0,79.0,3122.0,18.3,0.488,0.145,0.308,3.5,11.8,7.6,27.8,2.2,1.3,13.9,28.2,2.4,2.6,5.1,0.078,2.3,-0.6,1.7,2.9,"MVP-9,ROY-1",2003,15.0,19.0,CLE,SG,79.0,79.0,39.5,7.9,18.9,0.417,0.8,2.7,0.29,7.1,16.1,0.438,0.438,4.4,5.8,0.754,1.3,4.2,5.5,5.9,1.6,0.7,3.5,1.9,20.9,"MVP-9,ROY-1",1,1,1
20.0,Carmelo Anthony,19.0,DEN,SF,82.0,82.0,2995.0,17.6,0.509,0.146,0.358,6.8,12.1,9.4,13.8,1.7,1.0,12.7,28.5,3.7,2.4,6.1,0.098,1.6,-1.6,0.1,1.6,"MVP-14,ROY-2",2003,14.0,19.0,DEN,SF,82.0,82.0,36.5,7.6,17.9,0.426,0.8,2.6,0.322,6.8,15.3,0.444,0.449,5.0,6.4,0.777,2.2,3.8,6.1,2.8,1.2,0.5,3.0,2.7,21.0,"MVP-14,ROY-2",1,1,1
46.0,Kirk Hinrich,23.0,CHI,PG,76.0,66.0,2706.0,13.1,0.51,0.448,0.204,1.7,9.0,5.2,32.5,1.9,0.6,18.5,18.2,2.1,1.9,4.1,0.072,-0.5,-0.4,-0.8,0.8,ROY-4,2003,93.0,23.0,CHI,PG,76.0,66.0,35.6,4.2,10.8,0.386,1.9,4.9,0.39,2.3,6.0,0.383,0.474,1.8,2.2,0.804,0.6,2.9,3.4,6.8,1.3,0.3,2.7,3.6,12.0,ROY-4,1,1,1
67.0,Chris Bosh,19.0,TOR,C,75.0,63.0,2510.0,15.1,0.513,0.02,0.404,8.7,16.9,12.8,5.8,1.3,3.1,11.3,18.3,2.5,3.8,6.2,0.119,-1.2,0.5,-0.8,0.8,ROY-5,2003,100.0,19.0,TOR,C,75.0,63.0,33.5,4.4,9.5,0.459,0.1,0.2,0.357,4.3,9.3,0.461,0.463,2.7,3.8,0.701,2.5,4.9,7.4,1.0,0.8,1.4,1.4,2.9,11.5,ROY-5,1,1,1
109.0,Dwyane Wade,22.0,MIA,PG,61.0,56.0,2126.0,17.6,0.53,0.066,0.391,4.6,9.0,6.8,25.1,2.2,1.3,17.3,25.0,2.2,2.3,4.6,0.103,1.4,0.1,1.4,1.9,ROY-3,2003,54.0,22.0,MIA,PG,61.0,56.0,34.9,6.1,13.1,0.465,0.3,0.9,0.302,5.8,12.2,0.477,0.475,3.8,5.1,0.747,1.4,2.7,4.0,4.5,1.4,0.6,3.2,2.3,16.2,ROY-3,1,1,1
120.0,Jarvis Hayes,22.0,WAS,SF,70.0,42.0,2044.0,9.4,0.456,0.188,0.141,3.8,10.9,7.2,9.3,1.8,0.4,13.0,18.4,-0.6,1.1,0.5,0.012,-3.0,-1.0,-4.0,-1.1,,2003,133.0,22.0,WAS,SF,70.0,42.0,29.2,4.0,9.9,0.4,0.6,1.9,0.305,3.4,8.1,0.422,0.429,1.1,1.4,0.786,1.0,2.8,3.8,1.5,1.0,0.2,1.6,2.2,9.6,,1,2,1
134.0,Boris Diaw,21.0,ATL,SG,76.0,37.0,1919.0,8.8,0.483,0.083,0.297,6.6,13.5,10.1,14.9,1.6,1.4,26.3,11.4,-0.3,1.1,0.8,0.021,-2.4,0.1,-2.3,-0.2,,2003,274.0,21.0,ATL,SG,76.0,37.0,25.3,1.8,4.1,0.447,0.1,0.3,0.231,1.8,3.8,0.467,0.457,0.7,1.2,0.602,1.5,3.0,4.5,2.4,0.8,0.5,1.7,2.5,4.5,,0,0,1
141.0,Chris Kaman,21.0,LAC,C,82.0,61.0,1843.0,9.6,0.502,0.005,0.326,7.7,20.9,14.2,7.7,0.7,2.9,23.8,15.7,-0.9,0.9,0.0,0.001,-3.4,-0.8,-4.2,-1.0,,2003,220.0,21.0,LAC,C,82.0,61.0,22.5,2.4,5.3,0.46,0.0,0.0,0.0,2.4,5.3,0.462,0.46,1.2,1.7,0.697,1.5,4.1,5.6,1.0,0.3,0.9,1.9,2.6,6.1,,0,0,1
147.0,Udonis Haslem,23.0,MIA,PF,75.0,24.0,1795.0,13.7,0.521,0.007,0.409,12.1,18.7,15.4,4.9,1.0,1.1,12.3,15.8,2.7,2.1,4.8,0.128,-1.1,-0.9,-2.0,0.0,,2003,183.0,23.0,MIA,PF,75.0,24.0,23.9,2.7,6.0,0.459,0.0,0.0,0.0,2.7,5.9,0.462,0.459,1.9,2.4,0.765,2.5,3.8,6.3,0.7,0.4,0.3,1.0,2.6,7.3,,1,2,1
148.0,Keith Bogans,23.0,ORL,SF,73.0,36.0,1787.0,11.0,0.499,0.412,0.227,6.6,13.7,10.1,8.7,1.4,0.4,13.1,14.5,1.3,0.0,1.3,0.034,-0.5,-2.0,-2.4,-0.2,,2003,197.0,23.0,ORL,SF,73.0,36.0,24.5,2.5,6.2,0.403,0.9,2.6,0.358,1.6,3.7,0.434,0.477,0.9,1.4,0.631,1.5,2.9,4.3,1.3,0.6,0.1,1.0,1.8,6.8,,0,0,1
164.0,Raül López,23.0,UTA,PG,82.0,11.0,1617.0,12.0,0.503,0.164,0.226,1.8,10.2,5.9,34.8,2.1,0.1,23.4,21.4,0.1,1.2,1.4,0.041,-1.7,-1.0,-2.8,-0.3,,2003,190.0,23.0,UTA,PG,82.0,11.0,19.7,2.7,6.3,0.431,0.3,1.0,0.294,2.4,5.3,0.458,0.456,1.2,1.4,0.863,0.3,1.6,1.9,3.7,0.8,0.0,2.1,2.4,7.0,,0,0,1
171.0,Josh Howard,23.0,DAL,SF,67.0,29.0,1589.0,15.7,0.485,0.124,0.259,9.9,15.4,12.6,8.8,2.2,2.5,10.2,18.2,2.3,1.2,3.5,0.104,0.2,-0.2,-0.1,0.8,,2003,154.0,23.0,DAL,SF,67.0,29.0,23.7,3.4,7.9,0.43,0.3,1.0,0.303,3.1,7.0,0.448,0.449,1.4,2.1,0.703,2.2,3.3,5.5,1.4,1.0,0.8,1.0,2.5,8.6,,1,2,1
181.0,Leandro Barbosa,21.0,PHO,PG,70.0,46.0,1500.0,12.7,0.553,0.447,0.13,1.7,7.6,4.7,18.0,3.2,0.3,19.5,18.6,0.9,1.0,1.9,0.061,-1.3,0.5,-0.8,0.5,,2003,170.0,21.0,PHO,PG,70.0,46.0,21.4,3.0,6.7,0.447,1.2,3.0,0.395,1.8,3.7,0.488,0.535,0.7,0.9,0.77,0.3,1.4,1.8,2.4,1.3,0.1,1.7,2.6,7.9,,0,0,1
186.0,T.J. Ford,20.0,MIL,PG,55.0,55.0,1472.0,12.1,0.443,0.053,0.246,2.9,10.8,6.8,37.4,2.1,0.1,24.0,17.9,-0.2,0.9,0.7,0.022,-1.7,-0.6,-2.4,-0.1,,2003,185.0,20.0,MIL,PG,55.0,55.0,26.8,2.8,7.2,0.384,0.1,0.4,0.238,2.7,6.9,0.393,0.391,1.5,1.8,0.816,0.7,2.5,3.2,6.5,1.1,0.1,2.5,2.2,7.1,,1,2,1
194.0,Steve Blake,23.0,WAS,PG,75.0,14.0,1392.0,10.9,0.509,0.496,0.165,1.4,8.2,4.7,25.8,2.1,0.4,22.7,17.9,0.1,0.7,0.7,0.026,-1.5,-1.2,-2.7,-0.2,,2003,230.0,23.0,WAS,PG,75.0,14.0,18.6,2.1,5.4,0.386,1.0,2.7,0.371,1.1,2.7,0.4,0.478,0.7,0.9,0.821,0.2,1.3,1.6,2.8,0.8,0.1,1.7,1.3,5.9,,0,0,1
196.0,Marcus Banks,22.0,BOS,PG,81.0,2.0,1385.0,11.0,0.48,0.195,0.296,2.5,8.4,5.5,21.3,3.3,0.7,20.0,20.5,-0.6,1.4,0.7,0.026,-3.4,0.4,-3.0,-0.4,,2003,229.0,22.0,BOS,PG,81.0,2.0,17.1,2.2,5.5,0.4,0.3,1.1,0.314,1.9,4.4,0.421,0.431,1.2,1.6,0.756,0.4,1.3,1.6,2.2,1.1,0.2,1.5,2.1,5.9,,0,0,1
223.0,Sasha Pavlović,20.0,UTA,SF,79.0,14.0,1144.0,8.7,0.463,0.186,0.223,4.7,12.7,8.6,9.5,2.0,1.2,14.0,19.5,-0.1,1.1,0.9,0.04,-3.9,-0.1,-4.0,-0.6,,2003,264.0,20.0,UTA,SF,79.0,14.0,14.5,1.9,4.8,0.396,0.2,0.9,0.271,1.6,3.9,0.425,0.422,0.8,1.1,0.774,0.6,1.5,2.0,0.8,0.5,0.2,0.8,2.4,4.8,,0,0,1
226.0,Luke Ridnour,22.0,SEA,PG,69.0,6.0,1114.0,13.1,0.496,0.229,0.226,3.7,7.7,5.7,23.9,2.5,0.5,17.2,19.3,0.9,0.2,1.2,0.051,-0.9,-0.6,-1.5,0.2,,2003,245.0,22.0,SEA,PG,69.0,6.0,16.1,2.1,5.1,0.414,0.4,1.2,0.338,1.7,3.9,0.437,0.453,0.9,1.1,0.823,0.5,1.1,1.6,2.4,0.8,0.1,1.2,1.5,5.5,,0,0,1
231.0,Marquis Daniels,23.0,DAL,SG,56.0,15.0,1039.0,20.1,0.536,0.088,0.19,6.7,8.6,7.6,17.4,2.6,0.9,9.0,20.6,2.7,0.4,3.2,0.146,2.7,-0.4,2.3,1.1,ROY-6,2003,157.0,23.0,DAL,SG,56.0,15.0,18.6,3.6,7.3,0.494,0.2,0.6,0.306,3.4,6.7,0.512,0.507,1.1,1.4,0.769,1.2,1.4,2.6,2.1,0.9,0.2,0.8,0.9,8.5,ROY-6,1,2,1
242.0,Darius Songaila,25.0,SAC,PF,73.0,7.0,976.0,14.6,0.541,0.0,0.322,10.8,15.2,13.1,7.6,2.2,0.9,12.1,16.4,1.7,0.9,2.6,0.129,-0.8,-0.4,-1.2,0.2,,2003,271.0,25.0,SAC,PF,73.0,7.0,13.4,1.8,3.7,0.487,0.0,0.0,,1.8,3.7,0.487,0.487,1.0,1.2,0.807,1.2,1.8,3.1,0.7,0.6,0.2,0.6,1.7,4.6,,0,0,1
248.0,David West,23.0,NOH,PF,71.0,1.0,930.0,15.9,0.519,0.009,0.351,14.0,22.6,18.2,11.1,1.6,2.3,15.4,15.3,1.4,1.3,2.8,0.143,-0.8,0.3,-0.5,0.4,,2003,308.0,23.0,NOH,PF,71.0,1.0,13.1,1.5,3.2,0.474,0.0,0.0,0.0,1.5,3.2,0.478,0.474,0.8,1.1,0.713,1.6,2.5,4.2,0.8,0.4,0.4,0.7,1.6,3.8,,0,0,1
254.0,Ronald Dupree,23.0,CHI,SF,47.0,8.0,893.0,9.7,0.445,0.032,0.372,6.5,14.1,10.2,10.6,1.9,1.5,13.4,19.0,-0.4,0.9,0.5,0.028,-4.1,-0.1,-4.3,-0.5,,2003,215.0,23.0,CHI,SF,47.0,8.0,19.0,2.4,6.0,0.394,0.1,0.2,0.444,2.3,5.8,0.392,0.401,1.4,2.2,0.629,1.2,2.4,3.6,1.2,0.7,0.4,1.1,2.9,6.2,,0,0,1
256.0,Kyle Korver,22.0,PHI,SF,74.0,0.0,882.0,10.1,0.489,0.633,0.073,4.0,10.7,7.4,8.3,1.5,0.7,10.8,20.2,0.2,0.8,1.0,0.054,-0.2,-0.5,-0.7,0.3,,2003,275.0,22.0,PHI,SF,74.0,0.0,11.9,1.6,4.4,0.352,1.1,2.8,0.391,0.5,1.6,0.283,0.476,0.3,0.3,0.792,0.4,1.1,1.5,0.5,0.3,0.1,0.6,1.4,4.5,,0,0,1
257.0,Francisco Elson,27.0,DEN,C,62.0,14.0,875.0,11.2,0.498,0.005,0.226,8.3,18.1,13.1,5.6,2.1,3.1,13.8,12.7,0.6,1.2,1.8,0.097,-3.2,1.4,-1.8,0.0,,2003,320.0,27.0,DEN,C,62.0,14.0,14.1,1.5,3.2,0.472,0.0,0.0,0.0,1.5,3.2,0.475,0.472,0.5,0.7,0.667,1.0,2.2,3.3,0.5,0.6,0.6,0.6,2.3,3.5,,0,0,1
273.0,Mo Williams,21.0,UTA,SG,57.0,0.0,772.0,9.4,0.433,0.129,0.185,3.6,8.0,5.8,18.5,2.0,0.2,13.5,22.8,-0.3,0.5,0.2,0.011,-3.1,-0.9,-4.1,-0.4,,2003,257.0,21.0,UTA,SG,57.0,0.0,13.5,2.0,5.3,0.38,0.2,0.7,0.256,1.8,4.6,0.398,0.396,0.8,1.0,0.786,0.4,0.9,1.3,1.3,0.5,0.0,0.9,1.5,5.0,,0,0,1
274.0,Willie Green,22.0,PHI,SG,53.0,0.0,767.0,10.8,0.464,0.171,0.227,2.5,7.5,5.0,14.1,1.8,0.5,13.1,27.7,-0.7,0.6,0.0,-0.003,-2.6,-1.2,-3.8,-0.3,,2003,194.0,22.0,PHI,SG,53.0,0.0,14.5,2.7,6.7,0.401,0.4,1.2,0.311,2.3,5.6,0.419,0.427,1.1,1.5,0.728,0.3,0.9,1.2,1.0,0.5,0.1,1.1,1.6,6.9,,0,0,1
278.0,Mickaël Piétrus,21.0,GSW,PG,53.0,22.0,748.0,12.9,0.528,0.455,0.325,7.2,10.7,9.0,6.1,2.3,1.2,13.2,18.7,0.8,0.7,1.5,0.095,-1.0,0.4,-0.6,0.3,,2003,249.0,21.0,GSW,PG,53.0,22.0,14.1,1.8,4.4,0.416,0.7,2.0,0.333,1.2,2.4,0.484,0.491,1.0,1.4,0.693,0.9,1.3,2.2,0.5,0.6,0.2,0.8,1.9,5.3,,0,0,1
280.0,Linton Johnson,23.0,CHI,SF,41.0,20.0,734.0,9.6,0.394,0.163,0.182,8.5,19.0,13.6,6.1,2.6,3.2,14.4,15.6,-0.8,1.1,0.4,0.023,-4.4,1.1,-3.3,-0.2,,2003,287.0,23.0,CHI,SF,41.0,20.0,17.9,1.8,5.0,0.355,0.2,0.8,0.212,1.6,4.1,0.382,0.372,0.5,0.9,0.595,1.4,3.0,4.5,0.7,0.9,0.8,0.9,2.2,4.2,,0,0,1
282.0,Luke Walton,23.0,LAL,PF,72.0,2.0,730.0,12.7,0.505,0.255,0.288,6.0,13.8,9.8,23.0,2.0,0.8,20.3,13.3,0.7,0.9,1.6,0.103,-0.4,1.3,0.9,0.5,,2003,372.0,23.0,LAL,PF,72.0,2.0,10.1,0.9,2.1,0.425,0.2,0.5,0.333,0.7,1.6,0.456,0.467,0.4,0.6,0.705,0.5,1.2,1.8,1.6,0.4,0.1,0.6,1.0,2.4,,0,0,1
285.0,Matt Barnes,23.0,LAC,SF,38.0,9.0,724.0,10.6,0.519,0.094,0.442,8.3,15.5,11.9,10.6,2.0,0.3,21.1,12.8,0.4,0.3,0.7,0.045,-1.4,-0.7,-2.2,0.0,,2003,273.0,23.0,LAC,SF,38.0,9.0,19.1,1.7,3.6,0.457,0.1,0.3,0.154,1.6,3.3,0.488,0.464,1.1,1.6,0.705,1.4,2.6,4.0,1.3,0.7,0.1,1.2,2.0,4.5,,0,0,1
295.0,Zaza Pachulia,19.0,ORL,C,59.0,2.0,664.0,10.8,0.452,0.0,0.514,11.5,18.3,14.9,3.1,1.7,1.3,13.7,16.9,0.1,0.2,0.3,0.023,-3.3,-2.5,-5.8,-0.6,,2003,336.0,19.0,ORL,C,59.0,2.0,11.3,1.2,3.0,0.389,0.0,0.0,,1.2,3.0,0.389,0.389,1.0,1.5,0.644,1.2,1.8,2.9,0.2,0.4,0.2,0.6,1.5,3.3,,0,0,1
311.0,Žarko Čabarkapa,22.0,PHO,PF,49.0,4.0,570.0,8.4,0.461,0.162,0.269,5.2,14.7,9.9,11.6,0.9,1.7,19.7,21.7,-0.7,0.3,-0.4,-0.037,-4.2,-1.4,-5.7,-0.5,,2003,290.0,22.0,PHO,PF,49.0,4.0,11.6,1.7,4.0,0.411,0.1,0.7,0.188,1.5,3.4,0.455,0.426,0.7,1.1,0.66,0.5,1.5,2.0,0.8,0.2,0.3,1.1,1.5,4.1,,0,0,1
322.0,Travis Hansen,25.0,ATL,SF,41.0,4.0,507.0,7.2,0.433,0.231,0.208,6.8,8.8,7.8,6.0,1.0,1.3,9.6,14.1,0.1,0.1,0.2,0.019,-3.8,-2.4,-6.2,-0.5,,2003,348.0,25.0,ATL,SF,41.0,4.0,12.4,1.1,3.2,0.354,0.2,0.7,0.3,0.9,2.4,0.37,0.388,0.5,0.7,0.815,0.7,1.0,1.7,0.5,0.2,0.2,0.4,1.6,3.0,,0,0,1
326.0,Mike Sweetney,21.0,NYK,PF,42.0,1.0,494.0,17.2,0.544,0.007,0.414,16.1,20.5,18.3,4.8,2.0,1.8,16.2,18.6,0.8,0.7,1.4,0.138,0.0,-1.2,-1.2,0.1,,2003,281.0,21.0,NYK,PF,42.0,1.0,11.8,1.6,3.3,0.493,0.0,0.0,0.0,1.6,3.3,0.496,0.493,1.0,1.4,0.724,1.6,2.1,3.7,0.3,0.4,0.3,0.8,1.4,4.3,,0,0,1
329.0,Zoran Planinić,21.0,NJN,SG,49.0,1.0,473.0,10.0,0.492,0.248,0.465,3.5,10.2,6.9,23.9,1.5,0.5,18.8,19.0,0.1,0.6,0.7,0.068,-3.3,-0.1,-3.4,-0.2,,2003,345.0,21.0,NJN,SG,49.0,1.0,9.7,1.1,2.6,0.411,0.2,0.7,0.281,0.9,2.0,0.454,0.446,0.8,1.2,0.633,0.3,0.8,1.1,1.4,0.3,0.1,0.7,1.4,3.1,,0,0,1
331.0,Richie Frahm,26.0,SEA,SF,54.0,0.0,469.0,15.7,0.608,0.662,0.187,3.0,11.0,7.0,8.4,1.8,0.6,4.4,15.5,1.4,0.1,1.5,0.152,1.9,-0.6,1.4,0.4,,2003,327.0,26.0,SEA,SF,54.0,0.0,8.7,1.2,2.6,0.453,0.6,1.7,0.37,0.5,0.9,0.617,0.576,0.4,0.5,0.885,0.2,0.8,1.0,0.4,0.3,0.1,0.1,0.9,3.4,,0,0,1
334.0,Brian Cook,23.0,LAL,C,35.0,2.0,442.0,14.0,0.505,0.035,0.199,7.8,18.2,12.9,7.4,1.9,2.7,10.0,17.3,0.5,0.7,1.1,0.122,-2.1,0.9,-1.1,0.1,,2003,277.0,23.0,LAL,C,35.0,2.0,12.6,1.9,4.0,0.475,0.0,0.1,0.0,1.9,3.9,0.493,0.475,0.6,0.8,0.75,0.9,2.0,2.9,0.6,0.5,0.5,0.5,1.8,4.4,,0,0,1
336.0,Jason Kapono,22.0,CLE,SF,41.0,3.0,427.0,10.2,0.519,0.341,0.186,4.9,9.3,7.1,5.3,1.6,0.3,13.1,16.8,0.3,0.2,0.5,0.056,-1.5,-1.1,-2.6,-0.1,,2003,323.0,22.0,CLE,SF,41.0,3.0,10.4,1.3,3.1,0.403,0.5,1.1,0.477,0.8,2.1,0.365,0.484,0.5,0.6,0.833,0.5,0.9,1.3,0.3,0.3,0.0,0.5,1.0,3.5,,0,0,1
341.0,Brandon Hunter,23.0,BOS,PF,36.0,12.0,406.0,12.6,0.463,0.026,0.371,14.4,18.8,16.6,7.9,1.6,0.2,14.0,17.6,0.2,0.4,0.6,0.066,-1.1,-1.3,-2.4,0.0,,2003,321.0,23.0,BOS,PF,36.0,12.0,11.3,1.5,3.2,0.457,0.0,0.1,0.0,1.5,3.1,0.469,0.457,0.5,1.2,0.442,1.4,1.9,3.3,0.5,0.4,0.0,0.6,1.1,3.5,,0,0,1
344.0,Keith McLeod,24.0,MIN,PG,33.0,0.0,391.0,8.1,0.436,0.122,0.524,1.5,8.0,5.0,21.6,2.2,0.2,22.3,15.7,-0.2,0.5,0.2,0.028,-4.7,0.6,-4.1,-0.2,,2003,363.0,24.0,MIN,PG,33.0,0.0,11.8,0.8,2.5,0.329,0.0,0.3,0.1,0.8,2.2,0.361,0.335,1.0,1.3,0.767,0.2,0.9,1.0,1.8,0.5,0.0,0.9,1.2,2.7,,0,0,1
349.0,Reece Gaines,23.0,ORL,PG,38.0,1.0,364.0,6.1,0.356,0.116,0.291,2.4,9.9,6.1,16.6,1.6,0.4,15.7,14.3,-0.4,0.0,-0.5,-0.065,-4.5,-1.6,-6.1,-0.4,,2003,400.0,23.0,ORL,PG,38.0,1.0,9.6,0.7,2.3,0.291,0.1,0.3,0.3,0.6,2.0,0.289,0.308,0.4,0.7,0.64,0.2,0.8,1.0,1.1,0.3,0.1,0.5,0.6,1.8,,0,0,1
356.0,Britton Johnsen,24.0,ORL,C,20.0,4.0,290.0,2.6,0.318,0.203,0.271,5.7,12.0,8.8,6.1,1.3,0.2,17.5,12.5,-0.5,0.0,-0.6,-0.096,-6.1,-1.7,-7.8,-0.4,,2003,384.0,24.0,ORL,C,20.0,4.0,14.5,0.9,3.0,0.288,0.1,0.6,0.083,0.8,2.4,0.34,0.297,0.4,0.8,0.438,0.8,1.5,2.3,0.6,0.4,0.1,0.7,1.4,2.1,,0,0,1
363.0,Curtis Borchardt,23.0,UTA,C,16.0,0.0,258.0,7.9,0.454,0.018,0.321,6.2,20.0,13.0,9.8,0.9,4.6,22.0,14.8,-0.2,0.3,0.1,0.026,-4.4,1.4,-3.0,-0.1,,2003,315.0,23.0,UTA,C,16.0,0.0,16.1,1.4,3.5,0.393,0.0,0.1,0.0,1.4,3.4,0.4,0.393,0.9,1.1,0.778,0.8,2.6,3.4,0.9,0.3,0.9,1.1,2.5,3.6,,0,0,1
365.0,Maciej Lampe,18.0,PHO,C,21.0,0.0,224.0,12.2,0.512,0.045,0.148,4.6,17.9,11.2,7.2,0.7,1.0,13.8,21.9,0.0,0.1,0.1,0.029,-2.8,-2.0,-4.8,-0.2,,2003,269.0,18.0,PHO,C,21.0,0.0,10.7,2.0,4.2,0.489,0.0,0.2,0.0,2.0,4.0,0.512,0.489,0.5,0.6,0.769,0.4,1.7,2.1,0.4,0.1,0.1,0.7,1.3,4.6,,0,0,1
370.0,Theron Smith,23.0,MEM,SF,20.0,0.0,178.0,8.4,0.473,0.279,0.186,8.2,18.0,13.0,6.0,1.5,2.0,23.1,15.3,-0.1,0.2,0.1,0.019,-3.0,-0.3,-3.3,-0.1,,2003,383.0,23.0,MEM,SF,20.0,0.0,8.9,0.8,2.2,0.372,0.3,0.6,0.5,0.5,1.6,0.323,0.442,0.3,0.4,0.75,0.7,1.4,2.1,0.4,0.3,0.3,0.7,0.9,2.2,,0,0,1
371.0,Ben Handlogten,30.0,UTA,C,17.0,0.0,172.0,17.1,0.577,0.0,0.574,15.6,24.2,19.8,6.5,1.0,2.0,14.5,18.6,0.4,0.2,0.6,0.168,-0.4,-1.6,-2.0,0.0,,2003,297.0,30.0,UTA,C,17.0,0.0,10.1,1.5,2.8,0.532,0.0,0.0,,1.5,2.8,0.532,0.532,1.1,1.6,0.667,1.3,1.9,3.2,0.4,0.2,0.2,0.6,1.9,4.0,,0,0,1
377.0,Darko Miličić,18.0,DET,C,34.0,0.0,159.0,6.1,0.318,0.015,0.369,8.1,22.9,15.6,7.5,2.4,7.2,14.7,26.0,-0.6,0.5,-0.2,-0.049,-11.6,1.2,-10.4,-0.3,,2003,410.0,18.0,DET,C,34.0,0.0,4.7,0.5,1.9,0.262,0.0,0.0,0.0,0.5,1.9,0.266,0.262,0.4,0.7,0.583,0.3,0.9,1.3,0.2,0.2,0.4,0.4,1.0,1.4,,0,0,1
379.0,Dahntay Jones,23.0,MEM,SG,20.0,0.0,154.0,2.5,0.311,0.075,0.208,5.1,11.9,8.4,12.0,1.7,2.8,17.2,20.4,-0.5,0.2,-0.4,-0.114,-7.1,-0.6,-7.7,-0.2,,2003,403.0,23.0,MEM,SG,20.0,0.0,7.7,0.8,2.7,0.283,0.1,0.2,0.25,0.7,2.5,0.286,0.292,0.3,0.6,0.455,0.4,0.8,1.2,0.6,0.3,0.3,0.6,1.2,1.8,,0,0,1
380.0,Torraye Braggs,27.0,2TM,PF,15.0,0.0,154.0,9.5,0.522,0.0,0.364,14.3,15.3,14.9,7.8,1.4,1.0,25.4,15.8,0.0,0.2,0.2,0.07,-4.7,0.7,-4.0,-0.1,,2003,361.0,27.0,2TM,PF,15.0,0.0,10.3,1.1,2.2,0.485,0.0,0.0,,1.1,2.2,0.485,0.485,0.5,0.8,0.667,1.2,1.4,2.6,0.5,0.3,0.1,0.9,1.9,2.7,,0,0,1
384.0,Omar Cook,22.0,POR,PG,17.0,0.0,139.0,4.7,0.259,0.037,0.0,2.6,2.5,2.6,25.6,4.0,0.0,27.0,12.6,-0.3,0.1,-0.2,-0.068,-6.3,1.0,-5.4,-0.1,,2003,430.0,22.0,POR,PG,17.0,0.0,8.2,0.4,1.6,0.259,0.0,0.1,0.0,0.4,1.5,0.269,0.259,0.0,0.0,,0.2,0.2,0.4,1.4,0.6,0.0,0.6,0.8,0.8,,0,0,1
388.0,Maurice Carter,27.0,2TM,SG,10.0,0.0,110.0,5.8,0.479,0.314,0.571,2.0,9.5,5.7,5.8,0.0,0.0,17.0,21.7,-0.1,0.0,0.0,-0.014,-4.8,-3.2,-8.0,-0.2,,2003,284.0,27.0,2TM,SG,10.0,0.0,11.0,1.1,3.5,0.314,0.4,1.1,0.364,0.7,2.4,0.292,0.371,1.6,2.0,0.8,0.2,0.9,1.1,0.4,0.0,0.0,0.9,1.0,4.2,,0,0,1
393.0,Desmond Penigar,22.0,ORL,PF,10.0,0.0,89.0,12.9,0.538,0.0,0.143,7.5,23.4,15.3,5.9,1.2,1.6,16.8,18.2,0.0,0.0,0.1,0.049,-3.7,-1.2,-4.8,-0.1,,2003,339.0,22.0,ORL,PF,10.0,0.0,8.9,1.4,2.8,0.5,0.0,0.0,,1.4,2.8,0.5,0.5,0.4,0.4,1.0,0.6,1.8,2.4,0.3,0.2,0.2,0.6,1.4,3.2,,0,0,1
402.0,Matt Carroll,23.0,2TM,SG,16.0,0.0,70.0,3.8,0.51,0.188,0.375,1.6,8.2,4.9,4.6,0.8,0.0,24.4,16.5,-0.1,0.0,0.0,-0.033,-6.6,-1.5,-8.2,-0.1,,2003,414.0,23.0,2TM,SG,16.0,0.0,4.4,0.4,1.0,0.438,0.1,0.2,0.333,0.4,0.8,0.462,0.469,0.3,0.4,0.667,0.1,0.3,0.4,0.1,0.1,0.0,0.4,0.5,1.2,,0,0,1
408.0,Hiram Fuller,22.0,ATL,PF,4.0,0.0,43.0,3.6,0.376,0.0,0.75,10.6,18.2,14.5,7.3,0.0,1.7,27.3,15.5,-0.1,0.0,-0.1,-0.094,-7.3,-3.1,-10.5,-0.1,,2003,388.0,22.0,ATL,PF,4.0,0.0,10.8,0.8,2.0,0.375,0.0,0.0,,0.8,2.0,0.375,0.375,0.5,1.5,0.333,1.0,1.8,2.8,0.5,0.0,0.3,1.0,1.3,2.0,,0,0,1
413.0,Kendrick Perkins,19.0,BOS,C,10.0,0.0,35.0,22.8,0.58,0.0,0.6,16.7,28.9,22.9,17.4,0.0,4.4,20.9,31.1,0.1,0.0,0.1,0.145,0.2,0.5,0.7,0.0,,2003,381.0,19.0,BOS,C,10.0,0.0,3.5,0.8,1.5,0.533,0.0,0.0,,0.8,1.5,0.533,0.533,0.6,0.9,0.667,0.5,0.9,1.4,0.3,0.0,0.2,0.5,0.6,2.2,,0,0,1
415.0,Troy Bell,23.0,MEM,PG,6.0,0.0,34.0,-4.5,0.285,0.222,0.167,9.9,3.4,6.6,18.7,1.5,0.0,23.7,33.5,-0.2,0.0,-0.2,-0.326,-13.0,-6.5,-19.6,-0.2,,2003,399.0,23.0,MEM,PG,6.0,0.0,5.7,0.7,3.0,0.222,0.0,0.7,0.0,0.7,2.3,0.286,0.222,0.5,0.5,1.0,0.5,0.2,0.7,0.7,0.2,0.0,1.0,1.0,1.8,,0,0,1
417.0,Ndudi Ebi,19.0,MIN,SF,17.0,0.0,32.0,9.3,0.412,0.0,0.286,7.5,3.4,5.4,16.2,0.0,9.1,16.0,27.6,-0.1,0.0,0.0,-0.057,-6.6,0.4,-6.2,0.0,,2003,432.0,19.0,MIN,SF,17.0,0.0,1.9,0.4,0.8,0.429,0.0,0.0,,0.4,0.8,0.429,0.429,0.1,0.2,0.25,0.1,0.1,0.2,0.2,0.0,0.2,0.2,0.4,0.8,,0,0,1
418.0,Desmond Ferguson,26.0,POR,SF,7.0,0.0,32.0,11.3,0.505,0.667,0.167,0.0,14.7,7.4,5.5,0.0,0.0,7.2,20.5,0.0,0.0,0.0,0.021,4.1,-2.7,1.4,0.0,,2003,394.0,26.0,POR,SF,7.0,0.0,4.6,0.7,1.7,0.417,0.4,1.1,0.375,0.3,0.6,0.5,0.542,0.0,0.3,0.0,0.0,0.6,0.6,0.1,0.0,0.0,0.1,0.0,1.9,,0,0,1
419.0,Ime Udoka,26.0,LAL,SF,4.0,0.0,28.0,6.7,0.372,0.111,0.444,4.0,16.4,10.1,10.9,3.7,2.6,21.8,22.1,-0.1,0.1,0.0,-0.073,-6.7,1.7,-5.0,0.0,,2003,391.0,26.0,LAL,SF,4.0,0.0,7.0,0.8,2.3,0.333,0.0,0.3,0.0,0.8,2.0,0.375,0.333,0.5,1.0,0.5,0.3,1.0,1.3,0.5,0.5,0.3,0.8,0.8,2.0,,0,0,1
422.0,James Jones,23.0,IND,SF,6.0,0.0,26.0,4.9,0.354,0.444,0.222,0.0,9.2,4.5,0.0,2.1,0.0,0.0,17.9,0.0,0.0,0.0,0.01,-3.4,-0.5,-3.9,0.0,,2003,416.0,23.0,IND,SF,6.0,0.0,4.3,0.3,1.5,0.222,0.2,0.7,0.25,0.2,0.8,0.2,0.278,0.3,0.3,1.0,0.0,0.3,0.3,0.0,0.2,0.0,0.0,0.2,1.2,,0,0,1
424.0,Josh Davis,23.0,ATL,PF,4.0,1.0,23.0,2.1,0.46,0.4,0.2,5.0,19.5,12.3,0.0,0.0,0.0,26.9,14.7,0.0,0.0,0.0,-0.075,-8.1,-2.1,-10.2,0.0,,2003,412.0,23.0,ATL,PF,4.0,1.0,5.8,0.5,1.3,0.4,0.0,0.5,0.0,0.5,0.8,0.667,0.4,0.3,0.3,1.0,0.3,1.0,1.3,0.0,0.0,0.0,0.5,0.8,1.3,,0,0,1
428.0,Travis Outlaw,19.0,POR,PF,8.0,0.0,19.0,16.4,0.457,0.0,0.571,12.6,12.4,12.5,9.3,2.9,0.0,10.2,24.3,0.0,0.0,0.0,0.067,1.8,-0.3,1.4,0.0,,2003,426.0,19.0,POR,PF,8.0,0.0,2.4,0.4,0.9,0.429,0.0,0.0,,0.4,0.9,0.429,0.429,0.3,0.5,0.5,0.3,0.3,0.5,0.1,0.1,0.0,0.1,0.1,1.0,,0,0,1
429.0,Kirk Penney,23.0,MIA,SG,2.0,0.0,18.0,-7.2,0.25,0.5,0.0,0.0,6.6,3.2,8.7,3.0,0.0,33.3,23.5,-0.1,0.0,-0.1,-0.326,-11.8,-3.2,-15.0,-0.1,,2003,409.0,23.0,MIA,SG,2.0,0.0,9.0,0.5,3.0,0.167,0.5,1.5,0.333,0.0,1.5,0.0,0.25,0.0,0.0,,0.0,0.5,0.5,0.5,0.5,0.0,1.5,0.5,1.5,,0,0,1
433.0,Alex Garcia,23.0,SAS,SG,2.0,0.0,13.0,-4.7,0.19,0.0,0.286,0.0,0.0,0.0,0.0,8.3,0.0,11.3,31.6,-0.1,0.0,-0.1,-0.319,-14.5,0.9,-13.6,0.0,,2003,408.0,23.0,SAS,SG,2.0,0.0,6.5,0.5,3.5,0.143,0.0,0.0,,0.5,3.5,0.143,0.143,0.5,1.0,0.5,0.0,0.0,0.0,0.0,1.0,0.0,0.5,0.0,1.5,,0,0,1
434.0,Kaniel Dickens,25.0,POR,PF,3.0,0.0,12.0,23.1,0.902,0.0,0.667,20.0,0.0,9.9,0.0,0.0,0.0,20.5,19.3,0.0,0.0,0.0,0.18,2.0,-2.5,-0.5,0.0,,2003,373.0,25.0,POR,PF,3.0,0.0,4.0,1.0,1.0,1.0,0.0,0.0,,1.0,1.0,1.0,1.0,0.3,0.7,0.5,0.7,0.0,0.7,0.0,0.0,0.0,0.3,1.0,2.3,,0,0,1
440.0,Jerome Beasley,23.0,MIA,PF,2.0,0.0,5.0,5.9,0.333,0.0,0.0,0.0,23.6,11.7,0.0,0.0,0.0,0.0,28.2,0.0,0.0,0.0,-0.117,-1.8,-3.4,-5.2,0.0,,2003,421.0,23.0,MIA,PF,2.0,0.0,2.5,0.5,1.5,0.333,0.0,0.0,,0.5,1.5,0.333,0.333,0.0,0.0,,0.0,0.5,0.5,0.0,0.0,0.0,0.0,0.0,1.0,,0,0,1
442.0,Slavko Vraneš,21.0,POR,C,1.0,0.0,3.0,-20.4,0.0,0.0,0.0,0.0,0.0,0.0,0.0,0.0,0.0,0.0,15.8,0.0,0.0,0.0,-0.371,-19.8,-6.4,-26.2,0.0,,2003,442.0,21.0,POR,C,1.0,0.0,3.0,0.0,1.0,0.0,0.0,0.0,,0.0,1.0,0.0,0.0,0.0,0.0,,0.0,0.0,0.0,0.0,0.0,0.0,0.0,1.0,0.0,,0,0,1
45.0,Andre Iguodala,21.0,PHI,SG,82.0,82.0,2686.0,13.5,0.58,0.26,0.385,3.7,15.9,9.7,14.3,2.6,1.4,17.9,12.8,2.7,4.0,6.6,0.118,-0.7,2.1,1.4,2.3,"ROY-4,DPOY-14",2004,166.0,21.0,PHI,SG,82.0,82.0,32.8,3.3,6.7,0.493,0.6,1.7,0.331,2.7,4.9,0.55,0.536,1.9,2.6,0.743,1.1,4.6,5.7,3.0,1.7,0.6,1.7,2.5,9.0,"ROY-4,DPOY-14",1,1,1
48.0,Dwight Howard,19.0,ORL,PF,82.0,82.0,2670.0,17.2,0.571,0.003,0.61,12.2,22.2,17.3,4.4,1.5,3.6,16.1,16.7,3.8,3.5,7.3,0.131,0.1,-0.1,0.0,1.4,"ROY-3,DPOY-21",2004,100.0,19.0,ORL,PF,82.0,82.0,32.6,4.3,8.3,0.52,0.0,0.0,0.0,4.3,8.2,0.521,0.52,3.4,5.0,0.671,3.5,6.5,10.0,0.9,0.9,1.7,2.0,2.8,12.0,"ROY-3,DPOY-21",1,1,1
55.0,Emeka Okafor,22.0,CHA,PF,73.0,73.0,2600.0,16.3,0.479,0.001,0.342,11.5,24.1,17.5,4.3,1.2,3.6,9.8,21.8,0.9,3.1,4.0,0.074,-0.7,-1.3,-2.0,0.0,"ROY-1,DPOY-21",2004,69.0,22.0,CHA,PF,73.0,73.0,35.6,6.1,13.7,0.447,0.0,0.0,0.0,6.1,13.7,0.447,0.447,2.9,4.7,0.609,3.8,7.1,10.9,0.9,0.8,1.7,1.7,2.9,15.1,"ROY-1,DPOY-21",1,1,1
77.0,Josh Childress,21.0,ATL,SG,80.0,44.0,2376.0,15.2,0.543,0.087,0.36,9.1,14.8,11.8,10.4,1.6,1.1,12.5,16.0,3.7,0.9,4.6,0.093,0.4,-1.0,-0.6,0.8,,2004,137.0,21.0,ATL,SG,80.0,44.0,29.7,3.8,8.0,0.47,0.2,0.7,0.232,3.6,7.3,0.493,0.481,2.4,2.9,0.823,2.4,3.6,6.0,1.9,0.9,0.4,1.3,2.3,10.1,,1,2,1
97.0,Chris Duhon,22.0,CHI,PG,82.0,73.0,2177.0,9.8,0.471,0.543,0.137,1.2,9.7,5.5,28.6,2.0,0.1,18.7,13.1,0.8,3.3,4.1,0.09,-2.2,1.6,-0.7,0.7,,2004,250.0,22.0,CHI,PG,82.0,73.0,26.5,2.1,6.0,0.352,1.1,3.2,0.355,1.0,2.7,0.35,0.449,0.6,0.8,0.731,0.3,2.3,2.6,4.9,1.0,0.0,1.5,2.5,5.9,,0,0,1
106.0,Josh Smith,19.0,ATL,SF,74.0,59.0,2050.0,15.4,0.506,0.038,0.394,7.9,18.6,13.0,10.2,1.5,5.4,16.0,18.4,0.6,1.8,2.4,0.055,-0.9,0.4,-0.5,0.8,,2004,148.0,19.0,ATL,SF,74.0,59.0,27.7,3.7,8.1,0.455,0.1,0.3,0.174,3.6,7.8,0.466,0.458,2.2,3.2,0.688,2.0,4.2,6.2,1.7,0.8,1.9,1.8,2.1,9.7,,1,2,1
112.0,Ben Gordon,21.0,CHI,SG,82.0,3.0,2002.0,14.9,0.526,0.313,0.256,3.1,8.9,6.0,16.3,1.4,0.4,13.7,30.4,0.8,2.7,3.5,0.084,1.0,-0.3,0.7,1.4,"ROY-2,6MOY-1",2004,68.0,21.0,CHI,SG,82.0,3.0,24.4,5.3,12.9,0.411,1.6,4.0,0.405,3.7,8.8,0.414,0.474,2.8,3.3,0.863,0.7,2.0,2.6,2.0,0.6,0.1,2.3,2.7,15.1,"ROY-2,6MOY-1",1,1,1
115.0,Nenad Krstić,21.0,NJN,PF,75.0,57.0,1965.0,13.4,0.547,0.004,0.447,9.7,14.9,12.3,7.1,0.9,2.6,14.1,19.0,1.9,2.5,4.4,0.108,-2.7,-0.5,-3.2,-0.6,,2004,141.0,21.0,NJN,PF,75.0,57.0,26.2,3.7,7.6,0.493,0.0,0.0,0.0,3.7,7.6,0.495,0.493,2.5,3.4,0.725,2.1,3.2,5.3,1.0,0.4,0.8,1.5,3.7,10.0,,1,2,1
124.0,Andrés Nocioni,25.0,CHI,SF,81.0,38.0,1892.0,10.1,0.484,0.161,0.369,4.1,18.6,11.4,10.9,1.0,1.3,16.2,19.7,-0.9,3.3,2.5,0.062,-3.2,1.1,-2.0,0.0,DPOY-21,2004,175.0,25.0,CHI,SF,81.0,38.0,23.4,3.0,7.4,0.401,0.3,1.2,0.258,2.7,6.2,0.429,0.422,2.1,2.7,0.766,0.9,3.9,4.8,1.5,0.5,0.4,1.7,2.6,8.4,DPOY-21,0,0,1
131.0,J.R. Smith,19.0,NOH,SG,76.0,56.0,1859.0,10.9,0.478,0.376,0.215,2.4,7.5,4.8,14.6,1.6,0.5,11.7,23.2,-0.7,0.9,0.2,0.006,-1.5,-1.4,-2.9,-0.4,ROY-5,2004,133.0,19.0,NOH,SG,76.0,56.0,24.5,3.9,9.8,0.394,1.1,3.7,0.288,2.8,6.1,0.458,0.449,1.5,2.1,0.689,0.5,1.5,2.0,1.9,0.7,0.1,1.4,1.8,10.3,ROY-5,0,0,1
161.0,Luol Deng,19.0,CHI,SF,61.0,45.0,1663.0,14.2,0.496,0.181,0.251,6.2,15.4,10.8,14.8,1.5,1.2,14.1,22.4,0.1,2.9,3.0,0.086,0.2,1.0,1.2,1.3,ROY-5,2004,110.0,19.0,CHI,SF,61.0,45.0,27.3,4.6,10.6,0.434,0.5,1.9,0.265,4.1,8.7,0.472,0.458,2.0,2.7,0.741,1.5,3.8,5.3,2.2,0.8,0.4,1.9,1.6,11.7,ROY-5,1,1,1
163.0,Quinton Ross,23.0,LAC,SG,78.0,19.0,1659.0,8.9,0.471,0.011,0.295,4.4,10.6,7.6,10.4,1.7,1.0,11.4,13.3,0.4,1.3,1.7,0.05,-3.0,0.3,-2.6,-0.3,,2004,282.0,23.0,LAC,SG,78.0,19.0,21.3,2.1,4.8,0.432,0.0,0.1,0.25,2.1,4.7,0.434,0.433,0.9,1.4,0.673,0.8,1.9,2.7,1.4,0.7,0.3,0.7,2.1,5.1,,0,0,1
171.0,Jameer Nelson,22.0,ORL,PG,79.0,21.0,1612.0,14.5,0.51,0.225,0.17,3.7,9.7,6.7,24.8,2.5,0.1,14.8,21.4,1.2,1.3,2.5,0.074,-0.7,-0.1,-0.7,0.5,,2004,170.0,22.0,ORL,PG,79.0,21.0,20.4,3.6,7.9,0.455,0.6,1.8,0.312,3.1,6.2,0.497,0.49,0.9,1.4,0.682,0.7,1.8,2.4,3.0,1.0,0.0,1.5,2.5,8.7,,1,2,1
177.0,Matt Bonner,24.0,TOR,C,82.0,0.0,1553.0,14.7,0.596,0.199,0.153,7.7,13.1,10.4,5.3,1.3,0.9,7.5,15.7,3.3,0.9,4.2,0.13,0.0,-0.6,-0.6,0.5,,2004,206.0,24.0,TOR,C,82.0,0.0,18.9,3.0,5.6,0.533,0.5,1.1,0.424,2.5,4.5,0.561,0.576,0.7,0.9,0.789,1.3,2.2,3.5,0.6,0.5,0.2,0.5,2.7,7.2,,0,0,1
201.0,Nick Collison,24.0,SEA,C,82.0,4.0,1396.0,15.0,0.57,0.008,0.333,13.7,19.2,16.5,3.9,1.3,2.8,13.3,15.5,2.7,1.2,3.9,0.135,-1.3,-0.4,-1.7,0.1,,2004,261.0,24.0,SEA,C,82.0,4.0,17.0,2.3,4.3,0.537,0.0,0.0,0.0,2.3,4.3,0.541,0.537,1.0,1.4,0.703,1.9,2.7,4.6,0.4,0.4,0.6,0.8,3.1,5.6,,0,0,1
203.0,Trevor Ariza,19.0,NYK,SF,80.0,12.0,1382.0,13.3,0.503,0.033,0.447,7.5,13.1,10.3,9.8,2.7,1.0,13.6,17.8,0.8,1.3,2.1,0.073,-1.2,0.6,-0.6,0.5,,2004,249.0,19.0,NYK,SF,80.0,12.0,17.3,2.2,4.9,0.442,0.0,0.2,0.231,2.1,4.7,0.449,0.446,1.5,2.2,0.695,1.1,1.9,3.0,1.1,0.9,0.2,0.9,1.9,5.9,,0,0,1
215.0,Sebastian Telfair,19.0,POR,PG,68.0,26.0,1330.0,9.7,0.471,0.16,0.309,0.9,7.8,4.5,27.8,1.4,0.2,20.4,21.2,-0.9,0.5,-0.4,-0.013,-3.4,-2.5,-5.9,-1.3,,2004,220.0,19.0,POR,PG,68.0,26.0,19.6,2.5,6.3,0.393,0.3,1.0,0.246,2.2,5.3,0.421,0.413,1.5,2.0,0.789,0.1,1.4,1.5,3.3,0.5,0.1,1.8,1.8,6.8,,0,0,1
227.0,Tony Allen,23.0,BOS,SG,77.0,34.0,1262.0,14.7,0.542,0.08,0.393,8.0,12.3,10.2,8.2,3.1,1.4,14.5,18.9,1.2,1.6,2.7,0.103,-0.7,0.8,0.1,0.7,,2004,230.0,23.0,BOS,SG,77.0,34.0,16.4,2.4,5.0,0.475,0.2,0.4,0.387,2.2,4.6,0.483,0.491,1.5,2.0,0.737,1.1,1.8,2.9,0.8,1.0,0.3,1.0,2.0,6.4,,0,0,1
242.0,Devin Harris,21.0,DAL,PG,76.0,19.0,1173.0,14.7,0.53,0.358,0.281,2.7,6.9,4.9,22.5,3.4,1.2,16.6,18.8,1.1,1.6,2.7,0.111,-0.1,2.0,1.9,1.2,,2004,260.0,21.0,DAL,PG,76.0,19.0,15.4,2.1,4.8,0.429,0.6,1.7,0.336,1.5,3.1,0.481,0.489,1.0,1.4,0.757,0.4,1.0,1.3,2.2,1.0,0.3,1.1,1.8,5.7,,0,0,1
245.0,Beno Udrih,22.0,SAS,PG,80.0,2.0,1149.0,14.3,0.549,0.364,0.228,1.6,6.8,4.2,22.2,1.9,0.6,15.2,20.5,1.3,1.8,3.1,0.128,0.1,0.8,0.9,0.9,,2004,254.0,22.0,SAS,PG,80.0,2.0,14.4,2.2,4.9,0.444,0.7,1.8,0.408,1.4,3.1,0.464,0.518,0.8,1.1,0.753,0.2,0.8,1.0,1.9,0.5,0.1,1.0,1.2,5.9,,0,0,1
258.0,Al Jefferson,20.0,BOS,PF,71.0,1.0,1051.0,16.6,0.554,0.008,0.366,13.5,21.0,17.3,3.9,1.1,3.9,13.3,21.2,1.3,1.4,2.7,0.123,-1.7,-0.6,-2.3,-0.1,,2004,221.0,20.0,BOS,PF,71.0,1.0,14.8,2.7,5.2,0.528,0.0,0.0,0.0,2.7,5.2,0.533,0.528,1.2,1.9,0.63,1.7,2.7,4.4,0.3,0.3,0.8,0.9,2.7,6.7,,1,2,1
281.0,Kirk Snyder,21.0,UTA,SG,68.0,7.0,906.0,8.6,0.456,0.259,0.293,6.7,10.0,8.3,6.8,1.6,1.8,13.5,21.8,-0.7,0.4,-0.2,-0.012,-2.6,-1.8,-4.4,-0.5,,2004,284.0,21.0,UTA,SG,68.0,7.0,13.3,1.8,4.8,0.372,0.4,1.3,0.353,1.4,3.6,0.379,0.418,0.9,1.4,0.667,0.7,1.0,1.8,0.5,0.4,0.3,0.9,1.7,5.0,,0,0,1
288.0,Kris Humphries,19.0,UTA,PF,67.0,4.0,873.0,9.5,0.419,0.021,0.352,10.1,18.1,14.0,8.5,1.6,1.7,13.6,20.2,-1.0,0.7,-0.3,-0.019,-3.3,-1.4,-4.6,-0.6,,2004,317.0,19.0,UTA,PF,67.0,4.0,13.0,1.7,4.3,0.404,0.0,0.1,0.333,1.7,4.2,0.406,0.408,0.7,1.5,0.436,1.1,1.9,2.9,0.6,0.4,0.3,0.8,1.4,4.1,,0,0,1
290.0,Anderson Varejão,22.0,CLE,PF,54.0,0.0,863.0,17.0,0.534,0.01,0.658,14.6,20.7,17.6,4.9,2.5,3.3,9.5,14.4,1.5,1.4,3.0,0.164,-0.4,0.6,0.2,0.5,,2004,290.0,22.0,CLE,PF,54.0,0.0,16.0,1.8,3.6,0.513,0.0,0.0,0.0,1.8,3.5,0.518,0.513,1.3,2.4,0.535,2.0,2.7,4.8,0.5,0.8,0.7,0.5,2.3,4.9,,0,0,1
294.0,Shaun Livingston,19.0,LAC,PG,30.0,15.0,814.0,10.4,0.461,0.009,0.274,3.3,9.6,6.6,29.9,2.1,1.0,23.7,18.0,-0.6,0.7,0.1,0.008,-2.3,-0.2,-2.5,-0.1,,2004,200.0,19.0,LAC,PG,30.0,15.0,27.1,3.0,7.2,0.414,0.0,0.1,0.0,3.0,7.1,0.418,0.414,1.5,2.0,0.746,0.7,2.2,3.0,5.0,1.1,0.4,2.5,2.7,7.4,,0,0,1
295.0,Royal Ivey,23.0,ATL,PG,62.0,5.0,809.0,8.9,0.484,0.045,0.338,2.6,9.9,6.0,20.0,2.5,0.7,20.3,15.8,-0.2,0.4,0.2,0.009,-5.4,-0.1,-5.5,-0.7,,2004,349.0,23.0,ATL,PG,62.0,5.0,13.0,1.4,3.2,0.429,0.0,0.1,0.333,1.3,3.0,0.434,0.437,0.8,1.1,0.701,0.3,1.0,1.4,1.7,0.6,0.1,0.9,2.3,3.5,,0,0,1
298.0,David Harrison,22.0,IND,C,43.0,14.0,760.0,12.9,0.589,0.0,0.495,7.7,13.4,10.6,3.2,1.2,5.5,19.1,17.5,0.3,1.1,1.4,0.09,-4.0,1.2,-2.8,-0.2,,2004,245.0,22.0,IND,C,43.0,14.0,17.7,2.5,4.3,0.576,0.0,0.0,,2.5,4.3,0.576,0.576,1.2,2.1,0.571,1.1,2.0,3.1,0.3,0.4,1.3,1.2,3.1,6.1,,0,0,1
303.0,Rafael Araújo,24.0,TOR,C,59.0,41.0,736.0,7.1,0.492,0.017,0.314,8.9,19.7,14.2,3.4,1.5,0.8,20.7,15.6,-0.4,0.7,0.3,0.016,-6.5,-0.8,-7.4,-1.0,,2004,353.0,24.0,TOR,C,59.0,41.0,12.5,1.3,3.0,0.434,0.0,0.1,0.333,1.3,2.9,0.436,0.437,0.7,0.9,0.782,1.0,2.1,3.1,0.3,0.4,0.1,0.9,2.7,3.3,,0,0,1
307.0,Jackson Vroman,23.0,2TM,C,46.0,18.0,705.0,9.6,0.457,0.015,0.377,10.3,19.2,14.6,9.6,1.9,2.1,21.6,19.4,-0.9,0.8,-0.1,-0.006,-4.9,0.1,-4.8,-0.5,,2004,298.0,23.0,2TM,C,46.0,18.0,15.3,1.8,4.3,0.412,0.0,0.1,0.0,1.8,4.3,0.418,0.412,1.0,1.6,0.64,1.4,2.4,3.8,0.9,0.5,0.4,1.4,2.3,4.6,,0,0,1
329.0,Viktor Khryapa,22.0,POR,SF,32.0,5.0,523.0,9.0,0.474,0.089,0.339,6.4,17.0,11.9,7.6,2.0,2.4,18.8,15.4,-0.3,0.6,0.3,0.024,-4.9,0.4,-4.4,-0.3,,2004,315.0,22.0,POR,SF,32.0,5.0,16.3,1.7,3.9,0.435,0.1,0.3,0.364,1.6,3.5,0.442,0.452,0.7,1.3,0.548,0.9,2.5,3.4,0.8,0.6,0.6,1.0,2.5,4.2,,0,0,1
331.0,Damien Wilkins,25.0,SEA,SF,29.0,7.0,520.0,13.4,0.5,0.351,0.202,6.9,8.7,7.8,8.5,2.3,1.5,8.0,17.7,0.7,0.3,1.0,0.092,0.2,-0.2,0.0,0.3,,2004,239.0,25.0,SEA,SF,29.0,7.0,17.9,2.5,5.8,0.435,0.6,2.0,0.271,2.0,3.8,0.523,0.482,0.7,1.2,0.618,1.0,1.3,2.3,0.9,0.8,0.3,0.6,1.9,6.3,,0,0,1
336.0,Delonte West,21.0,BOS,SG,39.0,7.0,507.0,12.3,0.524,0.432,0.174,3.3,11.5,7.5,16.4,2.1,1.2,12.6,17.0,0.5,0.5,0.9,0.09,-0.7,0.5,-0.2,0.2,,2004,308.0,21.0,BOS,SG,39.0,7.0,13.0,1.7,4.0,0.426,0.6,1.7,0.358,1.1,2.3,0.477,0.503,0.5,0.7,0.704,0.4,1.3,1.7,1.4,0.5,0.2,0.6,1.8,4.5,,0,0,1
338.0,Andre Barrett,22.0,2TM,PG,38.0,1.0,483.0,8.6,0.446,0.419,0.153,2.7,6.7,4.7,22.3,2.1,0.1,16.9,15.0,-0.1,0.5,0.4,0.041,-3.2,0.4,-2.8,-0.1,,2004,364.0,22.0,2TM,PG,38.0,1.0,12.7,1.2,3.3,0.363,0.4,1.4,0.269,0.8,1.9,0.431,0.419,0.4,0.5,0.737,0.3,0.8,1.1,1.8,0.5,0.0,0.7,1.3,3.1,,0,0,1
341.0,Carlos Delfino,22.0,DET,SG,30.0,4.0,459.0,8.6,0.431,0.299,0.342,3.3,10.6,7.0,13.3,2.6,1.0,14.6,16.1,-0.3,0.8,0.5,0.048,-4.3,1.8,-2.6,-0.1,,2004,327.0,22.0,DET,SG,30.0,4.0,15.3,1.4,3.9,0.359,0.3,1.2,0.257,1.1,2.7,0.402,0.397,0.8,1.3,0.575,0.4,1.4,1.8,1.3,0.7,0.2,0.8,1.5,3.9,,0,0,1
342.0,Kevin Martin,21.0,SAC,PG,45.0,0.0,455.0,8.7,0.464,0.214,0.47,7.1,7.1,7.1,6.8,1.8,0.5,14.5,16.1,-0.1,0.2,0.1,0.016,-3.1,-1.1,-4.2,-0.2,,2004,379.0,21.0,SAC,PG,45.0,0.0,10.1,1.0,2.6,0.385,0.1,0.6,0.2,0.9,2.0,0.435,0.406,0.8,1.2,0.655,0.6,0.6,1.3,0.5,0.4,0.1,0.5,0.8,2.9,,0,0,1
345.0,Matt Freije,23.0,NOH,PF,23.0,11.0,441.0,4.1,0.356,0.425,0.063,4.1,12.6,8.2,7.6,1.6,0.4,11.5,15.5,-0.8,0.3,-0.5,-0.052,-5.3,-0.9,-6.2,-0.4,,2004,321.0,23.0,NOH,PF,23.0,11.0,19.2,1.6,5.5,0.291,0.6,2.3,0.259,1.0,3.2,0.315,0.346,0.2,0.3,0.625,0.7,2.0,2.7,0.9,0.6,0.1,0.7,1.7,4.0,,0,0,1
346.0,Donta Smith,21.0,ATL,SG,38.0,0.0,433.0,10.6,0.473,0.195,0.425,4.9,9.3,7.0,14.1,2.8,0.9,15.7,16.5,0.0,0.2,0.2,0.026,-3.3,-0.3,-3.5,-0.2,,2004,356.0,21.0,ATL,SG,38.0,0.0,11.4,1.2,3.0,0.389,0.2,0.6,0.273,1.0,2.4,0.418,0.416,0.9,1.3,0.688,0.5,0.9,1.4,1.0,0.6,0.1,0.7,1.3,3.3,,0,0,1
347.0,Lionel Chalmers,24.0,LAC,PG,36.0,0.0,433.0,6.5,0.409,0.392,0.192,1.1,7.3,4.3,18.6,1.6,0.0,15.0,17.0,-0.5,0.2,-0.2,-0.025,-3.9,-1.4,-5.3,-0.4,,2004,367.0,24.0,LAC,PG,36.0,0.0,12.0,1.2,3.5,0.336,0.3,1.4,0.245,0.8,2.1,0.395,0.384,0.4,0.7,0.625,0.1,0.8,0.9,1.4,0.4,0.0,0.7,0.8,3.1,,0,0,1
352.0,Sasha Vujačić,20.0,LAL,SG,35.0,3.0,403.0,8.9,0.403,0.538,0.162,3.7,13.6,8.7,19.5,1.6,0.4,10.7,15.8,0.0,0.1,0.2,0.018,-3.0,-0.7,-3.7,-0.2,,2004,380.0,20.0,LAL,SG,35.0,3.0,11.5,0.9,3.3,0.282,0.5,1.8,0.27,0.5,1.5,0.296,0.355,0.5,0.5,0.947,0.4,1.4,1.8,1.5,0.3,0.1,0.4,1.2,2.9,,0,0,1
355.0,Andris Biedriņš,18.0,GSW,C,30.0,1.0,384.0,14.8,0.57,0.013,0.513,12.7,21.1,16.7,4.9,1.6,4.4,11.2,12.4,0.7,0.6,1.2,0.154,-3.2,1.5,-1.7,0.0,,2004,344.0,18.0,GSW,C,30.0,1.0,12.8,1.5,2.6,0.577,0.0,0.0,0.0,1.5,2.6,0.584,0.577,0.6,1.3,0.475,1.6,2.4,3.9,0.4,0.4,0.8,0.4,2.9,3.6,,0,0,1
360.0,Mario Kasun,24.0,ORL,C,45.0,0.0,356.0,12.0,0.505,0.01,0.439,16.6,23.6,20.1,3.5,1.1,2.6,18.2,17.5,0.1,0.4,0.6,0.076,-4.6,-1.2,-5.8,-0.3,,2004,387.0,24.0,ORL,C,45.0,0.0,7.9,1.0,2.2,0.48,0.0,0.0,0.0,1.0,2.2,0.485,0.48,0.5,1.0,0.558,1.2,1.7,2.8,0.2,0.2,0.3,0.6,1.9,2.6,,0,0,1
361.0,Billy Thomas,29.0,NJN,SF,25.0,0.0,356.0,8.2,0.47,0.596,0.096,2.3,9.9,6.1,8.0,2.1,0.2,8.4,14.1,0.0,0.4,0.4,0.055,-3.2,-0.1,-3.3,-0.1,,2004,342.0,29.0,NJN,SF,25.0,0.0,14.2,1.4,3.8,0.362,0.7,2.2,0.304,0.7,1.5,0.447,0.452,0.3,0.4,0.778,0.3,1.2,1.4,0.7,0.6,0.0,0.4,1.2,3.7,,0,0,1
366.0,Bernard Robinson,24.0,CHA,SG,31.0,1.0,328.0,9.8,0.503,0.099,0.321,4.6,12.5,8.4,14.4,1.7,0.9,17.8,15.2,0.0,0.2,0.3,0.037,-3.1,0.3,-2.8,-0.1,,2004,375.0,24.0,CHA,SG,31.0,1.0,10.6,1.2,2.6,0.444,0.1,0.3,0.375,1.1,2.4,0.452,0.463,0.6,0.8,0.692,0.5,1.1,1.5,1.0,0.4,0.1,0.6,1.4,3.0,,0,0,1
377.0,Pape Sow,23.0,TOR,C,27.0,4.0,255.0,7.8,0.444,0.0,0.466,7.8,17.6,12.7,1.2,2.4,1.1,12.5,14.3,-0.1,0.3,0.2,0.029,-5.3,-0.5,-5.8,-0.2,,2004,399.0,23.0,TOR,C,27.0,4.0,9.4,0.9,2.1,0.397,0.0,0.0,,0.9,2.1,0.397,0.397,0.6,1.0,0.593,0.7,1.4,2.1,0.1,0.4,0.1,0.4,1.7,2.3,,0,0,1
386.0,Antonio Burks,24.0,MEM,PG,24.0,0.0,219.0,12.8,0.534,0.183,0.317,0.5,6.0,3.3,21.9,3.2,0.4,14.9,17.3,0.2,0.3,0.5,0.103,-2.5,2.3,-0.2,0.1,,2004,373.0,24.0,MEM,PG,24.0,0.0,9.1,1.2,2.5,0.467,0.1,0.5,0.273,1.0,2.0,0.51,0.492,0.6,0.8,0.737,0.0,0.5,0.5,1.2,0.5,0.0,0.5,1.0,3.0,,0,0,1
402.0,John Edwards,23.0,IND,C,25.0,1.0,139.0,5.1,0.401,0.0,0.467,7.0,9.3,8.2,3.7,1.2,2.2,18.1,15.2,-0.2,0.1,-0.1,-0.035,-6.3,-1.7,-8.0,-0.2,,2004,442.0,23.0,IND,C,25.0,1.0,5.6,0.4,1.2,0.367,0.0,0.0,,0.4,1.2,0.367,0.367,0.3,0.6,0.5,0.3,0.4,0.8,0.1,0.1,0.2,0.3,0.5,1.2,,0,0,1
405.0,Jared Reiner,22.0,CHI,C,19.0,2.0,132.0,2.3,0.331,0.0,0.133,11.1,21.0,16.1,1.2,1.2,4.0,22.1,13.8,-0.3,0.3,0.0,-0.013,-9.7,1.2,-8.5,-0.2,,2004,446.0,22.0,CHI,C,19.0,2.0,6.9,0.5,1.6,0.333,0.0,0.0,,0.5,1.6,0.333,0.333,0.1,0.2,0.25,0.7,1.3,2.0,0.1,0.2,0.4,0.5,1.8,1.1,,0,0,1
409.0,Justin Reed,23.0,BOS,SF,23.0,0.0,121.0,13.7,0.576,0.103,0.517,7.9,7.6,7.7,12.9,1.3,0.6,12.3,15.1,0.2,0.1,0.3,0.121,0.2,-1.1,-0.9,0.0,,2004,418.0,23.0,BOS,SF,23.0,0.0,5.3,0.7,1.3,0.517,0.0,0.1,0.0,0.7,1.1,0.577,0.517,0.5,0.7,0.733,0.3,0.3,0.7,0.4,0.1,0.0,0.2,0.5,1.8,,0,0,1
412.0,James Thomas,24.0,2TM,PF,11.0,2.0,117.0,14.0,0.574,0.0,0.3,17.3,19.0,18.3,5.4,1.8,2.4,23.6,11.6,0.1,0.1,0.2,0.094,-1.3,-0.7,-1.9,0.0,,2004,393.0,24.0,2TM,PF,11.0,2.0,10.6,1.1,1.8,0.6,0.0,0.0,,1.1,1.8,0.6,0.6,0.2,0.5,0.333,1.5,1.8,3.4,0.4,0.4,0.4,0.6,1.2,2.4,,0,0,1
413.0,Mark Jones,29.0,ORL,SF,10.0,0.0,116.0,4.4,0.325,0.129,0.323,5.9,6.7,6.3,7.5,2.2,1.2,7.8,14.5,-0.2,0.1,-0.1,-0.033,-5.9,-1.0,-6.9,-0.1,,2004,398.0,29.0,ORL,SF,10.0,0.0,11.6,0.9,3.1,0.29,0.0,0.4,0.0,0.9,2.7,0.333,0.29,0.5,1.0,0.5,0.6,0.7,1.3,0.6,0.5,0.2,0.3,1.6,2.3,,0,0,1
414.0,Corsley Edwards,25.0,NOH,C,10.0,0.0,110.0,8.6,0.372,0.0,0.387,12.4,14.6,13.5,4.6,1.5,2.9,5.2,16.2,0.0,0.1,0.1,0.026,-4.9,-1.4,-6.2,-0.1,,2004,385.0,25.0,NOH,C,10.0,0.0,11.0,1.0,3.1,0.323,0.0,0.0,,1.0,3.1,0.323,0.323,0.7,1.2,0.583,1.2,1.3,2.5,0.3,0.3,0.4,0.2,1.9,2.7,,0,0,1
417.0,Ha Seung-Jin,19.0,POR,C,19.0,0.0,104.0,2.5,0.467,0.0,0.478,6.9,12.8,10.0,3.0,0.5,3.4,30.1,17.6,-0.3,0.1,-0.2,-0.094,-10.5,-1.7,-12.2,-0.3,,2004,437.0,19.0,POR,C,19.0,0.0,5.5,0.5,1.2,0.435,0.0,0.0,,0.5,1.2,0.435,0.435,0.3,0.6,0.545,0.3,0.6,0.9,0.1,0.1,0.3,0.6,1.1,1.4,,0,0,1
418.0,Horace Jenkins,30.0,DET,PG,15.0,0.0,104.0,10.2,0.414,0.2,0.289,3.4,6.7,5.1,15.2,2.6,0.7,12.1,26.1,-0.1,0.2,0.0,0.006,-4.9,0.2,-4.7,-0.1,,2004,382.0,30.0,DET,PG,15.0,0.0,6.9,1.0,3.0,0.333,0.0,0.6,0.0,1.0,2.4,0.417,0.333,0.8,0.9,0.923,0.2,0.4,0.6,0.6,0.3,0.1,0.5,0.4,2.8,,0,0,1
425.0,Luis Flores,23.0,2TM,PG,16.0,0.0,77.0,10.1,0.586,0.345,0.069,1.5,3.0,2.2,24.5,1.3,0.0,26.9,23.5,-0.1,0.0,0.0,-0.02,-2.1,-2.7,-4.8,0.0,,2004,401.0,23.0,2TM,PG,16.0,0.0,4.8,0.9,1.8,0.483,0.3,0.6,0.5,0.6,1.2,0.474,0.569,0.1,0.1,1.0,0.1,0.1,0.2,0.7,0.1,0.0,0.7,0.6,2.2,,0,0,1
428.0,Erik Daniels,22.0,SAC,SF,21.0,0.0,72.0,4.6,0.361,0.111,0.0,10.9,17.1,14.0,7.7,1.4,0.0,25.0,14.8,-0.1,0.1,-0.1,-0.061,-6.1,-1.5,-7.6,-0.1,,2004,457.0,22.0,SAC,SF,21.0,0.0,3.4,0.3,0.9,0.333,0.0,0.1,0.5,0.2,0.8,0.313,0.361,0.0,0.0,,0.3,0.5,0.9,0.2,0.1,0.0,0.3,0.3,0.6,,0,0,1
429.0,Robert Swift,19.0,SEA,C,16.0,0.0,72.0,5.2,0.501,0.0,0.818,1.7,6.8,4.2,4.2,0.8,7.6,21.1,12.2,0.0,0.1,0.0,0.004,-7.6,1.9,-5.7,-0.1,,2004,454.0,19.0,SEA,C,16.0,0.0,4.5,0.3,0.7,0.455,0.0,0.0,,0.3,0.7,0.455,0.455,0.3,0.6,0.556,0.1,0.3,0.3,0.1,0.1,0.4,0.3,1.0,0.9,,0,0,1
435.0,D.J. Mbenga,24.0,DAL,C,15.0,1.0,58.0,3.8,0.476,0.0,0.286,5.9,9.4,7.7,0.0,0.0,6.4,24.1,16.0,-0.1,0.1,0.0,-0.029,-9.2,-0.4,-9.6,-0.1,,2004,449.0,24.0,DAL,C,15.0,1.0,3.9,0.4,0.9,0.429,0.0,0.0,,0.4,0.9,0.429,0.429,0.2,0.3,0.75,0.2,0.3,0.5,0.0,0.0,0.3,0.3,0.9,1.0,,0,0,1
442.0,Luke Jackson,23.0,CLE,SF,10.0,0.0,43.0,16.3,0.489,0.222,0.222,5.4,11.2,8.2,13.4,0.0,0.0,6.3,33.3,0.1,0.0,0.1,0.085,4.0,-3.5,0.5,0.0,,2004,378.0,23.0,CLE,SF,10.0,0.0,4.3,1.0,2.7,0.37,0.4,0.6,0.667,0.6,2.1,0.286,0.444,0.5,0.6,0.833,0.2,0.4,0.6,0.3,0.0,0.0,0.2,0.4,2.9,,0,0,1
445.0,Awvee Storey,27.0,NJN,SG,9.0,0.0,32.0,6.9,0.368,0.2,0.2,14.8,3.8,9.4,5.2,0.0,0.0,0.0,16.0,0.0,0.0,0.0,0.026,-2.0,-4.0,-6.0,0.0,,2004,453.0,27.0,NJN,SG,9.0,0.0,3.6,0.3,1.1,0.3,0.1,0.2,0.5,0.2,0.9,0.25,0.35,0.1,0.2,0.5,0.4,0.1,0.6,0.1,0.0,0.0,0.0,0.3,0.9,,0,0,1
447.0,Andre Emmett,22.0,MEM,SG,8.0,0.0,28.0,0.9,0.427,0.0,0.833,0.0,8.5,4.3,0.0,0.0,0.0,10.9,15.5,0.0,0.0,0.0,-0.038,-9.3,-2.5,-11.8,-0.1,,2004,452.0,22.0,MEM,SG,8.0,0.0,3.5,0.3,0.8,0.333,0.0,0.0,,0.3,0.8,0.333,0.333,0.4,0.6,0.6,0.0,0.3,0.3,0.0,0.0,0.0,0.1,0.5,0.9,,0,0,1
449.0,Dorell Wright,19.0,MIA,SF,3.0,0.0,27.0,5.2,0.306,0.364,0.091,0.0,4.2,2.2,16.7,7.8,0.0,20.8,24.9,-0.1,0.1,-0.1,-0.134,-9.0,1.7,-7.2,0.0,,2004,400.0,19.0,MIA,SF,3.0,0.0,9.0,1.0,3.7,0.273,0.0,1.3,0.0,1.0,2.3,0.429,0.273,0.3,0.3,1.0,0.0,0.3,0.3,1.0,1.3,0.0,1.0,0.7,2.3,,0,0,1
452.0,Peter John Ramos,19.0,WAS,C,6.0,0.0,20.0,8.2,0.506,0.0,0.2,5.4,17.5,11.2,0.0,0.0,3.7,21.6,30.3,-0.1,0.0,0.0,-0.108,-7.7,-2.3,-10.0,0.0,,2004,417.0,19.0,WAS,C,6.0,0.0,3.3,0.8,1.7,0.5,0.0,0.0,,0.8,1.7,0.5,0.5,0.2,0.3,0.5,0.2,0.5,0.7,0.0,0.0,0.2,0.5,0.7,1.8,,0,0,1
453.0,Maurice Baker,25.0,2TM,PG,5.0,0.0,19.0,-0.2,0.0,0.0,0.0,6.3,5.8,6.1,7.2,2.8,0.0,50.0,4.8,0.0,0.0,0.0,-0.057,-8.7,1.6,-7.1,0.0,,2004,461.0,25.0,2TM,PG,5.0,0.0,3.8,0.0,0.2,0.0,0.0,0.0,,0.0,0.2,0.0,0.0,0.0,0.0,,0.2,0.2,0.4,0.2,0.2,0.0,0.2,0.6,0.0,,0,0,1
454.0,Yuta Tabuse,24.0,PHO,PG,4.0,0.0,17.0,15.6,0.451,0.167,0.667,13.2,12.0,12.6,22.4,0.0,0.0,11.4,22.5,0.0,0.0,0.0,0.129,2.0,-1.9,0.1,0.0,,2004,420.0,24.0,PHO,PG,4.0,0.0,4.3,0.3,1.5,0.167,0.3,0.3,1.0,0.0,1.3,0.0,0.25,1.0,1.0,1.0,0.5,0.5,1.0,0.8,0.0,0.0,0.3,0.3,1.8,,0,0,1
455.0,Geno Carlisle,28.0,POR,SG,6.0,0.0,16.0,18.1,0.709,0.0,2.0,7.5,0.0,3.6,10.3,0.0,0.0,15.1,19.1,0.1,0.0,0.1,0.173,2.9,-2.3,0.6,0.0,,2004,439.0,28.0,POR,SG,6.0,0.0,2.7,0.3,0.5,0.667,0.0,0.0,,0.3,0.5,0.667,0.667,0.7,1.0,0.667,0.2,0.0,0.2,0.2,0.0,0.0,0.2,0.2,1.3,,0,0,1
458.0,Ibo Kutluay,30.0,SEA,SG,5.0,0.0,12.0,-12.9,0.0,0.0,0.0,0.0,10.2,5.1,0.0,0.0,0.0,66.7,11.6,-0.1,0.0,-0.1,-0.348,-15.8,-4.6,-20.3,-0.1,,2004,464.0,30.0,SEA,SG,5.0,0.0,2.4,0.0,0.2,0.0,0.0,0.0,,0.0,0.2,0.0,0.0,0.0,0.0,,0.0,0.2,0.2,0.0,0.0,0.0,0.4,0.2,0.0,,0,0,1
460.0,Tony Bobbitt,25.0,LAL,SG,2.0,0.0,12.0,11.7,0.5,0.4,0.0,0.0,28.0,14.1,0.0,0.0,0.0,0.0,18.8,0.0,0.0,0.0,0.059,-2.1,-2.0,-4.1,0.0,,2004,388.0,25.0,LAL,SG,2.0,0.0,6.0,1.0,2.5,0.4,0.5,1.0,0.5,0.5,1.5,0.333,0.5,0.0,0.0,,0.0,1.5,1.5,0.0,0.0,0.0,0.0,0.5,2.5,,0,0,1
461.0,Pavel Podkolzin,20.0,DAL,C,5.0,0.0,10.0,-12.1,0.568,,,0.0,21.9,11.2,0.0,0.0,0.0,69.4,12.9,-0.1,0.0,0.0,-0.214,-25.2,-0.2,-25.4,0.0,,2004,460.0,20.0,DAL,C,5.0,0.0,2.0,0.0,0.0,,0.0,0.0,,0.0,0.0,,,0.2,0.4,0.5,0.0,0.4,0.4,0.0,0.0,0.0,0.4,0.8,0.2,,0,0,1
463.0,Jackie Butler,19.0,NYK,C,3.0,0.0,5.0,90.3,1.025,0.0,0.5,0.0,0.0,0.0,0.0,10.6,0.0,17.0,53.7,0.1,0.0,0.1,1.333,37.1,18.6,55.7,0.1,,2004,354.0,19.0,NYK,C,3.0,0.0,1.7,1.3,1.3,1.0,0.0,0.0,,1.3,1.3,1.0,1.0,0.7,0.7,1.0,0.0,0.0,0.0,0.0,0.3,0.0,0.3,0.0,3.3,,0,0,1
464.0,Brandin Knight,23.0,HOU,PG,1.0,0.0,3.0,-1.2,0.0,0.0,0.0,0.0,0.0,0.0,46.5,0.0,0.0,0.0,15.7,0.0,0.0,0.0,-0.205,-4.1,-5.4,-9.4,0.0,,2004,463.0,23.0,HOU,PG,1.0,0.0,3.0,0.0,1.0,0.0,0.0,0.0,,0.0,1.0,0.0,0.0,0.0,0.0,,0.0,0.0,0.0,1.0,0.0,0.0,0.0,0.0,0.0,,0,0,1
43.0,Chris Paul,20.0,NOK,PG,78.0,78.0,2808.0,22.1,0.546,0.187,0.491,2.5,14.8,8.5,38.2,3.4,0.2,13.7,22.2,6.8,3.6,10.4,0.178,3.0,2.2,5.2,5.1,ROY-1,2005,52.0,20.0,NOK,PG,78.0,78.0,36.0,5.2,12.1,0.43,0.6,2.3,0.282,4.6,9.9,0.464,0.456,5.1,6.0,0.847,0.8,4.3,5.1,7.8,2.2,0.1,2.3,2.8,16.1,ROY-1,1,1,1
83.0,Raymond Felton,21.0,CHA,PG,80.0,54.0,2406.0,14.2,0.483,0.307,0.251,3.5,9.7,6.4,30.9,2.2,0.3,15.7,21.4,0.8,1.8,2.6,0.051,0.2,-0.8,-0.6,0.8,ROY-4,2005,107.0,21.0,CHA,PG,80.0,54.0,30.1,4.3,11.0,0.391,1.2,3.4,0.358,3.1,7.7,0.405,0.446,2.0,2.8,0.725,1.0,2.4,3.3,5.6,1.3,0.1,2.3,2.3,11.9,ROY-4,1,2,1
87.0,Charlie Villanueva,21.0,TOR,PF,81.0,36.0,2361.0,16.4,0.521,0.228,0.17,9.0,18.4,13.5,6.5,1.3,2.1,8.9,21.7,2.9,1.0,3.9,0.079,0.7,-1.6,-0.9,0.6,"ROY-2,6MOY-20",2005,88.0,21.0,TOR,PF,81.0,36.0,29.1,5.4,11.6,0.463,0.9,2.6,0.327,4.5,9.0,0.503,0.5,1.4,2.0,0.706,2.2,4.2,6.4,1.1,0.7,0.8,1.2,3.0,13.0,"ROY-2,6MOY-20",1,1,1
90.0,Andrew Bogut,21.0,MIL,PF,82.0,77.0,2348.0,15.2,0.555,0.005,0.32,9.4,19.8,14.5,13.4,1.1,2.3,15.3,15.9,3.1,2.4,5.5,0.113,-0.3,0.7,0.4,1.4,ROY-3,2005,149.0,21.0,MIL,PF,82.0,77.0,28.6,3.9,7.4,0.533,0.0,0.0,0.0,3.9,7.4,0.536,0.533,1.5,2.4,0.629,2.3,4.7,7.0,2.3,0.6,0.8,1.5,3.2,9.4,ROY-3,1,1,1
91.0,Luther Head,23.0,HOU,SG,80.0,27.0,2310.0,11.2,0.517,0.497,0.195,1.7,11.6,6.8,16.2,2.1,0.3,14.8,16.6,0.5,2.9,3.5,0.072,-1.3,1.1,-0.2,1.1,ROY-7,2005,168.0,23.0,HOU,SG,80.0,27.0,28.9,3.2,7.9,0.403,1.4,3.9,0.361,1.8,4.0,0.445,0.493,1.1,1.5,0.699,0.4,2.9,3.3,2.7,1.1,0.1,1.5,2.1,8.8,ROY-7,1,2,1
92.0,Deron Williams,21.0,UTA,PG,80.0,47.0,2307.0,12.4,0.5,0.272,0.168,1.8,8.4,5.1,28.6,1.4,0.6,14.4,20.3,1.5,1.3,2.8,0.059,-0.5,-1.2,-1.7,0.2,ROY-6,2005,126.0,21.0,UTA,PG,80.0,47.0,28.8,4.2,10.1,0.421,1.1,2.7,0.416,3.1,7.3,0.423,0.478,1.2,1.7,0.704,0.4,2.0,2.4,4.5,0.8,0.2,1.8,2.9,10.8,ROY-6,1,1,1
125.0,Marvin Williams,19.0,ATL,PF,79.0,7.0,1952.0,12.2,0.523,0.1,0.476,7.3,16.5,11.8,5.2,1.3,0.9,11.4,16.9,2.1,0.7,2.8,0.069,-1.8,-1.7,-3.5,-0.7,,2005,175.0,19.0,ATL,PF,79.0,7.0,24.7,3.0,6.7,0.443,0.2,0.7,0.245,2.8,6.1,0.464,0.455,2.4,3.2,0.747,1.5,3.3,4.8,0.8,0.6,0.3,1.1,2.9,8.5,,1,2,1
154.0,Danny Granger,22.0,IND,SF,78.0,17.0,1765.0,14.7,0.54,0.195,0.31,8.8,16.0,12.5,8.8,1.8,2.6,12.8,16.4,2.1,3.0,5.1,0.139,-0.7,1.8,1.1,1.4,"ROY-7,6MOY-16",2005,202.0,22.0,IND,SF,78.0,17.0,22.6,2.8,6.1,0.462,0.4,1.2,0.323,2.4,4.9,0.496,0.494,1.5,1.9,0.777,1.7,3.2,4.9,1.2,0.7,0.8,1.0,2.7,7.5,"ROY-7,6MOY-16",1,2,1
166.0,Jarrett Jack,22.0,POR,SG,79.0,4.0,1599.0,12.3,0.528,0.178,0.374,1.3,10.8,6.0,23.2,1.4,0.1,17.0,17.8,1.1,0.1,1.2,0.035,-1.7,-1.4,-3.1,-0.4,,2005,219.0,22.0,POR,SG,79.0,4.0,20.2,2.4,5.4,0.442,0.3,1.0,0.263,2.1,4.5,0.48,0.465,1.6,2.0,0.8,0.2,1.8,2.0,2.8,0.5,0.0,1.3,1.7,6.7,,0,0,1
168.0,Joey Graham,23.0,TOR,SF,80.0,24.0,1581.0,10.2,0.564,0.21,0.321,4.2,15.1,9.4,6.0,1.2,0.6,16.3,16.5,1.0,0.3,1.3,0.038,-2.7,-1.1,-3.8,-0.7,,2005,218.0,23.0,TOR,SF,80.0,24.0,19.8,2.5,5.2,0.478,0.4,1.1,0.333,2.1,4.1,0.517,0.513,1.4,1.7,0.812,0.7,2.3,3.1,0.8,0.5,0.2,1.2,2.9,6.7,,0,0,1
172.0,Channing Frye,22.0,NYK,C,65.0,14.0,1572.0,18.1,0.541,0.014,0.358,10.6,18.5,14.5,6.6,1.0,2.5,11.6,24.2,2.6,0.9,3.5,0.108,0.7,-1.4,-0.7,0.5,"ROY-5,6MOY-11",2005,99.0,22.0,NYK,C,65.0,14.0,24.2,4.7,9.8,0.477,0.0,0.1,0.333,4.6,9.7,0.479,0.479,2.9,3.5,0.825,2.1,3.6,5.8,0.8,0.5,0.7,1.5,3.1,12.3,"ROY-5,6MOY-11",1,1,1
173.0,Šarūnas Jasikevičius,29.0,IND,PG,75.0,15.0,1557.0,12.9,0.561,0.55,0.31,1.5,9.6,5.7,24.4,1.4,0.2,19.2,18.0,1.6,1.7,3.3,0.103,0.1,0.0,0.1,0.9,,2005,208.0,29.0,IND,PG,75.0,15.0,20.8,2.3,5.7,0.396,1.1,3.1,0.364,1.1,2.6,0.435,0.497,1.6,1.8,0.91,0.3,1.8,2.0,3.0,0.5,0.1,1.5,1.4,7.3,,0,0,1
175.0,Nate Robinson,21.0,NYK,PG,72.0,26.0,1544.0,12.6,0.512,0.258,0.358,4.4,8.8,6.6,17.0,2.0,0.1,14.8,22.5,1.0,0.5,1.5,0.046,-1.0,-1.1,-2.1,-0.1,,2005,156.0,21.0,NYK,PG,72.0,26.0,21.4,3.2,7.8,0.407,0.8,2.0,0.397,2.4,5.8,0.411,0.458,2.1,2.8,0.752,0.8,1.5,2.3,2.0,0.8,0.0,1.6,2.8,9.3,,0,0,1
190.0,José Calderón,24.0,TOR,SG,64.0,11.0,1487.0,11.4,0.495,0.138,0.295,2.4,9.5,5.8,29.1,1.5,0.2,22.3,14.1,0.9,0.0,0.9,0.029,-1.0,-1.8,-2.8,-0.3,,2005,249.0,24.0,TOR,SG,64.0,11.0,23.2,2.1,4.9,0.423,0.1,0.7,0.163,2.0,4.2,0.465,0.434,1.2,1.4,0.848,0.5,1.7,2.2,4.5,0.7,0.1,1.6,1.5,5.5,,0,0,1
201.0,Ryan Gomes,23.0,BOS,PF,61.0,33.0,1376.0,14.0,0.548,0.025,0.42,9.3,16.9,13.2,6.8,1.3,0.3,11.6,15.9,1.9,1.2,3.1,0.108,0.0,-1.2,-1.2,0.3,ROY-9,2005,197.0,23.0,BOS,PF,61.0,33.0,22.6,2.8,5.8,0.487,0.0,0.1,0.333,2.8,5.7,0.491,0.492,1.8,2.4,0.752,1.7,3.2,4.9,1.0,0.6,0.1,0.9,1.4,7.6,ROY-9,1,2,1
202.0,Rashad McCants,21.0,MIN,SG,79.0,12.0,1362.0,12.6,0.539,0.336,0.198,2.6,9.8,6.3,8.4,1.7,1.2,12.9,23.3,0.2,1.4,1.6,0.058,-1.3,-0.3,-1.7,0.1,,2005,188.0,21.0,MIN,SG,79.0,12.0,17.2,3.1,6.8,0.45,0.8,2.3,0.372,2.2,4.5,0.49,0.513,1.0,1.3,0.736,0.4,1.4,1.8,0.8,0.6,0.3,1.1,2.2,7.9,,0,0,1
213.0,Francisco García,24.0,SAC,SF,67.0,11.0,1301.0,10.3,0.51,0.422,0.311,3.5,13.0,8.3,11.2,1.6,2.6,16.9,15.7,0.0,1.6,1.6,0.06,-2.1,1.3,-0.8,0.4,,2005,247.0,24.0,SAC,SF,67.0,11.0,19.4,1.9,4.9,0.4,0.6,2.0,0.285,1.4,2.8,0.484,0.46,1.2,1.5,0.772,0.6,2.2,2.8,1.4,0.6,0.7,1.1,2.0,5.6,,0,0,1
217.0,Johan Petro,20.0,SEA,C,68.0,41.0,1282.0,10.4,0.53,0.0,0.25,10.1,17.9,13.9,1.8,1.0,3.1,15.3,13.7,0.7,0.2,1.0,0.037,-3.2,-1.5,-4.7,-0.9,,2005,260.0,20.0,SEA,C,68.0,41.0,18.9,2.3,4.4,0.51,0.0,0.0,,2.3,4.4,0.51,0.51,0.7,1.1,0.627,1.6,2.8,4.4,0.2,0.4,0.8,0.9,3.1,5.2,,0,0,1
223.0,Salim Stoudamire,23.0,ATL,SG,61.0,1.0,1236.0,12.5,0.545,0.439,0.224,1.1,10.4,5.6,10.5,1.2,0.2,13.2,22.9,1.1,0.0,1.2,0.046,-0.3,-2.3,-2.5,-0.2,,2005,143.0,23.0,ATL,SG,61.0,1.0,20.3,3.3,8.1,0.415,1.3,3.5,0.38,2.0,4.5,0.442,0.498,1.6,1.8,0.9,0.2,1.7,1.9,1.2,0.4,0.0,1.3,1.9,9.7,,0,0,1
224.0,Orien Greene,23.0,BOS,PG,80.0,5.0,1235.0,6.4,0.449,0.158,0.269,3.7,10.4,7.2,15.8,3.2,0.6,27.8,14.6,-1.8,1.4,-0.3,-0.013,-5.9,1.4,-4.4,-0.8,,2005,341.0,23.0,BOS,PG,80.0,5.0,15.4,1.3,3.2,0.395,0.1,0.5,0.225,1.1,2.7,0.427,0.413,0.6,0.9,0.662,0.5,1.4,1.8,1.6,1.0,0.1,1.4,2.3,3.2,,0,0,1
237.0,David Lee,22.0,NYK,SF,67.0,14.0,1129.0,15.4,0.607,0.0,0.535,11.6,21.1,16.3,6.5,1.4,1.5,15.2,13.5,2.0,0.8,2.7,0.116,0.7,-0.6,0.1,0.6,,2005,262.0,22.0,NYK,SF,67.0,14.0,16.9,2.0,3.4,0.596,0.0,0.0,,2.0,3.4,0.596,0.596,1.1,1.8,0.577,1.6,2.9,4.5,0.6,0.4,0.3,0.8,1.9,5.1,,0,0,1
243.0,Martell Webster,19.0,POR,SF,61.0,18.0,1070.0,11.6,0.533,0.523,0.204,3.2,11.5,7.3,5.5,1.1,1.0,10.2,18.7,0.8,0.1,0.9,0.039,-0.3,-2.2,-2.5,-0.1,,2005,223.0,19.0,POR,SF,61.0,18.0,17.5,2.3,5.7,0.399,1.1,3.0,0.357,1.2,2.7,0.446,0.493,1.0,1.2,0.859,0.5,1.7,2.1,0.6,0.3,0.2,0.7,1.5,6.6,,0,0,1
248.0,Ike Diogu,22.0,GSW,PF,69.0,14.0,1031.0,15.8,0.596,0.0,0.503,10.0,14.9,12.4,4.9,0.7,2.2,16.1,21.0,1.7,1.0,2.6,0.123,-1.6,-0.6,-2.2,0.0,,2005,212.0,22.0,GSW,PF,69.0,14.0,14.9,2.5,4.8,0.524,0.0,0.0,,2.5,4.8,0.524,0.524,2.0,2.4,0.81,1.4,1.9,3.3,0.4,0.2,0.4,1.1,2.4,7.0,,0,0,1
262.0,Daniel Ewing,22.0,LAC,SG,66.0,5.0,971.0,7.6,0.458,0.306,0.18,2.9,7.1,5.1,13.2,2.0,0.5,17.2,15.8,-0.7,1.0,0.3,0.017,-3.8,0.6,-3.2,-0.3,,2005,308.0,22.0,LAC,SG,66.0,5.0,14.7,1.5,3.9,0.38,0.3,1.2,0.282,1.1,2.7,0.424,0.424,0.5,0.7,0.783,0.3,0.9,1.3,1.3,0.6,0.1,0.9,1.3,3.8,,0,0,1
274.0,Monta Ellis,20.0,GSW,SG,49.0,3.0,886.0,11.1,0.486,0.258,0.186,2.7,10.7,6.6,14.9,1.9,0.9,14.4,20.2,-0.3,0.8,0.5,0.028,-1.9,0.2,-1.7,0.1,,2005,215.0,20.0,GSW,SG,49.0,3.0,18.1,2.7,6.5,0.415,0.6,1.7,0.341,2.1,4.8,0.441,0.459,0.9,1.2,0.712,0.4,1.7,2.1,1.6,0.7,0.2,1.2,1.4,6.8,,0,0,1
289.0,James Singleton,24.0,LAC,SF,59.0,10.0,753.0,13.6,0.587,0.132,0.331,10.2,19.8,15.2,5.9,1.3,2.1,13.9,12.3,1.2,1.1,2.3,0.147,-0.7,1.0,0.4,0.4,,2005,329.0,24.0,LAC,SF,59.0,10.0,12.8,1.3,2.6,0.51,0.2,0.3,0.5,1.1,2.2,0.511,0.543,0.7,0.8,0.78,1.1,2.3,3.3,0.5,0.3,0.4,0.5,1.6,3.4,,0,0,1
293.0,Hakim Warrick,23.0,MEM,PF,68.0,2.0,724.0,11.0,0.499,0.0,0.504,7.3,16.8,12.1,7.5,1.1,2.3,16.7,22.5,-0.3,1.1,0.8,0.053,-4.9,-0.1,-5.0,-0.5,,2005,303.0,23.0,MEM,PF,68.0,2.0,10.6,1.5,3.4,0.443,0.0,0.0,,1.5,3.4,0.443,0.443,1.1,1.7,0.661,0.6,1.5,2.1,0.4,0.2,0.3,0.8,1.7,4.1,,0,0,1
315.0,Alan Anderson,23.0,CHA,SF,36.0,7.0,564.0,10.4,0.52,0.32,0.227,4.4,10.3,7.2,9.3,1.0,0.6,13.9,18.2,0.2,0.3,0.4,0.037,-1.7,-1.7,-3.3,-0.2,,2005,238.0,23.0,CHA,SF,36.0,7.0,15.7,2.1,5.0,0.414,0.7,1.6,0.414,1.4,3.4,0.415,0.481,0.9,1.1,0.805,0.6,1.3,1.9,0.9,0.3,0.1,0.9,1.3,5.8,,0,0,1
316.0,Chuck Hayes,22.0,HOU,PF,40.0,0.0,535.0,18.0,0.589,0.01,0.429,14.9,24.1,19.6,4.6,2.6,2.1,8.8,12.2,1.2,1.1,2.4,0.212,0.2,1.6,1.8,0.5,,2005,312.0,22.0,HOU,PF,40.0,0.0,13.4,1.5,2.6,0.562,0.0,0.0,0.0,1.5,2.6,0.567,0.562,0.7,1.1,0.644,1.7,2.8,4.5,0.4,0.7,0.4,0.3,1.9,3.7,,0,0,1
319.0,Linas Kleiza,21.0,DEN,PF,61.0,2.0,519.0,13.2,0.51,0.075,0.468,8.7,17.4,13.1,4.6,1.0,1.9,7.1,19.4,0.6,0.6,1.2,0.111,-2.9,-0.8,-3.7,-0.2,,2005,319.0,21.0,DEN,PF,61.0,2.0,8.5,1.3,2.8,0.445,0.0,0.2,0.154,1.2,2.6,0.469,0.451,0.9,1.3,0.704,0.6,1.3,1.9,0.2,0.2,0.2,0.3,1.4,3.5,,0,0,1
324.0,Esteban Batista,22.0,ATL,PF,57.0,3.0,495.0,7.1,0.489,0.013,0.663,14.4,20.7,17.5,2.1,1.6,1.7,26.9,13.0,-0.2,0.3,0.1,0.011,-6.2,-1.7,-7.9,-0.7,,2005,407.0,22.0,ATL,PF,57.0,3.0,8.7,0.6,1.4,0.425,0.0,0.0,0.0,0.6,1.4,0.43,0.425,0.6,0.9,0.623,1.1,1.5,2.5,0.1,0.3,0.2,0.7,1.9,1.8,,0,0,1
325.0,Fabricio Oberto,30.0,SAS,C,59.0,0.0,490.0,9.3,0.491,0.022,0.29,14.1,15.5,14.8,8.3,1.0,1.6,21.1,12.9,0.2,0.9,1.1,0.105,-4.3,1.1,-3.2,-0.2,,2005,414.0,30.0,SAS,C,59.0,0.0,8.3,0.7,1.6,0.473,0.0,0.0,0.0,0.7,1.5,0.484,0.473,0.3,0.5,0.556,1.0,1.1,2.1,0.5,0.2,0.2,0.5,1.5,1.7,,0,0,1
326.0,Shavlik Randolph,22.0,PHI,PF,57.0,1.0,487.0,12.6,0.511,0.0,0.732,13.2,18.8,16.0,5.9,2.0,1.9,14.1,14.0,0.5,0.5,1.1,0.105,-2.5,-0.4,-2.9,-0.1,,2005,384.0,22.0,PHI,PF,57.0,1.0,8.5,0.8,1.7,0.454,0.0,0.0,,0.8,1.7,0.454,0.454,0.8,1.2,0.606,1.0,1.4,2.3,0.3,0.3,0.2,0.4,1.5,2.3,,0,0,1
328.0,Donell Taylor,23.0,WAS,SG,51.0,1.0,465.0,10.1,0.452,0.125,0.316,3.9,9.5,6.6,15.2,3.4,0.7,18.0,18.1,-0.3,0.5,0.2,0.017,-3.5,1.1,-2.4,0.0,,2005,366.0,23.0,WAS,SG,51.0,1.0,9.1,1.0,2.7,0.39,0.1,0.3,0.235,1.0,2.3,0.412,0.404,0.6,0.8,0.698,0.3,0.7,1.0,0.9,0.6,0.1,0.7,0.9,2.7,,0,0,1
331.0,Josh Powell,23.0,DAL,PF,37.0,2.0,429.0,9.2,0.546,0.0,0.556,8.0,14.6,11.4,3.2,0.9,0.7,17.9,13.4,0.3,0.4,0.7,0.079,-2.7,-0.9,-3.6,-0.2,,2005,351.0,23.0,DAL,PF,37.0,2.0,11.6,1.0,2.2,0.457,0.0,0.0,,1.0,2.2,0.457,0.457,1.0,1.2,0.8,0.8,1.4,2.2,0.2,0.2,0.1,0.6,1.4,3.0,,0,0,1
333.0,Wayne Simien,22.0,MIA,PF,43.0,2.0,414.0,11.5,0.541,0.0,0.283,11.3,13.6,12.5,2.7,1.6,0.2,15.1,17.7,0.4,0.5,0.8,0.096,-3.6,-0.7,-4.3,-0.2,,2005,328.0,22.0,MIA,PF,43.0,2.0,9.6,1.3,2.8,0.483,0.0,0.0,,1.3,2.8,0.483,0.483,0.7,0.8,0.882,0.9,1.2,2.0,0.2,0.3,0.0,0.6,1.6,3.4,,0,0,1
339.0,Sean May,21.0,CHA,PF,23.0,1.0,398.0,15.3,0.474,0.029,0.374,11.5,20.9,15.9,9.7,2.2,2.3,14.2,25.9,-0.1,0.5,0.4,0.047,-2.0,-0.6,-2.6,0.0,,2005,179.0,21.0,CHA,PF,23.0,1.0,17.3,3.0,7.4,0.409,0.0,0.2,0.0,3.0,7.2,0.422,0.409,2.1,2.8,0.766,1.8,2.9,4.7,1.0,0.7,0.5,1.4,2.5,8.2,,0,0,1
343.0,Gerald Green,20.0,BOS,SG,32.0,3.0,374.0,13.1,0.541,0.145,0.268,3.3,9.9,6.7,8.5,1.8,0.8,12.5,21.7,0.2,0.3,0.5,0.064,-2.3,-1.2,-3.5,-0.1,,2005,258.0,20.0,BOS,SG,32.0,3.0,11.7,2.1,4.3,0.478,0.2,0.6,0.3,1.9,3.7,0.508,0.5,0.9,1.2,0.784,0.3,1.0,1.3,0.6,0.4,0.1,0.7,1.3,5.2,,0,0,1
345.0,Antoine Wright,21.0,NJN,SG,39.0,0.0,370.0,0.7,0.386,0.185,0.272,2.5,7.1,4.8,5.2,0.6,0.7,18.8,14.2,-0.8,0.3,-0.5,-0.062,-7.9,-0.9,-8.8,-0.6,,2005,412.0,21.0,NJN,SG,39.0,0.0,9.5,0.7,2.1,0.358,0.0,0.4,0.067,0.7,1.7,0.424,0.364,0.3,0.6,0.5,0.2,0.6,0.8,0.3,0.1,0.1,0.5,1.1,1.8,,0,0,1
356.0,Sergei Monia,22.0,2TM,SF,26.0,15.0,343.0,6.3,0.413,0.391,0.161,3.8,14.6,9.1,8.9,1.1,1.1,11.4,14.5,-0.3,0.1,-0.2,-0.025,-4.2,-1.1,-5.3,-0.3,,2005,346.0,22.0,2TM,SF,26.0,15.0,13.2,1.1,3.3,0.333,0.3,1.3,0.265,0.8,2.0,0.377,0.385,0.4,0.5,0.714,0.4,1.6,2.0,0.7,0.3,0.2,0.5,1.6,3.0,,0,0,1
359.0,Kevin Burleson,26.0,CHA,PG,39.0,1.0,340.0,5.1,0.367,0.614,0.193,1.3,8.0,4.4,20.8,3.9,0.5,20.8,15.7,-0.6,0.4,-0.2,-0.032,-7.8,1.6,-6.2,-0.4,,2005,408.0,26.0,CHA,PG,39.0,1.0,8.7,0.6,2.3,0.25,0.3,1.4,0.185,0.3,0.9,0.353,0.307,0.4,0.4,0.941,0.1,0.6,0.7,1.2,0.7,0.1,0.6,1.6,1.8,,0,0,1
361.0,Andrew Bynum,18.0,LAL,C,46.0,0.0,338.0,7.4,0.394,0.0,0.329,11.9,16.0,13.9,4.1,0.6,5.0,15.3,15.0,-0.4,0.4,0.1,0.007,-6.1,-0.8,-6.9,-0.4,,2005,418.0,18.0,LAL,C,46.0,0.0,7.3,0.7,1.8,0.402,0.0,0.0,,0.7,1.8,0.402,0.402,0.2,0.6,0.296,0.7,1.0,1.7,0.2,0.1,0.5,0.4,1.2,1.6,,0,0,1
369.0,Brandon Bass,20.0,NOK,PF,29.0,1.0,268.0,9.1,0.434,0.0,0.271,7.8,22.8,15.1,1.8,0.6,2.2,12.3,15.6,-0.2,0.3,0.1,0.013,-3.6,-1.4,-5.0,-0.2,,2005,378.0,20.0,NOK,PF,29.0,1.0,9.2,1.0,2.4,0.4,0.0,0.0,,1.0,2.4,0.4,0.4,0.4,0.7,0.632,0.6,1.7,2.3,0.1,0.1,0.2,0.4,0.6,2.3,,0,0,1
373.0,Travis Diener,23.0,ORL,PG,23.0,0.0,246.0,12.6,0.614,0.826,0.087,2.1,8.3,5.3,10.6,1.5,0.0,12.2,15.7,0.5,0.1,0.6,0.115,1.3,-0.4,0.9,0.2,,2005,307.0,23.0,ORL,PG,23.0,0.0,10.7,1.3,3.0,0.42,1.1,2.5,0.439,0.2,0.5,0.333,0.601,0.2,0.3,0.833,0.2,0.7,0.9,0.7,0.3,0.0,0.4,1.0,3.8,,0,0,1
375.0,Rawle Marshall,23.0,DAL,SF,23.0,9.0,241.0,10.1,0.488,0.05,0.483,4.1,11.3,7.7,6.5,1.8,2.2,17.1,17.0,-0.1,0.3,0.2,0.043,-1.8,0.0,-1.8,0.0,,2005,344.0,23.0,DAL,SF,23.0,9.0,10.5,1.0,2.6,0.4,0.0,0.1,0.333,1.0,2.5,0.404,0.408,1.0,1.3,0.759,0.3,1.0,1.3,0.4,0.3,0.3,0.7,0.7,3.1,,0,0,1
376.0,Gerald Fitch,23.0,MIA,PG,18.0,1.0,239.0,10.2,0.424,0.292,0.258,3.6,10.9,7.4,21.5,1.5,1.6,13.1,22.0,-0.1,0.3,0.1,0.026,-3.2,-0.3,-3.5,-0.1,,2005,280.0,23.0,MIA,PG,18.0,1.0,13.3,1.7,4.9,0.337,0.4,1.4,0.269,1.3,3.5,0.365,0.376,0.9,1.3,0.739,0.4,1.3,1.7,1.8,0.4,0.3,0.8,1.6,4.7,,0,0,1
384.0,Robert Whaley,23.0,UTA,C,23.0,0.0,212.0,7.6,0.411,0.0,0.105,9.1,15.6,12.3,13.8,1.8,3.1,19.0,16.1,-0.2,0.3,0.0,0.004,-5.6,0.5,-5.1,-0.2,,2005,397.0,23.0,UTA,C,23.0,0.0,9.2,1.0,2.5,0.404,0.0,0.0,,1.0,2.5,0.404,0.404,0.1,0.3,0.5,0.7,1.2,1.9,0.7,0.3,0.3,0.6,1.8,2.1,,0,0,1
385.0,Andre Owens,25.0,UTA,PG,23.0,2.0,210.0,5.2,0.421,0.216,0.243,6.3,5.8,6.1,6.8,1.3,0.0,13.7,20.9,-0.3,0.1,-0.2,-0.047,-6.0,-2.3,-8.3,-0.3,,2005,349.0,25.0,UTA,PG,23.0,2.0,9.1,1.2,3.2,0.365,0.1,0.7,0.188,1.0,2.5,0.414,0.385,0.5,0.8,0.667,0.5,0.4,0.9,0.3,0.2,0.0,0.6,1.1,3.0,,0,0,1
387.0,C.J. Miles,18.0,UTA,PG,23.0,0.0,203.0,13.8,0.456,0.263,0.316,10.7,12.0,11.3,14.3,1.9,0.8,9.4,21.8,0.1,0.2,0.3,0.076,-0.2,-1.6,-1.8,0.0,,2005,324.0,18.0,UTA,PG,23.0,0.0,8.8,1.2,3.3,0.368,0.2,0.9,0.25,1.0,2.4,0.411,0.401,0.8,1.0,0.75,0.8,0.9,1.7,0.7,0.3,0.1,0.4,0.9,3.4,,0,0,1
391.0,Lawrence Roberts,23.0,MEM,C,33.0,0.0,181.0,13.8,0.471,0.045,0.523,17.6,15.3,16.4,4.8,2.5,0.9,8.5,15.9,0.2,0.3,0.5,0.144,-2.8,-0.1,-3.0,-0.1,,2005,423.0,23.0,MEM,C,33.0,0.0,5.5,0.6,1.3,0.455,0.0,0.1,0.0,0.6,1.3,0.476,0.455,0.3,0.7,0.478,0.8,0.7,1.5,0.2,0.2,0.1,0.2,0.9,1.5,,0,0,1
394.0,Andray Blatche,19.0,WAS,PF,29.0,0.0,175.0,10.1,0.45,0.194,0.179,7.7,17.8,12.6,9.5,1.5,3.1,14.2,21.5,-0.1,0.2,0.1,0.026,-4.9,-0.1,-5.0,-0.1,,2005,387.0,19.0,WAS,PF,29.0,0.0,6.0,0.9,2.3,0.388,0.1,0.4,0.231,0.8,1.9,0.426,0.41,0.3,0.4,0.833,0.4,0.9,1.3,0.3,0.2,0.2,0.4,1.2,2.2,,0,0,1
395.0,Stephen Graham,23.0,3TM,SG,22.0,0.0,175.0,6.9,0.479,0.185,0.278,3.4,14.8,9.1,6.9,1.5,0.9,17.7,19.6,-0.2,0.2,0.0,0.009,-6.0,0.3,-5.8,-0.2,,2005,367.0,23.0,3TM,SG,22.0,0.0,8.0,1.0,2.5,0.389,0.1,0.5,0.2,0.9,2.0,0.432,0.407,0.6,0.7,0.933,0.2,1.0,1.2,0.3,0.2,0.1,0.6,1.4,2.6,,0,0,1
396.0,Will Bynum,23.0,GSW,PG,15.0,0.0,162.0,8.7,0.457,0.173,0.308,2.0,6.3,4.1,19.2,2.2,0.0,19.2,20.1,-0.2,0.1,-0.1,-0.021,-4.5,-0.5,-5.0,-0.1,,2005,315.0,23.0,GSW,PG,15.0,0.0,10.8,1.4,3.5,0.404,0.1,0.6,0.222,1.3,2.9,0.442,0.423,0.7,1.1,0.625,0.2,0.6,0.8,1.3,0.5,0.0,0.9,0.7,3.6,,0,0,1
397.0,Ronny Turiaf,23.0,LAL,C,23.0,1.0,161.0,12.2,0.537,0.0,0.9,8.1,19.0,13.5,7.5,1.0,4.7,14.3,13.8,0.2,0.2,0.4,0.115,-3.8,1.1,-2.7,0.0,,2005,402.0,23.0,LAL,C,23.0,1.0,7.0,0.7,1.3,0.5,0.0,0.0,,0.7,1.3,0.5,0.5,0.7,1.2,0.556,0.5,1.1,1.6,0.3,0.1,0.4,0.3,1.3,2.0,,0,0,1
398.0,Jason Maxiell,22.0,DET,PF,26.0,0.0,159.0,8.0,0.414,0.0,0.778,8.9,12.1,10.5,3.1,1.4,2.3,13.2,24.9,-0.4,0.2,-0.2,-0.054,-6.4,-2.8,-9.2,-0.3,,2005,382.0,22.0,DET,PF,26.0,0.0,6.1,0.9,2.1,0.426,0.0,0.0,,0.9,2.1,0.426,0.426,0.5,1.6,0.333,0.5,0.6,1.1,0.1,0.2,0.2,0.4,0.5,2.3,,0,0,1
400.0,Boniface N'Dong,28.0,LAC,C,23.0,1.0,152.0,11.0,0.439,0.019,0.17,12.0,16.1,14.1,7.5,0.7,2.5,9.5,19.1,0.0,0.2,0.2,0.058,-3.8,-1.2,-5.0,-0.1,,2005,390.0,28.0,LAC,C,23.0,1.0,6.6,1.0,2.3,0.415,0.0,0.0,0.0,1.0,2.3,0.423,0.415,0.3,0.4,0.667,0.7,1.0,1.6,0.3,0.1,0.2,0.3,1.0,2.2,,0,0,1
401.0,Ronnie Price,22.0,SAC,PG,29.0,0.0,150.0,10.5,0.474,0.466,0.207,3.9,7.7,5.8,12.1,2.1,0.0,13.6,22.4,-0.1,0.1,0.1,0.021,-2.5,-0.7,-3.2,0.0,,2005,396.0,22.0,SAC,PG,29.0,0.0,5.2,0.7,2.0,0.362,0.2,0.9,0.222,0.5,1.1,0.484,0.414,0.4,0.4,1.0,0.2,0.3,0.5,0.4,0.2,0.0,0.3,0.3,2.1,,0,0,1
403.0,Luke Schenscher,23.0,CHI,C,20.0,0.0,149.0,9.3,0.567,0.0,0.5,6.2,16.1,11.2,7.3,0.3,1.6,13.6,11.1,0.1,0.2,0.3,0.095,-3.0,1.3,-1.7,0.0,,2005,410.0,23.0,CHI,C,20.0,0.0,7.5,0.8,1.3,0.615,0.0,0.0,,0.8,1.3,0.615,0.615,0.2,0.7,0.308,0.4,1.1,1.5,0.4,0.1,0.2,0.3,1.1,1.8,,0,0,1
404.0,Lou Williams,19.0,PHI,PG,30.0,0.0,145.0,9.0,0.485,0.173,0.25,2.4,12.9,7.7,11.6,1.8,0.0,18.4,22.2,-0.2,0.1,-0.1,-0.036,-4.9,-1.4,-6.3,-0.2,,2005,404.0,19.0,PHI,PG,30.0,0.0,4.8,0.8,1.7,0.442,0.1,0.3,0.222,0.7,1.4,0.488,0.462,0.3,0.4,0.615,0.1,0.5,0.6,0.3,0.2,0.0,0.4,0.4,1.9,,0,0,1
405.0,Chris Taft,20.0,GSW,C,17.0,0.0,144.0,15.6,0.578,0.0,0.158,14.4,13.5,13.9,2.4,0.7,3.6,4.7,13.2,0.3,0.1,0.5,0.155,-0.8,0.2,-0.7,0.0,,2005,360.0,20.0,GSW,C,17.0,0.0,8.5,1.4,2.2,0.605,0.0,0.0,,1.4,2.2,0.605,0.605,0.1,0.4,0.167,1.1,1.0,2.1,0.1,0.1,0.4,0.1,1.5,2.8,,0,0,1
406.0,Eddie Basden,22.0,CHI,SF,19.0,0.0,141.0,10.3,0.471,0.189,0.27,5.7,17.0,11.4,8.8,3.3,1.1,17.9,16.1,-0.1,0.3,0.2,0.065,-3.9,3.2,-0.6,0.0,,2005,395.0,22.0,CHI,SF,19.0,0.0,7.4,0.8,1.9,0.405,0.1,0.4,0.143,0.7,1.6,0.467,0.419,0.4,0.5,0.8,0.4,1.1,1.5,0.4,0.5,0.1,0.5,0.9,2.1,,0,0,1
407.0,Devin Green,23.0,LAL,SG,27.0,0.0,135.0,4.7,0.336,0.071,0.75,8.7,12.2,10.5,7.3,1.2,0.0,11.8,14.3,-0.2,0.1,-0.1,-0.018,-5.1,-1.5,-6.5,-0.2,,2005,443.0,23.0,LAL,SG,27.0,0.0,5.0,0.2,1.0,0.214,0.0,0.1,0.0,0.2,1.0,0.231,0.214,0.5,0.8,0.619,0.4,0.5,0.9,0.3,0.1,0.0,0.2,0.5,0.9,,0,0,1
408.0,Arvydas Macijauskas,26.0,NOK,SG,19.0,0.0,135.0,8.3,0.462,0.293,0.366,2.6,6.3,4.4,6.1,2.8,0.0,14.4,19.2,-0.1,0.1,0.0,-0.001,-4.3,0.0,-4.2,-0.1,,2005,381.0,26.0,NOK,SG,19.0,0.0,7.1,0.7,2.2,0.341,0.2,0.6,0.25,0.6,1.5,0.379,0.378,0.7,0.8,0.867,0.2,0.4,0.5,0.3,0.4,0.0,0.4,0.5,2.3,,0,0,1
409.0,Bracey Wright,21.0,MIN,SG,7.0,0.0,135.0,12.1,0.534,0.333,0.314,2.7,13.0,8.0,6.5,0.4,0.0,12.1,23.2,0.1,0.1,0.2,0.054,-0.5,-2.2,-2.7,0.0,,2005,167.0,21.0,MIN,SG,7.0,0.0,19.3,3.0,7.3,0.412,0.9,2.4,0.353,2.1,4.9,0.441,0.471,2.0,2.3,0.875,0.4,2.1,2.6,0.7,0.1,0.0,1.1,1.1,8.9,,0,0,1
412.0,Yaroslav Korolev,18.0,LAC,SF,24.0,0.0,127.0,4.8,0.392,0.233,0.333,4.8,7.0,5.9,10.3,1.2,0.0,14.9,14.7,-0.1,0.1,0.0,-0.013,-4.7,-0.9,-5.6,-0.1,,2005,435.0,18.0,LAC,SF,24.0,0.0,5.3,0.4,1.3,0.3,0.1,0.3,0.286,0.3,1.0,0.304,0.333,0.3,0.4,0.7,0.2,0.3,0.5,0.4,0.1,0.0,0.3,0.5,1.1,,0,0,1
417.0,Aaron Miles,22.0,GSW,PG,19.0,0.0,118.0,6.0,0.405,0.0,0.222,0.0,13.6,6.6,29.5,1.7,0.6,35.8,11.6,-0.2,0.1,0.0,-0.015,-5.7,0.8,-5.0,-0.1,,2005,446.0,22.0,GSW,PG,19.0,0.0,6.2,0.3,0.9,0.333,0.0,0.0,,0.3,0.9,0.333,0.333,0.2,0.2,1.0,0.0,0.7,0.7,1.3,0.2,0.1,0.6,0.7,0.8,,0,0,1
420.0,Melvin Sanders,25.0,SAS,SG,16.0,0.0,113.0,10.5,0.548,0.091,0.303,4.3,19.4,12.0,4.3,2.4,0.0,17.6,19.2,0.0,0.2,0.2,0.093,-5.5,1.6,-3.9,-0.1,,2005,371.0,25.0,SAS,SG,16.0,0.0,7.1,1.0,2.1,0.485,0.1,0.2,0.667,0.9,1.9,0.467,0.515,0.4,0.6,0.7,0.3,1.2,1.4,0.2,0.3,0.0,0.5,1.3,2.6,,0,0,1
421.0,Anthony Grundy,26.0,ATL,SG,12.0,0.0,108.0,16.6,0.589,0.395,0.368,1.1,18.3,9.5,14.7,3.4,0.0,16.9,22.4,0.1,0.1,0.2,0.095,-1.3,0.9,-0.4,0.0,,2005,298.0,26.0,ATL,SG,12.0,0.0,9.0,1.6,3.2,0.5,0.4,1.3,0.333,1.2,1.9,0.609,0.566,0.8,1.2,0.643,0.1,1.3,1.4,0.8,0.6,0.0,0.8,1.2,4.3,,0,0,1
422.0,John Lucas III,23.0,HOU,PG,13.0,0.0,107.0,7.7,0.417,0.25,0.0,2.2,3.2,2.7,20.3,2.5,0.0,16.3,19.2,-0.2,0.1,-0.1,-0.027,-3.8,-0.5,-4.4,-0.1,,2005,380.0,23.0,HOU,PG,13.0,0.0,8.2,1.1,2.8,0.389,0.2,0.7,0.222,0.9,2.1,0.444,0.417,0.0,0.0,,0.2,0.2,0.4,0.9,0.4,0.0,0.5,0.5,2.3,,0,0,1
424.0,Anthony Roberson,22.0,MEM,PG,16.0,0.0,88.0,11.7,0.549,0.323,0.065,0.0,8.2,4.1,10.7,0.6,0.0,8.6,19.3,0.1,0.1,0.2,0.088,-1.7,-0.7,-2.3,0.0,,2005,391.0,22.0,MEM,PG,16.0,0.0,5.5,0.9,1.9,0.452,0.3,0.6,0.5,0.6,1.3,0.429,0.532,0.1,0.1,1.0,0.0,0.4,0.4,0.3,0.1,0.0,0.2,0.4,2.2,,0,0,1
425.0,Dwayne Jones,22.0,BOS,PF,14.0,0.0,87.0,9.2,0.445,0.0,1.3,14.4,28.7,21.7,3.3,0.6,2.6,16.0,9.9,0.0,0.1,0.1,0.081,-3.8,-1.0,-4.8,-0.1,,2005,437.0,22.0,BOS,PF,14.0,0.0,6.2,0.3,0.7,0.4,0.0,0.0,,0.3,0.7,0.4,0.4,0.4,0.9,0.462,0.7,1.5,2.2,0.1,0.1,0.2,0.2,1.0,1.0,,0,0,1
427.0,Noel Felix,24.0,SEA,SF,12.0,0.0,82.0,-1.1,0.316,0.12,0.32,4.4,14.9,9.6,3.5,1.3,2.8,21.9,20.0,-0.3,0.0,-0.3,-0.197,-10.0,-2.5,-12.5,-0.2,,2005,422.0,24.0,SEA,SF,12.0,0.0,6.8,0.5,2.1,0.24,0.1,0.3,0.333,0.4,1.8,0.227,0.26,0.4,0.7,0.625,0.3,0.8,1.1,0.2,0.2,0.3,0.7,1.1,1.5,,0,0,1
429.0,Von Wafer,20.0,LAL,SG,16.0,0.0,73.0,-1.6,0.241,0.447,0.211,8.1,4.8,6.4,8.2,2.2,0.0,2.4,26.6,-0.3,0.1,-0.3,-0.174,-9.9,-4.1,-14.0,-0.2,,2005,430.0,20.0,LAL,SG,16.0,0.0,4.6,0.4,2.4,0.158,0.1,1.1,0.118,0.3,1.3,0.19,0.184,0.4,0.5,0.75,0.3,0.2,0.5,0.3,0.2,0.0,0.1,0.8,1.3,,0,0,1
434.0,Earl Barron,24.0,MIA,C,8.0,0.0,45.0,-2.8,0.366,0.0,0.25,5.5,20.1,13.1,0.0,0.0,0.0,22.0,23.4,-0.2,0.0,-0.2,-0.167,-13.4,-4.3,-17.7,-0.2,,2005,417.0,24.0,MIA,C,8.0,0.0,5.6,0.6,2.0,0.313,0.0,0.0,,0.6,2.0,0.313,0.313,0.4,0.5,0.75,0.3,1.0,1.3,0.0,0.0,0.0,0.6,1.3,1.6,,0,0,1
435.0,Dijon Thompson,22.0,PHO,SG,10.0,0.0,43.0,22.0,0.541,0.44,0.08,10.6,17.7,14.2,3.9,3.5,1.6,7.2,29.1,0.1,0.1,0.1,0.146,1.7,1.2,2.9,0.1,,2005,361.0,22.0,PHO,SG,10.0,0.0,4.3,1.1,2.5,0.44,0.4,1.1,0.364,0.7,1.4,0.5,0.52,0.2,0.2,1.0,0.4,0.7,1.1,0.1,0.3,0.1,0.2,0.6,2.8,,0,0,1
438.0,Amir Johnson,18.0,DET,SF,3.0,0.0,39.0,20.3,0.85,0.3,0.4,9.0,3.1,6.1,13.4,0.0,3.7,25.4,19.2,0.1,0.0,0.2,0.208,1.1,-0.7,0.4,0.0,,2005,220.0,18.0,DET,SF,3.0,0.0,13.0,2.3,3.3,0.7,0.7,1.0,0.667,1.7,2.3,0.714,0.8,1.3,1.3,1.0,1.0,0.3,1.3,1.0,0.0,0.7,1.3,2.3,6.7,,0,0,1
439.0,Alex Acker,23.0,DET,SG,5.0,0.0,35.0,-2.4,0.281,0.313,0.0,3.4,13.7,8.5,17.9,1.6,0.0,20.0,27.2,-0.2,0.0,-0.2,-0.23,-11.0,-4.2,-15.3,-0.1,,2005,406.0,23.0,DET,SG,5.0,0.0,7.0,0.8,3.2,0.25,0.2,1.0,0.2,0.6,2.2,0.273,0.281,0.0,0.0,,0.2,0.8,1.0,0.8,0.2,0.0,0.8,0.8,1.8,,0,0,1
440.0,Julius Hodge,22.0,DEN,SG,14.0,0.0,33.0,4.2,0.393,0.0,0.615,17.9,7.0,12.4,29.3,3.1,0.0,32.6,33.3,-0.2,0.0,-0.2,-0.219,-8.9,-2.8,-11.7,-0.1,,2005,444.0,22.0,DEN,SG,14.0,0.0,2.4,0.4,0.9,0.385,0.0,0.0,,0.4,0.9,0.385,0.385,0.2,0.6,0.375,0.4,0.1,0.5,0.4,0.1,0.0,0.6,0.5,0.9,,0,0,1
441.0,Derrick Zimmerman,24.0,NJN,PG,2.0,0.0,32.0,5.5,0.667,0.0,0.0,3.6,11.2,7.3,34.2,0.0,0.0,57.1,10.3,0.0,0.0,0.0,0.004,-7.7,-2.7,-10.4,-0.1,,2005,403.0,24.0,NJN,PG,2.0,0.0,16.0,1.0,1.5,0.667,0.0,0.0,,1.0,1.5,0.667,0.667,0.0,0.0,,0.5,1.5,2.0,3.5,0.0,0.0,2.0,2.0,2.0,,0,0,1
449.0,Sharrod Ford,24.0,PHO,PF,3.0,0.0,13.0,0.6,0.667,0.0,0.0,8.7,16.7,12.8,0.0,0.0,5.4,40.0,17.2,0.0,0.0,0.0,-0.032,-16.2,1.2,-14.9,0.0,,2005,428.0,24.0,PHO,PF,3.0,0.0,4.3,0.7,1.0,0.667,0.0,0.0,,0.7,1.0,0.667,0.667,0.0,0.0,,0.3,0.7,1.0,0.0,0.0,0.3,0.7,2.3,1.3,,0,0,1
450.0,Randy Holcomb,26.0,CHI,SF,4.0,0.0,11.0,8.2,1.0,0.0,0.0,10.5,0.0,5.2,0.0,0.0,0.0,0.0,4.1,0.0,0.0,0.0,0.15,-1.0,-0.8,-1.7,0.0,,2005,450.0,26.0,CHI,SF,4.0,0.0,2.8,0.3,0.3,1.0,0.0,0.0,,0.3,0.3,1.0,1.0,0.0,0.0,,0.3,0.0,0.3,0.0,0.0,0.0,0.0,0.5,0.5,,0,0,1
452.0,Martynas Andriuškevičius,19.0,CLE,C,6.0,0.0,9.0,15.5,0.0,0.0,0.0,13.0,39.8,26.3,0.0,11.9,0.0,0.0,5.1,0.0,0.0,0.0,0.155,-1.8,7.0,5.2,0.0,,2005,453.0,19.0,CLE,C,6.0,0.0,1.5,0.0,0.2,0.0,0.0,0.0,,0.0,0.2,0.0,0.0,0.0,0.0,,0.2,0.5,0.7,0.0,0.3,0.0,0.0,0.2,0.0,,0,0,1
454.0,Deng Gai,23.0,PHI,C,2.0,0.0,5.0,0.0,,,,0.0,0.0,0.0,0.0,0.0,0.0,,0.0,0.0,0.0,0.0,-0.015,-3.6,-3.5,-7.2,0.0,,2005,454.0,23.0,PHI,C,2.0,0.0,2.5,0.0,0.0,,0.0,0.0,,0.0,0.0,,,0.0,0.0,,0.0,0.0,0.0,0.0,0.0,0.0,0.0,0.0,0.0,,0,0,1
455.0,Matt Walsh,23.0,MIA,SG,2.0,0.0,3.0,-2.4,0.532,0.0,2.0,0.0,0.0,0.0,0.0,0.0,0.0,34.7,44.3,0.0,0.0,0.0,-0.642,-8.8,-6.9,-15.7,0.0,,2005,439.0,23.0,MIA,SG,2.0,0.0,1.5,0.5,0.5,1.0,0.0,0.0,,0.5,0.5,1.0,1.0,0.0,1.0,0.0,0.0,0.0,0.0,0.0,0.0,0.0,0.5,0.0,1.0,,0,0,1
458.0,Alex Scales,27.0,SAS,SG,1.0,0.0,0.0,,,,,,,,,,,,,0.0,0.0,0.0,,,,,0.0,,2005,458.0,27.0,SAS,SG,1.0,0.0,0.0,0.0,0.0,,0.0,0.0,,0.0,0.0,,,0.0,0.0,,0.0,0.0,0.0,0.0,0.0,0.0,0.0,0.0,0.0,,0,0,1
81.0,Adam Morrison,22.0,CHA,PF,78.0,23.0,2326.0,7.9,0.45,0.273,0.179,2.7,9.2,5.9,11.9,0.6,0.2,11.3,22.4,-2.2,0.8,-1.5,-0.03,-2.7,-2.4,-5.1,-1.8,ROY-4,2006,113.0,22.0,CHA,PF,78.0,23.0,29.8,4.6,12.1,0.376,1.1,3.3,0.337,3.4,8.8,0.391,0.422,1.5,2.2,0.71,0.7,2.3,2.9,2.1,0.4,0.1,1.7,2.3,11.8,ROY-4,1,2,1
111.0,Rudy Gay,20.0,MEM,SF,78.0,43.0,2103.0,12.4,0.497,0.188,0.275,5.3,14.5,9.9,8.0,1.7,2.7,14.1,21.3,-0.5,1.0,0.5,0.011,-1.5,-0.7,-2.2,-0.1,ROY-3,2006,134.0,20.0,MEM,SF,78.0,43.0,27.0,4.1,9.7,0.422,0.7,1.8,0.364,3.4,7.9,0.436,0.457,1.9,2.7,0.727,1.2,3.3,4.5,1.3,0.9,0.9,1.8,2.5,10.8,ROY-3,1,1,1
126.0,Brandon Roy,22.0,POR,SG,57.0,55.0,2015.0,18.0,0.548,0.191,0.315,3.5,12.1,7.7,20.9,1.8,0.4,11.8,23.0,3.8,1.0,4.8,0.114,2.3,-0.3,2.0,2.0,ROY-1,2006,54.0,22.0,POR,SG,57.0,55.0,35.4,6.1,13.4,0.456,1.0,2.6,0.377,5.2,10.9,0.475,0.492,3.5,4.2,0.838,1.0,3.4,4.4,4.0,1.2,0.2,2.0,2.4,16.8,ROY-1,1,1,1
139.0,Jorge Garbajosa,29.0,TOR,PF,67.0,60.0,1909.0,12.1,0.503,0.365,0.147,2.9,17.5,10.2,10.1,2.1,0.6,10.2,15.2,0.6,2.4,3.0,0.074,-0.8,1.1,0.3,1.1,ROY-8,2006,179.0,29.0,TOR,PF,67.0,60.0,28.5,3.3,7.9,0.42,1.0,2.9,0.342,2.3,5.0,0.464,0.482,0.9,1.2,0.731,0.7,4.2,4.9,1.9,1.2,0.2,1.0,1.3,8.5,ROY-8,0,0,1
143.0,Randy Foye,23.0,MIN,PG,82.0,12.0,1879.0,14.0,0.536,0.268,0.278,3.2,10.5,6.9,20.9,1.5,0.9,16.4,22.9,1.0,1.3,2.3,0.058,-0.3,-0.6,-1.0,0.5,ROY-5,2006,145.0,23.0,MIN,PG,82.0,12.0,22.9,3.7,8.4,0.434,0.8,2.3,0.368,2.8,6.2,0.458,0.483,2.0,2.3,0.854,0.6,2.1,2.7,2.8,0.6,0.3,1.9,2.2,10.1,ROY-5,1,1,1
149.0,Rajon Rondo,20.0,BOS,PG,78.0,25.0,1831.0,13.1,0.472,0.064,0.409,4.7,14.6,9.5,26.3,3.6,0.3,20.5,16.5,-0.1,2.6,2.4,0.064,-2.4,2.2,-0.2,0.8,ROY-12,2006,234.0,20.0,BOS,PG,78.0,25.0,23.5,2.4,5.8,0.418,0.1,0.4,0.207,2.3,5.4,0.432,0.424,1.5,2.4,0.647,0.9,2.8,3.7,3.8,1.6,0.1,1.8,2.3,6.4,ROY-12,0,0,1
177.0,Andrea Bargnani,21.0,TOR,PF,65.0,2.0,1629.0,12.8,0.546,0.429,0.227,3.7,14.8,9.2,5.1,1.0,2.5,13.5,22.6,0.2,1.7,1.9,0.057,-1.1,-0.6,-1.8,0.1,ROY-2,2006,115.0,21.0,TOR,PF,65.0,2.0,25.1,4.1,9.6,0.427,1.5,4.1,0.373,2.6,5.5,0.468,0.507,1.8,2.2,0.824,0.8,3.1,3.9,0.8,0.5,0.8,1.6,2.8,11.6,ROY-2,1,1,1
191.0,Craig Smith,23.0,MIN,PF,82.0,5.0,1537.0,15.7,0.558,0.013,0.402,11.9,20.3,16.2,5.4,1.8,0.9,12.0,18.7,2.1,1.7,3.9,0.121,-1.3,-0.5,-1.8,0.1,ROY-11,2006,205.0,23.0,MIN,PF,82.0,5.0,18.7,3.0,5.6,0.531,0.0,0.1,0.0,3.0,5.6,0.538,0.531,1.4,2.3,0.624,1.8,3.3,5.1,0.6,0.6,0.2,0.9,2.7,7.4,ROY-11,1,2,1
197.0,Shelden Williams,23.0,ATL,PF,81.0,31.0,1514.0,12.3,0.518,0.011,0.395,10.3,24.5,17.3,4.8,1.8,2.0,18.3,15.9,0.3,1.9,2.2,0.07,-2.9,-0.4,-3.3,-0.5,,2006,258.0,23.0,ATL,PF,81.0,31.0,18.7,2.0,4.5,0.455,0.0,0.0,0.5,2.0,4.5,0.454,0.458,1.4,1.8,0.764,1.6,3.8,5.4,0.5,0.6,0.5,1.2,2.5,5.5,,0,0,1
206.0,Paul Millsap,21.0,UTA,PF,82.0,1.0,1472.0,17.6,0.571,0.008,0.523,15.1,19.8,17.5,6.7,2.4,4.2,16.1,17.8,2.4,2.3,4.7,0.153,-0.4,1.0,0.6,0.9,ROY-6,2006,217.0,21.0,UTA,PF,82.0,1.0,18.0,2.5,4.9,0.525,0.0,0.0,0.333,2.5,4.8,0.527,0.526,1.7,2.5,0.673,2.2,2.9,5.2,0.8,0.8,0.9,1.1,2.9,6.8,ROY-6,1,2,1
214.0,LaMarcus Aldridge,21.0,POR,C,63.0,22.0,1392.0,17.1,0.533,0.004,0.24,12.6,15.3,13.9,3.2,0.9,4.2,7.5,19.3,2.5,1.0,3.4,0.118,-0.4,-1.0,-1.4,0.2,ROY-7,2006,168.0,21.0,POR,C,63.0,22.0,22.1,3.8,7.6,0.503,0.0,0.0,0.0,3.8,7.6,0.505,0.503,1.3,1.8,0.722,2.3,2.7,5.0,0.4,0.3,1.2,0.7,3.0,9.0,ROY-7,0,0,1
226.0,Marcus Williams,21.0,NJN,PG,79.0,2.0,1315.0,11.5,0.474,0.31,0.162,2.6,11.9,7.3,34.4,1.2,0.1,20.1,25.0,-1.1,1.0,-0.1,-0.004,-1.7,-2.0,-3.7,-0.6,,2006,219.0,21.0,NJN,PG,79.0,2.0,16.6,2.6,6.7,0.395,0.6,2.1,0.282,2.1,4.6,0.446,0.439,0.9,1.1,0.847,0.4,1.7,2.1,3.3,0.4,0.0,1.8,1.2,6.8,,0,0,1
237.0,Mickaël Gelabale,23.0,SEA,SF,70.0,14.0,1239.0,9.8,0.535,0.178,0.311,5.7,11.1,8.4,6.7,1.0,1.4,14.0,12.8,0.9,0.4,1.3,0.05,-1.8,-0.9,-2.6,-0.2,,2006,288.0,23.0,SEA,SF,70.0,14.0,17.7,1.7,3.8,0.462,0.2,0.7,0.234,1.6,3.1,0.512,0.483,0.9,1.2,0.805,0.8,1.6,2.5,0.8,0.3,0.3,0.7,1.5,4.6,,0,0,1
242.0,Yakhouba Diawara,24.0,DEN,SG,64.0,19.0,1177.0,5.3,0.45,0.582,0.182,2.6,7.8,5.3,6.5,1.3,0.4,10.5,12.8,-0.2,0.8,0.5,0.021,-3.9,0.0,-3.9,-0.6,,2006,296.0,24.0,DEN,SG,64.0,19.0,18.4,1.6,4.6,0.342,0.8,2.7,0.288,0.8,1.9,0.418,0.426,0.5,0.8,0.66,0.4,1.3,1.7,0.9,0.5,0.1,0.6,2.1,4.4,,0,0,1
244.0,Rodney Carney,22.0,PHI,SF,67.0,35.0,1169.0,11.4,0.514,0.184,0.222,4.0,9.1,6.6,3.8,1.7,1.5,9.1,18.7,0.4,1.0,1.3,0.055,-1.8,-0.4,-2.2,-0.1,,2006,222.0,22.0,PHI,SF,67.0,35.0,17.4,2.7,5.9,0.464,0.4,1.1,0.347,2.3,4.8,0.491,0.496,0.8,1.3,0.609,0.6,1.3,1.9,0.4,0.6,0.3,0.6,1.8,6.6,,0,0,1
250.0,Jordan Farmar,20.0,LAL,PG,72.0,2.0,1090.0,10.8,0.515,0.466,0.129,2.4,10.3,6.4,19.0,2.1,0.5,19.0,15.8,0.2,0.7,0.9,0.038,-1.4,-0.3,-1.7,0.1,,2006,297.0,20.0,LAL,PG,72.0,2.0,15.1,1.7,4.1,0.422,0.6,1.9,0.328,1.1,2.2,0.503,0.498,0.4,0.5,0.711,0.3,1.3,1.7,1.9,0.6,0.1,1.0,1.1,4.4,,0,0,1
252.0,Renaldo Balkman,22.0,NYK,SF,68.0,1.0,1064.0,16.1,0.531,0.098,0.327,11.0,21.8,16.4,7.0,2.8,3.3,13.5,15.5,1.1,1.7,2.8,0.125,-0.7,2.0,1.3,0.9,,2006,278.0,22.0,NYK,SF,68.0,1.0,15.6,2.0,4.0,0.505,0.1,0.4,0.185,2.0,3.6,0.54,0.515,0.8,1.3,0.567,1.4,2.9,4.3,0.6,0.8,0.6,0.7,2.1,4.9,,0,0,1
262.0,Daniel Gibson,20.0,CLE,PG,60.0,16.0,988.0,9.4,0.556,0.537,0.169,3.2,7.7,5.4,10.7,1.2,0.6,15.1,13.4,0.8,1.2,2.0,0.098,-1.6,0.9,-0.7,0.3,,2006,289.0,20.0,CLE,PG,60.0,16.0,16.5,1.6,3.9,0.424,0.9,2.1,0.419,0.8,1.8,0.43,0.537,0.5,0.7,0.718,0.5,1.1,1.5,1.2,0.4,0.1,0.7,1.6,4.6,,0,0,1
265.0,Ersan İlyasova,19.0,MIL,PF,66.0,14.0,973.0,12.1,0.5,0.408,0.245,6.9,16.0,11.4,7.8,1.4,1.4,11.3,21.0,0.5,0.5,1.0,0.051,-1.4,-1.5,-2.9,-0.2,,2006,244.0,19.0,MIL,PF,66.0,14.0,14.7,2.1,5.5,0.383,0.8,2.2,0.365,1.3,3.3,0.395,0.457,1.1,1.3,0.787,0.9,2.0,2.9,0.7,0.4,0.3,0.8,2.2,6.1,,0,0,1
268.0,Tarence Kinsey,22.0,MEM,SG,48.0,12.0,967.0,13.0,0.532,0.151,0.322,3.6,8.4,6.0,7.0,2.8,0.1,11.7,18.4,0.6,0.3,0.9,0.046,-1.7,-0.3,-2.0,0.0,,2006,198.0,22.0,MEM,SG,48.0,12.0,20.1,2.9,6.3,0.457,0.3,1.0,0.283,2.6,5.4,0.488,0.479,1.6,2.0,0.796,0.6,1.4,2.0,0.9,1.1,0.0,1.0,1.2,7.7,,0,0,1
269.0,Tyrus Thomas,20.0,CHI,PF,72.0,4.0,966.0,14.8,0.521,0.007,0.621,10.6,21.1,15.9,6.6,2.4,6.2,20.8,20.9,-0.4,2.6,2.2,0.11,-4.1,3.1,-1.0,0.2,ROY-9,2006,270.0,20.0,CHI,PF,72.0,4.0,13.4,1.9,3.9,0.475,0.0,0.0,0.0,1.9,3.9,0.479,0.475,1.5,2.4,0.606,1.2,2.5,3.7,0.6,0.6,1.1,1.3,2.3,5.2,ROY-9,1,2,1
274.0,Walter Herrmann,27.0,CHA,PF,48.0,12.0,936.0,16.1,0.625,0.348,0.161,3.4,14.5,8.8,5.0,0.9,0.6,8.3,18.7,1.8,0.6,2.4,0.125,1.9,-1.1,0.8,0.7,ROY-10,2006,163.0,27.0,CHA,PF,48.0,12.0,19.5,3.6,6.9,0.527,1.1,2.4,0.461,2.5,4.5,0.563,0.608,0.9,1.1,0.774,0.6,2.3,2.9,0.5,0.4,0.1,0.7,1.6,9.2,ROY-10,0,0,1
279.0,Thabo Sefolosha,22.0,CHI,SG,71.0,4.0,868.0,8.5,0.464,0.164,0.176,4.6,15.4,10.1,10.7,1.9,1.0,17.9,17.2,-0.8,1.7,0.8,0.047,-4.2,1.6,-2.6,-0.1,,2006,331.0,22.0,CHI,SG,71.0,4.0,12.2,1.5,3.6,0.426,0.2,0.6,0.357,1.3,3.0,0.439,0.455,0.3,0.6,0.511,0.5,1.7,2.2,0.8,0.5,0.2,0.8,1.4,3.6,,0,0,1
280.0,Sergio Rodríguez,20.0,POR,PG,67.0,1.0,862.0,14.1,0.493,0.356,0.109,2.8,10.4,6.6,41.9,2.2,0.2,23.5,17.8,0.5,0.4,0.9,0.05,0.4,-1.5,-1.1,0.2,,2006,328.0,20.0,POR,PG,67.0,1.0,12.9,1.5,3.6,0.423,0.4,1.3,0.282,1.1,2.3,0.5,0.473,0.3,0.4,0.808,0.3,1.1,1.4,3.3,0.5,0.0,1.1,1.1,3.7,,0,0,1
289.0,David Noel,22.0,MIL,PF,68.0,0.0,792.0,9.0,0.47,0.299,0.243,6.2,12.2,9.1,11.7,1.6,0.9,17.0,13.4,0.1,0.3,0.4,0.024,-2.2,-0.9,-3.1,-0.2,,2006,367.0,22.0,MIL,PF,68.0,0.0,11.6,1.0,2.6,0.367,0.3,0.8,0.321,0.7,1.8,0.387,0.415,0.5,0.6,0.86,0.6,1.2,1.8,1.0,0.4,0.1,0.6,1.1,2.7,,0,0,1
290.0,Mardy Collins,22.0,NYK,SF,52.0,9.0,777.0,9.2,0.445,0.206,0.36,4.3,11.5,8.0,17.4,2.2,0.3,17.8,18.8,-0.6,0.6,0.0,0.002,-3.3,0.1,-3.1,-0.2,,2006,292.0,22.0,NYK,SF,52.0,9.0,14.9,1.7,4.4,0.382,0.3,0.9,0.277,1.4,3.5,0.409,0.41,0.9,1.6,0.585,0.5,1.5,2.0,1.6,0.6,0.1,1.1,1.4,4.5,,0,0,1
294.0,Alexander Johnson,23.0,MEM,PF,59.0,19.0,753.0,13.2,0.588,0.0,0.698,7.9,20.8,14.4,3.6,1.7,3.5,17.5,16.1,0.7,0.6,1.3,0.083,-3.2,-0.3,-3.5,-0.3,,2006,298.0,23.0,MEM,PF,59.0,19.0,12.8,1.5,2.9,0.538,0.0,0.0,,1.5,2.9,0.538,0.538,1.3,2.0,0.661,0.8,2.2,3.1,0.3,0.4,0.6,0.8,2.3,4.4,,0,0,1
297.0,Leon Powe,23.0,BOS,C,63.0,2.0,720.0,14.6,0.549,0.011,0.814,15.8,20.1,17.9,2.3,1.0,2.4,16.4,18.1,0.9,0.8,1.7,0.116,-2.1,-1.7,-3.8,-0.3,,2006,309.0,23.0,BOS,C,63.0,2.0,11.4,1.3,2.8,0.446,0.0,0.0,0.0,1.3,2.8,0.451,0.446,1.7,2.3,0.736,1.5,1.9,3.4,0.2,0.2,0.3,0.7,1.7,4.2,,0,0,1
301.0,Allan Ray,22.0,BOS,SG,47.0,5.0,710.0,10.0,0.512,0.448,0.212,3.0,8.8,5.8,10.5,1.5,0.3,12.9,20.8,0.1,0.5,0.6,0.039,-1.5,-1.2,-2.7,-0.1,,2006,240.0,22.0,BOS,SG,47.0,5.0,15.1,2.1,5.5,0.386,1.0,2.5,0.414,1.1,3.0,0.364,0.479,0.9,1.2,0.764,0.4,1.1,1.5,0.9,0.4,0.1,0.9,1.8,6.2,,0,0,1
308.0,Ronnie Brewer,21.0,UTA,SG,56.0,14.0,675.0,15.2,0.566,0.047,0.43,6.7,6.8,6.7,5.7,2.9,0.7,9.5,16.8,1.1,0.7,1.7,0.124,0.2,1.0,1.2,0.6,,2006,287.0,21.0,UTA,SG,56.0,14.0,12.1,1.8,3.4,0.528,0.0,0.2,0.0,1.8,3.3,0.554,0.528,1.0,1.5,0.675,0.7,0.7,1.3,0.4,0.7,0.1,0.4,0.8,4.6,,0,0,1
310.0,Josh Boone,22.0,NJN,PF,61.0,0.0,669.0,14.6,0.587,0.0,0.602,11.4,19.6,15.5,2.6,0.9,2.5,13.2,17.4,0.9,0.8,1.7,0.122,-1.9,-1.0,-2.9,-0.2,,2006,307.0,22.0,NJN,PF,61.0,0.0,11.0,1.6,2.8,0.579,0.0,0.0,,1.6,2.8,0.579,0.579,0.9,1.7,0.544,1.0,1.8,2.9,0.2,0.2,0.3,0.5,1.5,4.2,,0,0,1
311.0,Kelenna Azubuike,23.0,GSW,SG,41.0,9.0,669.0,13.4,0.572,0.359,0.355,4.2,11.4,7.7,6.2,1.6,1.1,13.3,18.7,0.7,0.5,1.2,0.083,0.1,-1.0,-0.9,0.2,,2006,209.0,23.0,GSW,SG,41.0,9.0,16.3,2.4,5.4,0.445,0.8,1.9,0.43,1.6,3.4,0.454,0.523,1.5,1.9,0.782,0.6,1.7,2.3,0.7,0.5,0.2,1.0,1.2,7.1,,0,0,1
312.0,Solomon Jones,22.0,ATL,PF,58.0,8.0,666.0,12.3,0.587,0.008,0.586,8.7,15.9,12.3,2.7,0.9,4.9,13.4,12.8,1.0,0.7,1.6,0.117,-3.4,0.2,-3.1,-0.2,,2006,337.0,22.0,ATL,PF,58.0,8.0,11.5,1.1,2.2,0.508,0.0,0.0,0.0,1.1,2.2,0.512,0.508,1.0,1.3,0.787,0.8,1.5,2.3,0.2,0.2,0.7,0.4,2.1,3.3,,0,0,1
315.0,Hilton Armstrong,22.0,NOK,C,56.0,5.0,634.0,12.2,0.57,0.0,0.536,10.3,17.0,13.6,2.5,1.0,3.3,18.5,13.6,0.5,0.7,1.2,0.091,-2.9,0.3,-2.6,-0.1,,2006,344.0,22.0,NOK,C,56.0,5.0,11.3,1.2,2.2,0.544,0.0,0.0,,1.2,2.2,0.544,0.544,0.7,1.2,0.597,1.0,1.6,2.7,0.2,0.2,0.5,0.6,1.4,3.1,,0,0,1
316.0,JJ Redick,22.0,ORL,PG,42.0,0.0,622.0,13.0,0.569,0.503,0.308,2.0,8.1,5.2,9.7,1.0,0.0,8.7,18.1,1.2,0.5,1.7,0.134,0.8,-0.7,0.1,0.3,,2006,248.0,22.0,ORL,PG,42.0,0.0,14.8,1.9,4.6,0.41,0.9,2.3,0.388,1.0,2.3,0.433,0.508,1.3,1.4,0.9,0.2,1.0,1.2,0.9,0.3,0.0,0.5,1.2,6.0,,0,0,1
321.0,Shawne Williams,20.0,IND,SG,46.0,3.0,556.0,9.7,0.533,0.325,0.125,6.7,10.6,8.6,6.7,0.6,1.1,12.4,15.5,0.3,0.4,0.7,0.063,-1.6,-1.1,-2.7,-0.1,,2006,319.0,20.0,IND,SG,46.0,3.0,12.1,1.6,3.5,0.469,0.4,1.1,0.365,1.2,2.3,0.519,0.528,0.2,0.4,0.55,0.7,1.1,1.8,0.5,0.1,0.2,0.5,1.5,3.9,,0,0,1
327.0,Cedric Simmons,21.0,NOK,PF,43.0,4.0,534.0,8.0,0.43,0.0,0.25,9.3,13.9,11.6,3.5,0.8,3.4,13.1,14.4,-0.3,0.5,0.3,0.025,-4.6,0.2,-4.4,-0.3,,2006,362.0,21.0,NOK,PF,43.0,4.0,12.4,1.3,3.1,0.417,0.0,0.0,,1.3,3.1,0.417,0.417,0.4,0.8,0.485,1.0,1.5,2.5,0.3,0.2,0.5,0.5,1.7,2.9,,0,0,1
329.0,Hassan Adams,22.0,NJN,SG,61.0,8.0,495.0,13.0,0.577,0.007,0.267,8.4,9.9,9.2,4.5,1.8,0.6,12.7,16.3,0.5,0.5,1.0,0.095,-1.3,-0.2,-1.5,0.1,,2006,357.0,22.0,NJN,SG,61.0,8.0,8.1,1.2,2.2,0.556,0.0,0.0,0.0,1.2,2.2,0.56,0.556,0.4,0.6,0.667,0.6,0.7,1.3,0.2,0.3,0.1,0.4,0.8,2.9,,0,0,1
335.0,Dee Brown,22.0,UTA,PG,49.0,0.0,450.0,8.6,0.411,0.286,0.378,2.2,8.6,5.4,26.2,2.6,1.3,21.3,14.5,-0.2,0.5,0.2,0.024,-3.0,1.1,-1.8,0.0,,2006,406.0,22.0,UTA,PG,49.0,0.0,9.2,0.7,2.0,0.327,0.1,0.6,0.214,0.5,1.4,0.371,0.357,0.5,0.8,0.649,0.2,0.7,0.8,1.7,0.4,0.1,0.6,1.0,1.9,,0,0,1
337.0,Lynn Greer,27.0,MIL,SG,41.0,0.0,432.0,14.0,0.538,0.369,0.227,0.5,6.9,3.7,19.0,2.0,0.2,10.4,18.1,0.7,0.1,0.7,0.083,-0.3,-1.1,-1.5,0.1,,2006,311.0,27.0,MIL,SG,41.0,0.0,10.5,1.5,3.4,0.433,0.4,1.3,0.346,1.0,2.2,0.483,0.496,0.7,0.8,0.844,0.0,0.6,0.7,1.3,0.4,0.0,0.4,0.8,4.1,,0,0,1
341.0,Chris Quinn,23.0,MIA,PG,42.0,1.0,408.0,12.3,0.479,0.435,0.282,1.8,6.8,4.3,25.8,2.0,0.0,12.5,19.6,0.3,0.3,0.6,0.07,-0.8,-1.1,-1.9,0.0,,2006,335.0,23.0,MIA,PG,42.0,1.0,9.7,1.1,3.1,0.366,0.5,1.4,0.351,0.7,1.8,0.378,0.443,0.6,0.9,0.676,0.1,0.6,0.7,1.5,0.4,0.0,0.5,0.8,3.4,,0,0,1
352.0,Quincy Douby,22.0,SAC,PG,42.0,0.0,359.0,9.0,0.449,0.397,0.119,3.5,8.7,6.0,6.9,2.1,0.9,10.2,18.5,-0.3,0.3,0.0,-0.006,-2.9,-0.9,-3.8,-0.2,,2006,363.0,22.0,SAC,PG,42.0,0.0,8.5,1.1,3.0,0.381,0.3,1.2,0.24,0.9,1.8,0.474,0.429,0.3,0.4,0.733,0.3,0.6,0.9,0.4,0.4,0.1,0.4,0.5,2.8,,0,0,1
357.0,Bobby Jones,23.0,PHI,SF,44.0,5.0,336.0,9.4,0.495,0.097,0.441,7.9,12.5,10.2,7.8,1.7,0.2,13.9,17.7,0.0,0.3,0.3,0.045,-4.2,-0.7,-4.9,-0.2,,2006,378.0,23.0,PHI,SF,44.0,5.0,7.6,1.0,2.1,0.462,0.0,0.2,0.111,1.0,1.9,0.5,0.468,0.5,0.9,0.561,0.5,0.8,1.3,0.4,0.3,0.0,0.4,1.3,2.5,,0,0,1
358.0,Justin Williams,22.0,SAC,C,26.0,1.0,333.0,17.3,0.566,0.011,0.716,17.6,23.0,20.3,1.0,0.8,3.7,11.5,17.6,0.6,0.4,0.9,0.132,-0.9,-2.1,-2.9,-0.1,,2006,277.0,22.0,SAC,C,26.0,1.0,12.8,2.1,3.4,0.614,0.0,0.0,0.0,2.1,3.3,0.621,0.614,0.9,2.4,0.365,2.0,2.5,4.4,0.1,0.2,0.6,0.6,2.0,5.0,,0,0,1
366.0,Vassilis Spanoulis,24.0,HOU,SG,31.0,0.0,272.0,5.4,0.47,0.403,0.583,2.1,7.1,4.7,15.9,1.4,0.3,24.3,20.5,-0.4,0.4,-0.1,-0.01,-6.0,0.1,-5.9,-0.3,,2006,368.0,24.0,HOU,SG,31.0,0.0,8.8,0.7,2.3,0.319,0.2,0.9,0.172,0.6,1.4,0.419,0.354,1.1,1.4,0.81,0.2,0.5,0.7,0.9,0.2,0.0,0.9,1.1,2.7,,0,0,1
367.0,Andre Brown,25.0,SEA,PF,38.0,0.0,271.0,11.1,0.577,0.014,0.203,11.4,21.4,16.4,1.2,1.2,1.1,26.5,18.4,-0.2,0.2,0.0,-0.002,-3.3,-1.9,-5.2,-0.2,,2006,383.0,25.0,SEA,PF,38.0,0.0,7.1,1.1,1.9,0.568,0.0,0.0,0.0,1.1,1.9,0.575,0.568,0.2,0.4,0.6,0.7,1.3,1.9,0.1,0.2,0.1,0.8,0.7,2.4,,0,0,1
380.0,Maurice Ager,22.0,DAL,SG,32.0,1.0,214.0,2.9,0.408,0.214,0.471,0.6,11.0,5.9,5.0,1.0,1.1,15.1,21.7,-0.5,0.2,-0.3,-0.06,-7.4,-1.3,-8.7,-0.4,,2006,390.0,22.0,DAL,SG,32.0,1.0,6.7,0.7,2.2,0.314,0.2,0.5,0.333,0.5,1.7,0.309,0.35,0.6,1.0,0.606,0.0,0.6,0.7,0.2,0.1,0.1,0.5,0.8,2.2,,0,0,1
382.0,Shannon Brown,21.0,CLE,SG,23.0,5.0,202.0,7.5,0.455,0.338,0.189,3.4,8.9,6.0,8.1,1.8,1.2,14.9,21.1,-0.2,0.3,0.1,0.015,-5.5,-0.2,-5.7,-0.2,,2006,340.0,21.0,CLE,SG,23.0,5.0,8.8,1.2,3.2,0.378,0.3,1.1,0.28,0.9,2.1,0.429,0.426,0.4,0.6,0.714,0.3,0.7,0.9,0.4,0.3,0.1,0.6,1.0,3.2,,0,0,1
383.0,Cedric Bozeman,23.0,ATL,SG,23.0,5.0,199.0,-0.1,0.312,0.333,0.154,1.8,12.3,7.0,6.9,1.3,0.8,17.8,11.7,-0.4,0.1,-0.3,-0.077,-7.6,0.3,-7.3,-0.3,,2006,439.0,23.0,ATL,SG,23.0,5.0,8.7,0.5,1.7,0.282,0.1,0.6,0.154,0.4,1.1,0.346,0.308,0.1,0.3,0.333,0.1,0.9,1.0,0.4,0.2,0.1,0.4,1.4,1.1,,0,0,1
384.0,Steve Novak,23.0,HOU,SF,35.0,1.0,191.0,7.7,0.501,0.78,0.04,2.4,13.2,7.8,4.9,1.4,0.0,7.3,13.4,0.1,0.3,0.4,0.091,-2.5,1.0,-1.5,0.0,,2006,428.0,23.0,HOU,SF,35.0,1.0,5.5,0.5,1.4,0.36,0.4,1.1,0.333,0.1,0.3,0.455,0.49,0.1,0.1,1.0,0.1,0.6,0.7,0.2,0.1,0.0,0.1,0.6,1.5,,0,0,1
385.0,J.J. Barea,22.0,DAL,PG,33.0,1.0,191.0,9.6,0.44,0.269,0.308,4.5,11.1,7.9,20.4,0.3,0.4,13.7,25.0,-0.1,0.2,0.1,0.015,-2.9,-2.3,-5.2,-0.2,,2006,382.0,22.0,DAL,PG,33.0,1.0,5.8,0.8,2.4,0.359,0.2,0.6,0.286,0.7,1.7,0.386,0.397,0.5,0.7,0.667,0.2,0.5,0.8,0.7,0.0,0.0,0.4,0.6,2.4,,0,0,1
388.0,Ryan Hollins,22.0,CHA,C,27.0,0.0,185.0,8.5,0.597,0.0,1.111,6.8,13.2,9.9,0.9,1.1,2.9,23.0,17.1,0.0,0.2,0.2,0.04,-6.2,-0.4,-6.7,-0.2,,2006,384.0,22.0,CHA,C,27.0,0.0,6.9,0.7,1.3,0.556,0.0,0.0,,0.7,1.3,0.556,0.556,0.9,1.5,0.6,0.4,0.7,1.1,0.0,0.1,0.3,0.6,1.5,2.4,,0,0,1
389.0,Paul Davis,22.0,LAC,C,31.0,0.0,180.0,11.2,0.452,0.0,0.192,14.1,15.2,14.6,6.4,1.8,2.2,12.4,16.5,0.0,0.2,0.2,0.066,-3.2,-0.4,-3.5,-0.1,,2006,421.0,22.0,LAC,C,31.0,0.0,5.8,0.7,1.7,0.423,0.0,0.0,,0.7,1.7,0.423,0.423,0.2,0.3,0.7,0.7,0.7,1.4,0.2,0.2,0.2,0.3,0.9,1.6,,0,0,1
391.0,Kyle Lowry,20.0,MEM,PG,10.0,0.0,175.0,18.3,0.556,0.211,0.737,8.2,13.0,10.6,27.3,4.1,0.4,19.3,16.1,0.4,0.2,0.5,0.148,1.1,3.5,4.7,0.3,,2006,255.0,20.0,MEM,PG,10.0,0.0,17.5,1.4,3.8,0.368,0.3,0.8,0.375,1.1,3.0,0.367,0.408,2.5,2.8,0.893,1.2,1.9,3.1,3.2,1.4,0.1,1.2,2.0,5.6,,0,0,1
392.0,Damir Markota,21.0,MIL,PF,30.0,0.0,170.0,5.0,0.449,0.308,0.212,7.5,14.0,10.7,5.2,0.9,0.5,20.9,19.1,-0.3,0.0,-0.2,-0.07,-5.6,-2.9,-8.5,-0.3,,2006,416.0,21.0,MIL,PF,30.0,0.0,5.7,0.6,1.7,0.365,0.2,0.5,0.375,0.4,1.2,0.361,0.423,0.2,0.4,0.636,0.4,0.7,1.0,0.2,0.1,0.0,0.5,0.7,1.7,,0,0,1
393.0,Mouhamed Sene,20.0,SEA,C,28.0,3.0,169.0,8.5,0.429,0.0,0.592,11.3,20.8,16.0,0.0,0.9,5.5,15.1,19.5,-0.2,0.2,0.0,-0.011,-6.3,-1.7,-8.1,-0.3,,2006,410.0,20.0,SEA,C,28.0,3.0,6.0,0.6,1.8,0.367,0.0,0.0,,0.6,1.8,0.367,0.367,0.6,1.0,0.586,0.6,1.0,1.6,0.0,0.1,0.4,0.4,1.2,1.9,,0,0,1
394.0,Will Blalock,23.0,DET,PG,14.0,0.0,166.0,4.5,0.383,0.167,0.2,4.3,6.4,5.4,14.9,1.7,0.0,26.9,12.8,-0.3,0.1,-0.1,-0.032,-5.3,-0.6,-5.8,-0.2,,2006,412.0,23.0,DET,PG,14.0,0.0,11.9,0.6,2.1,0.3,0.1,0.4,0.2,0.6,1.8,0.32,0.317,0.4,0.4,1.0,0.4,0.6,1.1,1.2,0.4,0.0,0.9,0.6,1.8,,0,0,1
402.0,James White,24.0,SAS,SG,6.0,2.0,137.0,12.1,0.525,0.171,0.366,2.8,14.4,8.8,5.8,1.2,0.5,9.5,18.2,0.1,0.2,0.3,0.108,-2.7,-1.3,-4.0,-0.1,,2006,187.0,24.0,SAS,SG,6.0,2.0,22.8,3.0,6.8,0.439,0.3,1.2,0.286,2.7,5.7,0.471,0.463,2.0,2.5,0.8,0.5,2.8,3.3,0.8,0.5,0.2,0.8,1.2,8.3,,0,0,1
403.0,Robert Hite,23.0,MIA,SG,12.0,0.0,136.0,7.4,0.391,0.383,0.2,3.6,10.2,6.9,9.9,1.2,1.2,8.4,24.8,-0.3,0.1,-0.2,-0.055,-3.9,-2.3,-6.3,-0.1,,2006,303.0,23.0,MIA,SG,12.0,0.0,11.3,1.6,5.0,0.317,0.4,1.9,0.217,1.2,3.1,0.378,0.358,0.7,1.0,0.667,0.3,1.0,1.3,0.7,0.3,0.2,0.5,0.7,4.3,,0,0,1
409.0,Patrick O'Bryant,20.0,GSW,C,16.0,0.0,119.0,7.3,0.393,0.0,0.531,6.3,13.2,9.7,10.2,2.4,5.1,16.8,17.0,-0.2,0.2,0.0,-0.003,-6.6,2.0,-4.6,-0.1,,2006,409.0,20.0,GSW,C,16.0,0.0,7.4,0.6,2.0,0.313,0.0,0.0,,0.6,2.0,0.313,0.313,0.7,1.1,0.647,0.4,0.9,1.3,0.6,0.4,0.5,0.5,1.6,1.9,,0,0,1
412.0,Marcus Vinicius,22.0,NOK,SF,13.0,0.0,103.0,6.9,0.608,0.467,0.467,2.2,10.3,6.2,7.1,1.0,0.8,24.9,10.7,0.0,0.1,0.1,0.045,-3.4,0.1,-3.3,0.0,,2006,419.0,22.0,NOK,SF,13.0,0.0,7.9,0.5,1.2,0.467,0.2,0.5,0.429,0.3,0.6,0.5,0.567,0.4,0.5,0.714,0.2,0.7,0.8,0.4,0.2,0.1,0.5,0.8,1.7,,0,0,1
415.0,Kevinn Pinkney,23.0,BOS,PF,6.0,0.0,100.0,11.6,0.501,0.074,0.333,8.2,9.8,9.0,8.3,1.6,2.3,11.4,15.8,0.1,0.1,0.2,0.075,-2.0,-0.5,-2.5,0.0,,2006,267.0,23.0,BOS,PF,6.0,0.0,16.7,2.0,4.5,0.444,0.2,0.3,0.5,1.8,4.2,0.44,0.463,1.0,1.5,0.667,1.2,1.3,2.5,0.8,0.5,0.5,0.7,2.0,5.2,,0,0,1
420.0,Lou Amundson,24.0,2TM,PF,11.0,0.0,89.0,9.6,0.412,0.0,0.667,17.6,20.2,18.9,1.7,0.6,6.9,20.5,12.7,-0.1,0.1,0.1,0.039,-4.6,-0.3,-4.8,-0.1,,2006,425.0,24.0,2TM,PF,11.0,0.0,8.1,0.5,1.4,0.4,0.0,0.0,,0.5,1.4,0.4,0.4,0.4,0.9,0.4,1.2,1.4,2.5,0.1,0.1,0.7,0.5,1.4,1.5,,0,0,1
421.0,P.J. Tucker,21.0,TOR,SF,17.0,0.0,83.0,12.8,0.533,0.0,0.636,15.4,17.2,16.3,5.7,1.2,0.0,17.6,19.1,0.1,0.1,0.1,0.085,-2.0,-1.0,-3.0,0.0,,2006,414.0,21.0,TOR,SF,17.0,0.0,4.9,0.6,1.3,0.5,0.0,0.0,,0.6,1.3,0.5,0.5,0.5,0.8,0.571,0.6,0.7,1.4,0.2,0.1,0.0,0.4,0.7,1.8,,0,0,1
425.0,Andreas Glyniadakis,25.0,SEA,C,13.0,4.0,81.0,-3.3,0.475,0.0,0.118,2.9,9.0,5.9,1.8,0.0,0.0,33.5,15.1,-0.2,0.0,-0.2,-0.143,-11.4,-2.6,-14.0,-0.2,,2006,435.0,25.0,SEA,C,13.0,4.0,6.2,0.6,1.3,0.471,0.0,0.0,,0.6,1.3,0.471,0.471,0.1,0.2,0.5,0.2,0.5,0.6,0.1,0.0,0.0,0.7,1.5,1.3,,0,0,1
428.0,Uroš Slokar,23.0,TOR,C,20.0,0.0,72.0,13.9,0.599,0.077,0.5,11.3,11.5,11.4,2.4,0.7,2.2,22.1,26.2,0.0,0.1,0.1,0.042,-4.0,-1.6,-5.6,-0.1,,2006,411.0,23.0,TOR,C,20.0,0.0,3.6,0.7,1.3,0.538,0.1,0.1,0.5,0.7,1.2,0.542,0.558,0.5,0.7,0.692,0.4,0.4,0.7,0.1,0.1,0.1,0.5,0.6,1.9,,0,0,1
429.0,Pops Mensah-Bonsu,23.0,DAL,PF,12.0,0.0,71.0,11.6,0.582,0.0,1.059,15.6,19.9,17.8,0.0,0.8,0.0,26.5,22.3,-0.1,0.1,0.0,0.022,-3.7,-2.8,-6.6,-0.1,,2006,385.0,23.0,DAL,PF,12.0,0.0,5.9,0.9,1.4,0.647,0.0,0.0,,0.9,1.4,0.647,0.647,0.6,1.5,0.389,0.8,1.0,1.8,0.0,0.1,0.0,0.8,0.7,2.4,,0,0,1
432.0,James Lang,23.0,WAS,C,11.0,0.0,55.0,6.6,0.491,0.0,0.556,10.2,12.9,11.5,5.2,0.0,4.2,15.2,10.6,0.0,0.0,0.1,0.047,-5.1,-1.2,-6.4,-0.1,,2006,444.0,23.0,WAS,C,11.0,0.0,5.0,0.4,0.8,0.444,0.0,0.0,,0.4,0.8,0.444,0.444,0.3,0.5,0.6,0.5,0.5,1.0,0.2,0.0,0.3,0.2,1.3,1.0,,0,0,1
433.0,Will Conroy,24.0,2TM,PG,7.0,0.0,52.0,1.1,0.0,0.0,1.333,6.9,9.1,8.1,23.6,0.0,0.0,29.6,6.0,-0.1,0.0,-0.1,-0.062,-6.2,-1.3,-7.4,-0.1,,2006,453.0,24.0,2TM,PG,7.0,0.0,7.4,0.0,0.4,0.0,0.0,0.0,,0.0,0.4,0.0,0.0,0.0,0.6,0.0,0.4,0.6,1.0,1.3,0.0,0.0,0.3,1.0,0.0,,0,0,1
435.0,Randolph Morris,21.0,NYK,C,5.0,0.0,44.0,1.5,0.231,0.0,1.0,2.7,21.4,12.2,3.2,2.4,1.8,18.8,11.0,-0.1,0.1,-0.1,-0.083,-7.1,0.4,-6.6,0.0,,2006,449.0,21.0,NYK,C,5.0,0.0,8.8,0.2,1.2,0.167,0.0,0.0,,0.2,1.2,0.167,0.167,0.4,1.2,0.333,0.2,1.6,1.8,0.2,0.4,0.2,0.4,0.8,0.8,,0,0,1
438.0,Ivan McFarlin,24.0,PHI,PF,11.0,0.0,41.0,12.2,0.466,0.077,0.538,20.6,11.7,16.1,4.0,0.0,0.0,5.9,19.2,0.1,0.0,0.1,0.102,-1.4,-3.8,-5.2,0.0,,2006,430.0,24.0,PHI,PF,11.0,0.0,3.7,0.5,1.2,0.385,0.0,0.1,0.0,0.5,1.1,0.417,0.385,0.5,0.6,0.714,0.6,0.4,1.0,0.1,0.0,0.0,0.1,0.7,1.4,,0,0,1
442.0,Desmon Farmer,25.0,SEA,SG,8.0,0.0,32.0,15.4,0.421,0.533,0.067,0.0,3.8,1.9,46.0,1.6,0.0,6.1,23.3,0.0,0.0,0.0,0.074,3.4,-0.3,3.1,0.0,,2006,422.0,25.0,SEA,SG,8.0,0.0,4.0,0.6,1.9,0.333,0.3,1.0,0.25,0.4,0.9,0.429,0.4,0.1,0.1,1.0,0.0,0.1,0.1,1.1,0.1,0.0,0.1,0.3,1.6,,0,0,1
444.0,Steven Smith,23.0,PHI,PF,8.0,0.0,28.0,-1.8,0.282,0.0,0.25,4.3,21.4,12.9,0.0,1.9,0.0,18.4,18.0,-0.1,0.0,-0.1,-0.154,-11.3,-3.6,-14.9,-0.1,,2006,452.0,23.0,PHI,PF,8.0,0.0,3.5,0.3,1.0,0.25,0.0,0.0,,0.3,1.0,0.25,0.25,0.1,0.3,0.5,0.1,0.6,0.8,0.0,0.1,0.0,0.3,0.5,0.6,,0,0,1
445.0,Renaldo Major,24.0,GSW,PF,1.0,0.0,27.0,-3.7,0.23,0.0,0.2,0.0,8.3,4.1,0.0,3.6,0.0,8.4,18.7,-0.1,0.0,-0.1,-0.196,-11.1,-2.2,-13.3,-0.1,,2006,274.0,24.0,GSW,PF,1.0,0.0,27.0,2.0,10.0,0.2,0.0,0.0,,2.0,10.0,0.2,0.2,1.0,2.0,0.5,0.0,2.0,2.0,0.0,2.0,0.0,1.0,4.0,5.0,,0,0,1
447.0,Jeremy Richardson,22.0,2TM,SG,6.0,0.0,20.0,13.8,0.667,0.5,0.0,5.9,6.1,6.0,0.0,2.7,0.0,14.3,16.1,0.0,0.0,0.0,0.099,1.2,0.6,1.8,0.0,,2006,432.0,22.0,2TM,SG,6.0,0.0,3.3,0.5,1.0,0.5,0.3,0.5,0.667,0.2,0.5,0.333,0.667,0.0,0.0,,0.2,0.2,0.3,0.0,0.2,0.0,0.2,0.3,1.3,,0,0,1
451.0,Roger Powell,24.0,UTA,SF,3.0,0.0,13.0,-8.3,0.258,0.333,0.667,28.1,0.0,14.0,0.0,0.0,0.0,43.6,23.7,-0.1,0.0,-0.1,-0.327,-11.0,-7.9,-18.9,-0.1,,2006,450.0,24.0,UTA,SF,3.0,0.0,4.3,0.0,1.0,0.0,0.0,0.3,0.0,0.0,0.7,0.0,0.0,0.7,0.7,1.0,1.0,0.0,1.0,0.0,0.0,0.0,1.0,0.7,0.7,,0,0,1
452.0,Mike Hall,22.0,WAS,SF,2.0,0.0,13.0,3.1,0.25,0.0,0.0,8.6,9.1,8.8,11.0,0.0,0.0,0.0,13.5,0.0,0.0,0.0,-0.073,-4.7,-4.1,-8.8,0.0,,2006,443.0,22.0,WAS,SF,2.0,0.0,6.5,0.5,2.0,0.25,0.0,0.0,,0.5,2.0,0.25,0.25,0.0,0.0,,0.5,0.5,1.0,0.5,0.0,0.0,0.0,0.5,1.0,,0,0,1
453.0,Chris McCray,22.0,MIL,SG,5.0,0.0,12.0,-20.7,0.0,0.0,0.0,0.0,0.0,0.0,0.0,0.0,0.0,40.0,18.8,-0.1,0.0,-0.1,-0.537,-19.4,-8.4,-27.7,-0.1,,2006,456.0,22.0,MIL,SG,5.0,0.0,2.4,0.0,0.6,0.0,0.0,0.0,,0.0,0.6,0.0,0.0,0.0,0.0,,0.0,0.0,0.0,0.0,0.0,0.0,0.4,0.2,0.0,,0,0,1
455.0,James Augustine,22.0,ORL,PF,2.0,0.0,7.0,16.6,0.333,0.0,0.0,18.0,34.4,26.4,48.9,0.0,0.0,0.0,19.9,0.0,0.0,0.0,0.168,-2.3,1.3,-1.0,0.0,,2006,442.0,22.0,ORL,PF,2.0,0.0,3.5,0.5,1.5,0.333,0.0,0.0,,0.5,1.5,0.333,0.333,0.0,0.0,,0.5,1.0,1.5,1.0,0.0,0.0,0.0,1.0,1.0,,0,0,1
457.0,Mile Ilić,22.0,NJN,C,5.0,0.0,6.0,-48.6,0.0,0.0,0.0,0.0,19.5,9.8,0.0,0.0,0.0,50.0,46.6,-0.2,0.0,-0.2,-1.264,-41.4,-10.5,-52.0,-0.1,,2006,454.0,22.0,NJN,C,5.0,0.0,1.2,0.0,0.6,0.0,0.0,0.0,,0.0,0.6,0.0,0.0,0.0,0.0,,0.0,0.2,0.2,0.0,0.0,0.0,0.6,0.2,0.0,,0,0,1
38.0,Kevin Durant,19.0,SEA,SG,80.0,80.0,2768.0,15.8,0.519,0.15,0.328,2.8,10.9,6.9,12.0,1.4,1.9,12.9,28.1,0.4,1.9,2.3,0.04,0.5,-0.7,-0.1,1.3,ROY-1,2007,28.0,19.0,SEA,SG,80.0,80.0,34.6,7.3,17.1,0.43,0.7,2.6,0.288,6.6,14.5,0.455,0.451,4.9,5.6,0.873,0.9,3.5,4.4,2.4,1.0,0.9,2.9,1.5,20.3,ROY-1,1,1,1
57.0,Al Horford,21.0,ATL,C,81.0,77.0,2540.0,14.7,0.539,0.007,0.317,11.4,24.5,18.0,7.9,1.2,2.2,15.3,16.0,2.4,3.0,5.5,0.103,-1.2,-0.3,-1.6,0.3,ROY-2,2007,142.0,21.0,ATL,C,81.0,77.0,31.4,4.1,8.2,0.499,0.0,0.1,0.0,4.1,8.2,0.502,0.499,1.9,2.6,0.731,3.1,6.6,9.7,1.5,0.7,0.9,1.7,3.3,10.1,ROY-2,1,1,1
91.0,Jeff Green,21.0,SEA,SF,80.0,52.0,2253.0,9.8,0.491,0.101,0.318,4.9,13.4,9.2,8.2,1.0,1.6,15.6,19.4,-1.3,1.5,0.2,0.003,-3.4,-0.6,-4.1,-1.2,,2007,136.0,21.0,SEA,SF,80.0,52.0,28.2,4.0,9.4,0.427,0.3,1.0,0.276,3.7,8.4,0.444,0.441,2.2,3.0,0.744,1.3,3.5,4.7,1.5,0.6,0.6,2.0,2.5,10.5,,1,1,1
108.0,Jamario Moon,27.0,TOR,SF,78.0,75.0,2166.0,15.0,0.54,0.212,0.148,5.0,21.6,13.2,6.2,2.0,4.0,7.7,14.4,2.1,3.6,5.7,0.126,0.0,1.9,1.9,2.2,ROY-5,2007,171.0,27.0,TOR,SF,78.0,75.0,27.8,3.6,7.4,0.485,0.5,1.6,0.328,3.1,5.8,0.528,0.52,0.8,1.1,0.741,1.2,5.0,6.2,1.2,1.0,1.4,0.7,1.9,8.5,ROY-5,1,2,1
111.0,Al Thornton,24.0,LAC,PF,79.0,31.0,2158.0,12.7,0.504,0.149,0.331,5.2,14.0,9.6,8.4,1.1,1.5,11.4,24.1,-0.5,1.6,1.1,0.025,-1.9,-1.5,-3.4,-0.8,ROY-4,2007,94.0,24.0,LAC,PF,79.0,31.0,27.3,4.7,11.0,0.429,0.5,1.6,0.331,4.2,9.4,0.447,0.454,2.7,3.6,0.743,1.2,3.3,4.5,1.2,0.6,0.5,1.6,2.5,12.7,ROY-4,1,1,1
115.0,Juan Carlos Navarro,27.0,MEM,SG,82.0,30.0,2117.0,11.9,0.54,0.564,0.191,1.8,9.4,5.6,13.3,1.1,0.0,13.9,20.2,1.0,0.4,1.4,0.031,-0.3,-2.0,-2.3,-0.2,ROY-6,2007,125.0,27.0,MEM,SG,82.0,30.0,25.8,3.8,9.3,0.402,1.9,5.3,0.361,1.9,4.1,0.455,0.504,1.5,1.8,0.849,0.4,2.1,2.6,2.2,0.6,0.0,1.6,1.1,10.9,ROY-6,1,2,1
124.0,Luis Scola,27.0,HOU,PF,82.0,39.0,2024.0,16.1,0.548,0.004,0.351,9.9,19.3,14.6,8.9,1.6,0.7,12.0,19.8,2.8,3.7,6.5,0.154,-1.0,1.0,0.0,1.0,ROY-3,2007,138.0,27.0,HOU,PF,82.0,39.0,24.7,4.2,8.2,0.515,0.0,0.0,0.0,4.2,8.1,0.517,0.515,1.9,2.9,0.668,2.1,4.3,6.4,1.3,0.7,0.2,1.3,2.9,10.3,ROY-3,1,1,1
151.0,Corey Brewer,21.0,MIN,SF,79.0,35.0,1803.0,8.3,0.429,0.074,0.226,5.1,13.9,9.4,9.1,2.2,1.1,14.3,15.6,-1.4,1.2,-0.2,-0.005,-4.2,0.1,-4.1,-1.0,,2007,253.0,21.0,MIN,SF,79.0,35.0,22.8,2.3,6.2,0.374,0.1,0.5,0.194,2.2,5.7,0.389,0.382,1.1,1.4,0.8,1.0,2.7,3.7,1.4,1.0,0.3,1.1,2.4,5.8,,0,0,1
178.0,Yi Jianlian,20.0,MIL,PF,66.0,49.0,1647.0,11.3,0.485,0.04,0.279,7.3,17.7,12.3,5.3,1.1,2.7,13.4,18.4,-0.1,0.9,0.7,0.022,-2.9,-1.1,-3.9,-0.8,,2007,168.0,20.0,MIL,PF,66.0,49.0,25.0,3.3,7.9,0.421,0.1,0.3,0.286,3.2,7.6,0.427,0.427,1.8,2.2,0.841,1.6,3.6,5.2,0.8,0.5,0.8,1.4,2.3,8.6,,0,0,1
187.0,Thaddeus Young,19.0,PHI,PF,74.0,22.0,1554.0,16.5,0.57,0.039,0.21,9.1,14.8,11.9,6.2,2.5,0.4,10.7,17.4,2.6,2.0,4.5,0.14,0.2,0.3,0.5,1.0,ROY-7,2007,183.0,19.0,PHI,PF,74.0,22.0,21.0,3.6,6.6,0.539,0.1,0.3,0.316,3.5,6.4,0.548,0.545,1.0,1.4,0.738,1.6,2.6,4.2,0.8,1.0,0.1,0.9,1.7,8.2,ROY-7,1,2,1
191.0,Joakim Noah,22.0,CHI,C,74.0,31.0,1534.0,15.5,0.539,0.003,0.529,12.4,18.4,15.3,8.6,2.3,3.3,16.4,15.6,1.5,2.3,3.8,0.12,-1.2,1.0,-0.2,0.7,,2007,234.0,22.0,CHI,C,74.0,31.0,20.7,2.4,5.0,0.482,0.0,0.0,0.0,2.4,4.9,0.484,0.482,1.8,2.6,0.691,2.4,3.3,5.6,1.1,0.9,0.9,1.2,2.3,6.6,,0,0,1
205.0,Daequan Cook,20.0,MIA,SG,59.0,19.0,1441.0,7.9,0.48,0.463,0.111,1.6,13.3,7.4,9.1,0.8,0.5,10.5,19.8,-1.0,0.6,-0.4,-0.013,-3.4,-1.9,-5.2,-1.2,,2007,162.0,20.0,MIA,SG,59.0,19.0,24.4,3.3,8.7,0.381,1.3,4.0,0.332,2.0,4.7,0.424,0.458,0.8,1.0,0.825,0.3,2.7,3.0,1.3,0.4,0.2,1.1,2.7,8.8,,0,0,1
213.0,Jared Dudley,22.0,CHA,PF,73.0,14.0,1384.0,13.6,0.528,0.118,0.339,10.0,13.8,11.9,9.3,2.1,0.5,11.1,14.9,1.8,1.1,2.9,0.1,-0.7,0.0,-0.7,0.4,,2007,255.0,22.0,CHA,PF,73.0,14.0,19.0,2.2,4.8,0.468,0.1,0.6,0.22,2.1,4.2,0.502,0.481,1.2,1.6,0.737,1.7,2.3,3.9,1.1,0.8,0.1,0.7,1.8,5.8,,0,0,1
214.0,Mike Conley,20.0,MEM,PG,53.0,46.0,1381.0,12.6,0.502,0.206,0.278,1.7,9.7,5.6,25.3,1.6,0.1,15.2,18.8,0.6,0.5,1.1,0.038,-1.6,-1.3,-3.0,-0.3,ROY-8,2007,150.0,20.0,MEM,PG,53.0,46.0,26.1,3.6,8.3,0.428,0.6,1.7,0.33,3.0,6.6,0.453,0.462,1.7,2.3,0.732,0.4,2.2,2.6,4.2,0.8,0.0,1.7,1.6,9.4,ROY-8,0,0,1
233.0,Sean Williams,21.0,NJN,C,73.0,29.0,1278.0,13.9,0.563,0.0,0.436,10.4,18.8,14.6,3.7,1.1,6.5,16.1,15.5,0.8,1.7,2.5,0.093,-3.3,1.1,-2.2,-0.1,,2007,265.0,21.0,NJN,C,73.0,29.0,17.5,2.2,4.2,0.538,0.0,0.0,,2.2,4.2,0.538,0.538,1.1,1.8,0.609,1.6,2.8,4.4,0.4,0.4,1.5,1.0,2.6,5.6,,0,0,1
245.0,Nick Young,22.0,WAS,SG,75.0,2.0,1158.0,11.6,0.527,0.209,0.259,2.3,9.6,5.8,9.6,1.6,0.5,15.0,24.9,-0.1,0.6,0.4,0.017,-2.6,-2.1,-4.7,-0.8,,2007,210.0,22.0,WAS,SG,75.0,2.0,15.4,2.8,6.4,0.439,0.5,1.3,0.4,2.3,5.0,0.45,0.481,1.3,1.7,0.815,0.3,1.2,1.5,0.8,0.5,0.1,1.3,1.7,7.5,,0,0,1
247.0,Jason Smith,21.0,PHI,PF,76.0,1.0,1107.0,10.7,0.491,0.045,0.265,8.2,16.6,12.3,2.8,1.1,3.6,12.2,16.1,0.2,1.4,1.5,0.067,-3.6,0.1,-3.5,-0.4,,2007,300.0,21.0,PHI,PF,76.0,1.0,14.6,1.9,4.1,0.455,0.1,0.2,0.286,1.8,3.9,0.463,0.461,0.7,1.1,0.659,1.0,2.0,3.0,0.3,0.3,0.7,0.6,1.9,4.5,,0,0,1
250.0,Rodney Stuckey,21.0,DET,PG,57.0,2.0,1081.0,13.8,0.484,0.042,0.408,3.5,10.8,7.1,23.9,2.5,0.4,14.8,23.1,0.4,1.6,2.0,0.09,-2.1,1.1,-1.1,0.3,,2007,206.0,21.0,DET,PG,57.0,2.0,19.0,2.7,6.7,0.401,0.1,0.3,0.188,2.6,6.4,0.41,0.404,2.2,2.7,0.814,0.6,1.7,2.3,2.8,0.9,0.1,1.4,2.0,7.6,,1,2,1
255.0,Arron Afflalo,22.0,DET,SG,75.0,9.0,970.0,10.2,0.494,0.199,0.361,4.4,12.5,8.4,8.1,1.8,0.7,10.9,15.2,0.5,1.4,1.9,0.092,-2.6,1.0,-1.5,0.1,,2007,326.0,22.0,DET,SG,75.0,9.0,12.9,1.3,3.2,0.411,0.1,0.6,0.208,1.2,2.6,0.461,0.432,0.9,1.2,0.782,0.5,1.3,1.8,0.7,0.4,0.1,0.5,1.1,3.7,,0,0,1
259.0,Glen Davis,22.0,BOS,C,69.0,1.0,940.0,11.3,0.545,0.0,0.679,12.8,13.5,13.2,4.6,1.7,1.7,18.5,17.4,0.6,1.9,2.5,0.128,-3.6,0.7,-3.0,-0.2,,2007,298.0,22.0,BOS,C,69.0,1.0,13.6,1.6,3.2,0.484,0.0,0.0,,1.6,3.2,0.484,0.484,1.4,2.2,0.66,1.4,1.6,3.0,0.4,0.4,0.3,0.9,2.3,4.5,,0,0,1
260.0,Spencer Hawes,19.0,SAC,C,71.0,8.0,931.0,11.6,0.486,0.066,0.182,8.8,20.1,14.6,7.7,0.8,3.3,14.0,19.2,-0.2,0.8,0.6,0.033,-3.2,-0.9,-4.1,-0.5,,2007,295.0,19.0,SAC,C,71.0,8.0,13.1,2.1,4.5,0.459,0.1,0.3,0.19,2.0,4.2,0.478,0.465,0.5,0.8,0.655,1.0,2.3,3.2,0.6,0.2,0.6,0.8,1.8,4.7,,0,0,1
268.0,Acie Law,23.0,ATL,PG,56.0,6.0,865.0,7.7,0.455,0.143,0.203,1.6,6.0,3.8,20.4,1.8,0.0,17.8,16.5,-0.5,0.4,-0.1,-0.007,-4.2,-1.0,-5.2,-0.7,,2007,307.0,23.0,ATL,PG,56.0,6.0,15.4,1.7,4.2,0.401,0.1,0.6,0.206,1.6,3.6,0.433,0.416,0.7,0.9,0.792,0.2,0.8,1.0,2.0,0.5,0.0,1.0,1.3,4.2,,0,0,1
269.0,Marcus Williams,22.0,NJN,PG,53.0,7.0,854.0,11.0,0.499,0.485,0.16,1.9,11.8,6.9,27.8,1.5,0.3,19.3,20.8,-0.4,0.5,0.2,0.009,-0.8,-1.6,-2.4,-0.1,,2007,249.0,22.0,NJN,PG,53.0,7.0,16.1,2.1,5.5,0.379,1.0,2.7,0.38,1.1,2.8,0.377,0.471,0.7,0.9,0.787,0.3,1.6,1.9,2.6,0.5,0.1,1.4,1.0,5.9,,0,0,1
288.0,Carl Landry,24.0,HOU,PF,42.0,0.0,711.0,21.4,0.641,0.005,0.498,15.5,17.3,16.4,5.2,1.3,0.7,8.9,18.8,2.5,1.2,3.7,0.251,1.6,-0.1,1.5,0.6,ROY-8,2007,185.0,24.0,HOU,PF,42.0,0.0,16.9,3.2,5.2,0.616,0.0,0.0,0.0,3.2,5.2,0.619,0.616,1.7,2.6,0.661,2.3,2.6,4.9,0.5,0.4,0.2,0.6,2.3,8.1,ROY-8,1,2,1
292.0,Dominic McGuire,22.0,WAS,SG,70.0,1.0,695.0,6.6,0.397,0.058,0.311,8.7,14.9,11.7,8.3,1.5,3.1,25.5,10.4,-0.6,0.6,0.0,-0.003,-4.4,0.1,-4.3,-0.4,,2007,428.0,22.0,WAS,SG,70.0,1.0,9.9,0.6,1.5,0.379,0.0,0.1,0.167,0.5,1.4,0.392,0.383,0.2,0.5,0.438,0.8,1.2,2.0,0.6,0.3,0.4,0.6,1.1,1.3,,0,0,1
294.0,Wilson Chandler,20.0,NYK,SF,35.0,16.0,685.0,11.7,0.48,0.124,0.223,6.1,15.3,10.6,8.1,1.1,1.8,9.2,19.2,0.2,0.4,0.5,0.038,-2.9,-1.1,-4.0,-0.3,,2007,214.0,20.0,NYK,SF,35.0,16.0,19.6,3.0,6.9,0.438,0.3,0.9,0.3,2.8,6.1,0.458,0.457,1.0,1.5,0.63,1.1,2.5,3.6,0.9,0.4,0.5,0.8,2.4,7.3,,0,0,1
295.0,Javaris Crittenton,20.0,2TM,SG,50.0,0.0,679.0,11.0,0.499,0.159,0.446,4.5,13.7,9.1,11.7,1.4,0.2,16.5,21.8,-0.3,0.4,0.1,0.004,-2.7,-1.4,-4.1,-0.4,,2007,260.0,20.0,2TM,SG,50.0,0.0,13.6,2.0,4.7,0.421,0.2,0.7,0.27,1.8,3.9,0.449,0.442,1.4,2.1,0.692,0.5,1.7,2.2,1.0,0.4,0.0,1.1,0.9,5.6,,0,0,1
298.0,Julian Wright,20.0,NOH,SF,57.0,1.0,640.0,15.4,0.581,0.142,0.308,5.9,15.7,10.7,9.5,2.4,1.5,15.1,16.4,0.7,0.9,1.7,0.126,0.3,1.5,1.8,0.6,,2007,321.0,20.0,NOH,SF,57.0,1.0,11.2,1.6,3.0,0.533,0.2,0.4,0.417,1.4,2.5,0.552,0.562,0.6,0.9,0.635,0.6,1.5,2.1,0.7,0.5,0.2,0.6,0.8,3.9,,0,0,1
305.0,Aaron Gray,23.0,CHI,C,61.0,1.0,613.0,13.9,0.529,0.005,0.485,12.5,18.7,15.5,11.4,1.8,2.0,18.7,22.0,0.1,0.8,0.8,0.066,-3.6,0.0,-3.5,-0.2,,2007,304.0,23.0,CHI,C,61.0,1.0,10.0,1.7,3.3,0.505,0.0,0.0,0.0,1.7,3.3,0.507,0.505,0.9,1.6,0.566,1.1,1.6,2.8,0.7,0.3,0.3,0.9,1.9,4.3,,0,0,1
306.0,Aaron Brooks,23.0,HOU,PG,51.0,0.0,608.0,13.1,0.535,0.484,0.218,2.5,7.9,5.2,23.5,1.1,0.6,15.1,21.8,0.6,0.8,1.4,0.112,-0.5,0.2,-0.2,0.3,,2007,275.0,23.0,HOU,PG,51.0,0.0,11.9,1.8,4.4,0.413,0.7,2.1,0.33,1.1,2.3,0.491,0.493,0.8,1.0,0.857,0.3,0.8,1.1,1.7,0.3,0.1,0.9,1.4,5.2,,0,0,1
313.0,Chris Richard,23.0,MIN,C,52.0,3.0,556.0,7.9,0.496,0.0,0.31,10.5,17.9,14.1,4.6,0.9,1.7,19.5,10.0,0.1,0.3,0.4,0.037,-4.6,-1.1,-5.7,-0.5,,2007,402.0,23.0,MIN,C,52.0,3.0,10.7,0.8,1.7,0.471,0.0,0.0,,0.8,1.7,0.471,0.471,0.3,0.5,0.593,1.0,1.6,2.6,0.3,0.2,0.2,0.5,1.6,1.9,,0,0,1
325.0,Joel Anthony,25.0,MIA,PF,24.0,1.0,498.0,8.8,0.521,0.0,0.817,9.0,13.4,11.2,0.9,1.0,5.0,17.2,9.4,0.1,0.4,0.6,0.054,-5.3,-0.3,-5.5,-0.4,,2007,340.0,25.0,MIA,PF,24.0,1.0,20.8,1.2,2.5,0.467,0.0,0.0,,1.2,2.5,0.467,0.467,1.2,2.0,0.592,1.6,2.3,3.9,0.1,0.4,1.3,0.7,2.3,3.5,,0,0,1
332.0,Ramon Sessions,21.0,MIL,PG,17.0,7.0,450.0,16.2,0.507,0.06,0.35,2.0,13.6,7.6,43.5,2.0,0.5,21.0,17.1,0.5,0.2,0.7,0.077,0.2,-1.2,-1.0,0.1,,2007,189.0,21.0,MIL,PG,17.0,7.0,26.5,3.0,6.9,0.436,0.2,0.4,0.429,2.8,6.5,0.436,0.449,1.9,2.4,0.78,0.5,2.9,3.4,7.5,1.0,0.2,2.1,1.5,8.1,,0,0,1
341.0,Brandan Wright,20.0,GSW,PF,38.0,6.0,376.0,17.2,0.583,0.0,0.357,10.4,18.1,14.1,3.4,0.8,4.3,9.1,16.0,0.8,0.3,1.1,0.142,0.2,-0.6,-0.4,0.2,,2007,316.0,20.0,GSW,PF,38.0,6.0,9.9,1.6,2.9,0.554,0.0,0.0,,1.6,2.9,0.554,0.554,0.7,1.1,0.675,1.0,1.6,2.6,0.2,0.2,0.6,0.3,0.9,4.0,,0,0,1
343.0,C.J. Watson,23.0,GSW,PG,32.0,0.0,368.0,11.0,0.519,0.257,0.287,3.6,5.8,4.7,12.8,2.0,0.0,13.7,15.1,0.3,0.1,0.4,0.056,-2.0,-0.9,-2.8,-0.1,,2007,332.0,23.0,GSW,PG,32.0,0.0,11.5,1.3,3.2,0.426,0.3,0.8,0.346,1.1,2.3,0.453,0.47,0.7,0.9,0.793,0.4,0.6,1.0,1.1,0.5,0.0,0.6,0.6,3.7,,0,0,1
352.0,Jermareo Davidson,23.0,CHA,SF,38.0,2.0,322.0,9.8,0.437,0.0,0.224,7.5,14.7,11.1,6.9,1.1,3.5,11.0,21.9,-0.4,0.3,-0.1,-0.012,-4.6,-0.6,-5.2,-0.3,,2007,351.0,23.0,CHA,SF,38.0,2.0,8.5,1.3,3.3,0.408,0.0,0.0,,1.3,3.3,0.408,0.408,0.5,0.7,0.643,0.6,1.1,1.6,0.3,0.2,0.4,0.4,1.2,3.2,,0,0,1
353.0,Oleksiy Pecherov,22.0,WAS,C,35.0,0.0,320.0,9.6,0.451,0.48,0.248,7.5,16.9,12.1,3.6,1.0,1.3,10.9,22.4,-0.2,0.2,0.0,-0.002,-2.7,-3.4,-6.1,-0.3,,2007,339.0,22.0,WAS,C,35.0,0.0,9.1,1.3,3.6,0.352,0.5,1.7,0.283,0.8,1.9,0.415,0.42,0.6,0.9,0.645,0.6,1.3,1.9,0.2,0.2,0.1,0.5,0.9,3.6,,0,0,1
357.0,Kasib Powell,26.0,MIA,SF,11.0,4.0,304.0,9.0,0.424,0.347,0.095,3.1,14.4,8.7,10.0,1.6,0.5,4.8,16.2,-0.2,0.2,0.0,0.006,-3.1,-0.7,-3.8,-0.1,,2007,204.0,26.0,MIA,SF,11.0,4.0,27.6,3.2,8.6,0.368,0.7,3.0,0.242,2.5,5.6,0.435,0.411,0.5,0.8,0.667,0.7,3.3,4.0,1.6,0.8,0.2,0.5,1.6,7.6,,0,0,1
358.0,Stéphane Lasme,25.0,2TM,SF,16.0,4.0,303.0,11.7,0.488,0.0,0.451,10.1,10.8,10.5,1.6,2.3,5.8,15.0,15.6,-0.1,0.3,0.3,0.041,-4.8,0.3,-4.4,-0.2,,2007,274.0,25.0,2TM,SF,16.0,4.0,18.9,2.0,4.4,0.451,0.0,0.0,,2.0,4.4,0.451,0.451,1.2,2.0,0.594,1.6,1.7,3.3,0.2,0.8,1.4,0.9,2.2,5.2,,0,0,1
369.0,D.J. Strawberry,22.0,PHO,SG,33.0,0.0,270.0,6.2,0.364,0.272,0.207,4.1,7.4,5.9,14.8,2.2,1.5,9.9,18.5,-0.4,0.2,-0.2,-0.031,-5.9,0.3,-5.6,-0.2,,2007,385.0,22.0,PHO,SG,33.0,0.0,8.2,0.9,2.8,0.315,0.2,0.8,0.24,0.7,2.0,0.343,0.348,0.3,0.6,0.474,0.3,0.6,0.8,0.9,0.4,0.2,0.3,1.1,2.2,,0,0,1
370.0,Mario West,23.0,ATL,SG,64.0,2.0,269.0,8.6,0.488,0.082,0.531,11.3,9.5,10.4,7.2,2.4,1.1,13.0,11.7,0.2,0.2,0.5,0.082,-4.4,0.6,-3.8,-0.1,,2007,441.0,23.0,ATL,SG,64.0,2.0,4.2,0.3,0.8,0.429,0.0,0.1,0.0,0.3,0.7,0.467,0.429,0.3,0.4,0.654,0.4,0.3,0.8,0.2,0.2,0.1,0.1,1.0,0.9,,0,0,1
371.0,Nick Fazekas,22.0,2TM,PF,26.0,0.0,269.0,19.6,0.584,0.024,0.268,14.5,23.7,19.1,7.5,1.6,3.1,12.4,18.0,0.5,0.4,0.8,0.148,0.9,-0.4,0.5,0.2,,2007,308.0,22.0,2TM,PF,26.0,0.0,10.3,1.8,3.2,0.561,0.0,0.1,0.0,1.8,3.1,0.575,0.561,0.6,0.8,0.682,1.3,2.1,3.4,0.4,0.3,0.4,0.5,1.0,4.1,,0,0,1
376.0,Marco Belinelli,21.0,GSW,SG,33.0,0.0,241.0,8.2,0.49,0.441,0.097,1.3,5.1,3.1,8.8,1.0,0.0,11.0,19.1,0.0,0.0,0.0,-0.002,-2.2,-2.4,-4.6,-0.2,,2007,363.0,21.0,GSW,SG,33.0,0.0,7.3,1.1,2.8,0.387,0.5,1.2,0.39,0.6,1.6,0.385,0.473,0.2,0.3,0.778,0.1,0.3,0.4,0.5,0.2,0.0,0.4,0.5,2.9,,0,0,1
387.0,Blake Ahearn,23.0,MIA,PG,12.0,0.0,177.0,9.0,0.495,0.596,0.544,0.7,12.4,6.4,17.2,1.8,0.0,18.5,23.2,-0.1,0.1,0.0,-0.006,-3.5,-1.3,-4.8,-0.1,,2007,252.0,23.0,MIA,PG,12.0,0.0,14.8,1.3,4.8,0.263,0.8,2.8,0.294,0.4,1.9,0.217,0.351,2.5,2.6,0.968,0.1,1.5,1.6,1.6,0.5,0.0,1.3,1.7,5.8,,0,0,1
393.0,Mike Harris,24.0,HOU,PF,17.0,0.0,159.0,17.1,0.519,0.037,0.241,17.3,21.0,19.2,3.2,2.0,1.4,13.1,19.7,0.1,0.3,0.5,0.143,-0.1,0.5,0.3,0.1,,2007,334.0,24.0,HOU,PF,17.0,0.0,9.4,1.6,3.2,0.5,0.0,0.1,0.0,1.6,3.1,0.519,0.5,0.5,0.8,0.615,1.4,1.8,3.2,0.2,0.4,0.2,0.5,0.9,3.6,,0,0,1
398.0,Darius Washington,22.0,SAS,SG,18.0,0.0,146.0,9.0,0.493,0.25,0.271,3.3,12.8,8.1,17.1,1.9,0.0,20.7,22.2,-0.2,0.2,0.0,0.012,-4.9,0.2,-4.7,-0.1,,2007,365.0,22.0,SAS,SG,18.0,0.0,8.1,1.2,2.7,0.438,0.2,0.7,0.333,0.9,2.0,0.472,0.479,0.4,0.7,0.538,0.2,0.9,1.1,0.8,0.3,0.0,0.8,0.9,2.9,,0,0,1
413.0,Gabe Pruitt,21.0,BOS,PG,15.0,0.0,95.0,8.3,0.401,0.308,0.051,1.3,8.3,5.0,22.5,2.8,0.0,11.1,22.0,-0.1,0.2,0.1,0.028,-5.7,0.8,-4.8,-0.1,,2007,391.0,21.0,BOS,PG,15.0,0.0,6.3,0.9,2.6,0.359,0.2,0.8,0.25,0.7,1.8,0.407,0.397,0.1,0.1,0.5,0.1,0.5,0.5,0.9,0.3,0.0,0.3,0.7,2.1,,0,0,1
417.0,Taurean Green,21.0,2TM,SG,17.0,0.0,74.0,7.0,0.446,0.44,0.48,0.0,14.9,7.6,22.3,1.4,0.0,22.9,24.3,-0.2,0.1,-0.1,-0.066,-5.3,-2.2,-7.5,-0.1,,2007,414.0,21.0,2TM,SG,17.0,0.0,4.4,0.4,1.5,0.28,0.1,0.6,0.182,0.3,0.8,0.357,0.32,0.6,0.7,0.917,0.0,0.6,0.6,0.6,0.1,0.0,0.5,0.3,1.6,,0,0,1
418.0,Coby Karl,24.0,LAL,SG,17.0,0.0,71.0,15.8,0.493,0.5,0.385,4.9,16.5,10.9,18.3,2.8,2.0,14.1,22.0,0.0,0.1,0.2,0.106,-0.3,0.7,0.4,0.0,,2007,403.0,24.0,LAL,SG,17.0,0.0,4.2,0.5,1.5,0.346,0.2,0.8,0.308,0.3,0.8,0.385,0.423,0.5,0.6,0.8,0.2,0.6,0.8,0.5,0.2,0.1,0.3,0.2,1.8,,0,0,1
419.0,Darryl Watkins,23.0,SAC,C,9.0,0.0,71.0,0.5,0.349,0.0,0.333,8.5,11.4,10.0,0.0,1.4,2.2,28.9,15.2,-0.2,0.0,-0.2,-0.136,-8.4,-3.4,-11.8,-0.2,,2007,429.0,23.0,SAC,C,9.0,0.0,7.9,0.6,1.7,0.333,0.0,0.0,,0.6,1.7,0.333,0.333,0.2,0.6,0.4,0.6,0.8,1.3,0.0,0.2,0.2,0.8,0.9,1.3,,0,0,1
420.0,Kyrylo Fesenko,21.0,UTA,C,9.0,0.0,70.0,4.0,0.394,0.0,0.25,24.6,19.0,21.8,3.8,0.0,3.5,31.1,16.5,-0.1,0.1,0.0,-0.031,-8.9,-2.9,-11.9,-0.2,,2007,416.0,21.0,UTA,C,9.0,0.0,7.8,0.7,1.8,0.375,0.0,0.0,,0.7,1.8,0.375,0.375,0.2,0.4,0.5,1.6,1.2,2.8,0.2,0.0,0.3,0.9,2.1,1.6,,0,0,1
427.0,Alando Tucker,23.0,PHO,SF,6.0,0.0,48.0,11.8,0.446,0.182,0.273,10.2,8.7,9.4,0.0,0.0,1.4,0.0,23.0,0.0,0.0,0.0,0.042,-2.8,-4.5,-7.2,-0.1,,2007,331.0,23.0,PHO,SF,6.0,0.0,8.0,1.3,3.7,0.364,0.2,0.7,0.25,1.2,3.0,0.389,0.386,0.8,1.0,0.833,0.7,0.7,1.3,0.0,0.0,0.2,0.0,0.3,3.7,,0,0,1
428.0,Thomas Gardner,22.0,CHI,SG,4.0,0.0,45.0,4.4,0.44,0.522,0.087,7.3,2.6,5.0,4.0,0.0,0.0,14.3,27.4,-0.1,0.0,-0.1,-0.128,-3.5,-3.7,-7.2,-0.1,,2007,272.0,22.0,CHI,SG,4.0,0.0,11.3,2.3,5.8,0.391,0.8,3.0,0.25,1.5,2.8,0.545,0.457,0.0,0.5,0.0,0.8,0.3,1.0,0.3,0.0,0.0,1.0,1.0,5.3,,0,0,1
429.0,Demetris Nichols,23.0,2TM,SF,14.0,0.0,44.0,-1.9,0.326,0.565,0.0,0.0,13.3,6.4,3.9,0.0,5.3,14.8,27.4,-0.3,0.0,-0.2,-0.234,-8.6,-3.5,-12.1,-0.1,,2007,431.0,23.0,2TM,SF,14.0,0.0,3.1,0.4,1.6,0.261,0.2,0.9,0.231,0.2,0.7,0.3,0.326,0.0,0.0,,0.0,0.4,0.4,0.1,0.0,0.2,0.3,0.3,1.1,,0,0,1
431.0,Marcin Gortat,23.0,ORL,C,6.0,0.0,41.0,19.8,0.491,0.0,0.176,23.5,21.6,22.5,8.4,1.3,1.8,9.8,22.7,0.1,0.1,0.1,0.158,-1.3,-2.2,-3.4,0.0,,2007,359.0,23.0,ORL,C,6.0,0.0,6.8,1.3,2.8,0.471,0.0,0.0,,1.3,2.8,0.471,0.471,0.3,0.5,0.667,1.3,1.3,2.7,0.3,0.2,0.2,0.3,0.7,3.0,,0,0,1
432.0,Morris Almond,22.0,UTA,SG,9.0,0.0,39.0,2.0,0.368,0.267,0.4,0.0,6.2,3.1,10.5,1.3,0.0,10.2,22.5,-0.1,0.0,-0.1,-0.081,-9.1,-2.9,-12.0,-0.1,,2007,423.0,22.0,UTA,SG,9.0,0.0,4.3,0.4,1.7,0.267,0.1,0.4,0.25,0.3,1.2,0.273,0.3,0.4,0.7,0.667,0.0,0.2,0.2,0.3,0.1,0.0,0.2,0.6,1.4,,0,0,1
433.0,Kosta Perović,22.0,GSW,C,7.0,0.0,38.0,10.3,0.396,0.0,0.6,16.2,20.5,18.3,3.4,0.0,3.8,7.3,15.1,0.0,0.0,0.0,0.06,-3.1,-2.8,-5.9,0.0,,2007,425.0,22.0,GSW,C,7.0,0.0,5.4,0.4,1.4,0.3,0.0,0.0,,0.4,1.4,0.3,0.3,0.6,0.9,0.667,0.9,1.0,1.9,0.1,0.0,0.3,0.1,0.9,1.4,,0,0,1
437.0,Cheikh Samb,23.0,DET,C,4.0,0.0,31.0,12.0,0.717,0.0,0.5,11.5,15.5,13.5,0.0,1.8,5.1,17.0,8.9,0.1,0.1,0.1,0.178,-4.2,1.9,-2.3,0.0,,2007,407.0,23.0,DET,C,4.0,0.0,7.8,0.8,1.0,0.75,0.0,0.0,,0.8,1.0,0.75,0.75,0.3,0.5,0.5,0.8,1.0,1.8,0.0,0.3,0.5,0.3,2.0,1.8,,0,0,1
438.0,Josh McRoberts,20.0,POR,PF,8.0,0.0,28.0,20.3,0.6,0.1,0.0,8.4,33.5,21.0,13.7,2.0,0.0,16.7,20.3,0.0,0.0,0.1,0.131,2.0,1.8,3.7,0.0,,2007,421.0,20.0,POR,PF,8.0,0.0,3.5,0.8,1.3,0.6,0.0,0.1,0.0,0.8,1.1,0.667,0.6,0.0,0.0,,0.3,1.0,1.3,0.3,0.1,0.0,0.3,0.1,1.5,,0,0,1
442.0,Ian Mahinmi,21.0,SAS,C,6.0,0.0,23.0,35.3,0.658,0.0,0.75,0.0,25.3,12.8,9.0,0.0,13.2,11.1,37.4,0.1,0.1,0.2,0.372,0.8,5.8,6.6,0.0,,2007,341.0,21.0,SAS,C,6.0,0.0,3.8,1.0,2.0,0.5,0.0,0.0,,1.0,2.0,0.5,0.5,1.5,1.5,1.0,0.0,0.8,0.8,0.2,0.0,0.7,0.3,0.7,3.5,,0,0,1
444.0,Guillermo Díaz,22.0,LAC,SG,6.0,0.0,18.0,9.9,0.403,0.25,1.25,12.7,0.0,6.4,8.5,0.0,0.0,0.0,15.9,0.0,0.0,0.0,0.033,-0.2,-2.7,-2.9,0.0,,2007,446.0,22.0,LAC,SG,6.0,0.0,3.0,0.2,0.7,0.25,0.0,0.2,0.0,0.2,0.5,0.333,0.25,0.5,0.8,0.6,0.3,0.0,0.3,0.2,0.0,0.0,0.0,0.0,0.8,,0,0,1
447.0,Courtney Sims,24.0,IND,C,3.0,0.0,11.0,1.1,0.0,0.0,0.0,9.7,10.1,9.9,11.6,0.0,0.0,0.0,3.9,0.0,0.0,0.0,0.008,-6.0,-1.6,-7.5,0.0,,2007,451.0,24.0,IND,C,3.0,0.0,3.7,0.0,0.3,0.0,0.0,0.0,,0.0,0.3,0.0,0.0,0.0,0.0,,0.3,0.3,0.7,0.3,0.0,0.0,0.0,0.7,0.0,,0,0,1
448.0,Lance Allred,26.0,CLE,C,3.0,0.0,10.0,-1.0,0.307,0.0,0.5,0.0,11.8,5.7,0.0,0.0,0.0,0.0,22.1,0.0,0.0,0.0,-0.125,-8.1,-3.0,-11.1,0.0,,2007,434.0,26.0,CLE,C,3.0,0.0,3.3,0.3,1.3,0.25,0.0,0.0,,0.3,1.3,0.25,0.25,0.3,0.7,0.5,0.0,0.3,0.3,0.0,0.0,0.0,0.0,0.3,1.0,,0,0,1
449.0,Keith Langford,24.0,SAS,SG,2.0,0.0,10.0,-2.4,0.25,0.0,0.0,0.0,23.3,11.8,0.0,0.0,0.0,0.0,19.2,0.0,0.0,0.0,-0.142,-12.9,-2.2,-15.1,0.0,,2007,436.0,24.0,SAS,SG,2.0,0.0,5.0,0.5,2.0,0.25,0.0,0.0,,0.5,2.0,0.25,0.25,0.0,0.0,,0.0,1.0,1.0,0.0,0.0,0.0,0.0,0.5,1.0,,0,0,1
3.0,O.J. Mayo,21.0,MEM,SG,82.0,82.0,3120.0,14.2,0.539,0.295,0.219,2.2,10.1,6.1,15.5,1.6,0.3,13.8,24.5,1.5,1.8,3.4,0.052,0.2,-1.4,-1.3,0.6,ROY-2,2008,39.0,21.0,MEM,SG,82.0,82.0,38.0,6.9,15.6,0.438,1.8,4.6,0.384,5.1,11.0,0.461,0.495,3.0,3.4,0.879,0.7,3.1,3.8,3.2,1.1,0.2,2.8,2.5,18.5,ROY-2,1,1,1
13.0,Derrick Rose,20.0,CHI,PG,81.0,80.0,3000.0,16.0,0.516,0.06,0.207,3.7,8.4,6.1,28.8,1.1,0.4,13.3,22.6,3.4,1.5,4.9,0.078,1.1,-1.5,-0.4,1.2,ROY-1,2008,54.0,20.0,CHI,PG,81.0,80.0,37.0,7.1,14.9,0.475,0.2,0.9,0.222,6.9,14.0,0.491,0.482,2.4,3.1,0.788,1.2,2.7,3.9,6.3,0.8,0.2,2.5,1.5,16.8,ROY-1,1,1,1
41.0,Eric Gordon,20.0,LAC,SG,78.0,65.0,2677.0,14.9,0.593,0.374,0.388,1.9,6.9,4.3,13.6,1.5,1.0,13.5,20.7,3.9,0.7,4.6,0.082,0.6,-1.0,-0.4,1.0,ROY-5,2008,64.0,20.0,LAC,SG,78.0,65.0,34.3,5.3,11.6,0.456,1.7,4.3,0.389,3.6,7.2,0.496,0.529,3.8,4.5,0.854,0.6,2.0,2.6,2.8,1.0,0.4,2.1,2.2,16.1,ROY-5,1,2,1
43.0,Russell Westbrook,20.0,OKC,PG,82.0,65.0,2668.0,15.2,0.489,0.118,0.391,7.6,9.7,8.6,27.5,2.1,0.4,17.6,25.8,-0.1,2.0,1.9,0.035,-0.1,-0.9,-1.0,0.7,ROY-4,2008,72.0,20.0,OKC,PG,82.0,65.0,32.5,5.3,13.4,0.398,0.4,1.6,0.271,4.9,11.8,0.415,0.414,4.3,5.2,0.815,2.2,2.7,4.9,5.3,1.3,0.2,3.3,2.3,15.3,ROY-4,1,1,1
47.0,Mario Chalmers,22.0,MIA,PG,82.0,82.0,2626.0,13.3,0.548,0.47,0.292,1.7,8.8,5.2,23.5,3.3,0.2,18.1,16.3,2.1,3.1,5.2,0.095,-1.4,1.1,-0.4,1.0,ROY-11,2008,154.0,22.0,MIA,PG,82.0,82.0,32.0,3.4,8.1,0.42,1.4,3.8,0.367,2.0,4.3,0.467,0.506,1.8,2.4,0.767,0.5,2.3,2.8,4.9,2.0,0.1,2.0,2.9,10.0,ROY-11,1,2,1
57.0,Marc Gasol,24.0,MEM,C,82.0,75.0,2521.0,16.7,0.59,0.002,0.567,9.6,20.0,14.7,9.7,1.3,2.9,16.6,18.3,3.7,2.7,6.4,0.121,-0.3,0.2,-0.1,1.2,ROY-8,2008,119.0,24.0,MEM,C,82.0,75.0,30.7,4.3,8.1,0.53,0.0,0.0,0.0,4.3,8.0,0.53,0.53,3.4,4.6,0.733,2.5,4.9,7.4,1.7,0.8,1.1,2.0,3.2,11.9,ROY-8,1,2,1
62.0,Brook Lopez,20.0,NJN,C,82.0,75.0,2501.0,17.9,0.568,0.002,0.257,10.6,21.2,15.8,6.2,0.9,4.9,13.5,20.3,3.2,2.7,5.8,0.112,-0.3,-0.3,-0.6,0.9,ROY-3,2008,103.0,20.0,NJN,C,82.0,75.0,30.5,5.5,10.3,0.531,0.0,0.0,0.0,5.5,10.3,0.532,0.531,2.1,2.6,0.793,2.7,5.4,8.1,1.0,0.5,1.8,1.8,3.1,13.0,ROY-3,1,1,1
90.0,Jason Thompson,22.0,SAC,PF,82.0,56.0,2303.0,13.9,0.54,0.011,0.399,11.8,19.0,15.4,6.8,1.0,1.9,14.8,19.3,1.8,0.9,2.7,0.057,-2.0,-2.2,-4.2,-1.3,,2008,139.0,22.0,SAC,PF,82.0,56.0,28.1,4.3,8.7,0.497,0.0,0.1,0.0,4.3,8.6,0.502,0.497,2.4,3.5,0.692,2.9,4.5,7.4,1.1,0.6,0.7,1.8,3.8,11.1,,0,0,1
110.0,Luc Mbah a Moute,22.0,MIL,PF,82.0,52.0,2114.0,12.3,0.516,0.008,0.391,10.1,17.4,13.6,6.3,2.1,1.8,14.8,14.3,1.2,2.8,4.0,0.092,-1.6,0.8,-0.8,0.6,,2008,218.0,22.0,MIL,PF,82.0,52.0,25.8,2.8,6.0,0.462,0.0,0.0,0.0,2.8,5.9,0.466,0.462,1.7,2.3,0.729,2.3,3.6,5.9,1.1,1.1,0.5,1.2,2.5,7.2,,0,0,1
122.0,Kevin Love,20.0,MIN,C,81.0,37.0,2048.0,18.3,0.538,0.028,0.488,15.1,27.3,21.0,6.8,0.9,1.9,12.4,21.0,3.4,1.9,5.3,0.124,0.4,-1.6,-1.1,0.4,ROY-6,2008,138.0,20.0,MIN,C,81.0,37.0,25.3,3.9,8.5,0.459,0.0,0.2,0.105,3.9,8.3,0.469,0.461,3.3,4.1,0.789,3.4,5.7,9.1,1.0,0.4,0.6,1.5,2.5,11.1,ROY-6,1,2,1
128.0,Michael Beasley,20.0,MIA,PF,81.0,19.0,2009.0,17.2,0.528,0.085,0.252,6.5,19.8,13.1,7.7,1.1,1.5,10.2,27.7,1.2,2.2,3.4,0.081,-0.2,-1.5,-1.7,0.1,"ROY-7,6MOY-17",2008,88.0,20.0,MIA,PF,81.0,19.0,24.8,5.6,11.8,0.472,0.4,1.0,0.407,5.2,10.8,0.478,0.49,2.3,3.0,0.772,1.4,4.1,5.4,1.0,0.5,0.5,1.5,2.3,13.9,"ROY-7,6MOY-17",1,1,1
131.0,Rudy Fernández,23.0,POR,SG,78.0,4.0,1993.0,15.5,0.588,0.632,0.227,2.9,10.1,6.4,12.7,1.9,0.5,11.0,18.4,4.3,1.8,6.1,0.147,2.6,0.4,3.0,2.5,ROY-9,2008,147.0,23.0,POR,SG,78.0,4.0,25.6,3.4,8.1,0.425,2.0,5.1,0.399,1.4,3.0,0.47,0.552,1.5,1.8,0.839,0.6,2.1,2.7,2.0,0.9,0.2,1.1,1.4,10.4,ROY-9,0,0,1
138.0,Courtney Lee,23.0,ORL,SG,77.0,42.0,1939.0,10.7,0.556,0.376,0.174,1.1,9.1,5.2,7.6,2.0,0.5,10.6,15.5,1.3,3.1,4.4,0.108,-2.1,1.9,-0.1,0.9,ROY-11,2008,191.0,23.0,ORL,SG,77.0,42.0,25.2,3.2,7.0,0.45,1.1,2.6,0.404,2.1,4.4,0.478,0.526,1.0,1.2,0.83,0.2,2.1,2.3,1.2,1.0,0.2,0.9,2.0,8.4,ROY-11,0,0,1
143.0,D.J. Augustin,21.0,CHA,PG,72.0,12.0,1908.0,14.9,0.587,0.396,0.375,1.1,7.5,4.3,22.6,1.2,0.1,14.1,20.8,3.6,1.5,5.1,0.128,1.4,-0.5,0.9,1.4,,2008,122.0,21.0,CHA,PG,72.0,12.0,26.5,3.7,8.6,0.43,1.5,3.4,0.439,2.2,5.2,0.424,0.517,2.9,3.2,0.893,0.2,1.6,1.8,3.5,0.6,0.0,1.7,1.9,11.8,,0,0,1
161.0,Brandon Rush,23.0,IND,SG,75.0,19.0,1803.0,9.0,0.505,0.363,0.115,2.1,12.3,7.1,5.4,1.0,1.5,11.0,16.4,-0.4,1.3,0.9,0.024,-2.1,-0.7,-2.8,-0.3,,2008,196.0,23.0,IND,SG,75.0,19.0,24.0,3.2,7.7,0.423,1.0,2.8,0.373,2.2,4.9,0.451,0.49,0.6,0.9,0.697,0.5,2.7,3.1,0.9,0.5,0.5,1.0,1.7,8.1,,0,0,1
187.0,Anthony Morrow,23.0,GSW,SG,67.0,17.0,1515.0,14.7,0.588,0.345,0.172,5.6,8.7,7.1,8.2,1.2,0.5,8.3,17.7,3.0,0.0,3.0,0.096,1.7,-1.9,-0.2,0.7,,2008,151.0,23.0,GSW,SG,67.0,17.0,22.6,3.8,8.0,0.478,1.3,2.7,0.467,2.5,5.2,0.483,0.558,1.2,1.4,0.87,1.2,1.8,3.0,1.2,0.5,0.2,0.8,1.9,10.1,,0,0,1
196.0,Darrell Arthur,20.0,MEM,PF,76.0,64.0,1464.0,11.3,0.456,0.005,0.138,8.9,20.3,14.5,5.0,1.9,2.9,9.2,16.3,-0.1,1.8,1.7,0.055,-3.5,0.1,-3.4,-0.5,,2008,248.0,20.0,MEM,PF,76.0,64.0,19.3,2.5,5.7,0.438,0.0,0.0,0.0,2.5,5.7,0.44,0.438,0.5,0.8,0.667,1.4,3.1,4.6,0.6,0.7,0.7,0.6,2.7,5.6,,0,0,1
199.0,Nicolas Batum,20.0,POR,SF,79.0,76.0,1454.0,12.9,0.555,0.465,0.144,7.0,11.8,9.4,7.8,1.9,2.2,11.5,14.0,2.1,1.6,3.7,0.123,0.4,1.0,1.4,1.2,ROY-13,2008,252.0,20.0,POR,SF,79.0,76.0,18.4,2.0,4.6,0.446,0.8,2.1,0.369,1.3,2.4,0.513,0.532,0.5,0.7,0.808,1.1,1.7,2.8,0.9,0.6,0.5,0.6,1.8,5.4,ROY-13,0,0,1
210.0,Greg Oden,21.0,POR,C,61.0,39.0,1314.0,18.1,0.599,0.0,0.644,15.7,24.5,20.0,3.9,1.1,4.2,16.2,19.3,2.6,2.0,4.6,0.167,-1.4,0.3,-1.1,0.3,,2008,177.0,21.0,POR,C,61.0,39.0,21.5,3.2,5.8,0.564,0.0,0.0,,3.2,5.8,0.564,0.564,2.4,3.7,0.637,2.8,4.2,7.0,0.5,0.4,1.1,1.4,3.9,8.9,,0,0,1
212.0,Ryan Anderson,20.0,NJN,PF,66.0,30.0,1312.0,13.6,0.532,0.464,0.285,9.3,19.0,14.1,6.4,1.8,1.2,12.1,18.6,1.3,1.2,2.5,0.09,-0.3,-0.9,-1.1,0.3,,2008,208.0,20.0,NJN,PF,66.0,30.0,19.9,2.4,6.2,0.393,1.0,2.9,0.365,1.4,3.3,0.417,0.478,1.5,1.8,0.845,1.6,3.1,4.7,0.8,0.7,0.3,1.0,2.4,7.4,,0,0,1
217.0,George Hill,22.0,SAS,PG,77.0,7.0,1270.0,11.6,0.502,0.196,0.392,2.9,11.9,7.4,16.6,1.9,1.2,14.5,19.5,0.2,2.0,2.1,0.08,-3.3,1.6,-1.8,0.1,,2008,245.0,22.0,SAS,PG,77.0,7.0,16.5,1.9,4.8,0.403,0.3,0.9,0.329,1.6,3.9,0.421,0.435,1.5,1.9,0.781,0.4,1.7,2.1,1.8,0.6,0.3,1.0,1.9,5.7,,0,0,1
219.0,Marreese Speights,21.0,PHI,C,79.0,2.0,1263.0,17.9,0.543,0.016,0.263,11.6,16.3,13.9,4.2,1.1,3.6,7.6,21.9,2.4,1.5,3.8,0.146,-0.6,-0.8,-1.4,0.2,,2008,204.0,21.0,PHI,C,79.0,2.0,16.0,3.2,6.4,0.502,0.0,0.1,0.25,3.2,6.3,0.506,0.504,1.3,1.7,0.773,1.6,2.2,3.7,0.4,0.3,0.7,0.6,2.3,7.7,,0,0,1
236.0,Kyle Weaver,22.0,OKC,SG,56.0,19.0,1166.0,10.2,0.551,0.378,0.236,3.0,9.9,6.4,13.1,2.1,1.6,20.3,12.9,0.2,1.0,1.2,0.049,-2.3,1.1,-1.2,0.2,,2008,259.0,22.0,OKC,SG,56.0,19.0,20.8,2.0,4.4,0.459,0.6,1.7,0.344,1.4,2.7,0.529,0.524,0.7,1.0,0.707,0.6,1.8,2.3,1.8,0.8,0.4,1.2,1.4,5.3,,0,0,1
240.0,JaVale McGee,21.0,WAS,C,75.0,14.0,1143.0,17.0,0.534,0.0,0.419,12.0,18.4,15.1,3.4,1.5,5.4,11.7,20.7,1.1,0.9,2.0,0.084,-1.8,-1.1,-2.9,-0.3,,2008,229.0,21.0,WAS,C,75.0,14.0,15.2,2.5,5.2,0.494,0.0,0.0,,2.5,5.2,0.494,0.494,1.4,2.2,0.66,1.6,2.3,3.9,0.3,0.4,1.0,0.8,2.1,6.5,,0,0,1
243.0,Anthony Randolph,19.0,GSW,PF,63.0,22.0,1129.0,16.9,0.506,0.009,0.327,12.4,22.6,17.5,6.8,1.8,4.5,14.0,21.7,0.4,1.2,1.6,0.069,-1.5,-0.8,-2.3,-0.1,,2008,197.0,19.0,GSW,PF,63.0,22.0,17.9,3.2,6.8,0.462,0.0,0.1,0.0,3.2,6.8,0.466,0.462,1.6,2.2,0.716,2.0,3.7,5.8,0.8,0.7,1.2,1.3,2.2,7.9,,0,0,1
259.0,Roy Hibbert,22.0,IND,C,70.0,42.0,1009.0,16.1,0.51,0.0,0.35,12.4,14.1,13.3,7.9,1.0,5.6,10.2,23.3,1.0,1.2,2.1,0.102,-3.1,0.1,-3.0,-0.3,,2008,219.0,22.0,IND,C,70.0,42.0,14.4,2.8,6.0,0.471,0.0,0.0,,2.8,6.0,0.471,0.471,1.4,2.1,0.667,1.6,1.8,3.5,0.7,0.3,1.1,0.8,3.1,7.1,,0,0,1
266.0,Bobby Brown,24.0,2TM,PG,68.0,2.0,931.0,8.9,0.476,0.361,0.119,1.7,4.8,3.3,20.9,1.2,0.2,14.3,21.3,-0.5,-0.1,-0.6,-0.029,-2.2,-2.8,-5.0,-0.7,,2008,255.0,24.0,2TM,PG,68.0,2.0,13.7,2.1,5.3,0.392,0.7,1.9,0.346,1.4,3.4,0.417,0.454,0.5,0.6,0.791,0.2,0.6,0.8,1.7,0.3,0.0,0.9,1.4,5.3,,0,0,1
272.0,Roko Ukić,24.0,TOR,PG,72.0,0.0,890.0,9.8,0.43,0.191,0.185,3.6,6.3,4.9,27.2,1.8,0.2,14.6,21.3,-0.8,0.4,-0.4,-0.019,-3.2,-1.4,-4.6,-0.6,,2008,305.0,24.0,TOR,PG,72.0,0.0,12.4,1.7,4.5,0.38,0.2,0.9,0.177,1.6,3.6,0.427,0.397,0.6,0.8,0.733,0.4,0.7,1.0,2.1,0.4,0.0,0.8,1.1,4.2,,0,0,1
293.0,DeAndre Jordan,20.0,LAC,C,53.0,13.0,771.0,14.1,0.585,0.0,0.741,10.5,25.5,17.8,2.3,0.7,5.7,17.4,13.9,0.4,0.9,1.3,0.079,-3.2,-0.1,-3.3,-0.3,,2008,292.0,20.0,LAC,C,53.0,13.0,14.5,1.8,2.8,0.633,0.0,0.0,,1.8,2.8,0.633,0.633,0.8,2.1,0.385,1.4,3.1,4.5,0.2,0.2,1.1,0.8,1.8,4.3,,0,0,1
294.0,Mike Taylor,23.0,LAC,PG,51.0,5.0,771.0,10.1,0.477,0.15,0.303,3.2,10.0,6.5,22.9,2.4,0.0,19.4,22.2,-0.9,0.4,-0.4,-0.028,-4.1,-1.1,-5.2,-0.6,,2008,246.0,23.0,LAC,PG,51.0,5.0,15.1,2.2,5.2,0.412,0.3,0.8,0.325,1.9,4.5,0.427,0.436,1.1,1.6,0.691,0.4,1.3,1.7,2.1,0.7,0.0,1.4,1.6,5.7,,0,0,1
297.0,Goran Dragić,22.0,PHO,PG,55.0,1.0,728.0,9.8,0.487,0.241,0.29,5.5,10.8,8.3,20.8,2.0,0.3,22.4,19.7,-0.3,0.4,0.1,0.005,-3.0,-1.2,-4.3,-0.4,,2008,283.0,22.0,PHO,PG,55.0,1.0,13.2,1.6,4.1,0.393,0.4,1.0,0.37,1.2,3.1,0.4,0.438,0.9,1.2,0.769,0.6,1.3,1.9,2.0,0.5,0.1,1.3,1.6,4.5,,0,0,1
298.0,Donté Greene,20.0,SAC,SF,55.0,4.0,725.0,5.2,0.416,0.424,0.144,3.0,10.9,6.9,6.4,1.1,1.4,12.8,17.8,-1.2,0.1,-1.1,-0.074,-4.5,-2.3,-6.8,-0.9,,2008,325.0,20.0,SAC,SF,55.0,4.0,13.2,1.4,4.3,0.326,0.5,1.8,0.26,0.9,2.5,0.375,0.381,0.5,0.6,0.853,0.3,1.2,1.6,0.5,0.3,0.3,0.7,1.2,3.8,,0,0,1
300.0,Joe Alexander,22.0,MIL,SF,59.0,0.0,716.0,10.1,0.494,0.188,0.339,6.9,12.3,9.5,9.5,1.1,3.4,15.6,20.9,-0.3,0.7,0.4,0.03,-3.4,-0.1,-3.5,-0.3,,2008,278.0,22.0,MIL,SF,59.0,0.0,12.1,1.7,4.2,0.416,0.3,0.8,0.348,1.5,3.4,0.432,0.449,1.0,1.4,0.699,0.7,1.2,1.9,0.7,0.3,0.5,0.9,1.8,4.7,,0,0,1
306.0,J.J. Hickson,20.0,CLE,C,62.0,0.0,705.0,12.5,0.548,0.0,0.345,9.1,18.4,13.9,2.1,1.1,3.4,16.8,18.0,0.2,1.3,1.5,0.101,-3.4,0.2,-3.2,-0.2,,2008,316.0,20.0,CLE,C,62.0,0.0,11.4,1.6,3.1,0.515,0.0,0.0,,1.6,3.1,0.515,0.515,0.7,1.1,0.672,0.8,1.8,2.7,0.1,0.2,0.5,0.7,1.3,4.0,,0,0,1
313.0,Jerryd Bayless,20.0,POR,PG,53.0,0.0,655.0,8.2,0.487,0.143,0.545,1.5,9.4,5.4,18.2,1.4,0.2,19.3,20.9,-0.2,0.5,0.3,0.019,-4.3,-0.7,-5.0,-0.5,,2008,290.0,20.0,POR,PG,53.0,0.0,12.4,1.3,3.6,0.365,0.1,0.5,0.259,1.2,3.1,0.383,0.384,1.6,1.9,0.806,0.2,0.9,1.1,1.5,0.3,0.0,1.1,1.5,4.3,,0,0,1
318.0,Robin Lopez,20.0,PHO,C,60.0,7.0,614.0,11.6,0.566,0.007,0.496,10.3,12.1,11.2,1.8,0.9,4.9,14.4,14.0,0.6,0.4,1.1,0.083,-3.1,-0.3,-3.4,-0.2,ROY-9,2008,350.0,20.0,PHO,C,60.0,7.0,10.2,1.2,2.3,0.518,0.0,0.0,0.0,1.2,2.3,0.522,0.518,0.8,1.1,0.691,0.9,1.1,2.0,0.1,0.2,0.7,0.5,1.6,3.2,ROY-9,0,0,1
320.0,Chris Douglas-Roberts,22.0,NJN,SG,44.0,3.0,585.0,12.2,0.531,0.068,0.352,2.8,7.4,5.1,14.8,1.1,1.0,13.2,18.7,0.4,0.2,0.6,0.046,-1.3,-1.2,-2.5,-0.1,,2008,273.0,22.0,NJN,SG,44.0,3.0,13.3,1.8,4.0,0.46,0.1,0.3,0.25,1.8,3.7,0.476,0.469,1.2,1.4,0.823,0.3,0.8,1.1,1.2,0.3,0.2,0.7,0.8,4.9,,0,0,1
323.0,Kosta Koufos,19.0,UTA,C,48.0,7.0,565.0,15.2,0.54,0.0,0.276,10.6,18.6,14.6,5.7,1.1,4.3,11.1,18.5,0.6,0.7,1.3,0.112,-1.3,-0.1,-1.4,0.1,,2008,279.0,19.0,UTA,C,48.0,7.0,11.8,2.0,3.9,0.508,0.0,0.0,,2.0,3.9,0.508,0.508,0.8,1.1,0.706,1.0,1.8,2.9,0.4,0.3,0.6,0.5,1.5,4.7,,0,0,1
336.0,Rob Kurz,23.0,GSW,PF,40.0,5.0,442.0,11.8,0.513,0.29,0.382,8.1,11.8,10.0,6.5,1.5,3.0,9.5,16.3,0.5,0.2,0.7,0.074,-1.9,-0.8,-2.7,-0.1,,2008,321.0,23.0,GSW,PF,40.0,5.0,11.1,1.3,3.3,0.389,0.4,1.0,0.395,0.9,2.3,0.387,0.447,1.0,1.3,0.8,0.8,1.2,2.0,0.5,0.4,0.5,0.4,2.0,3.9,,0,0,1
337.0,Darnell Jackson,23.0,CLE,PF,51.0,2.0,430.0,7.2,0.483,0.023,0.407,9.2,14.7,12.0,2.7,1.3,0.7,12.1,12.7,0.2,0.7,0.8,0.094,-5.4,0.2,-5.2,-0.4,,2008,409.0,23.0,CLE,PF,51.0,2.0,8.4,0.7,1.7,0.43,0.0,0.0,0.0,0.7,1.6,0.44,0.43,0.5,0.7,0.686,0.6,1.1,1.7,0.2,0.2,0.1,0.3,1.5,1.9,,0,0,1
340.0,Danilo Gallinari,20.0,NYK,SG,28.0,2.0,412.0,13.4,0.621,0.576,0.216,3.3,11.5,7.3,5.5,1.7,0.7,9.9,16.0,0.7,0.3,1.0,0.119,0.5,0.1,0.6,0.3,,2008,237.0,20.0,NYK,SG,28.0,2.0,14.7,2.0,4.5,0.448,1.1,2.6,0.444,0.9,1.9,0.453,0.576,0.9,1.0,0.963,0.5,1.5,2.0,0.5,0.5,0.1,0.5,1.7,6.1,,0,0,1
354.0,Sean Singletary,23.0,2TM,PG,37.0,2.0,303.0,6.7,0.478,0.294,0.247,4.1,9.8,7.0,14.4,1.9,0.0,19.6,17.8,-0.2,0.2,0.0,0.006,-5.1,0.0,-5.1,-0.2,,2008,388.0,23.0,2TM,PG,37.0,2.0,8.2,0.8,2.3,0.365,0.3,0.7,0.4,0.6,1.6,0.35,0.424,0.5,0.6,0.857,0.3,0.7,0.9,0.8,0.3,0.0,0.6,1.2,2.4,,0,0,1
366.0,Cartier Martin,24.0,CHA,SF,33.0,1.0,266.0,9.2,0.489,0.429,0.325,3.3,12.0,7.7,8.0,1.6,1.2,9.3,17.2,0.1,0.3,0.4,0.07,-3.2,0.3,-2.8,-0.1,,2008,380.0,24.0,CHA,SF,33.0,1.0,8.1,0.8,2.3,0.364,0.3,1.0,0.303,0.5,1.3,0.409,0.429,0.6,0.8,0.8,0.2,0.8,1.0,0.4,0.2,0.1,0.3,1.0,2.6,,0,0,1
376.0,Henry Walker,21.0,BOS,SF,29.0,0.0,216.0,10.9,0.646,0.017,0.397,4.7,11.3,8.2,9.9,1.5,0.7,20.9,18.6,0.2,0.3,0.5,0.117,-5.1,0.6,-4.5,-0.1,,2008,363.0,21.0,BOS,SF,29.0,0.0,7.4,1.2,2.0,0.621,0.0,0.0,0.0,1.2,2.0,0.632,0.621,0.6,0.8,0.696,0.3,0.7,1.0,0.4,0.2,0.1,0.6,1.8,3.0,,0,0,1
378.0,Anthony Tolliver,23.0,SAS,PF,19.0,0.0,208.0,7.6,0.375,0.631,0.154,7.0,16.4,11.7,12.1,1.3,0.4,9.2,17.8,-0.3,0.3,0.0,0.01,-3.6,-0.3,-3.9,-0.1,,2008,376.0,23.0,SAS,PF,19.0,0.0,10.9,1.0,3.4,0.292,0.5,2.2,0.22,0.5,1.3,0.417,0.362,0.3,0.5,0.5,0.6,1.5,2.2,0.9,0.3,0.1,0.4,0.8,2.7,,0,0,1
386.0,Alexis Ajinça,20.0,CHA,PF,31.0,4.0,182.0,7.0,0.43,0.029,0.406,6.2,14.2,10.2,2.8,2.1,2.7,12.9,24.2,-0.3,0.3,-0.1,-0.018,-7.6,0.1,-7.5,-0.3,,2008,394.0,20.0,CHA,PF,31.0,4.0,5.9,0.8,2.2,0.362,0.0,0.1,0.0,0.8,2.2,0.373,0.362,0.6,0.9,0.714,0.3,0.7,1.0,0.1,0.2,0.2,0.4,1.1,2.3,,0,0,1
389.0,DeMarcus Nelson,23.0,GSW,PG,13.0,5.0,171.0,6.5,0.44,0.056,0.259,3.8,11.4,7.6,11.3,2.6,0.8,20.0,18.8,-0.3,0.1,-0.3,-0.071,-6.1,0.6,-5.5,-0.2,,2008,311.0,23.0,GSW,PG,13.0,5.0,13.2,1.8,4.2,0.444,0.0,0.2,0.0,1.8,3.9,0.471,0.444,0.4,1.1,0.357,0.5,1.4,1.8,1.0,0.7,0.2,1.2,1.8,4.1,,0,0,1
394.0,Malik Hairston,21.0,SAS,SG,15.0,0.0,155.0,12.0,0.48,0.02,0.143,8.6,12.9,10.8,13.8,2.1,3.3,18.7,20.0,-0.1,0.3,0.1,0.045,-3.7,1.8,-2.0,0.0,,2008,346.0,21.0,SAS,SG,15.0,0.0,10.3,1.6,3.3,0.49,0.0,0.1,0.0,1.6,3.2,0.5,0.49,0.1,0.5,0.286,0.7,1.1,1.9,0.9,0.4,0.5,0.8,1.3,3.3,,0,0,1
395.0,D.J. White,22.0,OKC,PF,7.0,0.0,130.0,19.8,0.556,0.0,0.26,8.7,19.8,14.2,8.3,1.2,2.8,5.1,20.0,0.3,0.1,0.4,0.157,0.7,-0.3,0.4,0.1,,2008,179.0,22.0,OKC,PF,7.0,0.0,18.6,3.7,7.1,0.52,0.0,0.0,,3.7,7.1,0.52,0.52,1.4,1.9,0.769,1.4,3.1,4.6,0.9,0.4,0.7,0.4,1.4,8.9,,0,0,1
397.0,Hamed Haddadi,23.0,MEM,C,19.0,0.0,120.0,19.7,0.543,0.0,0.968,16.1,32.2,24.0,11.1,0.4,8.1,16.9,20.7,0.2,0.2,0.4,0.142,-1.0,1.3,0.3,0.1,,2008,387.0,23.0,MEM,C,19.0,0.0,6.3,0.8,1.6,0.484,0.0,0.0,,0.8,1.6,0.484,0.484,0.9,1.6,0.6,0.8,1.6,2.5,0.4,0.1,0.6,0.5,1.1,2.5,,0,0,1
407.0,Othello Hunter,22.0,ATL,PF,16.0,0.0,92.0,12.1,0.495,0.0,0.25,11.5,19.1,15.3,1.7,1.2,4.2,8.3,12.3,0.0,0.1,0.2,0.092,-2.4,0.3,-2.1,0.0,,2008,424.0,22.0,ATL,PF,16.0,0.0,5.8,0.7,1.3,0.55,0.0,0.0,,0.7,1.3,0.55,0.55,0.0,0.3,0.0,0.6,0.9,1.5,0.1,0.1,0.3,0.1,0.7,1.4,,0,0,1
409.0,Dontell Jefferson,25.0,CHA,SG,6.0,0.0,84.0,12.7,0.559,0.091,0.409,1.5,16.1,8.8,18.2,2.6,1.0,18.8,18.0,0.0,0.1,0.2,0.089,-2.2,2.2,-0.1,0.0,,2008,276.0,25.0,CHA,SG,6.0,0.0,14.0,1.8,3.7,0.5,0.2,0.3,0.5,1.7,3.3,0.5,0.523,1.0,1.5,0.667,0.2,1.8,2.0,1.5,0.7,0.2,1.0,1.5,4.8,,0,0,1
417.0,Sonny Weems,22.0,DEN,SG,12.0,0.0,55.0,-3.9,0.333,0.12,0.32,0.0,8.2,4.2,8.7,0.9,0.0,17.4,27.9,-0.3,0.0,-0.3,-0.255,-13.9,-5.0,-18.9,-0.2,,2008,421.0,22.0,DEN,SG,12.0,0.0,4.6,0.7,2.1,0.32,0.0,0.3,0.0,0.7,1.8,0.364,0.32,0.3,0.7,0.375,0.0,0.3,0.3,0.3,0.1,0.0,0.5,0.7,1.6,,0,0,1
428.0,Sun Yue,23.0,LAL,SG,10.0,0.0,28.0,-8.6,0.273,0.545,0.0,0.0,0.0,0.0,9.8,1.8,2.8,21.4,22.0,-0.2,0.0,-0.1,-0.226,-17.2,-2.3,-19.4,-0.1,,2008,441.0,23.0,LAL,SG,10.0,0.0,2.8,0.3,1.1,0.273,0.0,0.6,0.0,0.3,0.5,0.6,0.273,0.0,0.0,,0.0,0.0,0.0,0.2,0.1,0.1,0.3,1.0,0.6,,0,0,1
429.0,Joe Crawford,22.0,NYK,SF,2.0,0.0,23.0,10.8,0.414,0.4,0.2,4.6,14.8,9.5,6.5,2.2,0.0,0.0,20.6,0.0,0.0,0.0,0.037,-2.5,-0.2,-2.7,0.0,,2008,282.0,22.0,NYK,SF,2.0,0.0,11.5,1.5,5.0,0.3,0.5,2.0,0.25,1.0,3.0,0.333,0.35,1.0,1.0,1.0,0.5,1.5,2.0,0.5,0.5,0.0,0.0,1.0,4.5,,0,0,1
430.0,Jawad Williams,25.0,CLE,SF,10.0,0.0,20.0,14.1,0.5,0.5,0.0,6.2,5.7,6.0,0.0,2.7,0.0,7.7,30.7,0.0,0.0,0.0,0.045,-1.1,-2.5,-3.5,0.0,,2008,428.0,25.0,CLE,SF,10.0,0.0,2.0,0.5,1.2,0.417,0.2,0.6,0.333,0.3,0.6,0.5,0.5,0.0,0.0,,0.1,0.1,0.2,0.0,0.1,0.0,0.1,0.2,1.2,,0,0,1
431.0,Walter Sharpe,22.0,DET,PF,8.0,0.0,20.0,4.8,0.337,0.182,0.182,0.0,18.0,8.9,0.0,0.0,7.7,0.0,28.3,-0.1,0.0,-0.1,-0.131,-9.1,-1.1,-10.1,0.0,,2008,431.0,22.0,DET,PF,8.0,0.0,2.5,0.5,1.4,0.364,0.0,0.3,0.0,0.5,1.1,0.444,0.364,0.0,0.3,0.0,0.0,0.4,0.4,0.0,0.0,0.3,0.0,0.4,1.0,,0,0,1
432.0,Nathan Jawai,22.0,TOR,PF,6.0,0.0,19.0,-7.6,0.25,0.0,0.0,6.2,6.1,6.2,0.0,0.0,0.0,33.3,14.6,-0.1,0.0,-0.1,-0.233,-13.5,-4.7,-18.3,-0.1,,2008,443.0,22.0,TOR,PF,6.0,0.0,3.2,0.2,0.7,0.25,0.0,0.0,,0.2,0.7,0.25,0.25,0.0,0.0,,0.2,0.2,0.3,0.0,0.0,0.0,0.3,0.5,0.3,,0,0,1
435.0,Trey Johnson,24.0,CLE,SG,4.0,0.0,14.0,-9.3,0.296,0.0,0.8,0.0,8.2,4.3,0.0,0.0,0.0,12.9,26.2,-0.1,0.0,-0.1,-0.205,-18.6,-4.6,-23.2,-0.1,,2008,430.0,24.0,CLE,SG,4.0,0.0,3.5,0.0,1.3,0.0,0.0,0.0,,0.0,1.3,0.0,0.0,1.0,1.0,1.0,0.0,0.3,0.3,0.0,0.0,0.0,0.3,1.0,1.0,,0,0,1
441.0,J.R. Giddens,23.0,BOS,SF,6.0,0.0,8.0,26.0,0.667,0.0,0.0,31.9,14.5,22.8,0.0,6.6,0.0,25.0,23.3,0.0,0.0,0.0,0.201,2.9,4.2,7.2,0.0,,2008,440.0,23.0,BOS,SF,6.0,0.0,1.3,0.3,0.5,0.667,0.0,0.0,,0.3,0.5,0.667,0.667,0.0,0.0,,0.3,0.2,0.5,0.0,0.2,0.0,0.2,0.2,0.7,,0,0,1
442.0,Joey Dorsey,25.0,HOU,PF,3.0,0.0,6.0,16.1,0.5,0.0,0.0,0.0,18.7,9.7,28.7,0.0,0.0,0.0,15.5,0.0,0.0,0.0,0.156,0.1,0.2,0.3,0.0,,2008,439.0,25.0,HOU,PF,3.0,0.0,2.0,0.3,0.7,0.5,0.0,0.0,,0.3,0.7,0.5,0.5,0.0,0.0,,0.0,0.3,0.3,0.3,0.0,0.0,0.0,0.0,0.7,,0,0,1
445.0,Steven Hill,23.0,OKC,PF,1.0,0.0,2.0,88.3,1.0,0.0,0.0,100.0,58.6,86.4,0.0,0.0,0.0,0.0,22.1,0.0,0.0,0.0,0.873,30.1,-0.9,29.2,0.0,,2008,403.0,23.0,OKC,PF,1.0,0.0,2.0,1.0,1.0,1.0,0.0,0.0,,1.0,1.0,1.0,1.0,0.0,0.0,,2.0,1.0,3.0,0.0,0.0,0.0,0.0,0.0,2.0,,0,0,1
18.0,Stephen Curry,21.0,GSW,PG,80.0,77.0,2896.0,16.3,0.568,0.332,0.175,1.8,12.0,6.8,24.6,2.5,0.5,16.5,21.8,3.0,1.6,4.7,0.077,1.1,-0.5,0.7,2.0,ROY-2,2009,41.0,21.0,GSW,PG,80.0,77.0,36.2,6.6,14.3,0.462,2.1,4.8,0.437,4.5,9.5,0.474,0.535,2.2,2.5,0.885,0.6,3.9,4.5,5.9,1.9,0.2,3.0,3.2,17.5,ROY-2,1,1,1
37.0,Tyreke Evans,20.0,SAC,SG,72.0,72.0,2677.0,18.2,0.529,0.121,0.399,2.8,13.6,8.1,26.1,2.1,0.7,13.6,26.2,3.3,2.1,5.4,0.097,1.3,0.0,1.3,2.2,ROY-1,2009,19.0,20.0,SAC,SG,72.0,72.0,37.2,7.4,16.2,0.458,0.5,2.0,0.255,6.9,14.2,0.485,0.473,4.8,6.5,0.748,0.9,4.4,5.3,5.8,1.5,0.4,3.0,2.8,20.1,ROY-1,1,1,1
39.0,Brandon Jennings,20.0,MIL,PG,82.0,82.0,2671.0,14.5,0.475,0.319,0.225,2.0,10.4,6.0,29.6,2.1,0.5,13.0,26.1,0.3,3.9,4.2,0.075,0.5,0.2,0.7,1.8,ROY-3,2009,63.0,20.0,MIL,PG,82.0,82.0,32.6,5.5,14.8,0.371,1.8,4.7,0.374,3.7,10.1,0.37,0.431,2.7,3.3,0.817,0.6,2.8,3.4,5.7,1.3,0.2,2.4,2.3,15.5,ROY-3,1,1,1
83.0,Jonny Flynn,20.0,MIN,PG,81.0,81.0,2339.0,13.0,0.511,0.226,0.284,1.1,8.1,4.6,24.7,1.8,0.1,17.9,24.2,-0.6,0.7,0.1,0.002,-0.8,-2.1,-2.9,-0.5,ROY-5,2009,91.0,20.0,MIN,PG,81.0,81.0,28.9,4.9,11.8,0.417,1.0,2.7,0.358,4.0,9.1,0.434,0.457,2.8,3.3,0.826,0.3,2.1,2.4,4.4,1.0,0.0,2.9,1.2,13.5,ROY-5,1,2,1
98.0,Jonas Jerebko,22.0,DET,PF,80.0,73.0,2232.0,13.9,0.545,0.191,0.292,9.9,16.5,13.0,4.2,1.9,1.1,10.8,15.7,2.9,1.5,4.4,0.095,-0.7,-0.6,-1.3,0.4,,2009,167.0,22.0,DET,PF,80.0,73.0,27.9,3.6,7.5,0.481,0.5,1.4,0.313,3.2,6.1,0.52,0.511,1.6,2.2,0.71,2.4,3.6,6.0,0.7,1.0,0.4,1.0,2.9,9.3,,1,2,1
105.0,Taj Gibson,24.0,CHI,PF,82.0,70.0,2204.0,13.8,0.521,0.0,0.278,11.6,19.2,15.4,5.0,1.2,3.6,13.9,16.7,1.2,3.5,4.7,0.103,-2.4,0.5,-2.0,0.0,ROY-5,2009,173.0,24.0,CHI,PF,82.0,70.0,26.9,3.8,7.7,0.494,0.0,0.0,,3.8,7.7,0.494,0.494,1.4,2.1,0.646,2.8,4.7,7.5,0.9,0.6,1.3,1.4,3.4,9.0,ROY-5,1,1,1
118.0,Darren Collison,22.0,NOH,PG,76.0,37.0,2109.0,16.5,0.546,0.146,0.221,2.2,8.6,5.3,32.9,1.9,0.1,18.9,23.1,1.9,1.1,2.9,0.067,0.9,-1.8,-0.8,0.6,ROY-4,2009,103.0,22.0,NOH,PG,76.0,37.0,27.8,4.9,10.4,0.477,0.6,1.5,0.4,4.3,8.9,0.49,0.506,1.9,2.3,0.851,0.5,2.0,2.5,5.7,1.0,0.1,2.7,1.2,12.4,ROY-4,1,1,1
127.0,Wesley Matthews,23.0,UTA,SG,82.0,48.0,2025.0,12.3,0.592,0.292,0.342,3.0,8.0,5.6,9.0,1.6,0.6,12.5,16.5,2.6,1.9,4.6,0.108,-0.6,0.0,-0.5,0.8,,2009,164.0,23.0,UTA,SG,82.0,48.0,24.7,3.3,6.9,0.483,0.8,2.0,0.382,2.6,4.9,0.525,0.539,2.0,2.4,0.829,0.6,1.7,2.3,1.5,0.8,0.2,1.1,1.9,9.4,,0,0,1
137.0,Omri Casspi,21.0,SAC,SF,77.0,31.0,1931.0,13.0,0.529,0.302,0.259,4.4,16.5,10.4,7.7,1.4,0.6,11.6,19.4,1.1,1.4,2.5,0.063,-0.3,-0.8,-1.1,0.4,,2009,141.0,21.0,SAC,SF,77.0,31.0,25.1,3.9,8.7,0.446,1.0,2.6,0.369,2.9,6.1,0.48,0.502,1.5,2.3,0.672,1.0,3.6,4.5,1.2,0.7,0.2,1.3,1.6,10.3,,0,0,1
143.0,Marcus Thornton,22.0,NOH,SG,73.0,17.0,1872.0,17.4,0.55,0.354,0.2,4.4,8.9,6.6,10.3,1.6,0.4,7.3,25.3,3.1,0.9,4.0,0.103,2.3,-1.4,0.9,1.4,6MOY-10,2009,76.0,22.0,NOH,SG,73.0,17.0,25.6,5.5,12.1,0.451,1.6,4.3,0.374,3.8,7.8,0.493,0.517,2.0,2.4,0.814,1.0,1.9,2.9,1.6,0.8,0.2,1.0,1.7,14.5,6MOY-10,1,2,1
155.0,Jrue Holiday,19.0,PHI,PG,73.0,51.0,1767.0,12.3,0.526,0.306,0.165,3.7,9.1,6.4,24.4,2.3,0.8,21.9,18.4,0.2,1.0,1.2,0.032,-1.1,-0.6,-1.7,0.1,,2009,209.0,19.0,PHI,PG,73.0,51.0,24.2,3.2,7.1,0.442,0.8,2.2,0.39,2.3,4.9,0.465,0.502,0.9,1.2,0.756,0.8,1.8,2.6,3.8,1.1,0.2,2.1,2.1,8.0,,0,0,1
156.0,Terrence Williams,22.0,NJN,SF,78.0,9.0,1764.0,11.5,0.459,0.154,0.221,2.9,20.6,11.4,22.4,1.3,0.4,14.8,21.8,-1.5,1.3,-0.3,-0.007,-2.0,-0.8,-2.8,-0.4,,2009,197.0,22.0,NJN,SF,78.0,9.0,22.6,3.3,8.3,0.401,0.4,1.3,0.31,2.9,7.1,0.417,0.425,1.3,1.8,0.715,0.6,3.9,4.5,2.9,0.6,0.1,1.6,1.6,8.4,,0,0,1
161.0,James Harden,20.0,OKC,SG,76.0,0.0,1738.0,14.0,0.551,0.429,0.415,3.2,12.7,8.1,12.3,2.4,0.9,13.4,20.4,2.0,2.5,4.5,0.124,-0.7,1.2,0.5,1.1,,2009,155.0,20.0,OKC,SG,76.0,0.0,22.9,3.1,7.6,0.403,1.2,3.3,0.375,1.8,4.3,0.424,0.484,2.6,3.2,0.808,0.6,2.6,3.2,1.8,1.1,0.3,1.4,2.6,9.9,,1,2,1
178.0,DeMar DeRozan,20.0,TOR,SG,77.0,65.0,1664.0,12.5,0.554,0.031,0.379,4.8,10.9,7.9,4.9,1.3,0.8,9.4,18.1,2.0,0.3,2.3,0.066,-1.5,-1.3,-2.8,-0.3,,2009,184.0,20.0,TOR,SG,77.0,65.0,21.6,3.3,6.6,0.498,0.1,0.2,0.25,3.3,6.4,0.506,0.502,1.9,2.5,0.763,0.9,2.0,2.9,0.7,0.6,0.2,0.8,2.3,8.6,,0,0,1
200.0,DeJuan Blair,20.0,SAS,PF,82.0,23.0,1494.0,17.7,0.564,0.004,0.325,16.0,25.1,20.6,7.1,1.8,1.9,16.5,20.8,1.8,2.8,4.6,0.147,-1.0,0.4,-0.7,0.5,,2009,213.0,20.0,SAS,PF,82.0,23.0,18.2,3.4,6.0,0.556,0.0,0.0,0.0,3.4,6.0,0.558,0.556,1.1,2.0,0.547,2.4,4.0,6.4,0.8,0.6,0.5,1.4,2.7,7.8,,1,2,1
201.0,Chase Budinger,21.0,HOU,SF,74.0,4.0,1488.0,14.1,0.545,0.441,0.154,2.8,14.6,8.5,9.7,1.2,0.5,7.4,19.4,1.9,1.2,3.1,0.1,1.1,-0.7,0.5,0.9,,2009,175.0,21.0,HOU,SF,74.0,4.0,20.1,3.4,7.6,0.441,1.2,3.4,0.369,2.1,4.3,0.497,0.522,0.9,1.2,0.77,0.5,2.5,3.0,1.2,0.5,0.1,0.6,1.1,8.9,,0,0,1
214.0,Wayne Ellington,22.0,MIN,SG,76.0,1.0,1384.0,9.6,0.527,0.362,0.156,2.6,10.4,6.4,8.3,0.7,0.3,13.4,17.4,0.3,0.1,0.4,0.014,-1.6,-1.9,-3.5,-0.5,,2009,249.0,22.0,MIN,SG,76.0,1.0,18.2,2.5,5.9,0.424,0.8,2.1,0.395,1.7,3.8,0.441,0.496,0.8,0.9,0.871,0.4,1.7,2.1,1.0,0.3,0.1,1.0,0.9,6.6,,0,0,1
217.0,Serge Ibaka,20.0,OKC,PF,73.0,0.0,1323.0,15.2,0.562,0.005,0.249,12.3,21.9,17.2,1.2,1.0,5.5,14.2,16.2,1.3,2.4,3.7,0.134,-2.4,0.9,-1.5,0.2,,2009,257.0,20.0,OKC,PF,73.0,0.0,18.1,2.8,5.1,0.543,0.0,0.0,0.5,2.7,5.0,0.543,0.545,0.8,1.3,0.63,1.9,3.5,5.4,0.1,0.3,1.3,0.9,2.7,6.3,,0,0,1
219.0,Sam Young,24.0,MEM,SF,80.0,1.0,1321.0,13.0,0.518,0.113,0.352,6.8,11.0,8.9,6.2,1.3,1.2,14.1,22.1,0.6,0.7,1.2,0.044,-1.5,-1.7,-3.1,-0.4,,2009,227.0,24.0,MEM,SF,80.0,1.0,16.5,2.8,6.2,0.451,0.1,0.7,0.196,2.7,5.5,0.483,0.462,1.7,2.2,0.777,1.0,1.6,2.5,0.7,0.4,0.3,1.2,1.3,7.4,,0,0,1
220.0,Ty Lawson,22.0,DEN,PG,65.0,8.0,1318.0,16.4,0.6,0.213,0.359,3.7,7.1,5.4,24.2,1.8,0.1,15.4,18.0,2.9,0.9,3.7,0.135,1.5,-0.4,1.1,1.0,,2009,198.0,22.0,DEN,PG,65.0,8.0,20.3,3.1,6.0,0.515,0.5,1.3,0.41,2.6,4.7,0.544,0.559,1.6,2.2,0.757,0.6,1.3,1.9,3.1,0.7,0.0,1.3,1.4,8.3,,0,0,1
224.0,Eric Maynor,22.0,2TM,PG,81.0,2.0,1269.0,11.8,0.478,0.193,0.196,2.0,9.6,5.9,31.5,1.6,0.6,17.5,17.1,0.5,1.4,1.9,0.071,-1.7,-0.1,-1.8,0.1,,2009,298.0,22.0,2TM,PG,81.0,2.0,15.7,1.9,4.5,0.418,0.3,0.9,0.31,1.6,3.7,0.444,0.448,0.6,0.9,0.722,0.3,1.3,1.6,3.3,0.5,0.1,1.0,1.4,4.7,,0,0,1
244.0,Toney Douglas,23.0,NYK,PG,56.0,12.0,1087.0,14.9,0.571,0.448,0.174,4.1,7.2,5.6,16.6,2.0,0.2,11.6,19.8,1.8,0.4,2.2,0.097,0.5,-0.8,-0.4,0.5,,2009,185.0,23.0,NYK,PG,56.0,12.0,19.4,3.2,7.0,0.458,1.2,3.1,0.389,2.0,3.9,0.514,0.545,1.0,1.2,0.809,0.7,1.2,1.9,2.0,0.8,0.1,1.0,2.1,8.6,,0,0,1
266.0,Austin Daye,21.0,DET,SF,69.0,4.0,915.0,12.8,0.546,0.322,0.19,4.2,19.8,11.5,6.3,1.5,2.4,13.1,18.5,0.6,0.7,1.3,0.067,-1.7,-0.1,-1.8,0.1,,2009,285.0,21.0,DET,SF,69.0,4.0,13.3,2.0,4.3,0.464,0.4,1.4,0.305,1.6,2.9,0.54,0.514,0.7,0.8,0.821,0.5,2.0,2.5,0.5,0.4,0.4,0.7,1.7,5.1,,0,0,1
268.0,David Andersen,29.0,HOU,C,63.0,0.0,891.0,12.1,0.497,0.229,0.197,6.7,20.6,13.4,8.1,0.9,1.0,9.1,20.2,0.4,0.9,1.3,0.07,-2.0,-0.6,-2.6,-0.1,,2009,271.0,29.0,HOU,C,63.0,0.0,14.1,2.3,5.4,0.432,0.4,1.2,0.346,1.9,4.2,0.458,0.472,0.7,1.1,0.687,0.9,2.4,3.3,0.7,0.2,0.2,0.6,1.9,5.8,,0,0,1
271.0,Hasheem Thabeet,22.0,MEM,C,68.0,13.0,883.0,12.9,0.605,0.0,0.71,11.2,20.9,16.1,1.7,0.9,7.7,20.0,10.7,0.8,1.2,2.0,0.109,-3.2,1.9,-1.2,0.2,,2009,359.0,22.0,MEM,C,68.0,13.0,13.0,1.1,1.9,0.588,0.0,0.0,,1.1,1.9,0.588,0.588,0.8,1.4,0.581,1.3,2.3,3.6,0.2,0.2,1.3,0.6,2.4,3.1,,0,0,1
277.0,A.J. Price,23.0,IND,PG,56.0,2.0,865.0,14.0,0.53,0.492,0.212,1.5,9.7,5.6,20.5,2.0,0.2,13.2,22.7,0.4,0.8,1.2,0.065,-0.1,-0.4,-0.5,0.3,,2009,230.0,23.0,IND,PG,56.0,2.0,15.4,2.6,6.3,0.41,1.1,3.1,0.345,1.5,3.2,0.472,0.494,1.1,1.3,0.8,0.2,1.4,1.6,1.9,0.6,0.1,1.1,0.9,7.3,,0,0,1
288.0,DeMarre Carroll,23.0,MEM,SF,71.0,1.0,795.0,8.5,0.426,0.027,0.239,7.8,14.3,11.0,5.9,1.8,0.9,8.9,14.8,-0.1,0.6,0.5,0.031,-3.8,-0.4,-4.2,-0.4,,2009,365.0,23.0,MEM,SF,71.0,1.0,11.2,1.2,3.1,0.396,0.0,0.1,0.0,1.2,3.0,0.407,0.396,0.5,0.7,0.623,0.7,1.4,2.1,0.5,0.4,0.1,0.3,1.5,2.9,,0,0,1
290.0,Chris Hunter,25.0,GSW,C,60.0,9.0,783.0,12.2,0.546,0.018,0.318,7.9,16.0,11.9,6.7,0.8,3.2,10.8,15.2,0.9,0.4,1.3,0.08,-3.1,-1.0,-4.1,-0.4,,2009,305.0,25.0,GSW,C,60.0,9.0,13.1,1.8,3.6,0.502,0.0,0.1,0.0,1.8,3.6,0.512,0.502,0.9,1.2,0.754,0.9,1.9,2.8,0.6,0.2,0.6,0.5,2.2,4.5,,0,0,1
291.0,Reggie Williams,23.0,GSW,SF,24.0,10.0,782.0,16.1,0.588,0.325,0.219,2.5,13.3,7.8,12.7,1.4,0.5,8.5,18.6,1.5,0.3,1.7,0.105,1.2,-1.8,-0.6,0.3,,2009,68.0,23.0,GSW,SF,24.0,10.0,32.6,5.8,11.8,0.495,1.4,3.8,0.359,4.5,8.0,0.56,0.553,2.2,2.6,0.839,0.8,3.8,4.6,2.8,1.0,0.3,1.2,2.0,15.2,,0,0,1
296.0,James Johnson,22.0,CHI,PF,65.0,11.0,757.0,10.4,0.532,0.219,0.333,5.1,13.6,9.4,9.8,1.4,4.3,20.5,18.0,-0.3,1.1,0.8,0.054,-4.0,1.5,-2.4,-0.1,,2009,333.0,22.0,CHI,PF,65.0,11.0,11.6,1.5,3.2,0.452,0.2,0.7,0.326,1.2,2.5,0.488,0.488,0.8,1.1,0.729,0.5,1.4,2.0,0.7,0.3,0.7,1.0,1.9,3.9,,0,0,1
300.0,Jeff Teague,21.0,ATL,PG,71.0,3.0,719.0,11.0,0.459,0.141,0.216,0.8,10.2,5.4,25.1,2.5,1.2,16.7,19.1,-0.2,0.8,0.6,0.042,-3.8,0.3,-3.6,-0.3,,2009,357.0,21.0,ATL,PG,71.0,3.0,10.1,1.3,3.2,0.396,0.1,0.5,0.219,1.2,2.7,0.426,0.412,0.6,0.7,0.837,0.1,0.9,0.9,1.7,0.5,0.2,0.7,1.2,3.2,,0,0,1
301.0,Jodie Meeks,22.0,2TM,SG,60.0,0.0,719.0,10.8,0.493,0.493,0.146,1.4,14.9,7.9,8.7,1.3,0.5,8.1,19.6,0.1,0.8,0.9,0.06,-1.5,-0.5,-2.1,0.0,,2009,297.0,22.0,2TM,SG,60.0,0.0,12.0,1.7,4.5,0.388,0.7,2.2,0.318,1.0,2.3,0.456,0.466,0.5,0.7,0.795,0.2,1.5,1.7,0.7,0.3,0.1,0.4,0.9,4.7,,0,0,1
303.0,Dante Cunningham,22.0,POR,PF,63.0,2.0,707.0,14.3,0.517,0.009,0.224,9.4,18.7,14.0,3.3,1.9,2.5,6.0,16.8,0.9,1.0,1.9,0.129,-2.0,0.2,-1.8,0.0,,2009,332.0,22.0,POR,PF,63.0,2.0,11.2,1.7,3.4,0.495,0.0,0.0,0.0,1.7,3.4,0.5,0.495,0.5,0.8,0.646,0.9,1.7,2.5,0.2,0.4,0.3,0.2,1.5,3.9,,0,0,1
304.0,Rodrigue Beaubois,21.0,DAL,PG,56.0,16.0,700.0,18.5,0.617,0.368,0.174,2.0,10.7,6.4,18.6,2.1,1.3,14.4,24.7,1.1,0.8,2.0,0.134,1.3,0.2,1.5,0.6,,2009,235.0,21.0,DAL,PG,56.0,16.0,12.5,2.8,5.3,0.518,0.8,2.0,0.409,2.0,3.4,0.582,0.594,0.8,0.9,0.808,0.2,1.2,1.4,1.3,0.5,0.2,1.0,1.5,7.1,,0,0,1
314.0,Jon Brockman,22.0,SAC,PF,52.0,4.0,654.0,12.4,0.564,0.0,0.602,18.2,19.2,18.7,4.8,1.2,0.6,15.0,10.4,1.2,0.5,1.7,0.125,-1.8,-1.2,-3.0,-0.2,,2009,366.0,22.0,SAC,PF,52.0,4.0,12.6,1.1,2.0,0.534,0.0,0.0,,1.1,2.0,0.534,0.534,0.7,1.2,0.597,2.0,2.1,4.1,0.4,0.3,0.1,0.4,2.2,2.8,,0,0,1
318.0,Jordan Hill,22.0,2TM,PF,47.0,0.0,624.0,15.0,0.528,0.01,0.338,13.5,18.7,16.0,5.2,1.1,2.5,11.5,18.7,0.8,0.6,1.4,0.105,-2.1,-1.4,-3.5,-0.2,,2009,283.0,22.0,2TM,PF,47.0,0.0,13.3,2.1,4.3,0.493,0.0,0.0,0.0,2.1,4.2,0.497,0.493,1.0,1.4,0.676,1.6,2.1,3.7,0.4,0.3,0.4,0.6,2.0,5.2,,0,0,1
326.0,Derrick Brown,22.0,CHA,SF,57.0,0.0,535.0,12.6,0.52,0.048,0.49,7.1,10.4,8.8,6.0,2.1,1.5,9.6,17.2,0.5,0.8,1.3,0.114,-1.7,1.1,-0.6,0.2,,2009,350.0,22.0,CHA,SF,57.0,0.0,9.4,1.2,2.6,0.463,0.0,0.1,0.286,1.2,2.5,0.471,0.469,0.8,1.3,0.667,0.5,0.8,1.4,0.3,0.4,0.2,0.3,0.9,3.3,,0,0,1
329.0,Tyler Hansbrough,24.0,IND,PF,29.0,1.0,511.0,14.6,0.448,0.018,0.502,12.7,16.8,14.7,9.0,1.6,1.1,7.1,25.5,0.1,0.6,0.7,0.07,-2.2,-1.2,-3.3,-0.2,,2009,191.0,24.0,IND,PF,29.0,1.0,17.6,2.8,7.8,0.36,0.0,0.1,0.0,2.8,7.6,0.367,0.36,2.9,3.9,0.743,2.1,2.7,4.8,1.0,0.6,0.3,0.7,2.4,8.5,,0,0,1
346.0,DaJuan Summers,22.0,DET,SF,44.0,0.0,405.0,7.5,0.457,0.323,0.292,3.9,9.9,6.7,6.3,1.1,1.5,9.8,18.5,-0.1,0.1,0.0,0.002,-3.4,-1.8,-5.2,-0.3,,2009,362.0,22.0,DET,SF,44.0,0.0,9.2,1.0,3.0,0.354,0.3,1.0,0.357,0.7,2.0,0.352,0.412,0.6,0.9,0.711,0.3,0.7,1.0,0.4,0.2,0.2,0.4,1.2,3.0,,0,0,1
347.0,Jeff Ayres,22.0,POR,C,39.0,4.0,405.0,12.1,0.705,0.0,0.308,7.6,22.5,15.0,0.4,0.9,3.2,14.0,10.1,0.8,0.6,1.3,0.156,-3.4,0.4,-3.0,-0.1,,2009,370.0,22.0,POR,C,39.0,4.0,10.4,1.1,1.7,0.662,0.0,0.0,,1.1,1.7,0.662,0.662,0.5,0.5,0.9,0.6,1.9,2.5,0.0,0.2,0.4,0.3,1.9,2.7,,0,0,1
350.0,Earl Clark,22.0,PHO,PF,51.0,0.0,383.0,8.5,0.42,0.033,0.238,5.6,12.3,9.1,7.8,0.9,2.4,12.1,21.9,-0.5,0.2,-0.3,-0.033,-3.9,-1.6,-5.5,-0.3,,2009,371.0,22.0,PHO,PF,51.0,0.0,7.5,1.1,3.0,0.371,0.0,0.1,0.4,1.1,2.9,0.37,0.377,0.5,0.7,0.722,0.4,0.9,1.2,0.4,0.1,0.3,0.5,0.5,2.7,,0,0,1
354.0,Gerald Henderson,22.0,CHA,SG,43.0,0.0,355.0,9.7,0.453,0.183,0.452,5.2,13.3,9.3,6.0,1.5,2.1,10.1,18.2,-0.1,0.5,0.4,0.056,-3.1,0.5,-2.5,0.0,,2009,375.0,22.0,CHA,SG,43.0,0.0,8.3,0.9,2.4,0.356,0.1,0.4,0.211,0.8,2.0,0.388,0.375,0.8,1.1,0.745,0.3,0.9,1.3,0.3,0.2,0.2,0.3,0.6,2.6,,0,0,1
356.0,Garrett Temple,23.0,3TM,SG,27.0,4.0,334.0,10.5,0.553,0.366,0.495,2.1,8.8,5.4,9.6,2.0,1.3,18.0,20.3,0.0,0.4,0.4,0.057,-3.4,0.4,-2.9,-0.1,,2009,286.0,23.0,3TM,SG,27.0,4.0,12.4,1.6,3.7,0.436,0.5,1.4,0.351,1.1,2.4,0.484,0.5,1.3,1.9,0.7,0.2,0.9,1.1,0.8,0.5,0.2,1.0,1.6,5.0,,0,0,1
366.0,Jermaine Taylor,23.0,HOU,SG,31.0,4.0,303.0,11.4,0.46,0.185,0.387,7.7,9.8,8.7,8.4,1.7,0.7,12.0,23.1,-0.1,0.2,0.1,0.015,-1.8,-2.1,-3.9,-0.2,,2009,323.0,23.0,HOU,SG,31.0,4.0,9.8,1.5,3.8,0.378,0.2,0.7,0.227,1.3,3.1,0.412,0.399,1.1,1.5,0.717,0.7,0.8,1.5,0.5,0.3,0.1,0.6,0.5,4.1,,0,0,1
386.0,Sundiata Gaines,23.0,UTA,PG,32.0,0.0,217.0,17.3,0.518,0.317,0.561,3.4,12.2,7.9,28.0,2.8,0.0,12.0,24.0,0.3,0.3,0.5,0.121,0.6,0.5,1.1,0.2,,2009,353.0,23.0,UTA,PG,32.0,0.0,6.8,1.2,2.6,0.463,0.2,0.8,0.269,1.0,1.8,0.554,0.506,0.7,1.4,0.5,0.2,0.7,0.9,1.2,0.4,0.0,0.4,0.5,3.3,,0,0,1
387.0,Alonzo Gee,22.0,WAS,SG,11.0,2.0,182.0,16.2,0.564,0.153,0.492,9.3,11.6,10.4,6.4,2.0,0.4,12.2,20.4,0.3,0.1,0.4,0.108,1.7,-0.1,1.6,0.2,,2009,225.0,22.0,WAS,SG,11.0,2.0,16.5,2.5,5.4,0.475,0.6,0.8,0.778,1.9,4.5,0.42,0.534,1.6,2.6,0.621,1.4,1.6,3.0,0.6,0.6,0.1,0.9,1.2,7.4,,0,0,1
395.0,Lester Hudson,25.0,2TM,PG,25.0,0.0,131.0,13.2,0.494,0.302,0.245,6.4,9.9,8.2,15.7,3.2,1.8,19.3,25.0,-0.1,0.2,0.1,0.029,-2.4,0.5,-2.0,0.0,,2009,387.0,25.0,2TM,PG,25.0,0.0,5.2,0.8,2.1,0.396,0.2,0.6,0.313,0.6,1.5,0.432,0.443,0.4,0.5,0.846,0.3,0.4,0.7,0.5,0.3,0.1,0.6,0.5,2.3,,0,0,1
403.0,Danny Green,22.0,CLE,SG,20.0,0.0,115.0,12.3,0.48,0.564,0.154,8.7,8.9,8.8,6.7,2.7,2.0,10.7,18.9,0.0,0.2,0.2,0.083,-0.9,0.7,-0.2,0.1,,2009,404.0,22.0,CLE,SG,20.0,0.0,5.8,0.8,2.0,0.385,0.3,1.1,0.273,0.5,0.9,0.529,0.462,0.2,0.3,0.667,0.4,0.5,0.9,0.3,0.3,0.2,0.3,0.5,2.0,,0,0,1
405.0,Marcus Landry,24.0,2TM,SF,18.0,0.0,111.0,7.2,0.487,0.651,0.116,5.0,14.6,9.7,0.0,0.5,1.3,11.7,20.9,-0.1,0.0,-0.1,-0.034,-4.0,-3.5,-7.5,-0.1,,2009,383.0,24.0,2TM,SF,18.0,0.0,6.2,0.9,2.4,0.372,0.5,1.6,0.321,0.4,0.8,0.467,0.477,0.2,0.3,0.6,0.3,0.8,1.1,0.0,0.1,0.1,0.3,0.8,2.4,,0,0,1
414.0,Cedric Jackson,23.0,3TM,PG,12.0,0.0,74.0,5.5,0.396,0.3,0.6,3.1,9.4,6.3,27.1,2.1,1.9,30.3,22.4,-0.3,0.1,-0.2,-0.111,-6.2,-0.6,-6.8,-0.1,,2009,408.0,23.0,3TM,PG,12.0,0.0,6.2,0.5,1.7,0.3,0.1,0.5,0.167,0.4,1.2,0.357,0.325,0.6,1.0,0.583,0.2,0.5,0.7,1.2,0.3,0.2,0.9,0.6,1.7,,0,0,1
415.0,Othyus Jeffers,24.0,UTA,SG,14.0,0.0,73.0,13.6,0.495,0.0,0.655,13.3,17.4,15.4,2.1,2.8,0.0,13.8,26.7,0.0,0.1,0.1,0.067,-3.7,-1.0,-4.6,0.0,,2009,376.0,24.0,UTA,SG,14.0,0.0,5.2,0.9,2.1,0.414,0.0,0.0,,0.9,2.1,0.414,0.414,0.9,1.4,0.684,0.6,0.8,1.4,0.1,0.3,0.0,0.4,0.7,2.6,,0,0,1
421.0,Byron Mullens,20.0,OKC,PF,13.0,0.0,54.0,0.7,0.368,0.0,0.0,6.6,14.5,10.6,2.9,1.9,0.0,17.4,19.1,-0.2,0.1,-0.1,-0.077,-11.3,-0.5,-11.8,-0.1,,2009,426.0,20.0,OKC,PF,13.0,0.0,4.2,0.5,1.5,0.368,0.0,0.0,,0.5,1.5,0.368,0.368,0.0,0.0,,0.2,0.5,0.8,0.1,0.2,0.0,0.3,1.0,1.1,,0,0,1
429.0,Patty Mills,21.0,POR,PG,10.0,0.0,38.0,11.9,0.48,0.167,0.292,3.2,3.3,3.3,27.1,0.0,0.0,12.9,38.9,0.0,0.0,0.0,-0.036,-4.6,-5.6,-10.2,-0.1,,2009,378.0,21.0,POR,PG,10.0,0.0,3.8,1.0,2.4,0.417,0.2,0.4,0.5,0.8,2.0,0.4,0.458,0.4,0.7,0.571,0.1,0.1,0.2,0.5,0.0,0.0,0.4,0.6,2.6,,0,0,1
432.0,Taylor Griffin,23.0,PHO,SF,8.0,0.0,32.0,5.2,0.425,0.2,0.4,0.0,6.7,3.5,4.3,0.0,4.4,7.8,17.6,0.0,0.0,0.0,-0.039,-6.2,-1.9,-8.1,-0.1,,2009,421.0,23.0,PHO,SF,8.0,0.0,4.0,0.5,1.3,0.4,0.0,0.3,0.0,0.5,1.0,0.5,0.4,0.3,0.5,0.5,0.0,0.3,0.3,0.1,0.0,0.3,0.1,0.5,1.3,,0,0,1
435.0,Oliver Lafayette,25.0,BOS,SG,1.0,0.0,22.0,12.8,0.583,0.333,0.0,5.7,16.3,11.1,14.4,0.0,0.0,14.3,14.9,0.0,0.0,0.0,0.098,1.4,-3.2,-1.9,0.0,,2009,242.0,25.0,BOS,SG,1.0,0.0,22.0,3.0,6.0,0.5,1.0,2.0,0.5,2.0,4.0,0.5,0.583,0.0,0.0,,1.0,3.0,4.0,2.0,0.0,0.0,1.0,0.0,7.0,,0,0,1
437.0,Antonio Anderson,24.0,OKC,SF,1.0,0.0,15.0,-1.7,0.333,0.0,0.0,7.9,0.0,3.8,0.0,0.0,0.0,25.0,12.0,0.0,0.0,0.0,-0.104,-7.6,-4.8,-12.4,0.0,,2009,403.0,24.0,OKC,SF,1.0,0.0,15.0,1.0,3.0,0.333,0.0,0.0,,1.0,3.0,0.333,0.333,0.0,0.0,,1.0,0.0,1.0,0.0,0.0,0.0,1.0,1.0,2.0,,0,0,1
441.0,Trey Gilder,25.0,MEM,SF,2.0,0.0,5.0,30.9,1.0,0.0,0.0,0.0,23.4,11.7,0.0,10.3,0.0,0.0,8.8,0.0,0.0,0.0,0.336,7.6,13.6,21.2,0.0,,2009,429.0,25.0,MEM,SF,2.0,0.0,2.5,0.5,0.5,1.0,0.0,0.0,,0.5,0.5,1.0,1.0,0.0,0.0,,0.0,0.5,0.5,0.0,0.5,0.0,0.0,0.0,1.0,,0,0,1
442.0,JamesOn Curry,24.0,LAC,PG,1.0,0.0,0.0,,,,,,,,,,,,,0.0,0.0,0.0,,,,,0.0,,2009,441.0,24.0,LAC,PG,1.0,0.0,0.0,0.0,0.0,,0.0,0.0,,0.0,0.0,,,0.0,0.0,,0.0,0.0,0.0,0.0,0.0,0.0,0.0,0.0,0.0,,0,0,1
5.0,Blake Griffin,21.0,LAC,PF,82.0,82.0,3112.0,21.9,0.549,0.017,0.505,10.2,26.9,18.6,18.7,1.0,1.1,11.7,27.3,6.5,3.4,9.8,0.152,3.0,-0.3,2.6,3.6,"MVP-10,ROY-1,AS",2010,12.0,21.0,LAC,PF,82.0,82.0,38.0,8.5,16.8,0.506,0.1,0.3,0.292,8.4,16.5,0.51,0.508,5.4,8.5,0.642,3.3,8.8,12.1,3.8,0.8,0.5,2.7,3.1,22.5,"MVP-10,ROY-1,AS",1,1,1
42.0,John Wall,20.0,WAS,PG,69.0,64.0,2606.0,15.8,0.494,0.118,0.404,1.5,12.8,6.9,36.0,2.4,1.0,18.6,23.8,0.3,1.9,2.2,0.041,0.0,-0.8,-0.8,0.8,ROY-2,2010,47.0,20.0,WAS,PG,69.0,64.0,37.8,5.8,14.1,0.409,0.5,1.7,0.296,5.3,12.4,0.425,0.427,4.4,5.7,0.766,0.5,4.1,4.6,8.3,1.8,0.5,3.8,2.5,16.4,ROY-2,1,1,1
52.0,Landry Fields,22.0,NYK,SG,82.0,81.0,2541.0,13.5,0.598,0.364,0.244,4.7,18.9,11.7,9.0,1.6,0.5,13.8,13.5,3.4,1.8,5.3,0.1,0.6,-0.4,0.2,1.4,ROY-4,2010,157.0,22.0,NYK,SG,82.0,81.0,31.0,3.6,7.3,0.497,1.0,2.7,0.393,2.6,4.7,0.556,0.568,1.4,1.8,0.769,1.3,5.1,6.4,1.9,1.0,0.2,1.3,1.4,9.7,ROY-4,1,1,1
80.0,DeMarcus Cousins,20.0,SAC,C,81.0,62.0,2309.0,14.6,0.484,0.018,0.4,10.4,24.4,17.2,14.7,1.9,2.1,18.5,27.2,-1.9,2.9,1.1,0.022,-2.7,0.1,-2.6,-0.4,ROY-3,2010,69.0,20.0,SAC,C,81.0,62.0,28.5,5.3,12.4,0.43,0.0,0.2,0.167,5.3,12.2,0.435,0.432,3.4,5.0,0.687,2.7,6.0,8.6,2.5,1.0,0.8,3.3,4.1,14.1,ROY-3,1,1,1
92.0,Greg Monroe,20.0,DET,C,80.0,48.0,2222.0,18.0,0.575,0.002,0.424,13.0,20.4,16.5,7.5,2.3,1.6,11.0,15.4,4.7,1.9,6.6,0.143,0.9,-0.5,0.4,1.4,ROY-6,2010,164.0,20.0,DET,C,80.0,48.0,27.8,3.8,6.9,0.551,0.0,0.0,0.0,3.8,6.9,0.552,0.551,1.8,2.9,0.622,3.1,4.4,7.5,1.3,1.2,0.6,1.0,2.5,9.4,ROY-6,1,2,1
119.0,Wesley Johnson,23.0,MIN,SG,79.0,63.0,2069.0,10.2,0.491,0.424,0.135,2.7,10.4,6.4,11.0,1.4,2.0,11.6,16.8,0.4,0.9,1.3,0.03,-1.3,-0.4,-1.7,0.2,,2010,173.0,23.0,MIN,SG,79.0,63.0,26.2,3.4,8.6,0.397,1.3,3.7,0.356,2.1,5.0,0.427,0.473,0.8,1.2,0.696,0.6,2.4,3.0,1.9,0.7,0.7,1.2,2.1,9.0,,1,2,1
143.0,Eric Bledsoe,21.0,LAC,PG,81.0,25.0,1841.0,10.8,0.499,0.239,0.274,4.4,9.8,7.1,24.2,2.6,1.1,26.3,17.9,-1.3,1.6,0.3,0.008,-2.4,0.2,-2.2,-0.1,,2010,233.0,21.0,LAC,PG,81.0,25.0,22.7,2.5,6.0,0.424,0.4,1.4,0.276,2.1,4.6,0.47,0.457,1.2,1.6,0.744,0.8,1.9,2.8,3.6,1.1,0.3,2.4,1.6,6.7,,1,2,1
146.0,Evan Turner,22.0,PHI,SG,78.0,14.0,1797.0,10.8,0.484,0.083,0.236,2.7,16.9,9.8,13.4,1.4,0.6,12.0,17.0,0.0,2.2,2.3,0.06,-2.6,0.4,-2.2,-0.1,,2010,221.0,22.0,PHI,SG,78.0,14.0,23.0,2.9,6.8,0.425,0.2,0.6,0.318,2.7,6.2,0.435,0.439,1.3,1.6,0.808,0.5,3.4,3.9,2.0,0.6,0.2,1.0,1.8,7.2,,0,0,1
166.0,Gary Neal,26.0,SAS,SG,80.0,1.0,1685.0,13.1,0.578,0.487,0.165,1.5,11.8,6.8,9.1,0.8,0.2,10.3,20.6,2.1,1.4,3.5,0.099,0.5,-0.8,-0.3,0.7,ROY-5,2010,155.0,26.0,SAS,SG,80.0,1.0,21.1,3.6,7.9,0.451,1.6,3.9,0.419,2.0,4.1,0.481,0.553,1.1,1.3,0.808,0.3,2.2,2.5,1.2,0.3,0.1,1.0,1.9,9.8,ROY-5,1,1,1
179.0,Ed Davis,21.0,TOR,PF,65.0,17.0,1602.0,15.8,0.583,0.0,0.343,12.1,22.3,17.1,3.8,1.3,3.2,10.1,13.3,2.9,1.1,4.0,0.119,-0.2,-0.8,-0.9,0.4,,2010,205.0,21.0,TOR,PF,65.0,17.0,24.6,3.3,5.7,0.576,0.0,0.0,,3.3,5.7,0.576,0.576,1.1,2.0,0.555,2.6,4.5,7.1,0.6,0.6,1.0,0.7,2.8,7.7,,0,0,1
194.0,Derrick Favors,19.0,2TM,PF,78.0,27.0,1535.0,13.9,0.542,0.0,0.416,12.9,19.1,16.0,4.2,1.0,3.5,13.5,17.1,1.5,1.4,2.9,0.091,-2.6,-0.6,-3.2,-0.5,,2010,229.0,19.0,2TM,PF,78.0,27.0,19.7,2.8,5.3,0.517,0.0,0.0,,2.8,5.3,0.517,0.517,1.3,2.2,0.595,2.2,3.1,5.3,0.5,0.4,0.9,1.0,3.2,6.8,,1,2,1
205.0,Al-Farouq Aminu,20.0,LAC,SF,81.0,14.0,1452.0,9.6,0.499,0.352,0.293,6.1,15.4,10.8,6.4,2.1,1.3,18.3,17.3,-0.8,1.4,0.7,0.022,-2.7,-0.1,-2.8,-0.3,,2010,257.0,20.0,LAC,SF,81.0,14.0,17.9,2.0,5.0,0.394,0.6,1.8,0.315,1.4,3.2,0.437,0.45,1.1,1.5,0.773,0.9,2.4,3.3,0.7,0.7,0.3,1.3,1.5,5.6,,0,0,1
223.0,Paul George,20.0,IND,SG,61.0,19.0,1265.0,13.0,0.542,0.349,0.256,3.3,16.3,9.8,8.3,2.5,1.5,13.7,17.8,0.5,1.9,2.4,0.091,-1.6,1.4,-0.1,0.6,,2010,203.0,20.0,IND,SG,61.0,19.0,20.7,2.9,6.5,0.453,0.7,2.3,0.297,2.3,4.2,0.537,0.505,1.3,1.7,0.762,0.6,3.1,3.7,1.1,1.0,0.4,1.1,2.1,7.8,,1,2,1
229.0,Gordon Hayward,20.0,UTA,SF,72.0,17.0,1218.0,10.7,0.578,0.253,0.331,4.0,9.8,6.9,10.2,1.3,1.3,17.3,15.3,0.8,0.4,1.2,0.048,-1.2,-1.1,-2.2,-0.1,,2010,271.0,20.0,UTA,SF,72.0,17.0,16.9,2.0,4.1,0.485,0.5,1.0,0.473,1.5,3.0,0.489,0.544,1.0,1.3,0.711,0.6,1.4,1.9,1.1,0.4,0.3,1.0,1.5,5.4,,0,0,1
248.0,Trevor Booker,23.0,WAS,PF,65.0,14.0,1063.0,15.3,0.582,0.004,0.399,10.2,17.0,13.5,5.2,1.4,3.0,11.3,13.9,1.8,0.8,2.6,0.119,-0.6,-0.3,-0.9,0.3,,2010,276.0,23.0,WAS,PF,65.0,14.0,16.4,2.1,3.9,0.549,0.0,0.0,0.0,2.1,3.9,0.552,0.549,1.0,1.6,0.673,1.5,2.4,3.9,0.5,0.4,0.6,0.6,1.8,5.3,,0,0,1
251.0,Ekpe Udoh,23.0,GSW,C,58.0,18.0,1030.0,9.7,0.472,0.0,0.288,8.6,11.4,10.0,5.4,1.1,6.4,16.1,12.8,0.0,0.7,0.7,0.032,-4.4,0.6,-3.8,-0.5,,2010,328.0,23.0,GSW,C,58.0,18.0,17.8,1.7,3.8,0.437,0.0,0.0,,1.7,3.8,0.437,0.437,0.7,1.1,0.656,1.4,1.7,3.1,0.7,0.4,1.5,0.8,2.5,4.1,,0,0,1
252.0,Jordan Crawford,22.0,2TM,SG,42.0,18.0,1027.0,11.8,0.456,0.256,0.168,3.4,8.6,5.9,19.8,2.0,0.2,13.4,27.0,-1.0,0.5,-0.6,-0.026,-1.5,-2.3,-3.8,-0.5,,2010,108.0,22.0,2TM,SG,42.0,18.0,24.5,4.6,11.9,0.384,0.8,3.0,0.258,3.8,8.9,0.427,0.417,1.7,2.0,0.869,0.7,1.8,2.5,2.8,0.9,0.1,2.0,1.5,11.7,,0,0,1
259.0,Ömer Aşık,24.0,CHI,C,82.0,0.0,989.0,11.8,0.559,0.0,1.028,13.7,22.3,18.1,4.7,1.1,4.3,23.8,12.5,0.5,2.2,2.7,0.13,-3.6,1.8,-1.8,0.1,,2010,371.0,24.0,CHI,C,82.0,0.0,12.1,1.0,1.7,0.553,0.0,0.0,,1.0,1.7,0.553,0.553,0.9,1.8,0.503,1.4,2.4,3.7,0.4,0.2,0.7,0.8,1.9,2.8,,0,0,1
265.0,Christian Eyenga,21.0,CLE,SF,44.0,18.0,947.0,9.0,0.476,0.297,0.092,3.2,12.0,7.5,6.2,1.9,2.3,12.9,17.5,-0.8,0.5,-0.3,-0.016,-3.4,-0.6,-4.0,-0.5,,2010,228.0,21.0,CLE,SF,44.0,18.0,21.5,3.0,7.0,0.425,0.6,2.1,0.275,2.4,4.9,0.488,0.466,0.4,0.6,0.643,0.6,2.2,2.8,0.8,0.8,0.6,1.1,1.8,6.9,,0,0,1
268.0,Manny Harris,21.0,CLE,SG,54.0,15.0,933.0,10.4,0.486,0.318,0.322,4.3,13.2,8.6,14.8,1.7,0.6,16.0,19.1,-0.4,0.4,0.0,0.002,-2.3,-1.2,-3.5,-0.4,,2010,252.0,21.0,CLE,SG,54.0,15.0,17.3,2.0,5.4,0.374,0.6,1.7,0.37,1.4,3.6,0.376,0.433,1.3,1.7,0.763,0.7,1.9,2.6,1.6,0.6,0.1,1.2,1.2,5.9,,0,0,1
274.0,Nikola Peković,25.0,MIN,C,65.0,11.0,887.0,11.2,0.573,0.0,0.433,11.0,13.2,12.1,4.8,1.0,3.0,22.5,19.4,0.2,0.5,0.6,0.035,-4.8,-0.9,-5.7,-0.8,,2010,269.0,25.0,MIN,C,65.0,11.0,13.6,2.1,4.0,0.517,0.0,0.0,,2.1,4.0,0.517,0.517,1.3,1.8,0.763,1.4,1.6,3.0,0.4,0.3,0.5,1.4,2.8,5.5,,0,0,1
276.0,Larry Sanders,22.0,MIL,C,60.0,12.0,872.0,11.0,0.448,0.0,0.187,7.7,16.3,11.9,3.2,1.3,6.5,11.6,17.6,-0.7,1.8,1.0,0.057,-5.2,1.7,-3.5,-0.3,,2010,317.0,22.0,MIL,C,60.0,12.0,14.5,1.9,4.5,0.433,0.0,0.0,,1.9,4.5,0.433,0.433,0.5,0.8,0.56,1.0,2.0,3.0,0.3,0.4,1.2,0.6,2.0,4.3,,0,0,1
277.0,Patrick Patterson,21.0,HOU,PF,52.0,6.0,868.0,16.7,0.574,0.007,0.157,11.2,14.9,13.1,7.6,1.0,3.0,9.8,16.1,1.7,0.7,2.4,0.134,0.4,-0.1,0.3,0.5,,2010,246.0,21.0,HOU,PF,52.0,6.0,16.7,2.9,5.1,0.558,0.0,0.0,0.0,2.9,5.1,0.562,0.558,0.6,0.8,0.714,1.7,2.2,3.8,0.8,0.3,0.7,0.6,1.5,6.3,,0,0,1
281.0,Greivis Vásquez,24.0,MEM,PG,70.0,1.0,860.0,9.4,0.493,0.369,0.189,1.7,8.6,5.1,25.3,1.3,0.4,21.7,16.9,-0.1,0.7,0.5,0.03,-2.4,-0.9,-3.3,-0.3,,2010,346.0,24.0,MEM,PG,70.0,1.0,12.3,1.4,3.3,0.408,0.4,1.2,0.291,1.0,2.1,0.476,0.461,0.5,0.6,0.773,0.2,0.9,1.0,2.2,0.3,0.1,1.0,1.2,3.6,,0,0,1
283.0,Eugene Jeter,27.0,SAC,PG,62.0,1.0,858.0,11.1,0.46,0.116,0.158,1.2,8.3,4.6,28.4,1.7,0.2,15.5,16.5,0.2,0.5,0.7,0.037,-2.2,-1.1,-3.3,-0.3,,2010,325.0,27.0,SAC,PG,62.0,1.0,13.8,1.7,4.2,0.409,0.1,0.5,0.2,1.6,3.7,0.437,0.421,0.6,0.7,0.902,0.1,1.0,1.1,2.6,0.5,0.0,0.8,0.9,4.1,,0,0,1
291.0,Gary Forbes,25.0,DEN,SF,63.0,11.0,791.0,11.7,0.524,0.212,0.319,4.2,12.5,8.5,9.7,1.5,0.6,12.9,20.1,0.3,0.7,0.9,0.055,-2.0,-0.8,-2.9,-0.2,,2010,281.0,25.0,DEN,SF,63.0,11.0,12.6,2.0,4.3,0.454,0.3,0.9,0.328,1.7,3.4,0.488,0.489,0.9,1.4,0.678,0.4,1.4,1.8,0.8,0.4,0.1,0.7,1.2,5.2,,0,0,1
301.0,Tiago Splitter,26.0,SAS,C,60.0,6.0,738.0,16.0,0.55,0.005,0.733,11.6,19.8,15.8,5.3,2.0,1.6,11.2,17.7,1.1,1.1,2.3,0.149,-1.3,0.5,-0.8,0.2,,2010,303.0,26.0,SAS,C,60.0,6.0,12.3,1.7,3.2,0.529,0.0,0.0,0.0,1.7,3.2,0.532,0.529,1.3,2.3,0.543,1.2,2.2,3.4,0.4,0.5,0.3,0.5,1.5,4.6,,0,0,1
302.0,Quincy Pondexter,22.0,NOH,SF,66.0,6.0,734.0,8.5,0.482,0.278,0.189,3.8,10.8,7.3,5.9,1.3,1.1,7.6,13.7,0.2,0.7,0.9,0.06,-2.4,0.1,-2.3,-0.1,,2010,373.0,22.0,NOH,SF,66.0,6.0,11.1,1.1,2.7,0.406,0.3,0.8,0.36,0.8,2.0,0.423,0.456,0.4,0.5,0.706,0.3,1.0,1.3,0.4,0.3,0.2,0.2,1.0,2.8,,0,0,1
308.0,Samardo Samuels,22.0,CLE,PF,37.0,10.0,701.0,11.7,0.498,0.012,0.456,12.0,14.0,13.0,4.2,1.1,2.0,15.5,22.1,-0.3,0.3,0.0,0.002,-3.6,-2.2,-5.8,-0.7,,2010,204.0,22.0,CLE,PF,37.0,10.0,18.9,3.0,6.5,0.456,0.0,0.1,0.0,3.0,6.4,0.462,0.456,1.8,3.0,0.618,2.0,2.2,4.3,0.5,0.4,0.5,1.4,2.4,7.8,,0,0,1
314.0,Luke Harangody,23.0,2TM,PF,49.0,0.0,640.0,10.1,0.444,0.32,0.126,7.5,18.9,13.2,7.6,1.2,2.0,6.9,16.8,-0.1,0.7,0.6,0.048,-3.3,-0.4,-3.7,-0.3,,2010,333.0,23.0,2TM,PF,49.0,0.0,13.1,1.6,4.2,0.383,0.3,1.3,0.242,1.3,2.9,0.45,0.422,0.4,0.5,0.731,0.8,2.1,2.9,0.6,0.3,0.3,0.3,1.6,3.9,,0,0,1
315.0,Kevin Séraphin,21.0,WAS,PF,58.0,1.0,635.0,8.4,0.479,0.0,0.211,13.9,13.4,13.7,2.4,1.4,3.4,20.7,14.1,-0.2,0.5,0.2,0.017,-5.8,-1.0,-6.9,-0.8,,2010,375.0,21.0,WAS,PF,58.0,1.0,10.9,1.1,2.5,0.449,0.0,0.0,,1.1,2.5,0.449,0.449,0.4,0.5,0.71,1.4,1.2,2.6,0.2,0.3,0.5,0.7,2.2,2.7,,0,0,1
321.0,Semih Erden,24.0,2TM,C,41.0,8.0,595.0,10.3,0.593,0.0,0.541,7.9,15.8,12.1,5.1,1.3,3.1,19.8,13.7,0.3,1.1,1.4,0.115,-4.6,1.6,-3.0,-0.1,,2010,329.0,24.0,2TM,C,41.0,8.0,14.5,1.5,2.7,0.559,0.0,0.0,,1.5,2.7,0.559,0.559,1.0,1.5,0.65,0.9,2.0,2.9,0.5,0.4,0.6,0.8,2.5,4.0,,0,0,1
335.0,Xavier Henry,19.0,MEM,SG,38.0,16.0,527.0,7.0,0.451,0.106,0.325,2.0,6.4,4.2,5.0,1.1,0.5,6.6,16.8,-0.1,0.3,0.2,0.021,-4.5,-0.8,-5.3,-0.4,,2010,316.0,19.0,MEM,SG,38.0,16.0,13.9,1.7,4.2,0.406,0.1,0.4,0.118,1.7,3.8,0.441,0.413,0.9,1.4,0.635,0.2,0.7,1.0,0.5,0.3,0.1,0.3,1.3,4.3,,0,0,1
336.0,Timofey Mozgov,24.0,2TM,C,45.0,14.0,524.0,10.8,0.523,0.0,0.391,10.0,16.4,13.2,4.2,1.4,3.5,18.3,16.2,0.1,0.5,0.6,0.053,-4.3,-0.4,-4.7,-0.3,,2010,342.0,24.0,2TM,C,45.0,14.0,11.6,1.4,3.0,0.474,0.0,0.0,,1.4,3.0,0.474,0.474,0.8,1.2,0.712,1.0,1.7,2.7,0.3,0.3,0.6,0.8,1.9,3.6,,0,0,1
348.0,Jeremy Evans,23.0,UTA,SF,49.0,3.0,463.0,18.8,0.678,0.009,0.322,9.3,16.1,12.6,8.5,1.9,3.0,12.6,14.9,1.2,0.4,1.6,0.167,1.5,0.6,2.1,0.5,,2010,344.0,23.0,UTA,SF,49.0,3.0,9.4,1.6,2.3,0.661,0.0,0.0,0.0,1.6,2.3,0.667,0.661,0.5,0.8,0.703,0.7,1.2,2.0,0.5,0.3,0.3,0.4,1.0,3.6,,0,0,1
354.0,Ish Smith,22.0,2TM,PG,43.0,3.0,442.0,7.6,0.406,0.087,0.183,1.8,10.3,6.1,25.5,2.1,0.3,21.5,15.9,-0.5,0.4,-0.1,-0.016,-4.5,-0.5,-5.0,-0.3,,2010,388.0,22.0,2TM,PG,43.0,3.0,10.3,1.0,2.7,0.374,0.1,0.2,0.3,0.9,2.4,0.381,0.387,0.3,0.5,0.571,0.2,0.9,1.1,1.8,0.4,0.0,0.8,0.9,2.3,,0,0,1
355.0,Ben Uzoh,22.0,NJN,PG,42.0,0.0,438.0,14.7,0.468,0.056,0.389,7.9,8.6,8.2,26.7,1.6,1.4,12.9,20.5,0.2,0.2,0.5,0.054,0.4,-1.0,-0.6,0.2,,2010,340.0,22.0,NJN,PG,42.0,0.0,10.4,1.5,3.4,0.424,0.1,0.2,0.375,1.4,3.2,0.426,0.434,0.8,1.3,0.589,0.7,0.7,1.5,1.6,0.3,0.2,0.6,0.7,3.8,,0,0,1
358.0,Lazar Hayward,24.0,MIN,SF,42.0,0.0,419.0,10.8,0.464,0.39,0.273,5.9,12.8,9.3,10.3,1.4,1.3,9.9,19.5,0.1,0.2,0.3,0.035,-1.6,-1.3,-2.9,-0.1,,2010,339.0,24.0,MIN,SF,42.0,0.0,10.0,1.3,3.7,0.357,0.4,1.4,0.283,0.9,2.2,0.404,0.412,0.8,1.0,0.786,0.5,1.1,1.7,0.7,0.3,0.2,0.5,1.0,3.8,,0,0,1
360.0,Damion James,23.0,NJN,SF,25.0,9.0,403.0,10.1,0.477,0.029,0.272,4.8,20.5,12.5,8.1,2.1,2.3,17.8,16.2,-0.4,0.5,0.1,0.015,-3.8,1.1,-2.6,-0.1,,2010,309.0,23.0,NJN,SF,25.0,9.0,16.1,1.8,4.1,0.447,0.0,0.1,0.0,1.8,4.0,0.46,0.447,0.7,1.1,0.643,0.7,2.7,3.4,0.8,0.6,0.5,1.0,1.4,4.4,,0,0,1
381.0,Zabian Dowdell,26.0,PHO,PG,24.0,0.0,292.0,11.7,0.457,0.08,0.136,2.0,5.9,4.0,27.7,3.5,0.5,18.0,25.0,-0.4,0.2,-0.1,-0.019,-3.9,0.2,-3.6,-0.1,,2010,290.0,26.0,PHO,PG,24.0,0.0,12.2,2.1,5.2,0.408,0.1,0.4,0.3,2.0,4.8,0.417,0.42,0.7,0.7,0.941,0.2,0.6,0.8,2.1,0.8,0.1,1.2,1.3,5.0,,0,0,1
383.0,James Anderson,21.0,SAS,SF,26.0,2.0,286.0,8.5,0.529,0.568,0.222,0.8,8.3,4.7,9.2,0.5,1.5,12.8,16.4,0.1,0.2,0.3,0.051,-1.1,-0.6,-1.7,0.0,,2010,343.0,21.0,SAS,SF,26.0,2.0,11.0,1.2,3.1,0.383,0.7,1.8,0.391,0.5,1.3,0.371,0.494,0.5,0.7,0.778,0.1,0.8,0.9,0.7,0.1,0.2,0.5,0.9,3.6,,0,0,1
384.0,Jeremy Lin,22.0,GSW,PG,29.0,0.0,285.0,14.8,0.458,0.069,0.347,4.7,8.9,6.8,20.4,5.9,2.4,17.8,15.6,0.0,0.4,0.5,0.078,-2.1,4.4,2.2,0.3,,2010,378.0,22.0,GSW,PG,29.0,0.0,9.8,1.0,2.5,0.389,0.0,0.2,0.2,0.9,2.3,0.403,0.396,0.7,0.9,0.76,0.4,0.8,1.2,1.4,1.1,0.3,0.6,1.1,2.6,,0,0,1
385.0,Armon Johnson,21.0,POR,PG,38.0,0.0,277.0,9.3,0.497,0.119,0.218,4.7,11.5,7.9,28.1,1.0,0.3,25.6,25.1,-0.4,0.2,-0.3,-0.044,-3.3,-1.9,-5.1,-0.2,,2010,368.0,21.0,POR,PG,38.0,0.0,7.3,1.2,2.7,0.455,0.1,0.3,0.417,1.1,2.3,0.461,0.48,0.3,0.6,0.591,0.3,0.7,0.9,1.2,0.1,0.0,1.0,0.8,2.9,,0,0,1
387.0,Derrick Caracter,22.0,LAL,C,41.0,0.0,215.0,10.0,0.532,0.0,0.348,10.3,12.2,11.3,5.1,1.0,3.5,20.0,20.2,0.0,0.3,0.3,0.057,-6.6,-0.5,-7.1,-0.3,,2010,401.0,22.0,LAL,C,41.0,0.0,5.2,0.8,1.6,0.485,0.0,0.0,,0.8,1.6,0.485,0.485,0.4,0.6,0.739,0.5,0.6,1.0,0.2,0.1,0.2,0.5,1.1,2.0,,0,0,1
391.0,Jeff Adrien,24.0,GSW,PF,23.0,0.0,196.0,11.3,0.457,0.0,0.352,13.0,20.7,16.8,7.3,1.0,1.9,12.6,16.1,0.1,0.1,0.2,0.051,-3.3,-2.0,-5.3,-0.2,,2010,380.0,24.0,GSW,PF,23.0,0.0,8.5,1.0,2.3,0.426,0.0,0.0,,1.0,2.3,0.426,0.426,0.5,0.8,0.579,1.0,1.5,2.5,0.4,0.2,0.2,0.4,1.2,2.5,,0,0,1
398.0,Avery Bradley,20.0,BOS,PG,31.0,0.0,162.0,2.2,0.36,0.075,0.179,3.2,9.3,6.5,11.9,3.0,0.0,18.1,26.1,-0.8,0.3,-0.5,-0.139,-10.8,-0.3,-11.1,-0.4,,2010,413.0,20.0,BOS,PG,31.0,0.0,5.2,0.7,2.2,0.343,0.0,0.2,0.0,0.7,2.0,0.371,0.343,0.2,0.4,0.5,0.1,0.4,0.5,0.4,0.3,0.0,0.5,0.6,1.7,,0,0,1
399.0,Mustafa Shakur,26.0,WAS,PG,22.0,0.0,159.0,6.8,0.389,0.169,0.254,4.8,11.2,7.9,24.9,1.6,1.4,21.5,23.2,-0.5,0.1,-0.4,-0.112,-4.7,-1.9,-6.6,-0.2,,2010,391.0,26.0,WAS,PG,22.0,0.0,7.2,1.0,2.7,0.356,0.0,0.5,0.1,0.9,2.2,0.408,0.364,0.4,0.7,0.533,0.3,0.7,1.0,1.1,0.2,0.1,0.8,0.7,2.3,,0,0,1
402.0,Larry Owens,28.0,2TM,SF,12.0,0.0,143.0,11.2,0.556,0.406,0.281,0.8,11.4,6.0,8.4,3.2,2.7,12.2,12.7,0.1,0.2,0.2,0.083,-1.8,2.4,0.6,0.1,,2010,354.0,28.0,2TM,SF,12.0,0.0,11.9,1.3,2.7,0.469,0.5,1.1,0.462,0.8,1.6,0.474,0.563,0.3,0.8,0.444,0.1,1.2,1.3,0.7,0.8,0.4,0.4,1.5,3.3,,0,0,1
403.0,Cole Aldrich,22.0,OKC,C,18.0,0.0,142.0,7.0,0.537,0.0,0.267,11.1,17.5,14.4,4.0,1.8,3.6,32.3,7.9,0.0,0.2,0.2,0.066,-5.6,1.6,-4.0,-0.1,,2010,430.0,22.0,OKC,C,18.0,0.0,7.9,0.4,0.8,0.533,0.0,0.0,,0.4,0.8,0.533,0.533,0.1,0.2,0.5,0.7,1.2,1.9,0.2,0.3,0.4,0.4,1.7,1.0,,0,0,1
404.0,Chris Johnson,25.0,2TM,C,14.0,1.0,138.0,10.2,0.554,0.0,0.952,10.3,18.2,14.2,3.2,1.2,5.3,25.1,13.5,0.0,0.2,0.2,0.08,-5.2,1.1,-4.2,-0.1,,2010,385.0,25.0,2TM,C,14.0,1.0,9.9,0.6,1.5,0.429,0.0,0.0,,0.6,1.5,0.429,0.429,1.1,1.4,0.75,0.9,1.4,2.3,0.2,0.2,0.6,0.7,1.5,2.4,,0,0,1
405.0,Luke Babbitt,21.0,POR,SF,24.0,0.0,137.0,1.0,0.305,0.291,0.164,5.1,22.4,13.4,6.9,0.8,1.2,11.9,22.8,-0.6,0.1,-0.4,-0.143,-8.3,-2.5,-10.8,-0.3,,2010,422.0,21.0,POR,SF,24.0,0.0,5.7,0.6,2.3,0.273,0.1,0.7,0.188,0.5,1.6,0.308,0.3,0.1,0.4,0.333,0.3,1.0,1.3,0.3,0.1,0.1,0.3,0.6,1.5,,0,0,1
406.0,Dominique Jones,22.0,DAL,SG,18.0,0.0,135.0,10.6,0.4,0.089,0.378,5.4,15.9,10.8,20.8,1.9,1.7,16.0,21.7,-0.2,0.2,0.0,0.007,-2.5,1.6,-0.9,0.0,,2010,390.0,22.0,DAL,SG,18.0,0.0,7.5,0.8,2.5,0.311,0.0,0.2,0.0,0.8,2.3,0.341,0.311,0.8,0.9,0.824,0.3,1.1,1.4,1.1,0.3,0.2,0.6,0.4,2.3,,0,0,1
407.0,Willie Warren,21.0,LAC,PG,19.0,0.0,134.0,10.8,0.48,0.429,0.229,0.9,9.5,5.2,30.4,2.3,0.0,17.2,15.5,0.1,0.1,0.2,0.065,-2.4,-0.3,-2.7,0.0,,2010,408.0,21.0,LAC,PG,19.0,0.0,7.1,0.7,1.8,0.371,0.3,0.8,0.333,0.4,1.1,0.4,0.443,0.3,0.4,0.75,0.1,0.6,0.6,1.4,0.3,0.0,0.4,0.8,1.9,,0,0,1
410.0,Devin Ebanks,21.0,LAL,SG,20.0,0.0,118.0,19.4,0.507,0.098,0.451,14.9,11.1,13.0,2.8,1.8,3.2,8.9,25.9,0.2,0.2,0.4,0.144,0.1,-2.1,-2.0,0.0,,2010,364.0,21.0,LAL,SG,20.0,0.0,5.9,1.1,2.6,0.412,0.1,0.3,0.4,1.0,2.3,0.413,0.431,0.9,1.2,0.783,0.8,0.6,1.4,0.1,0.2,0.3,0.3,0.4,3.1,,0,0,1
412.0,Lance Stephenson,20.0,IND,SG,12.0,0.0,115.0,5.5,0.41,0.128,0.359,1.0,16.3,8.7,28.3,1.8,0.0,26.2,23.5,-0.4,0.1,-0.2,-0.093,-6.5,-0.6,-7.2,-0.2,,2010,367.0,20.0,IND,SG,12.0,0.0,9.6,1.1,3.3,0.333,0.0,0.4,0.0,1.1,2.8,0.382,0.333,0.9,1.2,0.786,0.1,1.4,1.5,1.8,0.3,0.0,1.3,1.2,3.1,,0,0,1
414.0,Garret Siler,24.0,PHO,C,21.0,0.0,101.0,13.5,0.553,0.0,0.71,18.3,13.7,16.0,4.7,0.5,2.9,19.7,22.6,0.1,0.1,0.1,0.054,-3.5,-2.3,-5.8,-0.1,,2010,396.0,24.0,PHO,C,21.0,0.0,4.8,0.8,1.5,0.548,0.0,0.0,,0.8,1.5,0.548,0.548,0.5,1.0,0.5,0.8,0.6,1.3,0.1,0.0,0.2,0.5,1.0,2.1,,0,0,1
421.0,Hamady N'Diaye,24.0,WAS,C,16.0,0.0,80.0,5.3,0.681,0.0,2.4,2.8,7.4,5.0,0.0,1.3,4.8,22.6,7.3,0.0,0.0,0.1,0.046,-6.9,0.6,-6.3,-0.1,,2010,437.0,24.0,WAS,C,16.0,0.0,5.0,0.3,0.3,0.8,0.0,0.0,,0.3,0.3,0.8,0.8,0.4,0.8,0.5,0.1,0.3,0.4,0.0,0.1,0.3,0.2,1.1,0.9,,0,0,1
427.0,Sherron Collins,23.0,CHA,PG,20.0,0.0,66.0,3.6,0.334,0.4,0.04,0.0,9.2,4.6,19.6,1.6,0.0,13.6,20.9,-0.2,0.0,-0.2,-0.121,-6.0,-2.1,-8.0,-0.1,,2010,436.0,23.0,CHA,PG,20.0,0.0,3.3,0.4,1.3,0.28,0.1,0.5,0.2,0.3,0.8,0.333,0.32,0.1,0.1,1.0,0.0,0.3,0.3,0.4,0.1,0.0,0.2,0.1,0.9,,0,0,1
429.0,Solomon Alabi,22.0,TOR,C,12.0,0.0,59.0,2.0,0.189,0.0,0.133,13.7,14.4,14.1,4.6,1.8,2.6,15.9,14.3,-0.2,0.0,-0.2,-0.142,-6.0,-2.9,-8.9,-0.1,,2010,443.0,22.0,TOR,C,12.0,0.0,4.9,0.3,1.3,0.2,0.0,0.0,,0.3,1.3,0.2,0.2,0.0,0.2,0.0,0.6,0.6,1.2,0.2,0.2,0.2,0.3,0.4,0.5,,0,0,1
435.0,Craig Brackins,23.0,PHI,PF,3.0,0.0,33.0,0.1,0.25,0.313,0.0,7.0,7.0,7.0,4.6,1.6,0.0,0.0,22.3,-0.1,0.0,-0.1,-0.154,-8.4,-4.1,-12.5,-0.1,,2010,374.0,23.0,PHI,PF,3.0,0.0,11.0,1.3,5.3,0.25,0.0,1.7,0.0,1.3,3.7,0.364,0.25,0.0,0.0,,0.7,0.7,1.3,0.3,0.3,0.0,0.0,1.0,2.7,,0,0,1
438.0,Andy Rautins,24.0,NYK,SG,5.0,0.0,24.0,-1.2,0.508,0.571,0.286,0.0,4.8,2.4,18.7,2.1,0.0,47.0,27.5,-0.2,0.0,-0.2,-0.314,-8.0,-5.2,-13.2,-0.1,,2010,419.0,24.0,NYK,SG,5.0,0.0,4.8,0.6,1.4,0.429,0.2,0.8,0.25,0.4,0.6,0.667,0.5,0.2,0.4,0.5,0.0,0.2,0.2,0.6,0.2,0.0,1.4,0.0,1.6,,0,0,1
441.0,Pape Sy,22.0,ATL,SF,3.0,0.0,21.0,9.2,0.478,0.167,0.5,11.6,5.7,8.6,14.5,2.6,0.0,29.1,23.3,0.0,0.0,0.0,-0.047,-3.5,-2.5,-6.0,0.0,,2010,392.0,22.0,ATL,SF,3.0,0.0,7.0,0.7,2.0,0.333,0.0,0.3,0.0,0.7,1.7,0.4,0.333,1.0,1.0,1.0,0.7,0.3,1.0,0.7,0.3,0.0,1.0,0.3,2.3,,0,0,1
442.0,Patrick Ewing,26.0,NOH,SF,7.0,0.0,19.0,0.6,0.222,0.4,0.8,6.4,6.4,6.4,14.2,0.0,4.4,12.9,19.5,-0.1,0.0,-0.1,-0.158,-5.6,-3.4,-9.1,0.0,,2010,445.0,26.0,NOH,SF,7.0,0.0,2.7,0.0,0.7,0.0,0.0,0.3,0.0,0.0,0.4,0.0,0.0,0.4,0.6,0.75,0.1,0.1,0.3,0.3,0.0,0.1,0.1,0.1,0.4,,0,0,1
443.0,Marcus Cousin,24.0,UTA,C,4.0,0.0,18.0,7.8,0.667,0.0,0.0,0.0,20.3,10.1,0.0,0.0,4.5,25.0,10.2,0.0,0.0,0.0,0.008,-4.3,-2.7,-7.1,0.0,,2010,431.0,24.0,UTA,C,4.0,0.0,4.5,0.5,0.8,0.667,0.0,0.0,,0.5,0.8,0.667,0.667,0.0,0.0,,0.0,0.8,0.8,0.0,0.0,0.3,0.3,0.3,1.0,,0,0,1
447.0,Dexter Pittman,22.0,MIA,C,2.0,0.0,11.0,-6.4,0.333,0.0,0.0,11.5,20.4,16.2,0.0,0.0,0.0,40.0,21.3,-0.1,0.0,-0.1,-0.246,-15.1,-2.8,-17.9,0.0,,2010,435.0,22.0,MIA,C,2.0,0.0,5.5,0.5,1.5,0.333,0.0,0.0,,0.5,1.5,0.333,0.333,0.0,0.0,,0.5,1.0,1.5,0.0,0.0,0.0,1.0,1.0,1.0,,0,0,1
451.0,Gani Lawal,22.0,PHO,PF,1.0,0.0,2.0,-9.1,,,,0.0,0.0,0.0,0.0,0.0,0.0,,0.0,0.0,0.0,0.0,-0.009,-16.9,1.9,-15.0,0.0,,2010,449.0,22.0,PHO,PF,1.0,0.0,2.0,0.0,0.0,,0.0,0.0,,0.0,0.0,,,0.0,0.0,,0.0,0.0,0.0,0.0,0.0,0.0,0.0,1.0,0.0,,0,0,1
452.0,Hassan Whiteside,21.0,SAC,C,1.0,0.0,2.0,-17.9,,,,0.0,0.0,0.0,0.0,0.0,0.0,,0.0,0.0,0.0,0.0,0.007,-27.9,0.0,-27.9,0.0,,2010,452.0,21.0,SAC,C,1.0,0.0,2.0,0.0,0.0,,0.0,0.0,,0.0,0.0,,,0.0,0.0,,0.0,0.0,0.0,0.0,0.0,0.0,0.0,2.0,0.0,,0,0,1
23.0,Brandon Knight,20.0,DET,PG,66.0,60.0,2129.0,11.7,0.511,0.359,0.178,1.8,10.3,5.9,20.8,1.2,0.4,17.1,21.7,0.3,1.0,1.3,0.029,-0.9,-1.7,-2.6,-0.3,ROY-8,2011,83.0,20.0,DET,PG,66.0,60.0,32.3,4.8,11.7,0.415,1.6,4.2,0.38,3.2,7.5,0.434,0.483,1.6,2.1,0.759,0.5,2.7,3.2,3.8,0.7,0.2,2.6,2.3,12.8,ROY-8,0,0,1
73.0,Chandler Parsons,23.0,HOU,SF,63.0,57.0,1804.0,13.3,0.513,0.324,0.142,5.7,13.6,9.6,11.7,2.1,1.2,12.2,16.7,1.6,1.8,3.4,0.09,0.1,0.7,0.8,1.3,ROY-9,2011,166.0,23.0,HOU,SF,63.0,57.0,28.6,3.9,8.7,0.452,1.0,2.8,0.337,3.0,5.9,0.507,0.506,0.7,1.2,0.551,1.4,3.3,4.8,2.1,1.2,0.5,1.3,2.3,9.5,ROY-9,1,2,1
77.0,Kemba Walker,21.0,CHA,PG,66.0,25.0,1792.0,14.9,0.464,0.295,0.278,1.9,13.5,7.5,30.2,1.8,0.8,12.1,25.2,-0.2,0.5,0.3,0.009,0.7,-1.4,-0.8,0.6,ROY-11,2011,103.0,21.0,CHA,PG,66.0,25.0,27.2,4.3,11.6,0.366,1.0,3.4,0.305,3.2,8.2,0.392,0.411,2.5,3.2,0.789,0.5,3.1,3.5,4.4,0.9,0.3,1.8,1.2,12.1,ROY-11,0,0,1
99.0,Iman Shumpert,21.0,NYK,PG,59.0,35.0,1705.0,10.8,0.484,0.294,0.204,2.8,9.9,6.3,15.6,3.1,0.4,16.0,18.2,-0.1,2.5,2.4,0.068,-3.0,1.6,-1.4,0.2,"ROY-5,DPOY-14",2011,167.0,21.0,NYK,PG,59.0,35.0,28.9,3.6,9.1,0.401,0.8,2.7,0.306,2.8,6.4,0.44,0.446,1.5,1.8,0.798,0.7,2.4,3.2,2.8,1.7,0.1,1.9,2.9,9.5,"ROY-5,DPOY-14",0,0,1
104.0,Isaiah Thomas,22.0,SAC,PG,65.0,37.0,1656.0,17.6,0.574,0.384,0.324,3.0,8.4,5.6,25.6,1.6,0.4,13.9,19.8,4.2,0.0,4.3,0.124,2.4,-1.6,0.8,1.2,ROY-7,2011,116.0,22.0,SAC,PG,65.0,37.0,25.5,3.9,8.8,0.448,1.3,3.4,0.379,2.7,5.4,0.491,0.521,2.4,2.8,0.832,0.7,1.8,2.6,4.1,0.8,0.1,1.6,1.9,11.5,ROY-7,1,2,1
108.0,MarShon Brooks,23.0,NJN,SG,56.0,47.0,1648.0,12.9,0.502,0.234,0.231,4.8,9.4,7.0,14.6,1.7,0.7,14.3,22.9,0.5,0.3,0.8,0.022,-0.7,-1.7,-2.4,-0.2,ROY-10,2011,89.0,23.0,NJN,SG,56.0,47.0,29.4,4.9,11.4,0.428,0.8,2.7,0.313,4.1,8.8,0.463,0.465,2.0,2.6,0.764,1.3,2.3,3.6,2.3,0.9,0.3,2.1,2.1,12.6,ROY-10,1,2,1
117.0,Klay Thompson,21.0,GSW,SG,66.0,29.0,1608.0,14.9,0.545,0.373,0.127,1.7,9.6,5.7,14.2,1.6,1.0,12.0,24.7,1.4,0.3,1.7,0.05,0.3,-1.7,-1.4,0.2,ROY-6,2011,97.0,21.0,GSW,SG,66.0,29.0,24.4,4.8,10.9,0.443,1.7,4.1,0.414,3.1,6.8,0.46,0.52,1.2,1.4,0.868,0.4,2.1,2.4,2.0,0.7,0.3,1.6,2.3,12.5,ROY-6,1,1,1
122.0,Kyrie Irving,19.0,CLE,PG,51.0,51.0,1558.0,21.4,0.566,0.245,0.262,3.1,11.2,7.0,36.5,1.8,1.0,16.1,28.7,3.4,0.6,4.1,0.125,4.6,-0.5,4.1,2.4,ROY-1,2011,29.0,19.0,CLE,PG,51.0,51.0,30.5,6.9,14.6,0.469,1.4,3.6,0.399,5.4,11.1,0.491,0.517,3.4,3.8,0.872,0.9,2.9,3.7,5.4,1.1,0.4,3.1,2.2,18.5,ROY-1,1,1,1
129.0,Kawhi Leonard,20.0,SAS,SF,64.0,39.0,1534.0,16.6,0.573,0.27,0.218,7.9,16.4,12.2,6.6,2.9,1.1,9.0,14.5,3.1,2.4,5.5,0.171,1.6,1.8,3.4,2.1,ROY-4,2011,203.0,20.0,SAS,SF,64.0,39.0,24.0,3.1,6.3,0.493,0.6,1.7,0.376,2.5,4.6,0.536,0.543,1.1,1.4,0.773,1.6,3.5,5.1,1.1,1.3,0.4,0.7,1.4,7.9,ROY-4,0,0,1
146.0,Bismack Biyombo,19.0,CHA,C,63.0,41.0,1455.0,10.6,0.48,0.0,0.514,8.6,20.8,14.5,3.1,0.7,5.9,17.2,13.1,-0.5,1.1,0.6,0.019,-4.5,-0.2,-4.6,-1.0,,2011,286.0,19.0,CHA,C,63.0,41.0,23.1,2.0,4.4,0.464,0.0,0.0,,2.0,4.4,0.464,0.464,1.1,2.3,0.483,1.8,4.0,5.8,0.4,0.3,1.8,1.1,2.3,5.2,,0,0,1
152.0,Chris Singleton,22.0,WAS,SF,66.0,51.0,1431.0,8.3,0.462,0.407,0.141,3.4,15.1,9.2,5.0,2.5,1.6,10.3,11.5,0.1,1.5,1.5,0.052,-3.5,1.2,-2.2,-0.1,,2011,312.0,22.0,WAS,SF,66.0,51.0,21.7,1.8,4.7,0.372,0.7,1.9,0.346,1.1,2.8,0.389,0.442,0.5,0.7,0.682,0.7,2.9,3.5,0.7,1.1,0.5,0.6,2.7,4.6,,0,0,1
154.0,Tristan Thompson,20.0,CLE,PF,60.0,25.0,1424.0,13.3,0.469,0.005,0.434,14.4,16.8,15.5,3.3,1.0,3.3,13.3,19.2,0.3,0.9,1.1,0.038,-2.4,-2.3,-4.7,-1.0,,2011,200.0,20.0,CLE,PF,60.0,25.0,23.7,3.2,7.4,0.439,0.0,0.0,0.0,3.2,7.3,0.441,0.439,1.8,3.2,0.552,3.1,3.4,6.5,0.5,0.5,1.0,1.4,2.2,8.2,,1,2,1
156.0,Derrick Williams,20.0,MIN,PF,66.0,15.0,1418.0,12.9,0.499,0.277,0.392,6.0,18.4,12.2,4.5,1.1,1.6,11.7,20.7,0.6,1.2,1.8,0.059,-1.4,-0.7,-2.1,0.0,,2011,189.0,20.0,MIN,PF,66.0,15.0,21.5,3.1,7.5,0.412,0.6,2.1,0.268,2.5,5.5,0.467,0.449,2.1,3.0,0.697,1.2,3.5,4.7,0.6,0.5,0.5,1.2,1.4,8.8,,1,2,1
158.0,Ricky Rubio,21.0,MIN,PG,41.0,31.0,1404.0,14.6,0.476,0.242,0.404,1.6,11.9,6.7,37.4,3.3,0.4,22.2,18.7,0.5,1.5,2.0,0.07,-0.4,1.4,1.0,1.1,ROY-2,2011,138.0,21.0,MIN,PG,41.0,31.0,34.2,3.4,9.5,0.357,0.8,2.3,0.34,2.6,7.2,0.363,0.398,3.1,3.8,0.803,0.5,3.7,4.2,8.2,2.2,0.2,3.2,2.4,10.6,ROY-2,1,1,1
187.0,Norris Cole,23.0,MIA,PG,65.0,2.0,1260.0,7.9,0.452,0.169,0.189,2.1,6.4,4.3,17.0,1.8,0.1,17.7,21.8,-1.4,1.4,0.0,0.0,-4.9,-1.4,-6.3,-1.4,,2011,234.0,23.0,MIA,PG,65.0,2.0,19.4,2.7,6.9,0.393,0.3,1.2,0.276,2.4,5.8,0.417,0.417,1.0,1.3,0.776,0.3,1.1,1.4,2.0,0.7,0.0,1.6,1.9,6.8,,0,0,1
192.0,Markieff Morris,22.0,PHO,PF,63.0,7.0,1227.0,12.1,0.484,0.284,0.243,6.4,19.1,12.8,8.2,1.7,2.5,12.7,20.4,0.1,1.4,1.5,0.059,-2.6,0.5,-2.1,0.0,,2011,222.0,22.0,PHO,PF,63.0,7.0,19.5,2.8,6.9,0.399,0.7,2.0,0.347,2.1,5.0,0.42,0.448,1.2,1.7,0.717,1.1,3.3,4.4,1.0,0.7,0.7,1.1,2.8,7.4,,0,0,1
204.0,Jimmer Fredette,22.0,SAC,PG,61.0,7.0,1135.0,10.8,0.495,0.484,0.108,1.6,5.7,3.5,15.1,1.3,0.2,12.5,20.4,0.5,-0.2,0.3,0.012,-0.9,-2.5,-3.4,-0.4,,2011,213.0,22.0,SAC,PG,61.0,7.0,18.6,2.8,7.3,0.386,1.3,3.5,0.361,1.5,3.8,0.409,0.473,0.7,0.8,0.833,0.3,0.9,1.2,1.8,0.5,0.0,1.1,1.2,7.6,,0,0,1
211.0,Gustavo Ayón,26.0,NOH,PF,54.0,24.0,1088.0,16.7,0.552,0.004,0.241,9.6,19.3,14.5,11.5,2.6,3.5,13.7,14.5,1.5,1.7,3.2,0.142,0.0,2.5,2.5,1.2,,2011,258.0,26.0,NOH,PF,54.0,24.0,20.1,2.6,4.8,0.536,0.0,0.0,0.0,2.6,4.8,0.538,0.536,0.7,1.2,0.619,1.6,3.3,4.9,1.4,1.0,0.9,0.9,2.2,5.9,,0,0,1
214.0,Jan Veselý,21.0,WAS,PF,57.0,20.0,1078.0,11.5,0.544,0.005,0.284,10.5,15.6,13.0,6.7,1.9,2.3,19.7,12.7,0.7,1.0,1.7,0.076,-3.0,0.4,-2.6,-0.2,,2011,309.0,21.0,WAS,PF,57.0,20.0,18.9,2.1,3.8,0.537,0.0,0.0,0.0,2.1,3.8,0.539,0.537,0.6,1.1,0.532,1.8,2.6,4.4,0.8,0.7,0.6,1.1,2.7,4.7,,0,0,1
219.0,Kenneth Faried,22.0,DEN,PF,46.0,39.0,1037.0,21.9,0.618,0.0,0.531,16.5,22.9,19.8,5.5,1.7,3.6,12.4,18.7,3.2,1.3,4.6,0.212,2.4,-0.2,2.2,1.1,ROY-3,2011,145.0,22.0,DEN,PF,46.0,39.0,22.5,3.9,6.7,0.586,0.0,0.0,,3.9,6.7,0.586,0.586,2.4,3.6,0.665,3.1,4.6,7.7,0.8,0.7,1.0,1.2,2.5,10.2,ROY-3,1,1,1
240.0,Alec Burks,20.0,UTA,SG,59.0,0.0,939.0,14.0,0.506,0.126,0.401,6.9,9.3,8.1,9.5,1.5,0.4,10.8,22.5,1.1,0.4,1.5,0.076,-0.6,-1.4,-2.0,0.0,,2011,224.0,20.0,UTA,SG,59.0,0.0,15.9,2.6,6.1,0.429,0.3,0.8,0.333,2.3,5.3,0.442,0.45,1.8,2.4,0.727,1.0,1.3,2.2,0.9,0.5,0.1,0.9,1.4,7.2,,0,0,1
241.0,Ivan Johnson,27.0,ATL,PF,56.0,0.0,934.0,14.3,0.558,0.022,0.364,8.2,20.1,14.2,5.7,2.4,1.5,17.8,19.5,0.5,1.7,2.2,0.113,-2.8,0.6,-2.2,0.0,,2011,244.0,27.0,ATL,PF,56.0,0.0,16.7,2.5,4.9,0.513,0.0,0.1,0.333,2.5,4.8,0.517,0.516,1.3,1.8,0.72,1.2,2.9,4.0,0.6,0.8,0.3,1.2,2.1,6.4,,0,0,1
251.0,Charles Jenkins,22.0,GSW,PG,51.0,28.0,893.0,12.4,0.482,0.069,0.134,1.0,7.6,4.3,29.9,1.9,0.5,16.3,19.0,0.4,0.1,0.5,0.028,-2.7,-1.5,-4.2,-0.5,,2011,262.0,22.0,GSW,PG,51.0,28.0,17.5,2.5,5.7,0.447,0.1,0.4,0.15,2.5,5.3,0.469,0.452,0.7,0.8,0.872,0.2,1.2,1.3,3.3,0.6,0.1,1.2,1.7,5.8,,0,0,1
254.0,Enes Freedom,19.0,UTA,C,66.0,0.0,874.0,14.5,0.539,0.004,0.445,13.9,22.7,18.3,1.4,1.1,2.1,16.1,17.3,0.9,0.8,1.7,0.095,-1.2,-1.7,-3.0,-0.2,,2011,310.0,19.0,UTA,C,66.0,0.0,13.2,1.8,3.6,0.496,0.0,0.0,0.0,1.8,3.6,0.498,0.496,1.1,1.6,0.667,1.6,2.6,4.2,0.1,0.3,0.3,0.8,1.3,4.6,,0,0,1
260.0,Nikola Vučević,21.0,PHI,C,51.0,15.0,812.0,14.3,0.462,0.027,0.117,12.0,21.7,16.8,6.2,1.3,3.1,9.7,19.6,0.2,1.6,1.8,0.109,-2.5,0.3,-2.2,0.0,,2011,275.0,21.0,PHI,C,51.0,15.0,15.9,2.6,5.7,0.45,0.1,0.2,0.375,2.5,5.5,0.452,0.455,0.4,0.7,0.529,1.7,3.1,4.8,0.6,0.4,0.7,0.6,2.2,5.5,,0,0,1
271.0,Shelvin Mack,21.0,WAS,PG,64.0,0.0,779.0,11.9,0.468,0.191,0.268,1.7,11.7,6.7,26.0,1.9,0.2,16.3,16.9,0.2,0.5,0.7,0.042,-2.0,-0.7,-2.6,-0.1,,2011,354.0,21.0,WAS,PG,64.0,0.0,12.2,1.4,3.4,0.4,0.2,0.7,0.286,1.2,2.8,0.427,0.427,0.7,0.9,0.712,0.2,1.3,1.4,2.0,0.4,0.0,0.8,0.8,3.6,,0,0,1
275.0,Greg Stiemsma,26.0,BOS,C,55.0,3.0,766.0,13.6,0.579,0.0,0.339,7.7,19.0,13.6,5.6,2.6,8.5,19.2,10.8,0.6,2.2,2.7,0.17,-4.0,5.5,1.4,0.7,,2011,392.0,26.0,BOS,C,55.0,3.0,13.9,1.2,2.2,0.545,0.0,0.0,,1.2,2.2,0.545,0.545,0.5,0.7,0.707,0.9,2.3,3.2,0.5,0.7,1.5,0.6,2.6,2.9,,0,0,1
296.0,Donald Sloan,24.0,3TM,PG,33.0,11.0,669.0,8.9,0.433,0.126,0.152,3.0,8.6,5.7,26.5,1.0,0.3,18.8,17.6,-0.4,0.1,-0.3,-0.024,-3.3,-2.1,-5.3,-0.6,,2011,269.0,24.0,3TM,PG,33.0,11.0,20.3,2.4,6.0,0.399,0.1,0.8,0.08,2.3,5.2,0.445,0.404,0.7,0.9,0.767,0.5,1.5,2.0,3.2,0.4,0.1,1.5,1.1,5.5,,0,0,1
301.0,Jordan Williams,21.0,NJN,C,43.0,5.0,635.0,14.5,0.544,0.0,0.434,11.7,16.9,14.3,2.9,1.8,1.8,11.3,14.7,1.0,0.4,1.3,0.101,-0.9,-1.2,-2.1,0.0,,2011,314.0,21.0,NJN,C,43.0,5.0,14.8,1.8,3.5,0.507,0.0,0.0,,1.8,3.5,0.507,0.507,1.0,1.5,0.652,1.5,2.1,3.6,0.3,0.5,0.3,0.5,1.4,4.6,,0,0,1
302.0,Lance Thomas,23.0,NOH,PF,42.0,10.0,630.0,10.1,0.541,0.008,0.492,9.4,14.3,11.9,3.0,0.9,0.9,13.5,13.3,0.7,0.4,1.2,0.088,-3.3,-1.0,-4.3,-0.4,,2011,339.0,23.0,NOH,PF,42.0,10.0,15.0,1.4,3.0,0.452,0.0,0.0,0.0,1.4,3.0,0.456,0.452,1.2,1.5,0.839,1.2,1.8,3.0,0.3,0.2,0.2,0.6,1.9,4.0,,0,0,1
304.0,Lavoy Allen,22.0,PHI,PF,41.0,15.0,624.0,12.7,0.488,0.0,0.084,8.3,22.2,15.2,8.4,1.1,2.2,10.4,14.5,0.4,1.2,1.6,0.124,-2.8,1.0,-1.7,0.0,,2011,335.0,22.0,PHI,PF,41.0,15.0,15.2,1.9,4.1,0.473,0.0,0.0,,1.9,4.1,0.473,0.473,0.3,0.3,0.786,1.1,3.0,4.2,0.8,0.3,0.4,0.5,1.8,4.1,,0,0,1
313.0,Jeremy Tyler,20.0,GSW,C,42.0,23.0,568.0,10.4,0.442,0.005,0.249,10.8,17.1,14.0,4.5,1.5,2.7,13.4,21.8,-0.5,0.4,-0.2,-0.014,-5.5,-2.3,-7.8,-0.8,,2011,302.0,20.0,GSW,C,42.0,23.0,13.5,2.1,5.0,0.421,0.0,0.0,0.0,2.1,5.0,0.423,0.421,0.7,1.2,0.558,1.3,2.0,3.3,0.4,0.4,0.5,0.9,2.0,4.9,,0,0,1
316.0,Jon Leuer,22.0,MIL,PF,46.0,12.0,555.0,15.3,0.536,0.047,0.147,8.7,15.3,11.9,7.3,1.3,2.3,8.1,17.6,0.9,0.5,1.4,0.122,-0.3,0.0,-0.3,0.2,,2011,308.0,22.0,MIL,PF,46.0,12.0,12.1,2.1,4.2,0.508,0.1,0.2,0.333,2.0,4.0,0.516,0.516,0.5,0.6,0.75,1.0,1.6,2.6,0.5,0.3,0.4,0.4,1.5,4.7,,0,0,1
319.0,Nolan Smith,23.0,POR,PG,44.0,4.0,541.0,7.8,0.434,0.25,0.156,3.6,8.6,6.0,18.2,1.8,0.4,17.9,19.8,-0.6,0.3,-0.3,-0.029,-4.2,-1.3,-5.5,-0.5,,2011,345.0,23.0,POR,PG,44.0,4.0,12.3,1.5,4.1,0.372,0.3,1.0,0.289,1.2,3.1,0.4,0.408,0.5,0.6,0.714,0.4,0.9,1.3,1.4,0.4,0.1,1.0,1.3,3.8,,0,0,1
320.0,Josh Harrellson,22.0,NYK,PF,37.0,4.0,540.0,13.7,0.505,0.396,0.174,10.0,21.0,15.4,3.3,2.2,3.0,11.1,15.0,0.4,1.0,1.4,0.127,-0.5,0.6,0.1,0.3,,2011,326.0,22.0,NYK,PF,37.0,4.0,14.6,1.7,4.0,0.423,0.5,1.6,0.339,1.2,2.4,0.478,0.49,0.4,0.7,0.615,1.3,2.6,3.9,0.3,0.6,0.5,0.5,1.3,4.4,,0,0,1
330.0,Reggie Jackson,21.0,OKC,PG,45.0,0.0,501.0,9.2,0.408,0.39,0.182,3.4,8.3,6.0,21.2,2.6,0.1,17.3,18.7,-0.4,0.5,0.1,0.011,-3.3,-0.3,-3.6,-0.2,,2011,379.0,21.0,OKC,PG,45.0,0.0,11.1,1.1,3.5,0.321,0.3,1.4,0.21,0.8,2.2,0.392,0.362,0.6,0.6,0.862,0.3,0.9,1.2,1.6,0.6,0.0,0.8,0.7,3.1,,0,0,1
336.0,Tobias Harris,19.0,MIL,SF,42.0,9.0,479.0,14.2,0.54,0.136,0.32,6.7,16.8,11.6,7.4,1.4,1.1,13.9,20.6,0.4,0.4,0.9,0.087,-1.0,-0.9,-1.9,0.0,,2011,295.0,19.0,MIL,SF,42.0,9.0,11.4,1.9,4.0,0.467,0.1,0.5,0.261,1.7,3.5,0.5,0.485,1.0,1.3,0.815,0.7,1.7,2.4,0.5,0.3,0.2,0.7,1.1,5.0,,0,0,1
348.0,Jeremy Pargo,25.0,MEM,PG,44.0,5.0,424.0,4.4,0.389,0.253,0.18,3.2,7.0,5.1,20.2,1.9,0.0,22.1,22.2,-1.1,0.4,-0.8,-0.085,-6.1,-1.5,-7.6,-0.6,,2011,389.0,25.0,MEM,PG,44.0,5.0,9.6,1.1,3.4,0.333,0.2,0.9,0.263,0.9,2.5,0.357,0.367,0.4,0.6,0.593,0.3,0.6,0.8,1.3,0.3,0.0,1.0,1.0,2.9,,0,0,1
349.0,Cory Higgins,22.0,CHA,PG,38.0,0.0,423.0,4.1,0.402,0.125,0.375,1.8,7.9,4.7,15.0,0.6,1.1,17.3,24.6,-1.2,-0.1,-1.3,-0.15,-6.6,-3.8,-10.4,-0.9,,2011,341.0,22.0,CHA,PG,38.0,0.0,11.1,1.4,4.2,0.325,0.1,0.5,0.2,1.3,3.7,0.343,0.338,1.1,1.6,0.7,0.2,0.7,0.9,0.9,0.1,0.2,1.0,1.1,3.9,,0,0,1
350.0,Andrew Goudelock,23.0,LAL,SG,40.0,0.0,419.0,8.4,0.488,0.431,0.069,1.4,6.6,4.1,8.0,0.5,0.0,10.5,21.9,0.0,0.1,0.1,0.011,-2.6,-2.4,-5.0,-0.3,,2011,324.0,23.0,LAL,SG,40.0,0.0,10.5,1.7,4.4,0.391,0.7,1.9,0.373,1.0,2.5,0.404,0.471,0.3,0.3,0.917,0.1,0.7,0.8,0.5,0.1,0.0,0.5,0.8,4.4,,0,0,1
360.0,Jimmy Butler,22.0,CHI,SG,42.0,0.0,359.0,12.5,0.526,0.139,0.709,7.3,10.1,8.7,5.7,1.6,1.0,11.9,14.9,0.5,0.6,1.1,0.144,-1.8,0.5,-1.3,0.1,,2011,405.0,22.0,CHI,SG,42.0,0.0,8.5,0.8,1.9,0.405,0.0,0.3,0.182,0.7,1.6,0.441,0.418,1.0,1.3,0.768,0.5,0.8,1.3,0.3,0.3,0.1,0.3,0.5,2.6,,0,0,1
361.0,Walker Russell,29.0,DET,PG,28.0,0.0,357.0,7.2,0.401,0.137,0.232,2.3,6.6,4.4,26.0,2.7,0.2,24.0,17.8,-0.6,0.3,-0.4,-0.049,-4.6,-0.9,-5.5,-0.3,,2011,383.0,29.0,DET,PG,28.0,0.0,12.8,1.2,3.4,0.347,0.1,0.5,0.308,1.0,2.9,0.354,0.368,0.5,0.8,0.636,0.3,0.7,0.9,2.1,0.6,0.0,1.2,1.0,3.0,,0,0,1
368.0,E'Twaun Moore,22.0,BOS,PG,38.0,0.0,331.0,8.8,0.474,0.398,0.062,1.5,9.9,5.9,17.0,1.8,0.7,15.3,19.9,-0.3,0.5,0.2,0.031,-3.3,0.9,-2.4,0.0,,2011,388.0,22.0,BOS,PG,38.0,0.0,8.7,1.1,3.0,0.381,0.4,1.2,0.378,0.7,1.8,0.382,0.456,0.2,0.2,1.0,0.1,0.8,0.9,0.9,0.3,0.1,0.6,0.9,2.9,,0,0,1
370.0,Terrel Harris,24.0,MIA,SG,22.0,1.0,318.0,6.7,0.434,0.47,0.253,7.0,11.9,9.6,12.2,1.5,0.5,21.3,17.1,-0.3,0.4,0.1,0.011,-4.4,-0.7,-5.1,-0.3,,2011,352.0,24.0,MIA,SG,22.0,1.0,14.5,1.3,3.8,0.349,0.4,1.8,0.205,1.0,2.0,0.477,0.398,0.6,1.0,0.667,0.8,1.5,2.3,1.2,0.4,0.1,1.1,1.5,3.6,,0,0,1
374.0,JaJuan Johnson,22.0,BOS,PF,36.0,0.0,298.0,11.4,0.456,0.0,0.074,8.3,14.4,11.5,3.6,0.9,3.6,10.1,22.4,-0.3,0.5,0.2,0.032,-3.3,-0.6,-3.9,-0.1,,2011,375.0,22.0,BOS,PF,36.0,0.0,8.3,1.5,3.4,0.446,0.0,0.0,,1.5,3.4,0.446,0.446,0.2,0.3,0.667,0.6,1.1,1.6,0.2,0.1,0.4,0.4,0.7,3.2,,0,0,1
384.0,Cory Joseph,20.0,SAS,PG,29.0,1.0,266.0,6.9,0.374,0.214,0.243,2.2,8.5,5.4,17.4,1.4,0.8,13.4,15.4,-0.2,0.2,0.0,0.001,-4.4,-0.6,-5.0,-0.2,,2011,433.0,20.0,SAS,PG,29.0,1.0,9.2,0.8,2.4,0.314,0.1,0.5,0.2,0.7,1.9,0.345,0.336,0.4,0.6,0.647,0.2,0.7,0.9,1.2,0.2,0.1,0.4,0.6,2.0,,0,0,1
387.0,Jordan Hamilton,21.0,DEN,SF,26.0,2.0,258.0,13.9,0.508,0.423,0.045,5.1,22.4,14.0,12.6,0.8,0.9,12.4,22.3,0.1,0.2,0.3,0.055,1.3,-1.1,0.1,0.1,,2011,325.0,21.0,DEN,SF,26.0,2.0,9.9,1.8,4.3,0.432,0.7,1.8,0.362,1.2,2.5,0.484,0.509,0.1,0.2,0.4,0.4,2.0,2.4,0.8,0.2,0.1,0.6,0.6,4.4,,0,0,1
388.0,Mickell Gladness,25.0,2TM,PF,26.0,7.0,252.0,9.5,0.436,0.0,0.203,6.4,19.8,13.2,2.9,0.8,6.1,9.8,13.1,-0.1,0.2,0.2,0.029,-4.6,-0.1,-4.7,-0.2,,2011,422.0,25.0,2TM,PF,26.0,7.0,9.7,1.0,2.3,0.424,0.0,0.0,,1.0,2.3,0.424,0.424,0.2,0.5,0.5,0.5,1.7,2.2,0.2,0.2,0.8,0.3,1.2,2.2,,0,0,1
389.0,Malcolm Lee,21.0,MIN,SG,19.0,0.0,243.0,9.3,0.466,0.169,0.288,4.1,7.8,5.9,19.8,1.7,1.2,20.4,15.3,0.0,0.1,0.1,0.024,-3.5,-0.3,-3.8,-0.1,,2011,369.0,21.0,MIN,SG,19.0,0.0,12.8,1.2,3.1,0.39,0.1,0.5,0.2,1.1,2.6,0.429,0.407,0.7,0.9,0.824,0.5,0.9,1.4,1.6,0.4,0.2,0.9,1.2,3.3,,0,0,1
391.0,Josh Selby,20.0,MEM,PG,28.0,0.0,237.0,3.3,0.403,0.208,0.194,1.0,6.5,3.7,19.3,1.6,0.0,27.1,20.5,-0.7,0.2,-0.5,-0.105,-6.8,-2.0,-8.8,-0.4,ROY-12,2011,421.0,20.0,MEM,PG,28.0,0.0,8.5,0.9,2.6,0.347,0.1,0.5,0.133,0.8,2.0,0.404,0.361,0.4,0.5,0.786,0.1,0.5,0.5,1.1,0.3,0.0,1.0,0.6,2.3,ROY-12,0,0,1
403.0,Daniel Orton,21.0,ORL,PF,16.0,2.0,187.0,12.7,0.549,0.033,0.833,11.6,12.5,12.0,4.3,2.3,3.8,14.6,12.0,0.2,0.3,0.5,0.129,-3.6,0.6,-3.0,0.0,,2011,396.0,21.0,ORL,PF,16.0,2.0,11.7,1.1,1.9,0.567,0.0,0.1,0.0,1.1,1.8,0.586,0.567,0.7,1.6,0.44,1.2,1.3,2.4,0.3,0.5,0.6,0.4,1.9,2.8,,0,0,1
405.0,Chris Wright,23.0,GSW,SF,24.0,1.0,186.0,18.6,0.597,0.0,0.689,11.6,15.8,13.7,3.3,2.0,5.4,12.0,16.5,0.5,0.2,0.6,0.163,0.0,0.1,0.0,0.1,,2011,393.0,23.0,GSW,SF,24.0,1.0,7.8,1.0,1.9,0.511,0.0,0.0,,1.0,1.9,0.511,0.511,1.0,1.3,0.774,0.8,1.1,1.9,0.2,0.3,0.5,0.3,0.9,2.9,,0,0,1
407.0,Jerome Dyson,24.0,NOH,PG,9.0,1.0,180.0,11.3,0.525,0.167,0.75,1.3,11.1,6.3,16.2,3.3,0.9,23.9,22.0,-0.1,0.2,0.1,0.026,-4.7,1.2,-3.6,-0.1,,2011,220.0,24.0,NOH,PG,9.0,1.0,20.0,2.1,5.3,0.396,0.1,0.9,0.125,2.0,4.4,0.45,0.406,3.1,4.0,0.778,0.2,1.9,2.1,2.0,1.2,0.2,2.2,2.1,7.4,,0,0,1
408.0,Julyan Stone,23.0,DEN,SG,22.0,2.0,179.0,13.0,0.502,0.355,0.355,3.4,12.6,8.1,28.3,2.3,2.6,23.5,11.7,0.2,0.2,0.4,0.101,0.0,2.7,2.7,0.2,,2011,451.0,23.0,DEN,SG,22.0,2.0,8.1,0.6,1.4,0.419,0.1,0.5,0.182,0.5,0.9,0.55,0.452,0.4,0.5,0.727,0.2,0.9,1.1,1.7,0.4,0.3,0.5,0.8,1.6,,0,0,1
412.0,Darius Morris,21.0,LAL,PG,19.0,0.0,169.0,5.2,0.5,0.214,0.214,1.4,8.8,5.3,19.1,0.6,0.0,29.2,17.6,-0.2,0.1,-0.2,-0.045,-5.8,-2.0,-7.8,-0.2,,2011,413.0,21.0,LAL,PG,19.0,0.0,8.9,0.9,2.2,0.429,0.2,0.5,0.444,0.7,1.7,0.424,0.476,0.3,0.5,0.667,0.1,0.7,0.8,1.1,0.1,0.0,1.0,0.8,2.4,,0,0,1
413.0,Elliot Williams,22.0,POR,SG,24.0,0.0,149.0,18.8,0.537,0.365,0.243,5.4,9.6,7.4,8.0,2.1,1.6,5.8,26.7,0.2,0.1,0.3,0.105,0.7,-0.8,-0.1,0.1,,2011,348.0,22.0,POR,SG,24.0,0.0,6.2,1.5,3.1,0.5,0.3,1.1,0.296,1.2,2.0,0.617,0.554,0.3,0.8,0.333,0.3,0.5,0.8,0.3,0.3,0.1,0.2,0.8,3.7,,0,0,1
420.0,Vernon Macklin,25.0,DET,C,23.0,0.0,135.0,18.2,0.559,0.0,0.4,12.0,18.3,15.0,6.4,1.6,2.3,6.8,15.1,0.3,0.1,0.5,0.161,1.3,-0.1,1.2,0.1,,2011,435.0,25.0,DET,C,23.0,0.0,5.9,0.8,1.5,0.543,0.0,0.0,,0.8,1.5,0.543,0.543,0.3,0.6,0.571,0.6,0.9,1.5,0.2,0.2,0.2,0.1,0.4,2.0,,0,0,1
422.0,Marcus Morris,22.0,HOU,PF,17.0,0.0,126.0,3.8,0.348,0.315,0.148,4.6,10.2,7.4,3.7,0.8,1.2,6.5,22.2,-0.3,0.1,-0.2,-0.083,-6.6,-2.7,-9.3,-0.2,,2011,414.0,22.0,HOU,PF,17.0,0.0,7.4,0.9,3.2,0.296,0.1,1.0,0.118,0.8,2.2,0.378,0.315,0.4,0.5,0.75,0.3,0.6,0.9,0.2,0.1,0.1,0.2,0.7,2.4,,0,0,1
428.0,Trey Thompkins,21.0,LAC,C,24.0,0.0,119.0,12.0,0.445,0.213,0.115,4.0,20.2,12.0,4.5,1.4,2.1,8.6,27.2,-0.1,0.1,0.0,0.004,-3.2,-2.5,-5.7,-0.1,,2011,415.0,21.0,LAC,C,24.0,0.0,5.0,1.0,2.5,0.393,0.2,0.5,0.308,0.8,2.0,0.417,0.426,0.2,0.3,0.714,0.2,0.8,1.0,0.1,0.1,0.1,0.3,0.4,2.4,,0,0,1
429.0,Carldell Johnson,29.0,NOH,PG,15.0,0.0,119.0,8.9,0.372,0.429,0.086,1.0,7.9,4.5,29.4,3.7,0.0,16.2,17.2,-0.1,0.1,0.0,-0.003,-3.1,1.7,-1.5,0.0,,2011,444.0,29.0,NOH,PG,15.0,0.0,7.9,0.7,2.3,0.314,0.3,1.0,0.267,0.5,1.3,0.35,0.371,0.1,0.2,0.333,0.1,0.5,0.6,1.5,0.5,0.0,0.5,0.7,1.8,,0,0,1
431.0,DeAndre Liggins,23.0,ORL,SF,17.0,0.0,115.0,8.9,0.495,0.16,0.76,5.9,9.2,7.5,7.1,2.8,0.0,23.1,17.7,-0.1,0.1,0.0,0.0,-4.2,-0.3,-4.5,-0.1,,2011,440.0,23.0,ORL,SF,17.0,0.0,6.8,0.7,1.5,0.48,0.0,0.2,0.0,0.7,1.2,0.571,0.48,0.5,1.1,0.474,0.4,0.5,0.9,0.3,0.4,0.0,0.6,0.4,1.9,,0,0,1
436.0,Jerome Jordan,25.0,NYK,C,21.0,0.0,108.0,18.3,0.561,0.0,0.303,14.8,14.1,14.4,6.3,0.5,4.4,5.1,16.4,0.3,0.1,0.5,0.211,0.2,-0.4,-0.2,0.1,,2011,432.0,25.0,NYK,C,21.0,0.0,5.1,0.8,1.6,0.515,0.0,0.0,,0.8,1.6,0.515,0.515,0.4,0.5,0.8,0.7,0.6,1.3,0.2,0.0,0.3,0.1,0.7,2.0,,0,0,1
441.0,Mychel Thompson,23.0,CLE,SG,5.0,3.0,95.0,2.2,0.375,0.458,0.0,0.0,6.2,3.0,11.6,1.1,0.8,17.2,13.7,-0.2,0.0,-0.2,-0.079,-5.9,-1.1,-7.1,-0.1,,2011,358.0,23.0,CLE,SG,5.0,3.0,19.0,1.4,4.8,0.292,0.8,2.2,0.364,0.6,2.6,0.231,0.375,0.0,0.0,,0.0,1.0,1.0,1.4,0.4,0.2,1.0,1.6,3.6,,0,0,1
442.0,Courtney Fortson,23.0,2TM,PG,10.0,0.0,95.0,9.9,0.453,0.406,0.469,7.4,11.2,9.3,16.1,1.7,0.0,20.6,23.4,-0.1,0.1,0.0,-0.019,-2.9,-1.3,-4.3,-0.1,,2011,359.0,23.0,2TM,PG,10.0,0.0,9.5,1.1,3.2,0.344,0.3,1.3,0.231,0.8,1.9,0.421,0.391,1.0,1.5,0.667,0.6,0.9,1.5,1.0,0.3,0.0,1.0,0.5,3.5,,0,0,1
444.0,Justin Dentmon,26.0,2TM,PG,6.0,0.0,91.0,4.8,0.424,0.5,0.214,0.0,10.2,5.1,18.0,1.2,0.0,18.6,19.4,-0.2,0.1,-0.1,-0.049,-6.4,-0.6,-7.0,-0.1,,2011,328.0,26.0,2TM,PG,6.0,0.0,15.2,1.7,4.7,0.357,0.3,2.3,0.143,1.3,2.3,0.571,0.393,0.7,1.0,0.667,0.0,1.3,1.3,1.7,0.3,0.0,1.2,1.7,4.3,,0,0,1
445.0,Tyler Honeycutt,21.0,SAC,SF,15.0,0.0,88.0,10.4,0.382,0.125,0.208,3.6,14.4,8.7,11.5,2.3,2.5,7.1,13.9,0.0,0.1,0.0,0.013,-2.0,-0.2,-2.2,0.0,,2011,461.0,21.0,SAC,SF,15.0,0.0,5.9,0.5,1.6,0.333,0.1,0.2,0.333,0.5,1.4,0.333,0.354,0.2,0.3,0.6,0.2,0.7,0.9,0.5,0.3,0.2,0.1,0.2,1.3,,0,0,1
447.0,Justin Harper,22.0,ORL,PF,14.0,0.0,84.0,1.7,0.318,0.419,0.032,4.1,12.5,8.2,3.9,1.3,2.8,16.0,20.9,-0.3,0.1,-0.3,-0.145,-7.7,-2.3,-9.9,-0.2,,2011,455.0,22.0,ORL,PF,14.0,0.0,6.0,0.6,2.2,0.29,0.1,0.9,0.154,0.5,1.3,0.389,0.323,0.0,0.1,0.0,0.2,0.6,0.9,0.1,0.1,0.2,0.4,0.4,1.4,,0,0,1
451.0,Greg Smith,21.0,HOU,C,8.0,0.0,69.0,12.3,0.636,0.0,0.0,8.3,25.5,16.8,2.2,1.5,5.4,8.3,7.9,0.1,0.1,0.2,0.165,-4.2,3.4,-0.8,0.0,,2011,445.0,21.0,HOU,C,8.0,0.0,8.6,0.9,1.4,0.636,0.0,0.0,,0.9,1.4,0.636,0.636,0.0,0.0,,0.6,1.9,2.5,0.1,0.3,0.6,0.1,2.1,1.8,,0,0,1
455.0,D.J. Kennedy,22.0,CLE,SF,2.0,0.0,59.0,4.7,0.466,0.333,0.167,1.9,12.0,6.7,8.2,1.8,0.0,18.9,12.1,0.0,0.0,0.0,-0.023,-5.9,-0.7,-6.7,-0.1,,2011,257.0,22.0,CLE,SF,2.0,0.0,29.5,2.5,6.0,0.417,1.0,2.0,0.5,1.5,4.0,0.375,0.5,0.0,1.0,0.0,0.5,3.0,3.5,1.5,1.0,0.0,1.5,3.5,6.0,,0,0,1
457.0,Edwin Ubiles,25.0,WAS,SF,4.0,0.0,52.0,7.3,0.362,0.278,0.167,4.3,17.5,10.9,2.9,1.0,1.5,4.9,17.5,-0.1,0.0,0.0,-0.026,-2.4,-1.5,-3.9,0.0,,2011,363.0,25.0,WAS,SF,4.0,0.0,13.0,1.3,4.5,0.278,0.3,1.3,0.2,1.0,3.3,0.308,0.306,0.8,0.8,1.0,0.5,2.0,2.5,0.3,0.3,0.3,0.3,0.3,3.5,,0,0,1
458.0,Jerry Smith,24.0,NJN,PG,5.0,0.0,46.0,7.8,0.25,0.429,0.0,4.9,13.0,8.8,13.4,5.8,0.0,0.0,13.9,-0.1,0.1,0.0,-0.007,-6.6,4.6,-2.0,0.0,,2011,458.0,24.0,NJN,PG,5.0,0.0,9.2,0.6,2.8,0.214,0.2,1.2,0.167,0.4,1.6,0.25,0.25,0.0,0.0,,0.4,1.0,1.4,0.8,1.0,0.0,0.0,1.0,1.4,,0,0,1
459.0,Travis Leslie,21.0,LAC,SG,10.0,0.0,45.0,14.6,0.39,0.0,0.643,15.7,8.0,11.9,17.0,2.4,3.7,10.0,20.5,0.0,0.0,0.1,0.06,0.0,-0.3,-0.3,0.0,,2011,457.0,21.0,LAC,SG,10.0,0.0,4.5,0.5,1.4,0.357,0.0,0.0,,0.5,1.4,0.357,0.357,0.4,0.9,0.444,0.6,0.3,0.9,0.5,0.2,0.2,0.2,0.4,1.4,,0,0,1
461.0,Darington Hobson,24.0,MIL,SG,5.0,0.0,39.0,-3.3,0.154,0.462,0.0,0.0,8.7,4.2,20.9,0.0,0.0,13.3,16.9,-0.2,0.0,-0.2,-0.225,-8.4,-4.5,-13.0,-0.1,,2011,470.0,24.0,MIL,SG,5.0,0.0,7.8,0.4,2.6,0.154,0.0,1.2,0.0,0.4,1.4,0.286,0.154,0.0,0.0,,0.0,0.6,0.6,1.2,0.0,0.0,0.4,0.2,0.8,,0,0,1
462.0,Eric Dawson,27.0,SAS,C,4.0,0.0,39.0,14.6,0.582,0.0,0.167,15.0,14.4,14.7,0.0,1.3,3.7,18.9,18.6,0.0,0.1,0.1,0.106,-3.2,-2.7,-5.9,0.0,,2011,343.0,27.0,SAS,C,4.0,0.0,9.8,1.8,3.0,0.583,0.0,0.0,,1.8,3.0,0.583,0.583,0.3,0.5,0.5,1.3,1.3,2.5,0.0,0.3,0.5,0.8,1.5,3.8,,0,0,1
463.0,Jeff Foote,24.0,NOH,C,4.0,0.0,39.0,-0.9,0.333,0.0,0.0,3.1,15.0,9.2,0.0,0.0,2.1,25.0,9.7,-0.1,0.0,-0.1,-0.079,-8.4,-2.4,-10.8,-0.1,,2011,469.0,24.0,NOH,C,4.0,0.0,9.8,0.5,1.5,0.333,0.0,0.0,,0.5,1.5,0.333,0.333,0.0,0.0,,0.3,1.3,1.5,0.0,0.0,0.3,0.5,1.3,1.0,,0,0,1
464.0,Xavier Silas,24.0,PHI,SG,2.0,0.0,39.0,0.1,0.337,0.4,0.2,5.7,5.7,5.7,11.4,0.0,0.0,15.5,23.3,-0.1,0.0,-0.1,-0.131,-10.4,-4.2,-14.7,-0.1,,2011,274.0,24.0,PHI,SG,2.0,0.0,19.5,2.0,7.5,0.267,0.5,3.0,0.167,1.5,4.5,0.333,0.3,1.0,1.5,0.667,1.0,1.0,2.0,1.5,0.0,0.0,1.5,2.5,5.5,,0,0,1
465.0,Derrick Byars,27.0,SAS,PF,2.0,0.0,37.0,14.9,0.392,0.545,0.364,19.0,15.2,17.1,3.7,2.8,0.0,0.0,15.7,0.1,0.1,0.1,0.147,-2.3,-2.5,-4.7,0.0,,2011,294.0,27.0,SAS,PF,2.0,0.0,18.5,1.5,5.5,0.273,0.0,3.0,0.0,1.5,2.5,0.6,0.273,2.0,2.0,1.0,3.0,2.5,5.5,0.5,1.0,0.0,0.0,1.0,5.0,,0,0,1
467.0,Dennis Horner,23.0,NJN,PF,8.0,0.0,22.0,6.6,0.434,0.25,1.0,10.3,16.3,13.2,0.0,0.0,0.0,14.8,14.1,0.0,0.0,0.0,-0.012,-3.4,-4.7,-8.1,0.0,,2011,471.0,23.0,NJN,PF,8.0,0.0,2.8,0.1,0.5,0.25,0.0,0.1,0.0,0.1,0.4,0.333,0.25,0.4,0.5,0.75,0.3,0.4,0.6,0.0,0.0,0.0,0.1,0.1,0.6,,0,0,1
469.0,Ryan Reid,25.0,OKC,PF,5.0,0.0,17.0,17.6,0.8,0.0,0.0,7.2,6.3,6.7,0.0,0.0,0.0,16.7,16.0,0.0,0.0,0.1,0.142,1.0,-3.0,-2.0,0.0,,2011,450.0,25.0,OKC,PF,5.0,0.0,3.4,0.8,1.0,0.8,0.0,0.0,,0.8,1.0,0.8,0.8,0.0,0.0,,0.2,0.2,0.4,0.0,0.0,0.0,0.2,0.2,1.6,,0,0,1
472.0,Malcolm Thomas,23.0,SAS,PF,3.0,0.0,15.0,7.1,0.129,0.0,0.667,7.8,15.0,11.5,8.1,3.4,4.8,0.0,11.8,0.0,0.0,0.0,-0.028,-2.5,0.4,-2.0,0.0,,2011,473.0,23.0,SAS,PF,3.0,0.0,5.0,0.0,1.0,0.0,0.0,0.0,,0.0,1.0,0.0,0.0,0.3,0.7,0.5,0.3,0.7,1.0,0.3,0.3,0.3,0.0,0.0,0.3,,0,0,1
475.0,Keith Benson,23.0,GSW,C,3.0,0.0,9.0,6.0,0.0,0.0,0.0,25.3,12.6,18.9,0.0,0.0,0.0,0.0,5.1,0.0,0.0,0.0,-0.005,-1.4,-6.3,-7.7,0.0,,2011,475.0,23.0,GSW,C,3.0,0.0,3.0,0.0,0.3,0.0,0.0,0.0,,0.0,0.3,0.0,0.0,0.0,0.0,,0.7,0.3,1.0,0.0,0.0,0.0,0.0,0.0,0.0,,0,0,1
1.0,Damian Lillard,22.0,POR,PG,82.0,82.0,3167.0,16.4,0.546,0.391,0.249,1.5,8.0,4.7,28.8,1.2,0.5,14.5,24.2,5.1,0.7,5.8,0.088,2.1,-1.9,0.3,1.8,ROY-1,2012,14.0,22.0,POR,PG,82.0,82.0,38.6,6.7,15.7,0.429,2.3,6.1,0.368,4.5,9.6,0.469,0.501,3.3,3.9,0.844,0.5,2.6,3.1,6.5,0.9,0.2,3.0,2.1,19.0,ROY-1,1,1,1
71.0,Kyle Singler,24.0,DET,SF,82.0,74.0,2293.0,10.0,0.517,0.312,0.193,5.4,11.3,8.3,5.3,1.3,1.3,12.3,15.8,1.1,1.2,2.3,0.048,-2.2,-0.8,-3.0,-0.6,,2012,176.0,24.0,DET,SF,82.0,74.0,28.0,3.4,7.8,0.428,0.9,2.4,0.35,2.5,5.4,0.464,0.483,1.2,1.5,0.806,1.3,2.7,4.0,0.9,0.7,0.5,1.2,2.6,8.8,,1,2,1
110.0,Harrison Barnes,20.0,GSW,SF,81.0,81.0,2058.0,11.0,0.526,0.231,0.303,2.9,14.5,8.9,7.3,1.3,0.5,12.4,17.7,0.9,1.9,2.8,0.065,-1.6,-0.1,-1.7,0.1,ROY-6,2012,166.0,20.0,GSW,SF,81.0,81.0,25.4,3.4,7.8,0.439,0.6,1.8,0.359,2.8,6.0,0.464,0.481,1.8,2.3,0.758,0.7,3.5,4.1,1.2,0.6,0.2,1.2,1.7,9.2,ROY-6,1,1,1
117.0,Tyler Zeller,23.0,CLE,C,77.0,55.0,2033.0,11.0,0.486,0.007,0.281,8.7,16.7,12.5,7.4,0.9,2.8,13.1,15.9,0.8,1.2,2.0,0.048,-3.1,-0.9,-4.0,-1.0,,2012,200.0,23.0,CLE,C,77.0,55.0,26.4,3.2,7.3,0.438,0.0,0.1,0.0,3.2,7.2,0.441,0.438,1.6,2.0,0.764,2.1,3.6,5.7,1.2,0.5,0.9,1.2,3.3,7.9,,1,2,1
118.0,Michael Kidd-Gilchrist,19.0,CHA,SF,78.0,77.0,2025.0,14.0,0.506,0.015,0.305,7.2,18.9,12.9,10.1,1.4,2.8,12.7,17.9,1.1,1.0,2.1,0.051,-1.6,-0.9,-2.6,-0.3,ROY-8,2012,171.0,19.0,CHA,SF,78.0,77.0,26.0,3.6,7.9,0.458,0.0,0.1,0.222,3.6,7.7,0.462,0.46,1.8,2.4,0.749,1.7,4.2,5.8,1.5,0.7,0.9,1.3,2.1,9.0,ROY-8,1,2,1
129.0,Maurice Harkless,19.0,ORL,SF,76.0,59.0,1974.0,12.5,0.504,0.207,0.227,7.0,12.2,9.6,3.9,2.3,2.4,10.0,15.9,0.7,1.7,2.4,0.059,-1.6,0.3,-1.3,0.4,,2012,191.0,19.0,ORL,SF,76.0,59.0,26.0,3.4,7.4,0.461,0.4,1.5,0.274,3.0,5.9,0.51,0.489,1.0,1.7,0.57,1.6,2.8,4.4,0.7,1.2,0.8,0.9,1.9,8.2,,0,0,1
142.0,Anthony Davis,19.0,NOH,PF,64.0,60.0,1846.0,21.7,0.559,0.009,0.333,10.5,23.5,16.8,6.1,2.2,5.1,10.3,21.8,3.7,2.4,6.1,0.159,1.8,0.7,2.5,2.1,ROY-2,2012,81.0,19.0,NOH,PF,64.0,60.0,28.8,5.5,10.6,0.516,0.0,0.1,0.0,5.5,10.5,0.521,0.516,2.6,3.5,0.751,2.6,5.6,8.2,1.0,1.2,1.8,1.4,2.5,13.5,ROY-2,1,1,1
143.0,Alexey Shved,24.0,MIN,SG,77.0,16.0,1840.0,11.0,0.474,0.454,0.236,2.5,8.6,5.4,25.2,1.5,1.1,17.3,20.6,-0.6,1.4,0.8,0.02,-1.1,-0.6,-1.7,0.1,,2012,184.0,24.0,MIN,SG,77.0,16.0,23.9,3.1,8.2,0.372,1.1,3.7,0.295,2.0,4.5,0.435,0.439,1.4,1.9,0.72,0.5,1.7,2.3,3.7,0.7,0.4,1.9,1.5,8.6,,0,0,1
154.0,Dion Waiters,21.0,CLE,SG,61.0,48.0,1756.0,13.7,0.492,0.249,0.261,1.4,8.8,4.9,18.4,1.7,0.7,11.8,26.1,0.3,0.6,0.9,0.026,-0.4,-1.8,-2.1,-0.1,ROY-5,2012,61.0,21.0,CLE,SG,61.0,48.0,28.8,5.5,13.4,0.412,1.0,3.3,0.31,4.5,10.0,0.446,0.451,2.6,3.5,0.746,0.4,2.1,2.4,3.0,1.0,0.3,2.0,1.9,14.7,ROY-5,1,1,1
155.0,Bradley Beal,19.0,WAS,SG,56.0,46.0,1745.0,13.6,0.515,0.344,0.231,2.7,10.8,6.7,13.7,1.5,1.3,10.6,22.2,1.0,2.0,3.0,0.082,0.0,0.2,0.2,1.0,ROY-3,2012,75.0,19.0,WAS,SG,56.0,46.0,31.2,5.0,12.3,0.41,1.6,4.2,0.386,3.4,8.1,0.424,0.477,2.2,2.8,0.786,0.8,3.0,3.8,2.4,0.9,0.5,1.6,2.0,13.9,ROY-3,1,1,1
187.0,Jeff Taylor,23.0,CHA,SF,77.0,29.0,1507.0,10.3,0.531,0.386,0.258,3.8,7.7,5.7,7.0,1.6,0.8,9.7,14.9,1.2,0.0,1.2,0.039,-2.1,-1.5,-3.6,-0.6,,2012,255.0,23.0,CHA,SF,77.0,29.0,19.6,2.2,5.2,0.431,0.7,2.0,0.344,1.5,3.2,0.486,0.497,1.0,1.3,0.728,0.7,1.3,1.9,0.8,0.6,0.2,0.6,1.8,6.1,,0,0,1
191.0,Jonas Valančiūnas,20.0,TOR,C,62.0,57.0,1482.0,15.6,0.619,0.0,0.505,9.6,20.5,14.9,5.0,0.6,4.2,17.4,16.9,2.5,1.5,3.9,0.127,-1.1,0.0,-1.2,0.3,ROY-9,2012,173.0,20.0,TOR,C,62.0,57.0,23.9,3.3,5.9,0.557,0.0,0.0,,3.3,5.9,0.557,0.557,2.4,3.0,0.789,2.0,4.0,6.0,0.7,0.3,1.3,1.5,3.0,8.9,ROY-9,1,2,1
201.0,Austin Rivers,20.0,NOH,SG,61.0,26.0,1418.0,5.9,0.431,0.221,0.277,1.3,8.0,4.6,13.9,1.0,0.5,14.5,16.8,-1.2,0.1,-1.1,-0.038,-4.7,-1.6,-6.2,-1.5,,2012,250.0,20.0,NOH,SG,61.0,26.0,23.2,2.4,6.4,0.372,0.5,1.4,0.326,1.9,5.0,0.385,0.408,1.0,1.8,0.546,0.3,1.5,1.8,2.1,0.4,0.1,1.2,2.0,6.2,,0,0,1
212.0,Jae Crowder,22.0,DAL,SF,78.0,16.0,1353.0,10.2,0.491,0.523,0.199,2.9,12.3,7.7,10.0,2.4,1.0,10.9,15.1,0.2,1.3,1.5,0.055,-1.9,0.9,-1.0,0.3,,2012,298.0,22.0,DAL,SF,78.0,16.0,17.3,1.8,4.7,0.384,0.8,2.5,0.328,1.0,2.2,0.446,0.47,0.6,0.9,0.644,0.4,1.9,2.4,1.2,0.8,0.2,0.6,1.6,5.0,,0,0,1
214.0,Brian Roberts,27.0,NOH,PG,78.0,5.0,1324.0,14.6,0.509,0.299,0.151,1.5,7.3,4.4,28.2,1.5,0.2,11.5,21.6,2.0,0.2,2.2,0.078,0.8,-1.4,-0.6,0.5,,2012,222.0,27.0,NOH,PG,78.0,5.0,17.0,2.7,6.6,0.417,0.8,2.0,0.386,2.0,4.6,0.43,0.475,0.9,1.0,0.909,0.2,1.0,1.2,2.8,0.5,0.0,0.9,1.4,7.1,,0,0,1
222.0,Pablo Prigioni,35.0,NYK,PG,78.0,18.0,1263.0,13.0,0.595,0.609,0.114,3.7,9.8,6.6,27.5,2.9,0.1,27.1,11.7,2.0,1.3,3.2,0.123,-0.8,0.9,0.1,0.7,,2012,359.0,35.0,NYK,PG,78.0,18.0,16.2,1.3,2.8,0.455,0.7,1.7,0.396,0.6,1.1,0.547,0.575,0.3,0.3,0.88,0.5,1.3,1.8,3.0,0.9,0.0,1.1,1.6,3.5,,0,0,1
223.0,Andrew Nicholson,23.0,ORL,PF,75.0,28.0,1249.0,15.1,0.557,0.0,0.193,6.2,17.1,11.7,6.1,1.0,2.0,13.0,22.1,0.9,0.8,1.7,0.065,-1.8,-0.9,-2.7,-0.2,,2012,203.0,23.0,ORL,PF,75.0,28.0,16.7,3.4,6.5,0.527,0.0,0.0,,3.4,6.5,0.527,0.527,1.0,1.3,0.798,0.9,2.5,3.4,0.6,0.3,0.4,1.1,1.8,7.8,,0,0,1
224.0,Andre Drummond,19.0,DET,C,60.0,10.0,1243.0,21.6,0.578,0.006,0.465,15.4,27.2,21.2,4.1,2.5,6.1,12.2,17.2,2.2,2.3,4.5,0.172,1.0,1.5,2.5,1.4,ROY-4,2012,198.0,19.0,DET,C,60.0,10.0,20.7,3.5,5.7,0.608,0.0,0.0,0.5,3.5,5.7,0.609,0.61,1.0,2.7,0.371,2.8,4.8,7.6,0.5,1.0,1.6,1.0,2.4,7.9,ROY-4,1,2,1
226.0,Terrence Ross,21.0,TOR,SG,73.0,2.0,1239.0,10.4,0.491,0.429,0.092,3.3,10.6,6.9,7.2,1.8,0.9,9.2,19.6,0.0,0.8,0.9,0.034,-1.7,-0.7,-2.5,-0.1,,2012,244.0,21.0,TOR,SG,73.0,2.0,17.0,2.5,6.3,0.407,0.9,2.7,0.332,1.7,3.6,0.464,0.478,0.4,0.6,0.714,0.5,1.5,2.0,0.7,0.6,0.2,0.7,1.7,6.4,,0,0,1
233.0,Meyers Leonard,20.0,POR,C,69.0,9.0,1206.0,12.1,0.596,0.025,0.321,7.6,17.1,12.3,4.3,0.5,2.4,13.4,13.9,1.8,0.7,2.4,0.097,-2.7,-0.6,-3.3,-0.4,,2012,275.0,20.0,POR,C,69.0,9.0,17.5,2.2,4.0,0.545,0.0,0.1,0.429,2.1,3.9,0.548,0.551,1.0,1.3,0.809,1.2,2.5,3.7,0.5,0.2,0.6,0.7,2.4,5.5,,0,0,1
243.0,Festus Ezeli,23.0,GSW,C,78.0,41.0,1120.0,9.3,0.467,0.0,0.479,14.3,16.4,15.4,2.7,1.0,5.2,23.5,10.7,0.0,1.5,1.5,0.066,-4.0,0.7,-3.4,-0.4,,2012,404.0,23.0,GSW,C,78.0,41.0,14.4,0.9,2.2,0.438,0.0,0.0,,0.9,2.2,0.438,0.438,0.6,1.0,0.531,1.8,2.2,4.0,0.3,0.3,0.9,0.8,2.0,2.4,,0,0,1
256.0,Draymond Green,22.0,GSW,SF,79.0,1.0,1061.0,7.1,0.404,0.261,0.214,6.2,20.3,13.5,7.0,2.0,1.8,15.4,14.0,-0.9,1.6,0.6,0.028,-5.0,1.4,-3.6,-0.4,,2012,381.0,22.0,GSW,SF,79.0,1.0,13.4,1.1,3.3,0.327,0.2,0.8,0.209,0.9,2.4,0.368,0.354,0.6,0.7,0.818,0.7,2.6,3.3,0.7,0.5,0.3,0.6,2.0,2.9,,0,0,1
257.0,Thomas Robinson,21.0,2TM,PF,70.0,0.0,1056.0,10.9,0.451,0.003,0.34,13.0,21.3,17.1,6.7,2.0,1.9,19.3,19.1,-0.9,0.9,-0.1,-0.002,-3.8,-1.5,-5.3,-0.9,,2012,307.0,21.0,2TM,PF,70.0,0.0,15.1,2.0,4.6,0.43,0.0,0.0,0.0,2.0,4.6,0.431,0.43,0.8,1.6,0.523,1.7,2.8,4.5,0.7,0.6,0.4,1.3,1.8,4.8,,0,0,1
275.0,Nando De Colo,25.0,SAS,SG,72.0,6.0,920.0,11.1,0.53,0.34,0.183,3.1,13.7,8.7,21.6,2.3,0.5,23.7,17.1,0.0,1.4,1.3,0.07,-2.4,1.2,-1.2,0.2,,2012,349.0,25.0,SAS,SG,72.0,6.0,12.8,1.5,3.3,0.436,0.4,1.1,0.378,1.0,2.2,0.465,0.5,0.5,0.6,0.795,0.3,1.6,1.9,1.9,0.6,0.1,1.1,1.2,3.8,,0,0,1
279.0,John Jenkins,21.0,ATL,SG,61.0,2.0,902.0,13.0,0.576,0.469,0.238,2.2,9.6,6.0,9.8,0.7,0.8,11.0,18.7,1.1,0.6,1.7,0.091,0.4,-1.2,-0.8,0.3,ROY-10,2012,253.0,21.0,ATL,SG,61.0,2.0,14.8,2.1,4.8,0.446,0.9,2.3,0.384,1.3,2.6,0.5,0.536,1.0,1.1,0.843,0.3,1.3,1.5,0.9,0.2,0.2,0.7,0.6,6.1,ROY-10,0,0,1
282.0,Will Barton,22.0,POR,SG,73.0,5.0,894.0,9.1,0.437,0.21,0.21,4.6,14.3,9.4,10.4,2.0,0.8,15.1,20.4,-1.1,0.6,-0.5,-0.028,-4.0,-0.6,-4.6,-0.6,,2012,334.0,22.0,POR,SG,73.0,5.0,12.2,1.6,4.2,0.382,0.1,0.9,0.138,1.5,3.3,0.447,0.396,0.7,0.9,0.769,0.5,1.5,2.0,0.8,0.5,0.1,0.8,0.8,4.0,,0,0,1
284.0,Jared Sullinger,20.0,BOS,PF,45.0,5.0,892.0,13.5,0.534,0.022,0.28,12.6,22.1,17.5,6.2,1.3,1.9,10.3,14.9,1.3,1.4,2.7,0.146,-2.3,0.4,-1.9,0.0,,2012,261.0,20.0,BOS,PF,45.0,5.0,19.8,2.5,5.0,0.493,0.0,0.1,0.2,2.4,4.9,0.5,0.496,1.0,1.4,0.746,2.0,3.8,5.9,0.8,0.5,0.5,0.6,3.4,6.0,,0,0,1
288.0,Chris Copeland,28.0,NYK,PF,56.0,13.0,862.0,16.8,0.583,0.368,0.218,4.5,11.9,8.1,5.7,1.0,1.2,10.7,25.3,1.5,0.6,2.1,0.117,1.1,-1.6,-0.5,0.3,ROY-6,2012,180.0,28.0,NYK,PF,56.0,13.0,15.4,3.3,6.8,0.479,1.1,2.5,0.421,2.2,4.3,0.513,0.557,1.1,1.5,0.759,0.6,1.5,2.1,0.5,0.3,0.2,0.9,1.9,8.7,ROY-6,0,0,1
295.0,John Henson,22.0,MIL,PF,63.0,9.0,827.0,18.2,0.497,0.009,0.313,14.5,24.4,19.3,6.3,1.2,3.7,11.0,22.6,0.6,1.2,1.9,0.109,-0.7,-1.0,-1.7,0.1,,2012,258.0,22.0,MIL,PF,63.0,9.0,13.1,2.6,5.3,0.482,0.0,0.0,0.0,2.6,5.3,0.486,0.482,0.9,1.7,0.533,1.8,2.9,4.7,0.5,0.3,0.7,0.7,1.3,6.0,,0,0,1
298.0,Victor Claver,24.0,POR,SF,49.0,16.0,812.0,7.0,0.462,0.46,0.159,4.4,12.8,8.5,7.9,1.7,1.1,17.5,13.9,-0.6,0.5,-0.1,-0.005,-3.6,0.0,-3.7,-0.3,,2012,348.0,24.0,POR,SF,49.0,16.0,16.6,1.5,3.9,0.392,0.5,1.8,0.287,1.0,2.1,0.48,0.458,0.3,0.6,0.467,0.6,1.8,2.4,0.9,0.5,0.2,0.9,1.5,3.8,,0,0,1
299.0,DeQuan Jones,22.0,ORL,SF,63.0,17.0,803.0,8.4,0.485,0.161,0.234,2.4,12.4,7.4,3.0,1.2,2.1,11.1,15.3,-0.3,0.4,0.1,0.007,-3.8,-0.8,-4.5,-0.5,,2012,351.0,22.0,ORL,SF,63.0,17.0,12.7,1.5,3.5,0.436,0.1,0.6,0.257,1.4,2.9,0.47,0.456,0.5,0.8,0.667,0.3,1.4,1.7,0.3,0.3,0.3,0.5,0.9,3.7,,0,0,1
307.0,Patrick Beverley,24.0,HOU,PG,41.0,0.0,713.0,15.4,0.551,0.508,0.217,7.2,10.1,8.7,24.2,2.6,2.2,17.5,15.4,1.4,0.8,2.2,0.148,1.7,2.1,3.8,1.0,,2012,270.0,24.0,HOU,PG,41.0,0.0,17.4,1.9,4.6,0.418,0.9,2.3,0.375,1.0,2.3,0.462,0.513,0.8,1.0,0.829,1.1,1.6,2.7,2.9,0.9,0.5,1.1,2.0,5.6,,0,0,1
308.0,Kendall Marshall,21.0,PHO,PG,48.0,3.0,702.0,7.8,0.455,0.483,0.093,0.6,6.3,3.4,29.4,1.6,0.4,26.6,13.6,-0.4,0.2,-0.2,-0.012,-3.5,-1.7,-5.2,-0.6,,2012,378.0,21.0,PHO,PG,48.0,3.0,14.6,1.2,3.1,0.371,0.5,1.5,0.315,0.7,1.6,0.423,0.447,0.2,0.3,0.571,0.1,0.8,0.9,3.0,0.5,0.1,1.2,1.0,3.0,,0,0,1
311.0,Darius Miller,22.0,NOH,SF,52.0,2.0,694.0,6.3,0.529,0.519,0.074,1.3,12.2,6.7,9.3,1.3,1.4,17.1,9.0,0.2,0.3,0.5,0.034,-3.6,0.9,-2.7,-0.1,,2012,410.0,22.0,NOH,SF,52.0,2.0,13.3,0.8,2.1,0.407,0.4,1.1,0.393,0.4,1.0,0.423,0.509,0.2,0.2,1.0,0.2,1.3,1.5,0.8,0.3,0.2,0.4,1.7,2.3,,0,0,1
323.0,Kyle O'Quinn,22.0,ORL,C,57.0,5.0,638.0,15.8,0.535,0.005,0.228,11.5,25.5,18.5,13.1,0.9,3.1,14.6,18.1,0.7,0.7,1.4,0.107,-1.9,0.3,-1.6,0.1,,2012,328.0,22.0,ORL,C,57.0,5.0,11.2,1.8,3.5,0.513,0.0,0.0,0.0,1.8,3.4,0.515,0.513,0.5,0.8,0.667,1.1,2.5,3.7,0.9,0.2,0.5,0.6,1.9,4.1,,0,0,1
326.0,Orlando Johnson,23.0,IND,SG,51.0,0.0,619.0,11.4,0.523,0.522,0.178,3.7,15.9,9.9,12.5,0.9,1.1,13.0,16.4,0.5,1.0,1.5,0.115,-0.5,0.7,0.2,0.3,,2012,337.0,23.0,IND,SG,51.0,0.0,12.1,1.4,3.5,0.4,0.7,1.8,0.383,0.7,1.7,0.419,0.5,0.5,0.6,0.719,0.4,1.8,2.2,0.9,0.2,0.2,0.6,1.0,4.0,,0,0,1
329.0,Doron Lamb,21.0,2TM,SG,47.0,0.0,577.0,4.8,0.433,0.227,0.209,1.5,7.4,4.4,8.2,1.2,0.0,12.7,15.7,-0.6,0.2,-0.4,-0.032,-5.6,-1.6,-7.3,-0.8,,2012,367.0,21.0,2TM,SG,47.0,0.0,12.3,1.3,3.5,0.368,0.3,0.8,0.378,1.0,2.7,0.365,0.411,0.4,0.7,0.588,0.2,0.8,1.0,0.7,0.3,0.0,0.6,1.1,3.3,,0,0,1
335.0,Arnett Moultrie,22.0,PHI,PF,47.0,0.0,542.0,16.7,0.595,0.0,0.209,15.4,14.8,15.1,2.9,1.7,1.4,11.5,14.1,1.1,0.6,1.7,0.149,0.0,-1.2,-1.2,0.1,,2012,352.0,22.0,PHI,PF,47.0,0.0,11.5,1.7,2.9,0.582,0.0,0.0,,1.7,2.9,0.582,0.582,0.4,0.6,0.643,1.6,1.5,3.1,0.2,0.4,0.2,0.4,0.9,3.7,,0,0,1
336.0,Donatas Motiejūnas,22.0,HOU,PF,44.0,14.0,538.0,12.2,0.531,0.39,0.239,7.7,11.9,9.8,9.5,0.6,1.4,13.6,22.1,0.4,0.3,0.7,0.061,-1.9,-1.6,-3.5,-0.2,,2012,268.0,22.0,HOU,PF,44.0,14.0,12.2,2.2,4.8,0.455,0.5,1.9,0.289,1.7,3.0,0.562,0.512,0.7,1.2,0.627,0.8,1.3,2.1,0.7,0.2,0.2,0.8,1.7,5.7,,0,0,1
345.0,Mirza Teletović,27.0,BRK,PF,53.0,0.0,499.0,12.3,0.495,0.584,0.059,7.8,14.8,11.2,7.7,1.4,1.2,9.5,19.4,0.5,0.5,0.9,0.087,-0.3,-1.0,-1.3,0.1,,2012,360.0,27.0,BRK,PF,53.0,0.0,9.4,1.3,3.5,0.384,0.7,2.0,0.343,0.6,1.5,0.442,0.484,0.2,0.2,0.818,0.6,1.2,1.8,0.4,0.2,0.2,0.4,1.0,3.5,,0,0,1
348.0,Joel Freeland,25.0,POR,PF,51.0,1.0,477.0,9.3,0.435,0.0,0.19,9.6,19.5,14.5,4.3,1.4,1.7,11.0,16.6,-0.2,0.4,0.2,0.022,-4.7,-0.7,-5.4,-0.4,,2012,394.0,25.0,POR,PF,51.0,1.0,9.4,1.1,2.8,0.408,0.0,0.0,,1.1,2.8,0.408,0.408,0.4,0.5,0.667,0.8,1.5,2.3,0.3,0.3,0.2,0.4,1.3,2.6,,0,0,1
349.0,Khris Middleton,21.0,DET,SG,27.0,0.0,475.0,11.4,0.532,0.319,0.227,1.0,11.4,6.1,9.5,1.7,0.7,6.6,15.9,0.6,0.3,0.9,0.089,-1.9,-0.1,-1.9,0.0,,2012,254.0,21.0,DET,SG,27.0,0.0,17.6,2.3,5.2,0.44,0.5,1.7,0.311,1.8,3.6,0.5,0.489,1.0,1.2,0.844,0.1,1.7,1.9,1.0,0.6,0.1,0.4,2.0,6.1,,0,0,1
351.0,Bernard James,27.0,DAL,C,46.0,11.0,457.0,14.7,0.541,0.019,0.398,12.9,18.9,16.0,1.9,1.3,6.5,12.9,13.9,0.5,0.7,1.2,0.125,-2.4,0.7,-1.6,0.0,,2012,388.0,27.0,DAL,C,46.0,11.0,9.9,1.2,2.2,0.515,0.0,0.0,0.0,1.2,2.2,0.525,0.515,0.5,0.9,0.61,1.1,1.7,2.8,0.1,0.3,0.8,0.4,1.4,2.8,,0,0,1
358.0,Evan Fournier,20.0,DEN,SG,38.0,4.0,428.0,13.8,0.597,0.355,0.257,1.6,7.4,4.6,15.5,2.2,0.2,15.9,20.4,0.7,0.3,1.0,0.115,-1.3,0.0,-1.4,0.1,,2012,282.0,20.0,DEN,SG,38.0,4.0,11.3,2.0,4.0,0.493,0.6,1.4,0.407,1.4,2.6,0.541,0.566,0.8,1.0,0.769,0.2,0.8,0.9,1.2,0.5,0.0,0.8,1.7,5.3,,0,0,1
361.0,Kim English,24.0,DET,SG,41.0,0.0,407.0,7.9,0.477,0.446,0.259,2.2,8.4,5.2,9.8,2.1,0.6,13.2,16.1,0.0,0.2,0.2,0.021,-4.0,-0.2,-4.2,-0.2,,2012,380.0,24.0,DET,SG,41.0,0.0,9.9,1.0,2.7,0.375,0.3,1.2,0.28,0.7,1.5,0.452,0.438,0.5,0.7,0.724,0.2,0.7,0.9,0.6,0.4,0.1,0.5,1.1,2.9,,0,0,1
364.0,Marquis Teague,19.0,CHI,PG,48.0,0.0,392.0,6.0,0.412,0.204,0.142,0.9,12.1,6.4,25.6,1.2,1.3,22.6,18.2,-0.7,0.4,-0.3,-0.031,-5.5,0.0,-5.6,-0.4,,2012,415.0,19.0,CHI,PG,48.0,0.0,8.2,0.9,2.4,0.381,0.1,0.5,0.174,0.8,1.9,0.433,0.398,0.2,0.3,0.563,0.1,0.9,0.9,1.3,0.2,0.1,0.7,1.0,2.1,,0,0,1
373.0,Mike Scott,24.0,ATL,PF,40.0,1.0,376.0,16.3,0.533,0.007,0.381,12.1,21.3,16.7,5.4,0.6,0.4,10.9,23.7,0.5,0.4,0.9,0.11,-0.9,-2.6,-3.5,-0.1,,2012,314.0,24.0,ATL,PF,40.0,1.0,9.4,1.8,3.7,0.476,0.0,0.0,0.0,1.8,3.7,0.479,0.476,1.1,1.4,0.768,1.0,1.8,2.8,0.3,0.1,0.1,0.5,0.8,4.6,,0,0,1
381.0,Quincy Acy,22.0,TOR,PF,29.0,0.0,342.0,15.9,0.632,0.027,0.507,10.3,16.6,13.4,5.2,2.0,3.5,15.6,14.7,0.7,0.4,1.1,0.157,-1.0,1.0,0.1,0.2,,2012,332.0,22.0,TOR,PF,29.0,0.0,11.8,1.4,2.6,0.56,0.0,0.1,0.5,1.4,2.5,0.562,0.567,1.1,1.3,0.816,1.0,1.6,2.7,0.4,0.4,0.5,0.6,1.8,4.0,,0,0,1
383.0,Kevin Jones,23.0,CLE,PF,32.0,0.0,334.0,11.1,0.418,0.0,0.14,12.6,14.5,13.5,4.8,1.4,1.2,6.6,16.2,0.1,0.2,0.2,0.032,-1.9,-2.2,-4.1,-0.2,,2012,377.0,23.0,CLE,PF,32.0,0.0,10.4,1.3,3.3,0.402,0.0,0.0,,1.3,3.3,0.402,0.402,0.3,0.5,0.6,1.2,1.3,2.4,0.3,0.3,0.2,0.3,0.8,3.0,,0,0,1
391.0,Chris Johnson,27.0,MIN,C,30.0,0.0,284.0,18.4,0.65,0.0,0.453,7.8,16.6,12.1,4.9,1.3,7.6,12.6,16.2,0.6,0.4,1.0,0.176,-1.2,2.8,1.6,0.3,,2012,346.0,27.0,MIN,C,30.0,0.0,9.5,1.6,2.5,0.64,0.0,0.0,,1.6,2.5,0.64,0.64,0.7,1.1,0.618,0.7,1.3,2.0,0.3,0.2,0.9,0.4,1.6,3.9,,0,0,1
392.0,Perry Jones,21.0,OKC,SF,38.0,1.0,280.0,7.8,0.417,0.02,0.152,5.3,19.1,12.7,5.5,0.9,1.6,12.4,19.6,-0.4,0.4,0.0,-0.003,-5.8,-1.5,-7.3,-0.4,,2012,409.0,21.0,OKC,SF,38.0,1.0,7.4,1.0,2.6,0.394,0.0,0.1,0.0,1.0,2.6,0.402,0.394,0.3,0.4,0.667,0.3,1.3,1.6,0.3,0.1,0.2,0.4,0.6,2.3,,0,0,1
393.0,Terrence Jones,21.0,HOU,PF,19.0,0.0,276.0,17.1,0.512,0.202,0.181,11.6,15.0,13.4,8.6,2.2,5.2,11.4,18.1,0.3,0.4,0.7,0.128,0.3,1.4,1.7,0.3,,2012,274.0,21.0,HOU,PF,19.0,0.0,14.5,2.3,4.9,0.457,0.3,1.0,0.263,2.0,3.9,0.507,0.484,0.7,0.9,0.765,1.5,1.9,3.4,0.8,0.6,1.0,0.7,1.1,5.5,,0,0,1
394.0,Tony Wroten,19.0,MEM,SG,35.0,0.0,272.0,9.3,0.461,0.186,0.337,5.5,6.6,6.1,25.2,1.6,1.2,22.7,21.7,-0.2,0.3,0.1,0.017,-3.5,-0.2,-3.8,-0.1,,2012,398.0,19.0,MEM,SG,35.0,0.0,7.8,0.9,2.5,0.384,0.1,0.5,0.25,0.8,2.0,0.414,0.407,0.6,0.8,0.724,0.4,0.4,0.8,1.2,0.2,0.1,0.8,1.0,2.6,,0,0,1
396.0,Kent Bazemore,23.0,GSW,SG,61.0,0.0,267.0,11.3,0.454,0.293,0.379,2.1,6.8,4.5,13.1,3.2,1.2,11.7,25.7,-0.3,0.3,0.1,0.014,-3.1,0.7,-2.4,0.0,,2012,418.0,23.0,GSW,SG,61.0,0.0,4.4,0.7,1.9,0.371,0.2,0.6,0.294,0.5,1.3,0.402,0.414,0.4,0.7,0.614,0.1,0.3,0.4,0.4,0.3,0.1,0.3,0.4,2.0,,0,0,1
402.0,Viacheslav Kravtsov,25.0,DET,C,25.0,0.0,224.0,14.4,0.618,0.0,0.804,12.1,11.0,11.6,6.6,1.2,3.2,18.4,15.5,0.3,0.1,0.4,0.086,-1.4,-0.6,-2.0,0.0,,2012,373.0,25.0,DET,C,25.0,0.0,9.0,1.3,1.8,0.717,0.0,0.0,,1.3,1.8,0.717,0.717,0.4,1.5,0.297,1.0,0.8,1.8,0.4,0.2,0.4,0.6,1.3,3.1,,0,0,1
404.0,Tyshawn Taylor,22.0,BRK,PG,38.0,0.0,221.0,6.2,0.43,0.149,0.31,1.1,8.6,4.8,15.9,3.2,0.0,20.2,25.8,-0.6,0.2,-0.4,-0.077,-6.9,-0.5,-7.4,-0.3,,2012,412.0,22.0,BRK,PG,38.0,0.0,5.8,0.8,2.3,0.368,0.2,0.3,0.462,0.7,1.9,0.351,0.402,0.4,0.7,0.556,0.1,0.4,0.5,0.6,0.3,0.0,0.7,0.7,2.2,,0,0,1
407.0,Robert Sacre,23.0,LAL,C,32.0,3.0,203.0,3.4,0.407,0.0,0.229,5.0,13.2,9.2,4.3,0.0,3.6,15.9,13.8,-0.2,0.1,-0.1,-0.024,-8.0,-0.7,-8.8,-0.4,,2012,442.0,23.0,LAL,C,32.0,3.0,6.3,0.6,1.5,0.375,0.0,0.0,,0.6,1.5,0.375,0.375,0.2,0.3,0.636,0.3,0.8,1.1,0.2,0.0,0.3,0.3,1.2,1.3,,0,0,1
408.0,Maalik Wayns,21.0,2TM,PG,27.0,1.0,202.0,5.0,0.394,0.352,0.216,0.5,3.5,2.0,20.7,1.6,0.0,13.5,25.4,-0.4,0.1,-0.3,-0.079,-7.0,-3.0,-9.9,-0.4,,2012,385.0,21.0,2TM,PG,27.0,1.0,7.5,1.0,3.3,0.295,0.3,1.1,0.226,0.7,2.1,0.333,0.335,0.6,0.7,0.895,0.0,0.2,0.3,1.0,0.2,0.0,0.6,1.0,2.8,,0,0,1
409.0,Ben Hansbrough,25.0,IND,PG,28.0,0.0,200.0,7.2,0.501,0.511,0.6,1.1,8.8,5.0,16.1,1.9,0.7,24.0,17.1,-0.1,0.3,0.2,0.044,-5.2,1.0,-4.2,-0.1,,2012,421.0,25.0,IND,PG,28.0,0.0,7.1,0.5,1.6,0.333,0.2,0.8,0.261,0.3,0.8,0.409,0.4,0.8,1.0,0.778,0.1,0.6,0.6,0.8,0.3,0.1,0.6,0.8,2.0,,0,0,1
417.0,Diante Garrett,24.0,PHO,PG,19.0,0.0,149.0,9.0,0.375,0.306,0.204,3.7,7.8,5.7,31.3,3.4,0.0,23.1,20.7,-0.3,0.1,-0.2,-0.073,-3.6,-0.9,-4.4,-0.1,,2012,414.0,24.0,PHO,PG,19.0,0.0,7.8,0.8,2.6,0.327,0.2,0.8,0.2,0.7,1.8,0.382,0.357,0.3,0.5,0.5,0.3,0.5,0.8,1.6,0.5,0.0,0.8,0.3,2.1,,0,0,1
418.0,Jeremy Lamb,20.0,OKC,SF,23.0,0.0,147.0,11.2,0.479,0.441,0.206,4.2,9.4,7.0,5.4,0.7,1.0,7.5,24.8,0.1,0.1,0.2,0.058,-2.7,-2.7,-5.4,-0.1,,2012,374.0,20.0,OKC,SF,23.0,0.0,6.4,1.0,3.0,0.353,0.4,1.3,0.3,0.7,1.7,0.395,0.419,0.6,0.6,1.0,0.2,0.6,0.8,0.2,0.1,0.1,0.3,0.6,3.1,,0,0,1
420.0,Justin Holiday,23.0,PHI,SG,9.0,0.0,142.0,7.6,0.408,0.333,0.167,0.0,11.5,5.6,16.0,1.1,3.3,14.9,19.6,-0.3,0.1,-0.1,-0.042,-4.4,-0.6,-5.0,-0.1,,2012,311.0,23.0,PHI,SG,9.0,0.0,15.8,1.8,5.3,0.333,0.4,1.8,0.25,1.3,3.6,0.375,0.375,0.7,0.9,0.75,0.0,1.6,1.6,1.7,0.3,0.7,1.0,0.8,4.7,,0,0,1
421.0,Aron Baynes,26.0,SAS,C,16.0,0.0,141.0,8.8,0.521,0.028,0.333,10.4,15.5,13.1,5.2,0.4,3.1,21.0,17.1,0.0,0.2,0.1,0.05,-6.4,-0.6,-7.0,-0.2,,2012,391.0,26.0,SAS,C,16.0,0.0,8.8,1.1,2.3,0.5,0.0,0.1,0.0,1.1,2.2,0.514,0.5,0.4,0.8,0.583,0.8,1.3,2.0,0.3,0.1,0.4,0.7,1.4,2.7,,0,0,1
428.0,Tornike Shengelia,21.0,BRK,SF,19.0,0.0,93.0,8.5,0.499,0.087,0.696,11.4,17.9,14.6,5.1,1.7,0.8,26.8,20.3,-0.1,0.1,0.0,-0.017,-5.2,-1.3,-6.5,-0.1,,2012,434.0,21.0,BRK,SF,19.0,0.0,4.9,0.5,1.2,0.435,0.1,0.1,0.5,0.5,1.1,0.429,0.457,0.5,0.8,0.563,0.5,0.7,1.2,0.2,0.2,0.1,0.6,0.6,1.6,,0,0,1
437.0,Luke Zeller,25.0,PHO,C,16.0,0.0,58.0,5.6,0.365,0.192,0.0,1.9,18.0,9.8,8.4,0.0,0.0,0.0,19.9,-0.1,0.0,-0.1,-0.047,-4.1,-3.0,-7.2,-0.1,,2012,445.0,25.0,PHO,C,16.0,0.0,3.6,0.6,1.6,0.346,0.1,0.3,0.2,0.5,1.3,0.381,0.365,0.0,0.0,,0.1,0.6,0.6,0.2,0.0,0.0,0.0,0.3,1.2,,0,0,1
438.0,Jarvis Varnado,24.0,2TM,PF,13.0,0.0,58.0,1.2,0.457,0.0,0.571,4.4,14.0,9.4,7.2,0.9,2.8,40.7,12.1,-0.1,0.1,-0.1,-0.059,-9.4,0.0,-9.5,-0.1,,2012,459.0,24.0,2TM,PF,13.0,0.0,4.5,0.2,0.5,0.429,0.0,0.0,,0.2,0.5,0.429,0.429,0.2,0.3,0.5,0.2,0.5,0.7,0.2,0.1,0.2,0.5,0.8,0.6,,0,0,1
440.0,Miles Plumlee,24.0,IND,C,14.0,0.0,55.0,8.8,0.286,0.0,0.19,24.8,19.9,22.3,5.7,0.0,4.0,11.6,21.4,-0.1,0.1,0.0,-0.015,-5.0,-2.9,-7.8,-0.1,,2012,454.0,24.0,IND,C,14.0,0.0,3.9,0.4,1.5,0.238,0.0,0.0,,0.4,1.5,0.238,0.238,0.2,0.3,0.75,0.9,0.7,1.6,0.1,0.0,0.2,0.2,0.4,0.9,,0,0,1
441.0,Kris Joseph,24.0,2TM,SF,10.0,0.0,54.0,0.6,0.257,0.214,0.571,2.3,12.9,7.7,2.8,3.0,0.0,10.2,17.0,-0.2,0.1,-0.1,-0.127,-8.7,-1.2,-9.9,-0.1,,2012,451.0,24.0,2TM,SF,10.0,0.0,5.4,0.2,1.4,0.143,0.0,0.3,0.0,0.2,1.1,0.182,0.143,0.5,0.8,0.625,0.1,0.6,0.7,0.1,0.3,0.0,0.2,0.3,0.9,,0,0,1
442.0,Kevin Murphy,22.0,UTA,SG,17.0,0.0,52.0,-4.5,0.268,0.179,0.0,0.0,9.1,4.5,6.1,1.0,0.0,9.7,27.1,-0.3,0.0,-0.3,-0.272,-11.4,-5.4,-16.8,-0.2,,2012,453.0,22.0,UTA,SG,17.0,0.0,3.1,0.4,1.6,0.25,0.1,0.3,0.2,0.4,1.4,0.261,0.268,0.0,0.0,,0.0,0.2,0.2,0.1,0.1,0.0,0.2,0.2,0.9,,0,0,1
444.0,Fab Melo,22.0,BOS,C,6.0,0.0,36.0,4.9,0.451,0.0,0.667,0.0,9.6,4.9,0.0,2.9,4.4,11.4,11.5,0.0,0.1,0.0,0.021,-8.3,0.7,-7.6,-0.1,,2012,444.0,22.0,BOS,C,6.0,0.0,6.0,0.5,1.0,0.5,0.0,0.0,,0.5,1.0,0.5,0.5,0.2,0.7,0.25,0.0,0.5,0.5,0.0,0.3,0.3,0.2,1.2,1.2,,0,0,1
452.0,Jared Cunningham,21.0,DAL,SG,8.0,0.0,26.0,14.8,0.538,0.214,0.143,4.4,8.4,6.4,6.8,2.0,0.0,11.8,29.6,0.0,0.0,0.0,0.033,0.4,-1.9,-1.5,0.0,,2012,419.0,21.0,DAL,SG,8.0,0.0,3.3,0.8,1.8,0.429,0.3,0.4,0.667,0.5,1.4,0.364,0.5,0.3,0.3,1.0,0.1,0.3,0.4,0.1,0.1,0.0,0.3,0.4,2.0,,0,0,1
453.0,Quincy Miller,20.0,DEN,PF,7.0,0.0,26.0,5.9,0.349,0.083,0.167,4.4,4.2,4.3,16.8,1.9,0.0,7.2,23.1,0.0,0.0,0.0,-0.051,-6.6,-2.5,-9.2,0.0,,2012,440.0,20.0,DEN,PF,7.0,0.0,3.7,0.6,1.7,0.333,0.0,0.1,0.0,0.6,1.6,0.364,0.333,0.1,0.3,0.5,0.1,0.1,0.3,0.4,0.1,0.0,0.1,0.4,1.3,,0,0,1
457.0,Scott Machado,22.0,HOU,PG,6.0,0.0,21.0,6.0,0.581,0.167,0.333,0.0,5.3,2.7,44.2,4.8,0.0,53.8,31.0,-0.1,0.0,-0.1,-0.23,-5.9,-2.9,-8.8,0.0,,2012,439.0,22.0,HOU,PG,6.0,0.0,3.5,0.5,1.0,0.5,0.0,0.2,0.0,0.5,0.8,0.6,0.5,0.3,0.3,1.0,0.0,0.2,0.2,1.0,0.3,0.0,1.3,0.0,1.3,,0,0,1
459.0,Tim Ohlbrecht,24.0,HOU,C,3.0,0.0,12.0,-6.1,0.436,0.0,0.333,0.0,9.3,4.7,11.8,4.2,0.0,53.8,27.1,-0.1,0.0,-0.1,-0.369,-17.2,0.0,-17.2,0.0,,2012,449.0,24.0,HOU,C,3.0,0.0,4.0,0.3,1.0,0.333,0.0,0.0,,0.3,1.0,0.333,0.333,0.3,0.3,1.0,0.0,0.3,0.3,0.3,0.3,0.0,1.3,0.3,1.0,,0,0,1
460.0,Josh Akognon,26.0,DAL,PG,3.0,0.0,9.0,15.3,0.625,0.5,0.0,0.0,12.1,6.2,19.4,0.0,0.0,0.0,20.3,0.0,0.0,0.0,0.196,-3.1,0.1,-3.0,0.0,,2012,431.0,26.0,DAL,PG,3.0,0.0,3.0,0.7,1.3,0.5,0.3,0.7,0.5,0.3,0.7,0.5,0.625,0.0,0.0,,0.0,0.3,0.3,0.3,0.0,0.0,0.0,1.0,1.7,,0,0,1
462.0,Darius Johnson-Odom,23.0,LAL,SG,4.0,0.0,6.0,-6.7,0.0,0.25,0.0,18.9,53.7,36.7,21.7,0.0,0.0,0.0,29.7,-0.1,0.0,-0.1,-0.439,-15.0,-6.0,-21.0,0.0,,2012,467.0,23.0,LAL,SG,4.0,0.0,1.5,0.0,1.0,0.0,0.0,0.3,0.0,0.0,0.8,0.0,0.0,0.0,0.0,,0.3,0.8,1.0,0.3,0.0,0.0,0.0,0.0,0.0,,0,0,1
465.0,Henry Sims,22.0,NOH,C,2.0,0.0,5.0,29.2,0.667,0.0,0.0,46.8,0.0,23.8,0.0,0.0,0.0,25.0,37.2,0.0,0.0,0.0,0.061,5.2,-6.4,-1.2,0.0,,2012,423.0,22.0,NOH,C,2.0,0.0,2.5,1.0,1.5,0.667,0.0,0.0,,1.0,1.5,0.667,0.667,0.0,0.0,,1.0,0.0,1.0,0.0,0.0,0.0,0.5,0.5,2.0,,0,0,1
467.0,Chris Wright,23.0,DAL,SG,3.0,0.0,4.0,-1.9,0.5,0.0,0.0,0.0,0.0,0.0,0.0,0.0,0.0,33.3,34.2,0.0,0.0,0.0,-0.375,-10.8,-8.5,-19.2,0.0,,2012,458.0,23.0,DAL,SG,3.0,0.0,1.3,0.3,0.7,0.5,0.0,0.0,,0.3,0.7,0.5,0.5,0.0,0.0,,0.0,0.0,0.0,0.0,0.0,0.0,0.3,0.0,0.7,,0,0,1
53.0,Victor Oladipo,21.0,ORL,PG,80.0,44.0,2487.0,13.6,0.514,0.241,0.34,1.9,13.1,7.5,21.9,2.7,1.2,19.2,24.4,-1.4,2.8,1.3,0.026,-1.9,0.4,-1.4,0.3,ROY-2,2013,85.0,21.0,ORL,PG,80.0,44.0,31.1,4.9,11.7,0.419,0.9,2.8,0.327,4.0,8.9,0.448,0.458,3.1,4.0,0.78,0.5,3.6,4.1,4.1,1.6,0.5,3.2,2.6,13.8,ROY-2,1,1,1
65.0,Michael Carter-Williams,22.0,PHI,PG,70.0,70.0,2414.0,15.5,0.48,0.197,0.348,4.3,15.6,9.8,30.2,2.6,1.4,16.9,25.7,-0.8,2.1,1.3,0.026,-0.2,-0.2,-0.5,0.9,ROY-1,2013,48.0,22.0,PHI,PG,70.0,70.0,34.5,6.1,15.1,0.405,0.8,3.0,0.264,5.3,12.1,0.44,0.431,3.7,5.2,0.703,1.4,4.8,6.2,6.3,1.9,0.6,3.5,3.0,16.7,ROY-1,1,1,1
84.0,Trey Burke,21.0,UTA,PG,70.0,68.0,2262.0,12.6,0.473,0.375,0.126,1.8,9.0,5.3,29.4,1.0,0.2,12.2,21.8,1.0,0.0,0.9,0.02,0.0,-2.6,-2.6,-0.4,ROY-3,2013,104.0,21.0,UTA,PG,70.0,68.0,32.3,4.9,12.8,0.38,1.6,4.8,0.33,3.3,8.0,0.41,0.442,1.5,1.6,0.903,0.5,2.4,3.0,5.7,0.6,0.1,1.9,2.1,12.8,ROY-3,1,1,1
95.0,Ben McLemore,20.0,SAC,SG,82.0,55.0,2187.0,7.7,0.485,0.437,0.211,2.7,9.5,6.1,5.8,1.0,0.7,11.5,16.9,-0.1,0.9,0.8,0.016,-2.9,-1.1,-4.0,-1.1,,2013,185.0,20.0,SAC,SG,82.0,55.0,26.7,3.1,8.3,0.376,1.2,3.6,0.32,2.0,4.7,0.419,0.446,1.4,1.7,0.804,0.6,2.2,2.9,1.0,0.5,0.2,1.2,2.5,8.8,,0,0,1
139.0,Giannis Antetokounmpo,19.0,MIL,SF,77.0,23.0,1897.0,10.8,0.518,0.282,0.483,4.6,16.3,10.2,12.1,1.7,2.6,19.4,15.0,0.1,1.1,1.2,0.031,-2.4,-0.1,-2.5,-0.2,ROY-7,2013,237.0,19.0,MIL,SF,77.0,23.0,24.6,2.2,5.4,0.414,0.5,1.5,0.347,1.7,3.9,0.44,0.463,1.8,2.6,0.683,1.0,3.4,4.4,1.9,0.8,0.8,1.6,2.2,6.8,ROY-7,1,2,1
141.0,Tim Hardaway Jr.,21.0,NYK,SG,81.0,1.0,1875.0,12.7,0.554,0.521,0.186,1.2,6.6,3.8,5.8,1.2,0.3,5.9,19.6,2.7,0.4,3.1,0.08,0.0,-1.8,-1.8,0.1,"ROY-5,6MOY-13",2013,147.0,21.0,NYK,SG,81.0,1.0,23.1,3.6,8.5,0.428,1.6,4.4,0.363,2.0,4.1,0.498,0.523,1.3,1.6,0.828,0.2,1.3,1.5,0.8,0.5,0.1,0.6,1.8,10.2,"ROY-5,6MOY-13",0,0,1
161.0,Hollis Thompson,22.0,PHI,SF,77.0,41.0,1742.0,9.5,0.57,0.449,0.196,4.4,11.2,7.7,6.1,1.5,0.5,12.9,11.3,1.4,0.6,2.0,0.055,-2.1,-1.0,-3.2,-0.5,,2013,266.0,22.0,PHI,SF,77.0,41.0,22.6,2.2,4.8,0.46,0.9,2.2,0.401,1.4,2.7,0.507,0.55,0.7,0.9,0.712,0.9,2.3,3.2,0.9,0.7,0.2,0.8,1.9,6.0,,0,0,1
178.0,Kentavious Caldwell-Pope,20.0,DET,SG,80.0,41.0,1583.0,9.4,0.483,0.402,0.133,2.5,8.6,5.4,5.0,2.4,0.6,5.4,13.9,1.0,0.8,1.8,0.055,-3.0,0.5,-2.6,-0.2,,2013,272.0,20.0,DET,SG,80.0,41.0,19.8,2.3,5.8,0.396,0.7,2.3,0.319,1.5,3.4,0.447,0.46,0.6,0.8,0.77,0.5,1.5,2.0,0.7,0.9,0.2,0.4,1.8,5.9,,0,0,1
202.0,Cody Zeller,21.0,CHA,C,82.0,3.0,1416.0,13.1,0.498,0.002,0.495,9.4,18.8,14.1,10.4,1.5,2.3,15.0,18.9,0.4,2.2,2.6,0.09,-2.9,0.9,-2.0,0.0,,2013,269.0,21.0,CHA,C,82.0,3.0,17.3,2.1,4.9,0.426,0.0,0.0,0.0,2.1,4.9,0.427,0.426,1.8,2.4,0.73,1.4,2.9,4.3,1.1,0.5,0.5,1.1,2.1,6.0,,1,2,1
207.0,Kelly Olynyk,22.0,BOS,C,70.0,9.0,1400.0,15.2,0.546,0.227,0.243,11.0,18.8,14.8,13.1,1.3,1.5,16.0,21.0,1.5,1.4,2.9,0.101,-0.9,-0.3,-1.2,0.3,,2013,189.0,22.0,BOS,C,70.0,9.0,20.0,3.3,7.2,0.466,0.6,1.6,0.351,2.8,5.5,0.5,0.506,1.4,1.7,0.811,2.0,3.2,5.2,1.6,0.5,0.4,1.5,3.2,8.7,,1,2,1
217.0,Ryan Kelly,22.0,LAL,PF,59.0,25.0,1312.0,12.6,0.548,0.383,0.364,3.4,14.4,8.9,10.7,1.2,2.5,9.8,15.9,1.5,0.7,2.2,0.081,-1.4,-0.1,-1.5,0.2,,2013,207.0,22.0,LAL,PF,59.0,25.0,22.2,2.7,6.3,0.423,0.8,2.4,0.338,1.8,3.9,0.476,0.488,1.9,2.3,0.815,0.7,3.0,3.7,1.6,0.5,0.8,0.8,2.5,8.0,,0,0,1
218.0,Nate Wolters,22.0,MIL,PG,58.0,31.0,1309.0,12.7,0.486,0.159,0.231,2.8,10.5,6.5,23.3,1.4,0.9,11.7,16.8,0.9,0.2,1.2,0.043,-0.8,-1.0,-1.8,0.1,,2013,227.0,22.0,MIL,PG,58.0,31.0,22.6,2.9,6.7,0.437,0.3,1.1,0.29,2.6,5.6,0.465,0.46,1.0,1.6,0.656,0.6,2.0,2.6,3.2,0.6,0.3,1.0,1.2,7.2,,0,0,1
223.0,Mason Plumlee,23.0,BRK,C,70.0,22.0,1275.0,19.0,0.67,0.01,0.646,9.3,19.6,14.5,8.1,2.0,3.6,16.6,17.1,3.0,1.7,4.7,0.176,0.2,0.8,1.0,1.0,ROY-4,2013,222.0,23.0,BRK,C,70.0,22.0,18.2,2.8,4.3,0.659,0.0,0.0,0.0,2.8,4.3,0.666,0.659,1.7,2.8,0.626,1.4,3.0,4.4,0.9,0.7,0.8,1.1,2.4,7.4,ROY-4,1,1,1
224.0,Matthew Dellavedova,23.0,CLE,SG,72.0,4.0,1271.0,10.7,0.534,0.524,0.162,2.5,8.5,5.4,22.1,1.3,0.3,15.9,13.2,1.4,0.7,2.1,0.078,-1.6,-0.2,-1.8,0.1,,2013,309.0,23.0,CLE,SG,72.0,4.0,17.7,1.7,4.1,0.412,0.8,2.2,0.368,0.9,2.0,0.461,0.508,0.5,0.7,0.792,0.4,1.3,1.7,2.6,0.5,0.1,0.8,1.7,4.7,,0,0,1
229.0,Tony Snell,22.0,CHI,SG,77.0,12.0,1231.0,8.0,0.489,0.53,0.122,1.8,9.6,5.7,9.1,1.3,0.9,11.1,14.9,-0.1,1.7,1.6,0.063,-3.1,0.5,-2.6,-0.2,,2013,317.0,22.0,CHI,SG,77.0,12.0,16.0,1.7,4.4,0.384,0.7,2.3,0.32,0.9,2.1,0.456,0.469,0.4,0.5,0.756,0.2,1.4,1.6,0.9,0.4,0.2,0.6,1.1,4.5,,0,0,1
233.0,Steven Adams,20.0,OKC,C,81.0,20.0,1197.0,11.2,0.541,0.0,0.735,14.1,17.1,15.6,4.9,1.7,3.9,22.5,11.7,0.9,1.9,2.9,0.114,-3.1,0.9,-2.2,-0.1,ROY-7,2013,368.0,20.0,OKC,C,81.0,20.0,14.8,1.1,2.3,0.503,0.0,0.0,,1.1,2.3,0.503,0.503,1.0,1.7,0.581,1.8,2.3,4.1,0.5,0.5,0.7,0.9,2.5,3.3,ROY-7,1,2,1
237.0,Nick Calathes,24.0,MEM,SG,71.0,7.0,1173.0,12.3,0.506,0.196,0.232,2.3,11.5,6.9,26.5,3.0,0.6,22.8,17.5,-0.1,1.6,1.5,0.062,-2.5,1.6,-0.9,0.3,ROY-7,2013,298.0,24.0,MEM,SG,71.0,7.0,16.5,2.0,4.4,0.457,0.3,0.9,0.311,1.7,3.5,0.492,0.487,0.6,1.0,0.611,0.3,1.6,1.9,2.9,0.9,0.1,1.4,1.6,4.9,ROY-7,0,0,1
242.0,Phil Pressey,22.0,BOS,PG,75.0,11.0,1132.0,8.8,0.39,0.419,0.178,1.9,8.8,5.3,30.8,3.1,0.3,24.2,14.1,-1.0,1.1,0.1,0.005,-3.8,0.5,-3.3,-0.4,,2013,395.0,22.0,BOS,PG,75.0,11.0,15.1,1.0,3.4,0.308,0.4,1.4,0.264,0.7,2.0,0.34,0.364,0.4,0.6,0.644,0.3,1.1,1.4,3.2,0.9,0.1,1.2,1.3,2.8,,0,0,1
277.0,Pero Antić,31.0,ATL,C,50.0,26.0,925.0,11.7,0.545,0.582,0.224,7.2,18.9,13.1,9.8,1.0,1.0,14.5,18.6,0.5,0.9,1.4,0.075,-1.6,-0.7,-2.3,-0.1,,2013,230.0,31.0,ATL,C,50.0,26.0,18.5,2.5,5.9,0.418,1.1,3.4,0.327,1.3,2.5,0.545,0.514,1.0,1.3,0.758,1.1,3.0,4.2,1.2,0.4,0.2,1.1,2.5,7.0,,0,0,1
282.0,Ray McCallum,22.0,SAC,PG,45.0,10.0,897.0,9.7,0.439,0.197,0.143,2.2,7.8,5.0,21.0,1.2,0.8,10.9,17.6,0.0,0.4,0.4,0.02,-2.3,-0.8,-3.1,-0.3,,2013,260.0,22.0,SAC,PG,45.0,10.0,19.9,2.5,6.7,0.377,0.5,1.3,0.373,2.0,5.4,0.378,0.413,0.7,1.0,0.744,0.4,1.4,1.8,2.7,0.5,0.2,0.9,1.5,6.2,,0,0,1
294.0,Gorgui Dieng,24.0,MIN,C,60.0,15.0,818.0,16.5,0.534,0.004,0.41,13.4,26.9,20.0,7.2,1.8,4.6,16.8,16.8,0.7,1.5,2.2,0.129,-2.0,0.9,-1.1,0.2,ROY-6,2013,303.0,24.0,MIN,C,60.0,15.0,13.6,1.9,3.8,0.498,0.0,0.0,1.0,1.9,3.8,0.496,0.5,1.0,1.6,0.634,1.7,3.3,5.0,0.7,0.5,0.8,0.9,1.8,4.8,ROY-6,1,2,1
312.0,Jeff Withey,23.0,NOP,C,58.0,4.0,684.0,15.2,0.59,0.008,0.566,8.2,17.4,12.7,5.6,1.1,6.1,11.0,12.0,1.2,0.6,1.8,0.128,-0.5,0.7,0.2,0.4,,2013,372.0,23.0,NOP,C,58.0,4.0,11.8,1.2,2.2,0.535,0.0,0.0,0.0,1.2,2.2,0.539,0.535,0.9,1.3,0.712,0.8,1.7,2.6,0.4,0.3,0.9,0.3,1.3,3.3,,0,0,1
315.0,Anthony Bennett,20.0,CLE,PF,52.0,0.0,663.0,6.9,0.425,0.236,0.307,8.1,18.4,13.1,4.0,1.6,1.0,15.5,20.3,-1.1,0.7,-0.4,-0.028,-6.0,-1.3,-7.4,-0.9,,2013,324.0,20.0,CLE,PF,52.0,0.0,12.8,1.5,4.3,0.356,0.3,1.0,0.245,1.3,3.3,0.39,0.384,0.8,1.3,0.638,0.9,2.0,3.0,0.3,0.4,0.2,0.9,1.8,4.2,,0,0,1
316.0,Robbie Hummel,24.0,MIN,SF,53.0,5.0,655.0,9.6,0.492,0.503,0.09,5.7,16.6,11.0,5.0,1.2,0.2,5.2,12.6,0.6,0.6,1.1,0.084,-1.6,-0.4,-2.0,0.0,,2013,364.0,24.0,MIN,SF,53.0,5.0,12.4,1.3,3.3,0.379,0.6,1.7,0.36,0.7,1.7,0.398,0.469,0.3,0.3,0.938,0.7,1.8,2.5,0.4,0.3,0.0,0.2,1.1,3.4,,0,0,1
320.0,Dennis Schröder,20.0,ATL,PG,49.0,0.0,641.0,5.8,0.442,0.223,0.229,0.9,9.9,5.4,22.0,1.3,0.0,22.8,19.0,-1.1,0.4,-0.7,-0.054,-5.7,-1.6,-7.3,-0.9,,2013,351.0,20.0,ATL,PG,49.0,0.0,13.1,1.5,3.8,0.383,0.2,0.9,0.238,1.3,3.0,0.425,0.41,0.6,0.9,0.674,0.1,1.1,1.2,1.9,0.3,0.0,1.2,1.1,3.7,,0,0,1
328.0,Brandon Davies,22.0,PHI,PF,51.0,0.0,575.0,7.5,0.476,0.078,0.414,6.9,13.9,10.2,7.1,2.0,1.1,18.8,13.7,-0.3,0.4,0.1,0.008,-5.7,-0.6,-6.3,-0.6,,2013,393.0,22.0,PHI,PF,51.0,0.0,11.3,1.1,2.5,0.422,0.0,0.2,0.2,1.0,2.3,0.441,0.43,0.7,1.0,0.642,0.7,1.4,2.1,0.5,0.5,0.2,0.7,1.8,2.8,,0,0,1
332.0,Archie Goodwin,19.0,PHO,SG,52.0,0.0,533.0,10.3,0.507,0.216,0.329,5.3,13.0,9.2,5.7,1.9,1.6,18.7,19.4,-0.3,0.5,0.2,0.018,-3.1,-0.1,-3.2,-0.2,,2013,350.0,19.0,PHO,SG,52.0,0.0,10.3,1.5,3.2,0.455,0.1,0.7,0.139,1.4,2.5,0.542,0.47,0.7,1.1,0.673,0.5,1.2,1.7,0.4,0.4,0.2,0.8,0.9,3.7,,0,0,1
340.0,Shane Larkin,21.0,DAL,PG,48.0,0.0,489.0,8.3,0.446,0.277,0.182,2.6,7.3,5.0,20.4,2.7,0.2,20.9,17.4,-0.4,0.3,-0.1,-0.01,-3.8,0.0,-3.8,-0.2,,2013,394.0,21.0,DAL,PG,48.0,0.0,10.2,1.1,2.9,0.38,0.3,0.8,0.316,0.8,2.1,0.404,0.423,0.3,0.5,0.64,0.2,0.6,0.9,1.5,0.5,0.0,0.8,1.0,2.8,,0,0,1
341.0,Vítor Luiz Faverani,25.0,BOS,C,37.0,8.0,488.0,11.0,0.502,0.272,0.252,9.5,20.6,14.9,5.2,1.5,4.3,20.1,18.6,-0.3,0.7,0.3,0.031,-3.6,0.5,-3.2,-0.1,,2013,319.0,25.0,BOS,C,37.0,8.0,13.2,1.7,4.0,0.435,0.3,1.1,0.3,1.4,2.9,0.486,0.476,0.6,1.0,0.649,1.1,2.3,3.5,0.4,0.4,0.7,1.1,2.0,4.4,,0,0,1
344.0,CJ McCollum,22.0,POR,SG,38.0,0.0,476.0,9.0,0.521,0.449,0.191,1.6,9.2,5.4,8.7,1.5,0.3,15.4,20.9,-0.2,0.3,0.2,0.019,-2.9,-0.6,-3.4,-0.2,,2013,285.0,22.0,POR,SG,38.0,0.0,12.5,1.9,4.7,0.416,0.8,2.1,0.375,1.2,2.6,0.449,0.5,0.6,0.9,0.676,0.2,1.1,1.3,0.7,0.4,0.1,0.9,1.4,5.3,,0,0,1
346.0,Miroslav Raduljica,26.0,MIL,C,48.0,2.0,465.0,15.3,0.603,0.0,0.437,12.9,13.7,13.3,8.3,0.8,2.3,15.7,17.3,1.0,0.1,1.1,0.112,-2.1,-1.6,-3.6,-0.2,,2013,348.0,26.0,MIL,C,48.0,2.0,9.7,1.4,2.6,0.54,0.0,0.0,,1.4,2.6,0.54,0.54,0.9,1.1,0.818,1.1,1.1,2.3,0.5,0.1,0.3,0.6,1.8,3.8,,0,0,1
348.0,Rudy Gobert,21.0,UTA,C,45.0,0.0,434.0,12.9,0.507,0.0,0.878,13.1,28.5,20.6,2.4,1.0,7.4,23.8,14.2,-0.2,0.6,0.4,0.045,-3.6,0.9,-2.7,-0.1,,2013,413.0,21.0,UTA,C,45.0,0.0,9.6,0.8,1.6,0.486,0.0,0.0,,0.8,1.6,0.486,0.486,0.7,1.4,0.492,1.1,2.3,3.4,0.2,0.2,0.9,0.7,1.3,2.3,,0,0,1
352.0,Andre Roberson,22.0,OKC,SG,40.0,16.0,399.0,9.0,0.518,0.191,0.147,10.7,15.6,13.3,5.2,2.4,2.0,20.8,10.1,0.2,0.6,0.8,0.099,-3.8,1.4,-2.4,0.0,,2013,434.0,22.0,OKC,SG,40.0,16.0,10.0,0.8,1.7,0.485,0.1,0.3,0.154,0.8,1.4,0.564,0.5,0.2,0.3,0.7,0.9,1.5,2.4,0.4,0.5,0.3,0.5,1.9,1.9,,0,0,1
354.0,Reggie Bullock,22.0,LAC,SF,43.0,0.0,395.0,6.7,0.46,0.603,0.074,3.2,11.7,7.6,4.3,1.1,0.2,9.4,15.4,-0.2,0.3,0.2,0.019,-2.5,-0.9,-3.3,-0.1,,2013,398.0,22.0,LAC,SF,43.0,0.0,9.2,1.0,2.8,0.355,0.5,1.7,0.301,0.5,1.1,0.438,0.446,0.2,0.2,0.778,0.3,1.0,1.3,0.3,0.2,0.0,0.3,0.6,2.7,,0,0,1
360.0,Dewayne Dedmon,24.0,3TM,C,31.0,6.0,390.0,10.7,0.5,0.0,0.386,10.7,25.8,18.1,1.9,0.9,4.5,15.6,13.1,0.1,0.5,0.6,0.07,-4.5,-0.3,-4.7,-0.3,,2013,376.0,24.0,3TM,C,31.0,6.0,12.6,1.2,2.7,0.458,0.0,0.0,,1.2,2.7,0.458,0.458,0.7,1.0,0.656,1.2,2.9,4.1,0.2,0.2,0.7,0.6,2.1,3.1,,0,0,1
365.0,Toure' Murry,24.0,NYK,PG,51.0,0.0,373.0,11.1,0.479,0.093,0.302,4.0,10.1,6.9,21.5,2.7,0.2,18.9,22.5,-0.3,0.3,0.0,0.002,-3.7,-0.7,-4.4,-0.2,,2013,401.0,24.0,NYK,PG,51.0,0.0,7.3,1.1,2.5,0.434,0.1,0.2,0.417,1.0,2.3,0.436,0.453,0.5,0.8,0.59,0.3,0.6,0.9,1.0,0.4,0.0,0.7,0.9,2.7,,0,0,1
367.0,Alex Len,20.0,PHO,C,42.0,3.0,362.0,7.3,0.469,0.0,0.397,12.1,18.6,15.3,1.6,0.6,3.8,22.1,14.3,-0.2,0.4,0.2,0.024,-5.9,-0.7,-6.6,-0.4,,2013,429.0,20.0,PHO,C,42.0,3.0,8.6,0.8,1.9,0.423,0.0,0.0,,0.8,1.9,0.423,0.423,0.5,0.7,0.645,0.9,1.4,2.4,0.1,0.1,0.4,0.6,1.6,2.0,,0,0,1
374.0,Otto Porter Jr.,20.0,WAS,SF,37.0,0.0,319.0,6.0,0.405,0.231,0.132,7.5,13.3,10.4,4.6,1.3,0.3,12.7,15.6,-0.4,0.3,0.0,-0.006,-4.9,-1.3,-6.2,-0.3,,2013,423.0,20.0,WAS,SF,37.0,0.0,8.6,0.9,2.5,0.363,0.1,0.6,0.19,0.8,1.9,0.414,0.385,0.2,0.3,0.667,0.6,1.0,1.5,0.3,0.2,0.0,0.4,0.7,2.1,,0,0,1
381.0,Gal Mekel,25.0,DAL,PG,31.0,1.0,292.0,5.4,0.4,0.233,0.14,2.0,8.6,5.3,30.1,0.7,0.3,25.4,19.0,-0.5,0.1,-0.4,-0.073,-4.9,-2.7,-7.6,-0.4,,2013,407.0,25.0,DAL,PG,31.0,1.0,9.4,1.0,2.8,0.349,0.2,0.6,0.25,0.8,2.1,0.379,0.378,0.3,0.4,0.667,0.2,0.7,0.9,2.0,0.1,0.0,1.0,1.0,2.4,,0,0,1
382.0,Shabazz Muhammad,21.0,MIN,SG,37.0,0.0,290.0,13.1,0.505,0.089,0.323,8.8,11.2,10.0,3.4,1.4,0.3,10.2,23.1,0.1,0.2,0.3,0.053,-2.2,-2.3,-4.5,-0.2,,2013,339.0,21.0,MIN,SG,37.0,0.0,7.8,1.5,3.4,0.46,0.1,0.3,0.273,1.5,3.1,0.478,0.472,0.7,1.1,0.65,0.6,0.8,1.4,0.2,0.2,0.0,0.4,0.6,3.9,,0,0,1
388.0,Isaiah Canaan,22.0,HOU,PG,22.0,0.0,252.0,9.5,0.506,0.632,0.333,3.3,7.1,5.3,13.2,1.6,1.2,17.4,21.0,0.0,0.2,0.2,0.031,-2.5,-1.5,-4.0,-0.1,,2013,312.0,22.0,HOU,PG,22.0,0.0,11.5,1.4,4.0,0.356,0.8,2.5,0.327,0.6,1.5,0.406,0.46,1.0,1.3,0.724,0.3,0.8,1.1,1.0,0.4,0.2,1.0,1.1,4.6,,0,0,1
393.0,Jorge Gutiérrez,25.0,BRK,PG,15.0,2.0,244.0,8.7,0.523,0.222,0.222,1.5,9.3,5.4,19.4,2.2,0.3,19.1,14.1,0.1,0.2,0.2,0.048,-4.7,-0.2,-4.9,-0.2,,2013,331.0,25.0,BRK,PG,15.0,2.0,16.3,1.7,3.6,0.463,0.2,0.8,0.25,1.5,2.8,0.524,0.491,0.6,0.8,0.75,0.2,1.3,1.5,2.0,0.7,0.1,0.9,2.5,4.1,,0,0,1
395.0,Gigi Datome,26.0,DET,SF,34.0,0.0,238.0,8.0,0.409,0.402,0.103,6.1,15.5,10.6,7.0,1.3,0.3,9.8,20.2,-0.2,0.1,-0.1,-0.023,-3.7,-2.3,-6.0,-0.2,,2013,406.0,26.0,DET,SF,34.0,0.0,7.0,1.0,2.9,0.351,0.2,1.1,0.179,0.8,1.7,0.466,0.387,0.2,0.3,0.8,0.4,0.9,1.4,0.3,0.2,0.0,0.3,0.6,2.4,,0,0,1
398.0,Solomon Hill,22.0,IND,SF,28.0,0.0,226.0,7.6,0.545,0.575,0.175,4.7,15.2,10.2,7.9,1.1,0.7,23.2,11.3,0.0,0.4,0.4,0.08,-3.3,0.9,-2.4,0.0,,2013,439.0,22.0,IND,SF,28.0,0.0,8.1,0.6,1.4,0.425,0.3,0.8,0.304,0.4,0.6,0.588,0.513,0.2,0.3,0.857,0.3,1.1,1.5,0.4,0.2,0.1,0.5,0.7,1.7,,0,0,1
400.0,Lorenzo Brown,23.0,PHI,PG,26.0,0.0,224.0,8.2,0.349,0.349,0.151,3.7,10.0,6.8,27.5,2.8,1.1,14.9,20.4,-0.5,0.2,-0.3,-0.068,-4.5,-0.7,-5.2,-0.2,,2013,403.0,23.0,PHI,PG,26.0,0.0,8.6,1.0,3.3,0.302,0.1,1.2,0.1,0.9,2.2,0.411,0.32,0.3,0.5,0.692,0.3,0.8,1.1,1.6,0.5,0.1,0.6,0.7,2.5,,0,0,1
401.0,Peyton Siva,23.0,DET,SG,24.0,0.0,224.0,5.7,0.425,0.439,0.263,0.9,6.2,3.4,21.0,2.0,0.4,22.1,15.6,-0.2,0.1,-0.2,-0.032,-5.3,-1.1,-6.4,-0.2,,2013,415.0,23.0,DET,SG,24.0,0.0,9.3,0.8,2.4,0.316,0.3,1.0,0.28,0.5,1.3,0.344,0.377,0.5,0.6,0.733,0.1,0.5,0.6,1.4,0.4,0.0,0.8,1.1,2.3,,0,0,1
402.0,Mike Muscala,22.0,ATL,PF,20.0,0.0,215.0,10.8,0.48,0.041,0.192,9.2,18.7,14.0,5.2,0.7,3.7,13.2,19.3,-0.1,0.2,0.2,0.04,-4.5,-1.0,-5.5,-0.2,,2013,346.0,22.0,ATL,PF,20.0,0.0,10.8,1.6,3.7,0.425,0.0,0.2,0.0,1.6,3.5,0.443,0.425,0.7,0.7,1.0,0.9,1.8,2.6,0.4,0.2,0.5,0.6,1.5,3.8,,0,0,1
404.0,Dionte Christmas,27.0,PHO,SF,31.0,0.0,198.0,11.1,0.489,0.5,0.387,7.4,14.1,10.8,5.8,0.5,1.1,7.6,17.4,0.2,0.1,0.3,0.083,-0.5,-1.3,-1.8,0.0,,2013,410.0,27.0,PHO,SF,31.0,0.0,6.4,0.7,2.0,0.355,0.3,1.0,0.29,0.4,1.0,0.419,0.427,0.6,0.8,0.75,0.4,0.8,1.2,0.3,0.1,0.1,0.2,0.6,2.3,,0,0,1
413.0,Ian Clark,22.0,UTA,SG,23.0,0.0,172.0,9.2,0.485,0.463,0.104,1.9,11.1,6.4,14.7,2.4,0.9,16.7,22.4,-0.2,0.1,-0.1,-0.025,-2.9,-0.3,-3.2,-0.1,,2013,381.0,22.0,UTA,SG,23.0,0.0,7.5,1.1,2.9,0.388,0.5,1.3,0.355,0.7,1.6,0.417,0.47,0.2,0.3,0.714,0.1,0.7,0.8,0.7,0.3,0.1,0.6,1.0,3.0,,0,0,1
415.0,James Nunnally,23.0,2TM,SF,13.0,0.0,165.0,6.1,0.44,0.543,0.196,0.7,12.4,6.4,7.0,1.8,1.0,12.3,15.1,-0.2,0.1,-0.1,-0.021,-4.3,-1.1,-5.4,-0.1,,2013,363.0,23.0,2TM,SF,13.0,0.0,12.7,1.2,3.5,0.326,0.6,1.9,0.32,0.5,1.6,0.333,0.413,0.5,0.7,0.667,0.1,1.4,1.5,0.6,0.5,0.2,0.5,0.8,3.4,,0,0,1
417.0,Jamaal Franklin,22.0,MEM,SG,21.0,0.0,161.0,4.7,0.489,0.282,0.051,2.9,14.0,8.5,5.4,1.3,1.0,21.6,14.6,-0.2,0.2,0.0,-0.002,-6.0,0.1,-5.9,-0.2,,2013,433.0,22.0,MEM,SG,21.0,0.0,7.7,0.8,1.9,0.41,0.2,0.5,0.455,0.5,1.3,0.393,0.474,0.1,0.1,1.0,0.2,0.9,1.1,0.3,0.2,0.1,0.5,1.1,1.9,,0,0,1
420.0,Sergey Karasev,20.0,CLE,SF,22.0,1.0,156.0,2.3,0.47,0.543,0.286,0.0,11.8,5.8,5.6,1.0,0.5,21.8,14.4,-0.2,0.1,-0.1,-0.041,-7.5,-0.9,-8.4,-0.3,,2013,441.0,20.0,CLE,SF,22.0,1.0,7.1,0.5,1.6,0.343,0.2,0.9,0.211,0.4,0.7,0.5,0.4,0.4,0.5,0.9,0.0,0.7,0.7,0.3,0.1,0.0,0.5,1.0,1.7,,0,0,1
424.0,Dwight Buycks,24.0,TOR,PG,14.0,0.0,146.0,7.2,0.414,0.354,0.188,3.2,15.2,9.2,10.6,2.9,0.0,16.1,19.3,-0.2,0.2,0.0,-0.009,-4.4,1.1,-3.4,0.0,,2013,377.0,24.0,TOR,PG,14.0,0.0,10.4,1.1,3.4,0.313,0.4,1.2,0.294,0.7,2.2,0.323,0.365,0.6,0.6,0.889,0.3,1.4,1.6,0.7,0.6,0.0,0.7,0.8,3.1,,0,0,1
425.0,Nemanja Nedović,22.0,GSW,SG,24.0,0.0,142.0,-1.7,0.306,0.462,0.205,2.3,9.1,5.8,12.1,0.0,0.5,23.4,17.2,-0.5,0.1,-0.4,-0.132,-8.2,-1.9,-10.0,-0.3,,2013,456.0,22.0,GSW,SG,24.0,0.0,5.9,0.3,1.6,0.205,0.1,0.8,0.167,0.2,0.9,0.238,0.244,0.3,0.3,0.875,0.1,0.5,0.6,0.5,0.0,0.0,0.5,0.5,1.1,,0,0,1
426.0,Chris Babb,23.0,BOS,SG,14.0,0.0,132.0,3.7,0.367,0.9,0.0,3.3,11.5,7.3,3.3,2.3,0.0,9.1,11.1,-0.1,0.1,0.0,-0.008,-6.0,-0.1,-6.1,-0.1,,2013,443.0,23.0,BOS,SG,14.0,0.0,9.4,0.6,2.1,0.267,0.4,1.9,0.222,0.1,0.2,0.667,0.367,0.0,0.0,,0.3,0.9,1.2,0.2,0.4,0.0,0.2,0.9,1.6,,0,0,1
429.0,Casper Ware,24.0,PHI,PG,9.0,0.0,116.0,13.0,0.538,0.5,0.143,0.0,8.7,4.2,13.7,3.3,0.0,10.1,18.1,0.1,0.1,0.2,0.071,-2.6,0.2,-2.4,0.0,,2013,286.0,24.0,PHI,PG,9.0,0.0,12.9,2.0,4.7,0.429,0.8,2.3,0.333,1.2,2.3,0.524,0.512,0.6,0.7,0.833,0.0,1.0,1.0,1.1,0.9,0.0,0.6,1.2,5.3,,0,0,1
431.0,Glen Rice Jr.,23.0,WAS,SG,11.0,1.0,109.0,6.6,0.399,0.459,0.189,4.2,17.3,10.6,9.3,2.8,0.8,18.3,20.3,-0.3,0.2,-0.1,-0.043,-4.7,1.8,-2.9,0.0,,2013,391.0,23.0,WAS,SG,11.0,1.0,9.9,1.0,3.4,0.297,0.5,1.5,0.294,0.5,1.8,0.3,0.365,0.5,0.6,0.714,0.4,1.5,1.8,0.6,0.5,0.1,0.8,0.6,2.9,,0,0,1
433.0,Allen Crabbe,21.0,POR,SG,15.0,0.0,100.0,7.7,0.475,0.424,0.121,1.1,8.5,4.8,8.7,1.0,0.7,7.9,16.5,0.0,0.1,0.1,0.037,-4.6,-1.4,-6.1,-0.1,,2013,421.0,21.0,POR,SG,15.0,0.0,6.7,0.8,2.2,0.364,0.4,0.9,0.429,0.4,1.3,0.316,0.455,0.2,0.3,0.75,0.1,0.5,0.6,0.4,0.1,0.1,0.2,0.7,2.2,,0,0,1
438.0,Ognjen Kuzmić,23.0,GSW,C,21.0,0.0,92.0,3.4,0.42,0.0,0.846,12.1,12.8,12.5,2.9,1.6,3.3,35.9,13.3,-0.2,0.1,0.0,-0.025,-8.7,-0.2,-8.9,-0.2,,2013,466.0,23.0,GSW,C,21.0,0.0,4.4,0.2,0.6,0.385,0.0,0.0,,0.2,0.6,0.385,0.385,0.2,0.5,0.455,0.5,0.5,1.0,0.1,0.1,0.2,0.5,0.8,0.7,,0,0,1
441.0,Tony Mitchell,21.0,DET,PF,21.0,0.0,79.0,18.1,0.54,0.083,1.583,19.7,16.0,18.0,3.4,3.8,3.0,16.4,13.2,0.1,0.1,0.2,0.151,0.5,-0.1,0.4,0.0,,2013,431.0,24.0,MIL,SF,3.0,0.0,3.3,1.0,1.7,0.6,0.0,0.3,0.0,1.0,1.3,0.75,0.6,0.0,0.0,,0.3,0.0,0.3,0.3,0.3,0.0,0.0,0.0,2.0,,0,0,1
444.0,Troy Daniels,22.0,HOU,SG,5.0,1.0,75.0,16.0,0.677,0.806,0.0,0.0,5.6,3.0,11.4,0.0,0.0,8.8,19.9,0.2,0.0,0.2,0.15,3.7,-3.3,0.4,0.0,,2013,195.0,22.0,HOU,SG,5.0,1.0,15.0,3.0,6.2,0.484,2.4,5.0,0.48,0.6,1.2,0.5,0.677,0.0,0.0,,0.0,0.8,0.8,1.0,0.0,0.0,0.6,1.2,8.4,,0,0,1
446.0,Justin Hamilton,23.0,2TM,C,8.0,0.0,72.0,11.9,0.586,0.45,0.25,7.2,5.0,6.1,0.0,3.6,0.0,15.3,17.4,0.1,0.1,0.1,0.089,-2.5,-1.3,-3.8,0.0,,2013,367.0,23.0,2TM,C,8.0,0.0,9.0,1.1,2.5,0.45,0.4,1.1,0.333,0.8,1.4,0.545,0.525,0.6,0.6,1.0,0.5,0.4,0.9,0.0,0.6,0.0,0.5,1.0,3.3,,0,0,1
448.0,Erik Murphy,23.0,CHI,C,24.0,0.0,62.0,0.2,0.231,0.231,0.0,3.7,10.8,7.3,4.9,0.0,5.0,13.3,11.2,-0.2,0.1,-0.1,-0.055,-9.0,0.3,-8.6,-0.1,,2013,473.0,23.0,CHI,C,24.0,0.0,2.6,0.1,0.5,0.231,0.0,0.1,0.0,0.1,0.4,0.3,0.231,0.0,0.0,,0.1,0.3,0.3,0.1,0.0,0.2,0.1,0.3,0.3,,0,0,1
455.0,Carrick Felix,23.0,CLE,SG,7.0,0.0,38.0,13.3,0.603,0.357,0.286,2.9,15.1,8.9,18.2,0.0,0.0,20.2,23.2,0.0,0.0,0.0,0.057,-1.3,-2.2,-3.4,0.0,,2013,400.0,23.0,CLE,SG,7.0,0.0,5.4,1.0,2.0,0.5,0.3,0.7,0.4,0.7,1.3,0.556,0.571,0.4,0.6,0.75,0.1,0.7,0.9,0.6,0.0,0.0,0.6,0.6,2.7,,0,0,1
456.0,Adonis Thomas,20.0,2TM,SF,6.0,1.0,37.0,7.3,0.485,0.357,0.071,0.0,9.2,4.6,13.4,0.0,0.0,6.5,18.5,0.0,0.0,0.0,0.001,-4.2,-2.0,-6.2,0.0,,2013,409.0,20.0,2TM,SF,6.0,1.0,6.2,1.0,2.3,0.429,0.2,0.8,0.2,0.8,1.5,0.556,0.464,0.2,0.2,1.0,0.0,0.5,0.5,0.5,0.0,0.0,0.2,1.0,2.3,,0,0,1
457.0,Robert Covington,23.0,HOU,SF,7.0,0.0,34.0,15.0,0.571,0.786,0.0,6.9,9.3,8.2,0.0,2.9,0.0,6.7,19.3,0.1,0.0,0.1,0.122,1.5,-0.8,0.7,0.0,,2013,411.0,23.0,HOU,SF,7.0,0.0,4.9,0.9,2.0,0.429,0.6,1.6,0.364,0.3,0.4,0.667,0.571,0.0,0.0,,0.3,0.4,0.7,0.0,0.3,0.0,0.1,0.4,2.3,,0,0,1
459.0,Ricky Ledo,21.0,DAL,SG,11.0,0.0,33.0,12.7,0.506,0.471,0.235,0.0,7.0,3.5,9.5,1.6,0.0,9.6,28.6,0.0,0.0,0.0,0.024,-1.4,-2.5,-3.9,0.0,,2013,442.0,21.0,DAL,SG,11.0,0.0,3.0,0.5,1.5,0.353,0.3,0.7,0.375,0.3,0.8,0.333,0.441,0.4,0.4,1.0,0.0,0.2,0.2,0.2,0.1,0.0,0.2,0.2,1.7,,0,0,1
460.0,James Southerland,23.0,2TM,SF,4.0,0.0,30.0,11.8,0.441,0.4,0.133,0.0,31.5,15.5,0.0,1.7,5.6,5.9,25.6,-0.1,0.0,0.0,-0.023,-2.3,-0.4,-2.7,0.0,,2013,357.0,23.0,2TM,SF,4.0,0.0,7.5,1.3,3.8,0.333,0.8,1.5,0.5,0.5,2.3,0.222,0.433,0.3,0.5,0.5,0.0,2.0,2.0,0.0,0.3,0.5,0.3,0.8,3.5,,0,0,1
461.0,Arinze Onuaku,26.0,2TM,PF,5.0,0.0,30.0,3.8,0.255,0.0,0.4,7.6,23.5,15.4,13.5,0.0,0.0,14.5,10.4,0.0,0.0,0.0,-0.044,-4.0,-1.2,-5.2,0.0,,2013,467.0,26.0,2TM,PF,5.0,0.0,6.0,0.2,1.0,0.2,0.0,0.0,,0.2,1.0,0.2,0.2,0.2,0.4,0.5,0.4,1.2,1.6,0.6,0.0,0.0,0.2,0.6,0.6,,0,0,1
466.0,Vander Blue,21.0,BOS,SG,3.0,0.0,15.0,0.5,0.403,0.25,1.25,0.0,23.4,11.4,10.7,0.0,0.0,24.4,24.3,-0.1,0.0,-0.1,-0.214,-10.0,-3.8,-13.8,0.0,,2013,438.0,21.0,BOS,SG,3.0,0.0,5.0,0.7,1.3,0.5,0.0,0.3,0.0,0.7,1.0,0.667,0.5,0.3,1.7,0.2,0.0,1.0,1.0,0.3,0.0,0.0,0.7,0.3,1.7,,0,0,1
468.0,D.J. Stephens,23.0,MIL,SG,3.0,0.0,15.0,16.1,0.47,0.0,0.143,7.4,31.6,19.1,0.0,0.0,0.0,0.0,22.4,0.0,0.0,0.0,0.067,2.2,-0.5,1.7,0.0,,2013,417.0,23.0,MIL,SG,3.0,0.0,5.0,1.0,2.3,0.429,0.0,0.0,,1.0,2.3,0.429,0.429,0.3,0.3,1.0,0.3,1.3,1.7,0.0,0.0,0.0,0.0,0.0,2.3,,0,0,1
469.0,Seth Curry,23.0,2TM,PG,2.0,0.0,13.0,13.8,0.5,0.333,0.0,0.0,8.8,4.3,0.0,7.9,0.0,0.0,10.3,0.0,0.0,0.0,0.131,-2.5,7.1,4.7,0.0,,2013,446.0,23.0,2TM,PG,2.0,0.0,6.5,0.5,1.5,0.333,0.5,0.5,1.0,0.0,1.0,0.0,0.5,0.0,0.0,,0.0,0.5,0.5,0.0,1.0,0.0,0.0,0.0,1.5,,0,0,1
470.0,Shane Edwards,26.0,CLE,SF,2.0,0.0,12.0,-1.0,0.333,0.0,0.0,9.1,9.6,9.3,0.0,0.0,0.0,25.0,14.9,0.0,0.0,0.0,-0.141,-8.7,-4.6,-13.3,0.0,,2013,458.0,26.0,CLE,SF,2.0,0.0,6.0,0.5,1.5,0.333,0.0,0.0,,0.5,1.5,0.333,0.333,0.0,0.0,,0.5,0.5,1.0,0.0,0.0,0.0,0.5,0.5,1.0,,0,0,1
472.0,Elias Harris,24.0,LAL,SF,2.0,0.0,11.0,7.6,0.0,0.0,0.0,9.7,0.0,4.9,11.4,4.4,0.0,0.0,4.0,0.0,0.0,0.0,0.018,-0.6,0.9,0.3,0.0,,2013,476.0,24.0,LAL,SF,2.0,0.0,5.5,0.0,0.5,0.0,0.0,0.0,,0.0,0.5,0.0,0.0,0.0,0.0,,0.5,0.0,0.5,0.5,0.5,0.0,0.0,0.0,0.0,,0,0,1
476.0,Royce White,22.0,SAC,PF,3.0,0.0,9.0,-8.3,0.0,0.0,0.0,0.0,0.0,0.0,0.0,0.0,0.0,0.0,4.9,0.0,0.0,0.0,-0.121,-12.5,-4.5,-16.9,0.0,,2013,482.0,22.0,SAC,PF,3.0,0.0,3.0,0.0,0.3,0.0,0.0,0.0,,0.0,0.3,0.0,0.0,0.0,0.0,,0.0,0.0,0.0,0.0,0.0,0.0,0.0,0.7,0.0,,0,0,1
478.0,Scotty Hopson,24.0,CLE,SG,2.0,0.0,7.0,-6.5,0.102,0.5,0.5,0.0,0.0,0.0,18.8,7.4,0.0,0.0,31.1,-0.1,0.0,-0.1,-0.412,-17.4,-3.3,-20.7,0.0,,2013,469.0,24.0,CLE,SG,2.0,0.0,3.5,0.0,2.0,0.0,0.0,1.0,0.0,0.0,1.0,0.0,0.0,0.5,1.0,0.5,0.0,0.0,0.0,0.5,0.5,0.0,0.0,0.0,0.5,,0,0,1
481.0,Chris Smith,26.0,NYK,PG,2.0,0.0,2.0,0.0,,,,0.0,0.0,0.0,0.0,0.0,0.0,,0.0,0.0,0.0,0.0,-0.02,-6.1,-3.6,-9.7,0.0,,2013,480.0,26.0,NYK,PG,2.0,0.0,1.0,0.0,0.0,,0.0,0.0,,0.0,0.0,,,0.0,0.0,,0.0,0.0,0.0,0.0,0.0,0.0,0.0,0.0,0.0,,0,0,1
2.0,Andrew Wiggins,19.0,MIN,SF,82.0,82.0,2969.0,13.9,0.517,0.111,0.41,5.0,9.5,7.2,9.8,1.5,1.3,11.7,22.6,2.1,0.0,2.1,0.034,-0.4,-2.0,-2.4,-0.3,ROY-1,2014,37.0,19.0,MIN,SF,82.0,82.0,36.2,6.1,13.9,0.437,0.5,1.5,0.31,5.6,12.3,0.453,0.454,4.3,5.7,0.76,1.6,2.9,4.6,2.1,1.0,0.6,2.2,2.3,16.9,ROY-1,1,1,1
32.0,Elfrid Payton,20.0,ORL,PG,82.0,63.0,2489.0,13.8,0.456,0.059,0.302,4.8,11.2,7.9,32.6,2.9,0.7,20.2,18.3,0.0,2.3,2.3,0.044,-1.5,0.3,-1.2,0.5,ROY-4,2014,183.0,20.0,ORL,PG,82.0,63.0,30.4,3.7,8.6,0.425,0.1,0.5,0.262,3.5,8.1,0.435,0.433,1.4,2.6,0.551,1.3,3.0,4.3,6.5,1.7,0.2,2.5,2.4,8.9,ROY-4,1,1,1
58.0,Nerlens Noel,20.0,PHI,C,75.0,71.0,2311.0,15.0,0.493,0.0,0.352,8.3,21.0,14.3,9.8,2.9,5.0,16.2,17.0,-0.2,4.2,4.0,0.083,-2.6,2.3,-0.3,1.0,"ROY-3,DPOY-15",2014,161.0,20.0,PHI,C,75.0,71.0,30.8,4.0,8.7,0.462,0.0,0.0,,4.0,8.7,0.462,0.462,1.9,3.1,0.609,2.5,5.7,8.1,1.7,1.8,1.9,1.9,2.8,9.9,"ROY-3,DPOY-15",1,1,1
124.0,Zach LaVine,19.0,MIN,PG,77.0,40.0,1902.0,11.3,0.515,0.247,0.261,1.6,11.6,6.4,24.0,1.4,0.4,20.4,22.0,-0.7,0.0,-0.7,-0.018,-2.2,-2.5,-4.6,-1.3,,2014,154.0,19.0,MIN,PG,77.0,40.0,24.7,3.7,8.8,0.422,0.7,2.2,0.341,3.0,6.6,0.449,0.465,1.9,2.3,0.842,0.4,2.4,2.8,3.6,0.7,0.1,2.5,2.1,10.1,,1,2,1
131.0,Bojan Bogdanović,25.0,BRK,SF,78.0,28.0,1854.0,11.6,0.562,0.444,0.184,3.0,9.8,6.4,5.8,0.9,0.4,11.1,17.2,1.7,0.7,2.4,0.062,-0.3,-1.4,-1.7,0.1,,2014,179.0,25.0,BRK,SF,78.0,28.0,23.8,3.3,7.4,0.453,1.2,3.3,0.355,2.2,4.1,0.531,0.532,1.1,1.4,0.821,0.6,2.1,2.7,0.9,0.4,0.1,1.0,1.3,9.0,,1,2,1
136.0,Dante Exum,19.0,UTA,PG,82.0,41.0,1817.0,5.7,0.457,0.635,0.077,1.7,6.6,4.2,16.6,1.2,0.6,21.5,13.8,-1.1,1.0,-0.1,-0.003,-3.6,-0.7,-4.3,-1.1,,2014,331.0,19.0,UTA,PG,82.0,41.0,22.2,1.8,5.1,0.349,1.0,3.2,0.314,0.8,1.9,0.408,0.448,0.2,0.4,0.625,0.3,1.3,1.6,2.4,0.5,0.2,1.4,1.8,4.8,,0,0,1
137.0,Marcus Smart,20.0,BOS,PG,67.0,38.0,1808.0,11.0,0.491,0.57,0.266,3.6,9.9,6.7,16.3,2.7,0.8,14.4,15.1,0.7,2.2,2.9,0.077,-1.9,1.5,-0.5,0.7,ROY-5,2014,217.0,20.0,BOS,PG,67.0,38.0,27.0,2.6,7.1,0.367,1.4,4.1,0.335,1.3,3.1,0.41,0.462,1.2,1.9,0.646,0.9,2.4,3.3,3.1,1.5,0.3,1.3,2.6,7.8,ROY-5,1,2,1
161.0,Joe Ingles,27.0,UTA,SF,79.0,32.0,1673.0,9.6,0.533,0.571,0.113,1.5,10.5,6.0,16.8,2.3,0.5,20.9,12.9,0.5,1.6,2.2,0.062,-2.3,1.1,-1.2,0.3,,2014,325.0,27.0,UTA,SF,79.0,32.0,21.2,1.9,4.5,0.415,0.9,2.6,0.356,0.9,1.9,0.493,0.517,0.4,0.5,0.75,0.3,1.9,2.2,2.3,0.9,0.1,1.2,1.6,5.0,,0,0,1
164.0,Nikola Mirotić,23.0,CHI,PF,82.0,3.0,1654.0,17.9,0.556,0.502,0.455,4.3,21.8,13.3,9.7,1.7,2.4,10.6,22.8,3.0,2.7,5.7,0.165,1.4,1.0,2.3,1.8,"ROY-2,6MOY-6",2014,148.0,23.0,CHI,PF,82.0,3.0,20.2,3.1,7.6,0.405,1.2,3.8,0.316,1.9,3.8,0.495,0.485,2.8,3.5,0.803,0.8,4.2,4.9,1.2,0.7,0.7,1.1,2.1,10.2,"ROY-2,6MOY-6",1,1,1
190.0,Jordan Clarkson,22.0,LAL,PG,59.0,38.0,1476.0,16.9,0.528,0.203,0.265,4.0,10.5,7.1,23.8,1.8,0.7,12.6,23.0,2.0,0.4,2.4,0.078,1.2,-0.9,0.2,0.8,ROY-7,2014,113.0,22.0,LAL,PG,59.0,38.0,25.0,4.5,10.1,0.448,0.6,2.1,0.314,3.9,8.1,0.482,0.48,2.2,2.7,0.829,0.9,2.3,3.2,3.5,0.9,0.2,1.6,1.8,11.9,ROY-7,1,1,1
194.0,Langston Galloway,23.0,NYK,PG,45.0,41.0,1457.0,12.3,0.489,0.344,0.153,2.9,12.5,7.5,17.6,1.9,0.7,10.1,19.2,0.7,0.6,1.3,0.043,-1.5,-0.9,-2.3,-0.1,,2014,118.0,23.0,NYK,PG,45.0,41.0,32.4,4.5,11.4,0.399,1.4,3.9,0.352,3.2,7.4,0.424,0.46,1.4,1.7,0.808,0.8,3.4,4.2,3.3,1.2,0.3,1.4,2.9,11.8,,1,2,1
214.0,Jerami Grant,20.0,PHI,SF,65.0,11.0,1377.0,8.7,0.47,0.443,0.548,3.7,12.3,7.8,9.4,1.5,4.0,16.3,16.5,-0.9,1.4,0.5,0.019,-3.9,0.6,-3.3,-0.5,,2014,264.0,20.0,PHI,SF,65.0,11.0,21.2,1.9,5.4,0.352,0.8,2.4,0.314,1.2,3.0,0.383,0.422,1.8,3.0,0.591,0.8,2.3,3.0,1.2,0.6,1.0,1.3,2.2,6.3,,0,0,1
218.0,K.J. McDaniels,21.0,2TM,SG,62.0,15.0,1352.0,10.6,0.494,0.346,0.306,5.0,11.4,8.0,9.3,1.6,4.2,17.6,19.3,-0.9,1.5,0.6,0.02,-3.1,0.3,-2.8,-0.3,,2014,210.0,21.0,2TM,SG,62.0,15.0,21.8,2.8,7.0,0.396,0.7,2.4,0.287,2.1,4.6,0.454,0.446,1.6,2.1,0.752,1.0,2.2,3.2,1.2,0.7,1.1,1.7,2.0,7.9,,0,0,1
244.0,Tarik Black,23.0,2TM,C,63.0,39.0,1196.0,14.7,0.583,0.004,0.432,12.8,21.4,17.0,5.6,0.8,1.6,12.9,13.8,2.2,0.9,3.1,0.124,-1.0,-1.1,-2.1,0.0,,2014,275.0,23.0,2TM,C,63.0,39.0,19.0,2.5,4.3,0.575,0.0,0.0,0.0,2.5,4.3,0.577,0.575,1.0,1.9,0.551,2.3,3.6,5.8,0.7,0.3,0.4,0.8,2.5,6.0,,0,0,1
255.0,JaKarr Sampson,21.0,PHI,SF,74.0,32.0,1131.0,9.4,0.498,0.367,0.272,3.2,12.9,7.8,12.0,1.7,1.9,16.4,17.9,-0.5,1.1,0.6,0.025,-4.2,0.0,-4.2,-0.6,,2014,318.0,21.0,PHI,SF,74.0,32.0,15.3,2.0,4.7,0.422,0.4,1.7,0.244,1.6,3.0,0.525,0.467,0.9,1.3,0.67,0.5,1.7,2.2,1.0,0.5,0.4,1.0,1.8,5.2,,0,0,1
256.0,Nik Stauskas,21.0,SAC,SG,73.0,1.0,1127.0,7.5,0.492,0.503,0.216,1.1,7.5,4.4,9.0,0.9,1.2,11.0,14.2,0.3,0.2,0.5,0.021,-2.4,-1.0,-3.3,-0.4,,2014,349.0,21.0,SAC,SG,73.0,1.0,15.4,1.5,4.1,0.365,0.7,2.0,0.322,0.8,2.0,0.408,0.446,0.8,0.9,0.859,0.2,1.1,1.2,0.9,0.3,0.2,0.5,1.3,4.4,,0,0,1
260.0,Jusuf Nurkić,20.0,DEN,C,62.0,27.0,1103.0,14.8,0.483,0.005,0.345,11.8,26.1,18.7,7.3,2.4,4.8,16.3,20.7,-0.2,1.8,1.6,0.069,-3.7,0.9,-2.8,-0.2,ROY-6,2014,248.0,20.0,DEN,C,62.0,27.0,17.8,2.8,6.2,0.446,0.0,0.0,0.0,2.8,6.1,0.449,0.446,1.4,2.1,0.636,2.0,4.1,6.2,0.8,0.8,1.1,1.4,3.3,6.9,ROY-6,1,2,1
267.0,Rodney Hood,22.0,UTA,SG,50.0,21.0,1064.0,12.3,0.529,0.455,0.214,1.0,11.7,6.4,13.2,1.5,0.9,9.9,19.6,1.3,0.9,2.2,0.098,-1.0,0.3,-0.7,0.3,,2014,191.0,22.0,UTA,SG,50.0,21.0,21.3,3.1,7.5,0.414,1.2,3.4,0.365,1.9,4.1,0.456,0.497,1.2,1.6,0.763,0.2,2.2,2.3,1.7,0.6,0.2,0.9,2.4,8.7,,0,0,1
269.0,James Ennis III,24.0,MIA,SF,62.0,3.0,1051.0,11.5,0.541,0.385,0.381,6.0,14.0,10.1,7.2,1.3,1.4,11.9,14.6,1.2,0.8,1.9,0.088,-1.0,-0.5,-1.5,0.1,,2014,324.0,24.0,MIA,SF,62.0,3.0,17.0,1.6,4.0,0.409,0.5,1.5,0.326,1.1,2.5,0.461,0.472,1.3,1.5,0.84,0.8,2.0,2.8,0.8,0.4,0.3,0.6,1.4,5.0,,0,0,1
270.0,Damjan Rudež,28.0,IND,SF,68.0,2.0,1047.0,8.2,0.591,0.646,0.087,0.9,4.1,2.5,7.9,0.8,0.4,14.7,13.8,0.6,0.7,1.3,0.061,-1.7,-0.6,-2.3,-0.1,,2014,333.0,28.0,IND,SF,68.0,2.0,15.4,1.8,3.9,0.452,1.0,2.5,0.406,0.7,1.4,0.538,0.584,0.2,0.3,0.696,0.1,0.6,0.7,0.8,0.2,0.1,0.7,1.2,4.8,,0,0,1
273.0,Shabazz Napier,23.0,MIA,PG,51.0,10.0,1012.0,9.3,0.517,0.518,0.246,2.1,11.2,6.7,19.9,2.1,0.3,24.3,15.5,-0.3,0.8,0.5,0.024,-2.7,-0.5,-3.2,-0.3,,2014,320.0,23.0,MIA,PG,51.0,10.0,19.8,1.7,4.5,0.382,0.8,2.3,0.364,0.9,2.2,0.4,0.476,0.9,1.1,0.786,0.3,1.9,2.2,2.5,0.8,0.1,1.6,1.5,5.1,,0,0,1
289.0,Elijah Millsap,27.0,UTA,SG,47.0,5.0,924.0,7.9,0.45,0.378,0.361,3.5,15.2,9.4,9.7,3.2,1.4,19.5,17.0,-1.0,1.4,0.4,0.02,-5.1,2.1,-3.1,-0.3,,2014,310.0,27.0,UTA,SG,47.0,5.0,19.7,1.7,5.1,0.34,0.6,1.9,0.311,1.1,3.1,0.358,0.399,1.2,1.8,0.674,0.6,2.6,3.2,1.2,1.2,0.3,1.4,2.6,5.3,,0,0,1
314.0,Aaron Gordon,19.0,ORL,PF,47.0,8.0,797.0,11.4,0.517,0.231,0.293,6.4,17.8,12.0,6.3,1.3,2.2,13.9,15.5,0.3,0.7,1.0,0.06,-2.6,-0.1,-2.7,-0.2,,2014,316.0,19.0,ORL,PF,47.0,8.0,17.0,2.0,4.4,0.447,0.3,1.0,0.271,1.7,3.4,0.5,0.478,0.9,1.3,0.721,1.0,2.6,3.6,0.7,0.4,0.5,0.8,1.8,5.2,,0,0,1
315.0,Kostas Papanikolaou,24.0,HOU,SF,43.0,1.0,795.0,7.8,0.444,0.538,0.091,5.4,10.9,8.2,15.8,1.8,1.3,21.2,14.2,-0.4,0.9,0.5,0.029,-2.4,0.4,-2.0,0.0,,2014,362.0,24.0,HOU,SF,43.0,1.0,18.5,1.6,4.6,0.35,0.7,2.5,0.292,0.9,2.1,0.418,0.429,0.3,0.4,0.722,0.9,1.8,2.7,2.0,0.7,0.3,1.3,1.7,4.2,,0,0,1
318.0,Markel Brown,23.0,BRK,SG,47.0,29.0,781.0,9.1,0.459,0.305,0.271,2.3,13.0,7.7,7.4,2.1,1.2,10.3,15.3,-0.2,0.7,0.5,0.031,-3.0,0.4,-2.6,-0.1,,2014,336.0,23.0,BRK,SG,47.0,29.0,16.6,1.6,4.5,0.362,0.4,1.4,0.266,1.3,3.1,0.404,0.402,1.0,1.2,0.825,0.3,1.9,2.3,0.8,0.7,0.3,0.6,1.2,4.6,,0,0,1
322.0,Adreian Payne,23.0,2TM,PF,32.0,22.0,739.0,7.7,0.443,0.041,0.209,7.2,18.2,12.5,6.4,1.3,1.0,15.5,17.0,-0.7,0.2,-0.5,-0.033,-5.0,-2.0,-6.9,-0.9,,2014,253.0,23.0,2TM,PF,32.0,22.0,23.1,2.8,6.9,0.414,0.0,0.3,0.111,2.8,6.6,0.427,0.416,0.9,1.4,0.652,1.5,3.6,5.1,0.9,0.6,0.3,1.4,2.8,6.7,,0,0,1
323.0,Jabari Parker,19.0,MIL,PF,25.0,25.0,738.0,14.5,0.527,0.061,0.251,7.8,13.5,10.7,9.5,2.1,0.6,13.9,20.7,0.4,1.0,1.3,0.088,-0.1,-0.4,-0.5,0.3,,2014,101.0,19.0,MIL,PF,25.0,25.0,29.5,5.2,10.5,0.49,0.2,0.6,0.25,5.0,9.9,0.506,0.498,1.8,2.6,0.697,2.0,3.5,5.5,1.7,1.2,0.2,1.9,1.7,12.3,,0,0,1
326.0,Gary Harris,20.0,DEN,SG,55.0,6.0,719.0,4.9,0.395,0.475,0.217,3.0,6.7,4.8,5.9,2.7,0.8,13.8,16.6,-1.2,0.5,-0.7,-0.046,-5.6,0.3,-5.3,-0.6,,2014,394.0,20.0,DEN,SG,55.0,6.0,13.1,1.2,3.9,0.304,0.4,1.9,0.204,0.8,2.1,0.395,0.353,0.6,0.9,0.745,0.4,0.8,1.2,0.5,0.7,0.1,0.7,1.3,3.4,,0,0,1
331.0,P.J. Hairston,22.0,CHO,SG,45.0,2.0,687.0,8.9,0.446,0.606,0.134,3.4,11.5,7.4,5.1,1.6,1.5,7.2,20.4,-0.5,0.8,0.3,0.022,-2.6,-0.2,-2.9,-0.1,,2014,297.0,22.0,CHO,SG,45.0,2.0,15.3,1.9,6.0,0.323,1.1,3.6,0.301,0.8,2.4,0.358,0.414,0.7,0.8,0.861,0.5,1.6,2.0,0.5,0.5,0.3,0.5,1.4,5.6,,0,0,1
336.0,Travis Wear,24.0,NYK,SF,51.0,1.0,672.0,8.5,0.451,0.144,0.124,5.2,13.3,9.1,9.9,1.2,1.4,13.7,17.5,-0.5,0.2,-0.3,-0.02,-3.4,-2.1,-5.5,-0.6,,2014,374.0,24.0,NYK,SF,51.0,1.0,13.2,1.6,4.1,0.402,0.2,0.6,0.367,1.4,3.5,0.408,0.428,0.4,0.5,0.769,0.6,1.5,2.1,0.8,0.3,0.2,0.7,1.1,3.9,,0,0,1
340.0,Cleanthony Early,23.0,NYK,SF,39.0,7.0,647.0,8.4,0.447,0.393,0.224,3.8,13.8,8.7,9.1,2.0,1.5,14.5,19.6,-0.8,0.4,-0.4,-0.03,-3.7,-1.5,-5.2,-0.5,,2014,302.0,23.0,NYK,SF,39.0,7.0,16.6,1.9,5.5,0.355,0.6,2.2,0.262,1.4,3.3,0.415,0.407,0.9,1.2,0.75,0.6,1.9,2.5,0.9,0.6,0.3,1.0,1.5,5.4,,0,0,1
346.0,T.J. Warren,21.0,PHO,SF,40.0,1.0,614.0,14.0,0.551,0.098,0.089,7.3,7.9,7.6,6.6,1.5,1.1,10.8,17.8,0.7,0.4,1.1,0.085,-0.6,-0.4,-0.9,0.2,,2014,274.0,21.0,PHO,SF,40.0,1.0,15.4,2.8,5.4,0.528,0.1,0.5,0.238,2.7,4.8,0.56,0.54,0.4,0.5,0.737,1.0,1.1,2.1,0.6,0.5,0.2,0.7,1.3,6.1,,0,0,1
348.0,Tyler Johnson,22.0,MIA,SG,32.0,2.0,603.0,12.0,0.506,0.287,0.281,2.9,13.1,8.1,11.3,2.9,1.3,13.8,17.0,0.1,0.7,0.8,0.06,-2.0,1.0,-0.9,0.2,,2014,283.0,22.0,MIA,SG,32.0,2.0,18.8,2.2,5.2,0.419,0.6,1.5,0.375,1.6,3.7,0.437,0.473,1.0,1.5,0.681,0.4,2.1,2.5,1.3,1.0,0.3,0.9,1.3,5.9,,0,0,1
353.0,Jabari Brown,22.0,LAL,SG,19.0,5.0,568.0,11.0,0.547,0.365,0.5,0.6,6.7,3.5,11.0,1.1,0.3,13.4,18.8,0.4,0.0,0.4,0.033,-1.9,-2.4,-4.3,-0.3,,2014,112.0,22.0,LAL,SG,19.0,5.0,29.9,3.7,8.9,0.412,1.2,3.3,0.371,2.5,5.7,0.435,0.479,3.4,4.5,0.753,0.2,1.7,1.9,2.1,0.6,0.1,1.7,1.7,11.9,,0,0,1
357.0,Furkan Aldemir,23.0,PHI,PF,41.0,9.0,540.0,12.0,0.517,0.064,0.346,14.9,20.7,17.7,8.3,1.6,2.4,15.9,8.6,0.7,0.7,1.4,0.122,-3.9,0.4,-3.6,-0.2,,2014,431.0,23.0,PHI,PF,41.0,9.0,13.2,1.0,1.9,0.513,0.0,0.1,0.0,1.0,1.8,0.548,0.513,0.3,0.7,0.481,1.9,2.4,4.3,0.7,0.4,0.4,0.4,2.3,2.3,,0,0,1
359.0,Cory Jefferson,24.0,BRK,PF,50.0,1.0,531.0,13.2,0.48,0.09,0.323,10.0,20.6,15.3,4.8,1.0,3.2,9.5,18.1,0.2,0.6,0.8,0.071,-2.1,-0.9,-3.0,-0.1,,2014,383.0,24.0,BRK,PF,50.0,1.0,10.6,1.5,3.3,0.449,0.0,0.3,0.133,1.5,3.0,0.48,0.455,0.6,1.1,0.574,0.9,2.0,2.9,0.3,0.2,0.4,0.4,1.2,3.7,,0,0,1
367.0,Joe Harris,23.0,CLE,SG,51.0,1.0,493.0,5.6,0.537,0.7,0.125,1.7,7.8,4.8,7.7,0.7,0.3,17.6,14.1,0.0,0.2,0.2,0.018,-4.0,-1.6,-5.6,-0.4,,2014,421.0,23.0,CLE,SG,51.0,1.0,9.7,0.9,2.4,0.4,0.6,1.6,0.369,0.3,0.7,0.472,0.529,0.2,0.3,0.6,0.1,0.7,0.8,0.5,0.1,0.0,0.5,1.2,2.7,,0,0,1
370.0,Mitch McGary,22.0,OKC,PF,32.0,2.0,485.0,16.6,0.55,0.012,0.242,11.9,24.4,18.2,4.6,1.7,2.6,14.5,19.0,0.6,0.7,1.3,0.127,-1.4,-0.5,-1.9,0.0,,2014,267.0,22.0,OKC,PF,32.0,2.0,15.2,2.8,5.2,0.533,0.0,0.1,0.0,2.8,5.1,0.54,0.533,0.8,1.3,0.625,1.7,3.5,5.2,0.4,0.5,0.5,1.0,2.3,6.3,,0,0,1
371.0,Spencer Dinwiddie,21.0,DET,PG,34.0,1.0,455.0,10.2,0.394,0.385,0.201,0.9,10.9,5.7,34.9,2.2,1.0,15.2,21.1,-0.3,0.4,0.1,0.009,-3.0,0.2,-2.8,-0.1,,2014,352.0,21.0,DET,PG,34.0,1.0,13.4,1.5,5.0,0.302,0.4,1.9,0.185,1.1,3.1,0.375,0.337,0.9,1.0,0.912,0.1,1.3,1.4,3.1,0.6,0.2,1.0,1.6,4.3,,0,0,1
377.0,Tyler Ennis,20.0,2TM,PG,33.0,1.0,411.0,7.3,0.411,0.299,0.049,1.9,7.7,4.8,27.3,2.2,1.0,22.2,20.6,-0.8,0.5,-0.3,-0.04,-4.1,-0.2,-4.3,-0.2,,2014,378.0,20.0,2TM,PG,33.0,1.0,12.5,1.6,4.4,0.361,0.4,1.3,0.279,1.2,3.1,0.396,0.403,0.2,0.2,0.714,0.2,0.8,1.1,2.2,0.5,0.2,1.3,1.1,3.7,,0,0,1
378.0,Erick Green,23.0,DEN,PG,43.0,1.0,410.0,8.9,0.436,0.29,0.074,1.8,6.6,4.1,15.1,1.5,0.0,7.7,19.1,-0.1,0.1,0.0,0.0,-3.0,-1.3,-4.3,-0.2,,2014,393.0,23.0,DEN,PG,43.0,1.0,9.5,1.4,3.8,0.377,0.3,1.1,0.298,1.1,2.7,0.409,0.42,0.2,0.3,0.833,0.2,0.6,0.7,0.9,0.3,0.0,0.3,0.6,3.4,,0,0,1
383.0,Johnny O'Bryant,21.0,MIL,PF,34.0,15.0,368.0,3.8,0.379,0.0,0.225,8.2,11.7,10.0,7.1,0.7,0.9,15.9,19.2,-0.8,0.3,-0.5,-0.063,-7.3,-2.2,-9.5,-0.7,,2014,410.0,21.0,MIL,PF,34.0,15.0,10.8,1.3,3.5,0.367,0.0,0.0,,1.3,3.5,0.367,0.367,0.4,0.8,0.444,0.8,1.1,1.9,0.5,0.1,0.1,0.7,1.3,2.9,,0,0,1
385.0,Kyle Anderson,21.0,SAS,SF,33.0,8.0,358.0,8.2,0.389,0.124,0.157,1.6,20.8,11.4,10.9,2.1,1.5,9.5,13.4,-0.3,0.6,0.3,0.044,-3.8,2.3,-1.4,0.1,,2014,433.0,21.0,SAS,SF,33.0,8.0,10.8,0.9,2.7,0.348,0.1,0.3,0.273,0.8,2.4,0.359,0.365,0.3,0.4,0.643,0.2,2.0,2.2,0.8,0.5,0.2,0.3,0.8,2.2,,0,0,1
389.0,James Young,19.0,BOS,SG,31.0,0.0,332.0,8.5,0.457,0.647,0.284,2.9,11.0,6.9,5.6,1.2,0.5,4.2,15.8,0.1,0.3,0.3,0.047,-2.5,-0.9,-3.4,-0.1,,2014,396.0,19.0,BOS,SG,31.0,0.0,10.7,1.2,3.3,0.353,0.5,2.1,0.258,0.6,1.2,0.528,0.436,0.5,0.9,0.552,0.3,1.1,1.4,0.4,0.3,0.1,0.2,0.7,3.4,,0,0,1
392.0,Doug McDermott,23.0,CHI,SF,36.0,0.0,321.0,6.1,0.48,0.383,0.14,2.1,12.2,7.3,3.0,0.6,0.2,13.0,18.3,-0.3,0.2,0.0,-0.005,-4.1,-1.9,-6.0,-0.3,,2014,407.0,23.0,CHI,SF,36.0,0.0,8.9,1.2,3.0,0.402,0.4,1.1,0.317,0.8,1.8,0.455,0.463,0.3,0.4,0.667,0.2,1.0,1.2,0.2,0.1,0.0,0.5,0.8,3.0,,0,0,1
401.0,Joffrey Lauvergne,23.0,DEN,C,24.0,1.0,268.0,10.5,0.459,0.18,0.315,10.5,20.9,15.5,7.5,1.5,2.9,17.8,19.9,-0.2,0.3,0.1,0.012,-4.8,-0.8,-5.6,-0.2,,2014,372.0,23.0,DEN,C,24.0,1.0,11.2,1.5,3.7,0.404,0.1,0.7,0.188,1.4,3.0,0.452,0.421,0.8,1.2,0.643,1.1,2.1,3.2,0.5,0.3,0.4,0.9,1.8,3.9,,0,0,1
403.0,Nick Johnson,22.0,HOU,SG,28.0,0.0,262.0,4.8,0.43,0.28,0.333,5.5,10.9,8.2,6.3,1.3,0.9,18.1,17.4,-0.4,0.2,-0.1,-0.02,-5.6,-0.9,-6.5,-0.3,,2014,425.0,22.0,HOU,SG,28.0,0.0,9.4,0.9,2.7,0.347,0.2,0.8,0.238,0.8,1.9,0.389,0.38,0.6,0.9,0.68,0.5,0.9,1.4,0.4,0.3,0.1,0.7,1.2,2.6,,0,0,1
404.0,Glenn Robinson III,21.0,2TM,SG,35.0,1.0,261.0,8.5,0.471,0.284,0.358,6.1,10.6,8.3,7.0,1.2,0.3,12.4,14.9,0.0,0.1,0.1,0.012,-3.0,-2.3,-5.4,-0.2,,2014,437.0,21.0,2TM,SG,35.0,1.0,7.5,0.7,1.9,0.388,0.1,0.5,0.263,0.6,1.4,0.438,0.425,0.5,0.7,0.667,0.4,0.7,1.1,0.3,0.2,0.0,0.3,0.4,2.1,,0,0,1
406.0,Noah Vonleh,19.0,CHO,PF,25.0,0.0,259.0,13.2,0.475,0.171,0.342,11.6,25.3,18.3,2.5,0.8,2.7,11.2,17.3,0.1,0.4,0.5,0.085,-2.1,-0.9,-3.1,-0.1,,2014,399.0,19.0,CHO,PF,25.0,0.0,10.4,1.2,3.0,0.395,0.2,0.5,0.385,1.0,2.5,0.397,0.428,0.7,1.0,0.692,1.1,2.3,3.4,0.2,0.2,0.4,0.4,0.8,3.3,,0,0,1
409.0,Jordan Adams,20.0,MEM,SG,30.0,0.0,248.0,12.8,0.489,0.291,0.267,4.2,8.7,6.4,10.1,3.4,2.3,12.7,20.4,0.0,0.4,0.4,0.073,-1.2,2.6,1.4,0.2,,2014,403.0,20.0,MEM,SG,30.0,0.0,8.3,1.2,2.9,0.407,0.3,0.8,0.4,0.8,2.0,0.41,0.465,0.5,0.8,0.609,0.3,0.6,0.9,0.5,0.5,0.2,0.5,0.8,3.1,,0,0,1
412.0,Tim Frazier,24.0,2TM,PG,11.0,3.0,239.0,8.1,0.406,0.279,0.344,2.6,10.2,6.3,39.4,1.7,0.0,26.2,17.5,-0.3,0.2,-0.1,-0.017,-4.5,-0.7,-5.2,-0.2,,2014,312.0,24.0,2TM,PG,11.0,3.0,21.7,1.9,5.5,0.344,0.5,1.5,0.294,1.5,4.0,0.364,0.385,0.9,1.9,0.476,0.5,2.0,2.5,5.5,0.7,0.0,2.3,2.4,5.2,,0,0,1
413.0,Dwight Powell,23.0,2TM,PF,29.0,0.0,236.0,13.8,0.552,0.164,0.493,8.3,14.9,11.6,5.5,1.9,2.1,11.9,17.5,0.3,0.3,0.6,0.122,-1.7,0.7,-1.0,0.1,,2014,402.0,23.0,2TM,PF,29.0,0.0,8.1,1.1,2.3,0.463,0.1,0.4,0.273,1.0,1.9,0.5,0.485,0.9,1.1,0.758,0.6,1.1,1.7,0.3,0.3,0.2,0.4,1.4,3.1,,0,0,1
414.0,Larry Drew II,24.0,PHI,PG,12.0,1.0,219.0,4.5,0.388,0.448,0.052,0.5,7.3,3.7,33.9,1.4,0.0,29.6,16.8,-0.5,0.1,-0.4,-0.087,-7.1,-2.8,-9.9,-0.4,,2014,376.0,24.0,PHI,PG,12.0,1.0,18.3,1.7,4.8,0.345,0.3,2.2,0.154,1.3,2.7,0.5,0.379,0.2,0.3,0.667,0.1,1.2,1.3,3.8,0.5,0.0,2.1,1.1,3.8,,0,0,1
418.0,Devyn Marble,22.0,ORL,SG,16.0,7.0,208.0,5.9,0.362,0.5,0.364,2.7,14.4,8.4,11.5,2.2,0.8,15.0,13.1,-0.3,0.2,-0.1,-0.031,-4.7,-0.1,-4.8,-0.1,,2014,432.0,22.0,ORL,SG,16.0,7.0,13.0,0.9,2.8,0.318,0.3,1.4,0.182,0.6,1.4,0.455,0.364,0.3,1.0,0.313,0.3,1.6,1.9,1.1,0.6,0.1,0.6,0.9,2.3,,0,0,1
427.0,JaMychal Green,24.0,2TM,PF,24.0,1.0,164.0,14.9,0.603,0.128,0.213,13.3,18.0,15.7,4.0,1.6,2.4,21.4,18.3,0.1,0.3,0.4,0.119,-1.9,0.6,-1.3,0.0,,2014,424.0,24.0,2TM,PF,24.0,1.0,6.8,1.1,2.0,0.574,0.0,0.3,0.0,1.1,1.7,0.659,0.574,0.3,0.4,0.8,0.8,1.1,1.9,0.2,0.2,0.2,0.6,1.0,2.6,,0,0,1
428.0,Bryce Cotton,22.0,UTA,PG,15.0,0.0,159.0,14.5,0.52,0.29,0.261,2.2,10.8,6.5,17.0,1.3,0.0,13.5,25.6,0.1,0.1,0.2,0.067,-0.6,-1.7,-2.2,0.0,,2014,309.0,22.0,UTA,PG,15.0,0.0,10.6,1.9,4.6,0.42,0.5,1.3,0.35,1.5,3.3,0.449,0.471,1.0,1.2,0.833,0.2,1.0,1.2,1.0,0.3,0.0,0.8,0.4,5.3,,0,0,1
431.0,James Michael McAdoo,22.0,GSW,PF,15.0,0.0,137.0,17.7,0.564,0.0,0.568,12.2,16.8,14.6,2.1,1.8,4.9,9.8,19.4,0.2,0.3,0.5,0.177,-2.1,-0.2,-2.3,0.0,,2014,366.0,22.0,GSW,PF,15.0,0.0,9.1,1.6,2.9,0.545,0.0,0.0,,1.6,2.9,0.545,0.545,0.9,1.7,0.56,1.0,1.5,2.5,0.1,0.3,0.6,0.4,1.4,4.1,,0,0,1
434.0,Jarnell Stokes,21.0,MEM,PF,19.0,2.0,126.0,18.6,0.578,0.0,0.757,14.6,16.3,15.4,5.2,2.1,3.3,12.4,20.5,0.3,0.2,0.5,0.186,-1.3,0.1,-1.1,0.0,,2014,408.0,21.0,MEM,PF,19.0,2.0,6.6,1.1,1.9,0.568,0.0,0.0,,1.1,1.9,0.568,0.568,0.8,1.5,0.536,0.8,0.9,1.8,0.2,0.3,0.3,0.4,1.3,3.0,,0,0,1
442.0,Shayne Whittington,23.0,IND,PF,20.0,0.0,108.0,20.0,0.547,0.143,0.548,10.3,19.3,14.8,9.6,2.4,1.5,8.8,23.9,0.3,0.2,0.4,0.2,-0.3,0.7,0.4,0.1,,2014,411.0,23.0,IND,PF,20.0,0.0,5.4,1.0,2.1,0.452,0.1,0.3,0.167,0.9,1.8,0.5,0.464,0.9,1.2,0.783,0.5,1.0,1.5,0.3,0.3,0.1,0.3,0.9,2.9,,0,0,1
446.0,C.J. Wilcox,24.0,LAC,SG,21.0,0.0,101.0,8.5,0.527,0.5,0.053,1.1,6.5,3.9,12.0,1.5,0.8,20.5,21.8,-0.1,0.1,0.0,-0.024,-3.0,-1.8,-4.9,-0.1,,2014,445.0,24.0,LAC,SG,21.0,0.0,4.8,0.8,1.8,0.421,0.3,0.9,0.368,0.4,0.9,0.474,0.513,0.1,0.1,1.0,0.0,0.3,0.3,0.4,0.1,0.0,0.5,0.3,2.0,,0,0,1
449.0,Clint Capela,20.0,HOU,C,12.0,0.0,90.0,12.1,0.409,0.0,0.793,12.3,31.8,22.1,3.6,0.6,7.8,11.3,21.3,-0.2,0.2,0.0,0.019,-5.3,0.0,-5.4,-0.1,,2014,417.0,20.0,HOU,C,12.0,0.0,7.5,1.2,2.4,0.483,0.0,0.0,,1.2,2.4,0.483,0.483,0.3,1.9,0.174,0.8,2.2,3.0,0.2,0.1,0.8,0.4,1.2,2.7,,0,0,1
452.0,Jack Cooley,23.0,UTA,C,16.0,0.0,87.0,11.4,0.432,0.0,0.955,13.3,19.8,16.6,1.8,3.7,2.8,8.8,18.0,0.0,0.2,0.2,0.092,-6.6,1.0,-5.7,-0.1,,2014,459.0,23.0,UTA,C,16.0,0.0,5.4,0.6,1.4,0.409,0.0,0.0,,0.6,1.4,0.409,0.409,0.6,1.3,0.429,0.6,0.9,1.6,0.1,0.4,0.2,0.2,1.4,1.7,,0,0,1
455.0,Zoran Dragić,25.0,2TM,SG,16.0,1.0,75.0,8.2,0.435,0.467,0.167,7.8,4.6,6.2,11.2,1.4,0.0,13.4,22.9,-0.1,0.0,-0.1,-0.042,-4.1,-3.6,-7.7,-0.1,,2014,453.0,25.0,2TM,SG,16.0,1.0,4.7,0.7,1.9,0.367,0.2,0.9,0.214,0.5,1.0,0.5,0.417,0.2,0.3,0.6,0.3,0.2,0.5,0.3,0.1,0.0,0.3,0.4,1.8,,0,0,1
459.0,Sean Kilpatrick,25.0,MIN,SG,4.0,0.0,72.0,10.0,0.506,0.65,0.2,1.5,8.2,4.8,8.5,2.1,0.0,8.4,14.6,0.1,0.0,0.1,0.033,-1.4,-0.9,-2.2,0.0,,2014,300.0,25.0,MIN,SG,4.0,0.0,18.0,1.8,5.0,0.35,1.0,3.3,0.308,0.8,1.8,0.429,0.45,1.0,1.0,1.0,0.3,1.3,1.5,1.0,0.8,0.0,0.5,0.8,5.5,,0,0,1
460.0,Drew Gordon,24.0,PHI,PF,9.0,0.0,71.0,3.7,0.428,0.158,0.105,10.2,17.7,13.7,4.8,0.7,0.0,28.7,17.1,-0.2,0.1,-0.1,-0.093,-7.1,-2.4,-9.5,-0.1,,2014,450.0,24.0,PHI,PF,9.0,0.0,7.9,0.9,2.1,0.421,0.0,0.3,0.0,0.9,1.8,0.5,0.421,0.1,0.2,0.5,0.8,1.2,2.0,0.2,0.1,0.0,0.9,0.8,1.9,,0,0,1
461.0,Will Cherry,23.0,CLE,PG,8.0,0.0,69.0,5.8,0.347,0.474,0.316,1.7,6.6,4.2,16.4,4.5,1.1,15.6,16.8,-0.1,0.1,0.0,-0.021,-7.5,1.5,-6.0,-0.1,,2014,448.0,23.0,CLE,PG,8.0,0.0,8.6,0.6,2.4,0.263,0.3,1.1,0.222,0.4,1.3,0.3,0.316,0.4,0.8,0.5,0.1,0.5,0.6,1.0,0.8,0.1,0.5,1.3,1.9,,0,0,1
465.0,Russ Smith,23.0,2TM,PG,12.0,0.0,65.0,5.2,0.488,0.44,0.52,1.8,8.7,5.3,19.4,2.4,0.0,28.1,30.1,-0.2,0.1,-0.1,-0.094,-7.6,-1.2,-8.8,-0.1,,2014,428.0,23.0,2TM,PG,12.0,0.0,5.4,0.7,2.1,0.32,0.2,0.9,0.182,0.5,1.2,0.429,0.36,1.0,1.1,0.923,0.1,0.4,0.5,0.7,0.3,0.0,1.0,1.1,2.5,,0,0,1
466.0,Cameron Bairstow,24.0,CHI,PF,18.0,1.0,64.0,2.1,0.309,0.0,0.357,10.5,3.3,6.8,2.2,1.6,1.1,15.6,13.5,-0.1,0.0,-0.1,-0.048,-7.0,-2.0,-9.0,-0.1,,2014,483.0,24.0,CHI,PF,18.0,1.0,3.6,0.2,0.8,0.214,0.0,0.0,,0.2,0.8,0.214,0.214,0.2,0.3,0.8,0.3,0.1,0.4,0.1,0.1,0.1,0.2,0.4,0.6,,0,0,1
468.0,Grant Jerrett,21.0,2TM,PF,8.0,0.0,51.0,1.5,0.303,0.577,0.038,4.4,15.2,9.9,9.6,2.1,3.1,10.2,25.4,-0.2,0.1,-0.1,-0.128,-10.0,-0.9,-10.8,-0.1,,2014,439.0,21.0,2TM,PF,8.0,0.0,6.4,0.9,3.3,0.269,0.1,1.9,0.067,0.8,1.4,0.545,0.288,0.1,0.1,1.0,0.3,0.9,1.1,0.4,0.3,0.3,0.4,1.4,2.0,,0,0,1
473.0,Jerel McNeal,27.0,PHO,PG,6.0,0.0,36.0,1.2,0.379,0.182,0.182,0.0,9.2,4.6,7.8,4.2,2.1,29.6,20.6,-0.2,0.1,-0.1,-0.149,-10.5,1.4,-9.1,-0.1,,2014,466.0,27.0,PHO,PG,6.0,0.0,6.0,0.5,1.8,0.273,0.2,0.3,0.5,0.3,1.5,0.222,0.318,0.3,0.3,1.0,0.0,0.5,0.5,0.3,0.5,0.2,0.8,0.8,1.5,,0,0,1
474.0,David Stockton,23.0,SAC,PG,3.0,0.0,33.0,10.8,0.463,0.333,1.0,0.0,6.6,3.4,39.1,3.1,0.0,31.6,16.9,0.0,0.0,0.0,-0.014,-2.2,-1.7,-3.9,0.0,,2014,423.0,23.0,SAC,PG,3.0,0.0,11.0,0.7,2.0,0.333,0.3,0.7,0.5,0.3,1.3,0.25,0.417,1.0,2.0,0.5,0.0,0.7,0.7,3.0,0.7,0.0,1.3,0.3,2.7,,0,0,1
475.0,Patrick Christopher,26.0,UTA,SG,4.0,1.0,29.0,-2.6,0.25,0.333,0.0,8.0,15.9,12.0,0.0,1.8,0.0,7.7,20.6,-0.1,0.0,-0.1,-0.15,-13.0,-2.0,-15.0,-0.1,,2014,465.0,26.0,UTA,SG,4.0,1.0,7.3,0.8,3.0,0.25,0.0,1.0,0.0,0.8,2.0,0.375,0.25,0.0,0.0,,0.5,1.0,1.5,0.0,0.3,0.0,0.3,1.5,1.5,,0,0,1
476.0,Bruno Caboclo,19.0,TOR,SF,8.0,0.0,23.0,-1.8,0.417,0.25,0.0,5.0,5.0,5.0,0.0,0.0,3.5,25.0,31.5,-0.1,0.0,-0.1,-0.275,-11.5,-6.7,-18.2,-0.1,,2014,468.0,19.0,TOR,SF,8.0,0.0,2.9,0.5,1.5,0.333,0.3,0.4,0.667,0.3,1.1,0.222,0.417,0.0,0.0,,0.1,0.1,0.3,0.0,0.0,0.1,0.5,0.4,1.3,,0,0,1
477.0,Lucas Nogueira,22.0,TOR,C,6.0,0.0,23.0,5.2,0.307,0.0,0.5,10.0,45.1,27.6,6.2,4.5,0.0,17.0,23.1,-0.1,0.1,0.0,-0.071,-10.0,-0.6,-10.5,0.0,,2014,475.0,22.0,TOR,C,6.0,0.0,3.8,0.3,1.3,0.25,0.0,0.0,,0.3,1.3,0.25,0.25,0.3,0.7,0.5,0.3,1.5,1.8,0.2,0.3,0.0,0.3,1.0,1.0,,0,0,1
479.0,Andre Dawkins,23.0,MIA,SG,4.0,0.0,22.0,-5.0,0.25,1.0,0.0,0.0,10.7,5.5,6.6,0.0,0.0,14.3,15.0,-0.1,0.0,-0.1,-0.172,-9.0,-3.8,-12.8,-0.1,,2014,478.0,23.0,MIA,SG,4.0,0.0,5.5,0.3,1.5,0.167,0.3,1.5,0.167,0.0,0.0,,0.25,0.0,0.0,,0.0,0.5,0.5,0.3,0.0,0.0,0.3,0.8,0.8,,0,0,1
482.0,Alex Kirk,23.0,CLE,C,5.0,0.0,14.0,8.5,0.41,0.0,0.5,8.3,0.0,4.1,10.1,0.0,0.0,0.0,15.7,0.0,0.0,0.0,0.061,-2.5,-3.5,-6.0,0.0,,2014,479.0,23.0,CLE,C,5.0,0.0,2.8,0.2,0.8,0.25,0.0,0.0,,0.2,0.8,0.25,0.25,0.4,0.4,1.0,0.2,0.0,0.2,0.2,0.0,0.0,0.0,0.2,0.8,,0,0,1
483.0,Julius Randle,20.0,LAL,PF,1.0,0.0,14.0,-7.5,0.258,0.0,0.667,0.0,0.0,0.0,0.0,0.0,0.0,20.5,15.5,-0.1,0.0,-0.1,-0.276,-9.6,-5.6,-15.1,0.0,,2014,442.0,20.0,LAL,PF,1.0,0.0,14.0,1.0,3.0,0.333,0.0,0.0,,1.0,3.0,0.333,0.333,0.0,2.0,0.0,0.0,0.0,0.0,0.0,0.0,0.0,1.0,1.0,2.0,,0,0,1
487.0,David Wear,24.0,SAC,PF,2.0,0.0,7.0,2.4,0.0,0.5,0.0,33.6,0.0,16.2,18.8,0.0,0.0,0.0,12.6,0.0,0.0,0.0,-0.11,-3.2,-6.2,-9.4,0.0,,2014,492.0,24.0,SAC,PF,2.0,0.0,3.5,0.0,1.0,0.0,0.0,0.5,0.0,0.0,0.5,0.0,0.0,0.0,0.0,,1.0,0.0,1.0,0.5,0.0,0.0,0.0,0.5,0.0,,0,0,1
488.0,Kalin Lucas,25.0,MEM,PG,1.0,0.0,6.0,-0.7,0.0,0.0,0.0,0.0,0.0,0.0,0.0,8.7,0.0,0.0,7.6,0.0,0.0,0.0,-0.057,-13.4,8.7,-4.7,0.0,,2014,490.0,25.0,MEM,PG,1.0,0.0,6.0,0.0,1.0,0.0,0.0,0.0,,0.0,1.0,0.0,0.0,0.0,0.0,,0.0,0.0,0.0,0.0,1.0,0.0,0.0,1.0,0.0,,0,0,1
489.0,Sim Bhullar,22.0,SAC,C,3.0,0.0,3.0,44.3,0.5,0.0,0.0,0.0,36.5,18.9,78.5,0.0,26.3,0.0,29.4,0.0,0.0,0.0,0.389,14.9,17.5,32.5,0.0,,2014,481.0,22.0,SAC,C,3.0,0.0,1.0,0.3,0.7,0.5,0.0,0.0,,0.3,0.7,0.5,0.5,0.0,0.0,,0.0,0.3,0.3,0.3,0.0,0.3,0.0,0.0,0.7,,0,0,1
490.0,Jerrelle Benimon,23.0,UTA,PF,2.0,0.0,3.0,4.7,,,,38.7,76.6,57.8,0.0,0.0,0.0,100.0,15.3,0.0,0.0,0.0,-0.215,-9.4,-3.7,-13.0,0.0,,2014,487.0,23.0,UTA,PF,2.0,0.0,1.5,0.0,0.0,,0.0,0.0,,0.0,0.0,,,0.0,0.0,,0.5,1.0,1.5,0.0,0.0,0.0,0.5,0.0,0.0,,0,0,1
491.0,Eric Moreland,23.0,SAC,PF,3.0,0.0,2.0,40.8,1.0,0.0,0.0,0.0,54.8,28.4,0.0,0.0,0.0,0.0,22.0,0.0,0.0,0.0,0.431,8.7,8.5,17.2,0.0,,2014,482.0,23.0,SAC,PF,3.0,0.0,0.7,0.3,0.3,1.0,0.0,0.0,,0.3,0.3,1.0,1.0,0.0,0.0,,0.0,0.3,0.3,0.0,0.0,0.0,0.0,0.3,0.7,,0,0,1
28.0,Karl-Anthony Towns,20.0,MIN,C,82.0,82.0,2627.0,22.5,0.59,0.076,0.239,10.3,27.5,19.0,11.3,1.1,4.3,12.6,24.9,5.5,2.8,8.3,0.151,2.5,-0.4,2.2,2.7,ROY-1,2015,33.0,20.0,MIN,C,82.0,82.0,32.0,7.6,14.1,0.542,0.4,1.1,0.341,7.3,13.0,0.559,0.555,2.7,3.4,0.811,2.8,7.7,10.5,2.0,0.7,1.7,2.2,3.0,18.3,ROY-1,1,1,1
74.0,D'Angelo Russell,19.0,LAL,PG,80.0,48.0,2259.0,13.2,0.507,0.387,0.199,2.2,11.2,6.5,21.2,2.1,0.5,15.9,24.1,-0.7,0.7,0.0,0.001,-0.7,-1.6,-2.3,-0.1,ROY-9,2015,87.0,19.0,LAL,PG,80.0,48.0,28.2,4.9,12.0,0.41,1.6,4.6,0.351,3.3,7.3,0.447,0.478,1.8,2.4,0.737,0.6,2.8,3.4,3.3,1.2,0.2,2.5,1.8,13.2,ROY-9,1,2,1
81.0,Justise Winslow,19.0,MIA,SF,78.0,8.0,2232.0,8.4,0.489,0.251,0.253,4.2,15.8,10.2,7.4,1.6,0.9,15.6,12.5,-0.2,2.7,2.5,0.054,-3.3,0.7,-2.6,-0.3,ROY-6,2015,264.0,19.0,MIA,SF,78.0,8.0,28.6,2.5,5.9,0.422,0.4,1.5,0.276,2.1,4.4,0.471,0.457,1.0,1.5,0.684,1.0,4.1,5.2,1.5,0.9,0.3,1.2,2.4,6.4,ROY-6,1,2,1
94.0,Devin Booker,19.0,PHO,SG,76.0,51.0,2108.0,11.9,0.535,0.333,0.295,1.4,8.4,4.8,15.8,1.0,0.8,14.0,23.0,1.2,0.7,1.9,0.043,-1.2,-1.7,-2.8,-0.5,ROY-4,2015,81.0,19.0,PHO,SG,76.0,51.0,27.7,4.8,11.4,0.423,1.3,3.8,0.343,3.5,7.6,0.464,0.48,2.8,3.4,0.84,0.4,2.1,2.5,2.6,0.6,0.3,2.1,3.0,13.8,ROY-4,1,1,1
102.0,Emmanuel Mudiay,19.0,DEN,PG,68.0,66.0,2068.0,9.9,0.437,0.256,0.231,1.7,10.9,6.2,29.0,1.6,1.4,17.9,25.7,-3.3,1.2,-2.1,-0.049,-2.3,-1.9,-4.2,-1.2,ROY-7,2015,93.0,19.0,DEN,PG,68.0,66.0,30.4,4.8,13.3,0.364,1.1,3.4,0.319,3.8,9.9,0.379,0.404,2.1,3.1,0.67,0.5,2.9,3.4,5.5,1.0,0.5,3.2,2.1,12.8,ROY-7,1,2,1
106.0,Kristaps Porziņģis,20.0,NYK,PF,72.0,72.0,2047.0,17.7,0.518,0.274,0.271,7.1,20.7,14.0,7.9,1.3,5.0,10.9,24.6,1.5,2.9,4.4,0.102,0.6,0.3,0.9,1.5,ROY-2,2015,70.0,20.0,NYK,PF,72.0,72.0,28.4,5.2,12.3,0.421,1.1,3.4,0.333,4.1,8.9,0.454,0.467,2.8,3.3,0.838,1.8,5.5,7.3,1.3,0.7,1.9,1.7,2.8,14.3,ROY-2,1,1,1
152.0,Nikola Jokić,20.0,DEN,C,80.0,55.0,1733.0,21.5,0.582,0.14,0.317,11.4,24.7,17.9,18.1,2.3,2.3,13.2,19.9,4.5,2.2,6.7,0.185,2.6,1.3,3.9,2.6,ROY-3,2015,150.0,20.0,DEN,C,80.0,55.0,21.7,3.8,7.5,0.512,0.4,1.1,0.333,3.5,6.5,0.541,0.535,1.9,2.4,0.811,2.3,4.7,7.0,2.4,1.0,0.6,1.3,2.6,10.0,ROY-3,1,1,1
155.0,Frank Kaminsky,22.0,CHO,C,81.0,3.0,1708.0,12.5,0.513,0.385,0.282,4.4,17.2,10.7,9.0,1.1,2.0,8.9,17.1,1.2,2.1,3.3,0.093,-1.0,0.2,-0.8,0.5,,2015,220.0,22.0,CHO,C,81.0,3.0,21.1,2.7,6.5,0.41,0.8,2.5,0.337,1.8,4.0,0.455,0.474,1.3,1.8,0.73,0.9,3.3,4.1,1.2,0.5,0.5,0.7,1.6,7.5,,0,0,1
158.0,Stanley Johnson,19.0,DET,SF,73.0,6.0,1687.0,8.7,0.46,0.342,0.17,3.6,16.7,9.9,10.8,1.6,0.5,15.0,19.6,-1.3,1.9,0.6,0.018,-3.5,0.2,-3.3,-0.5,,2015,203.0,19.0,DET,SF,73.0,6.0,23.1,3.1,8.2,0.375,0.9,2.8,0.307,2.2,5.4,0.41,0.428,1.1,1.4,0.784,0.8,3.4,4.2,1.6,0.8,0.2,1.6,2.4,8.1,,0,0,1
181.0,T.J. McConnell,23.0,PHI,PG,81.0,17.0,1606.0,14.5,0.511,0.192,0.088,2.8,14.5,8.5,37.2,2.9,0.5,22.5,17.0,0.6,1.4,1.9,0.058,-1.5,0.3,-1.2,0.3,,2015,275.0,23.0,PHI,PG,81.0,17.0,19.8,2.7,5.7,0.47,0.4,1.1,0.348,2.3,4.6,0.499,0.503,0.3,0.5,0.634,0.5,2.6,3.1,4.5,1.2,0.1,1.7,1.4,6.1,,0,0,1
183.0,Jahlil Okafor,20.0,PHI,C,53.0,48.0,1591.0,17.1,0.536,0.008,0.248,8.1,17.8,12.8,8.2,0.7,2.9,12.5,27.3,0.3,0.9,1.2,0.037,-0.5,-1.8,-2.3,-0.1,ROY-5,2015,38.0,20.0,PHI,C,53.0,48.0,30.0,7.5,14.7,0.508,0.0,0.1,0.167,7.5,14.6,0.511,0.509,2.5,3.7,0.686,2.3,4.7,7.0,1.2,0.4,1.2,2.3,2.6,17.5,ROY-5,1,1,1
192.0,Raul Neto,23.0,UTA,PG,81.0,53.0,1499.0,10.2,0.53,0.388,0.167,1.3,8.0,4.7,18.7,2.2,0.1,19.5,17.2,0.2,1.6,1.8,0.058,-2.3,0.3,-2.0,0.0,,2015,288.0,23.0,UTA,PG,81.0,53.0,18.5,2.2,5.2,0.431,0.8,2.0,0.395,1.4,3.2,0.453,0.507,0.6,0.9,0.743,0.2,1.3,1.5,2.1,0.8,0.0,1.3,1.5,5.9,,0,0,1
205.0,Mario Hezonja,20.0,ORL,SF,79.0,9.0,1413.0,9.4,0.541,0.459,0.129,2.2,11.8,6.9,11.2,1.4,1.0,18.0,16.9,-0.1,1.0,0.9,0.029,-2.4,-0.7,-3.1,-0.4,,2015,273.0,20.0,ORL,SF,79.0,9.0,17.9,2.3,5.3,0.433,0.8,2.4,0.349,1.4,2.9,0.504,0.513,0.6,0.7,0.907,0.4,1.9,2.2,1.4,0.5,0.2,1.2,1.6,6.1,,0,0,1
206.0,Willie Cauley-Stein,22.0,SAC,C,66.0,39.0,1412.0,15.3,0.588,0.006,0.369,10.3,16.6,13.5,3.8,1.6,3.8,10.5,13.2,2.4,1.4,3.8,0.13,-0.8,0.1,-0.8,0.4,,2015,240.0,22.0,SAC,C,66.0,39.0,21.4,2.9,5.1,0.563,0.0,0.0,0.0,2.9,5.1,0.567,0.563,1.2,1.9,0.648,2.0,3.3,5.3,0.6,0.7,1.0,0.7,2.2,7.0,,1,2,1
211.0,Trey Lyles,20.0,UTA,PF,80.0,33.0,1382.0,11.6,0.517,0.294,0.188,5.0,20.2,12.6,7.1,1.0,1.1,12.1,17.9,0.6,1.7,2.3,0.079,-1.6,-0.2,-1.8,0.1,,2015,274.0,20.0,UTA,PF,80.0,33.0,17.3,2.4,5.5,0.438,0.6,1.6,0.383,1.8,3.9,0.461,0.494,0.7,1.0,0.695,0.7,3.0,3.7,0.7,0.3,0.2,0.8,1.4,6.1,,0,0,1
214.0,Myles Turner,19.0,IND,C,60.0,30.0,1367.0,15.4,0.531,0.026,0.228,5.5,21.0,13.3,5.0,0.9,5.1,10.3,20.9,0.8,2.3,3.1,0.109,-2.2,0.6,-1.6,0.1,ROY-8,2015,144.0,19.0,IND,C,60.0,30.0,22.8,4.4,8.8,0.498,0.1,0.2,0.214,4.4,8.6,0.506,0.501,1.5,2.0,0.727,1.1,4.4,5.5,0.7,0.4,1.4,1.1,2.6,10.3,ROY-8,1,2,1
229.0,Larry Nance Jr.,23.0,LAL,PF,63.0,22.0,1266.0,13.4,0.544,0.033,0.157,8.3,18.6,13.3,5.7,2.1,1.4,11.3,12.6,1.3,0.9,2.2,0.083,-1.7,0.2,-1.5,0.2,,2015,309.0,23.0,LAL,PF,63.0,22.0,20.1,2.5,4.8,0.527,0.0,0.2,0.1,2.5,4.6,0.541,0.528,0.5,0.7,0.681,1.6,3.3,5.0,0.7,0.9,0.4,0.7,2.0,5.5,,0,0,1
230.0,Jerian Grant,23.0,NYK,PG,76.0,6.0,1265.0,11.2,0.479,0.256,0.315,2.0,10.2,6.2,21.8,2.0,0.6,16.3,19.0,-0.2,1.0,0.8,0.03,-2.8,-0.3,-3.1,-0.3,,2015,300.0,23.0,NYK,PG,76.0,6.0,16.6,2.0,5.1,0.394,0.3,1.3,0.22,1.7,3.8,0.454,0.422,1.3,1.6,0.78,0.3,1.6,1.9,2.3,0.7,0.1,1.1,1.3,5.6,,0,0,1
255.0,Josh Richardson,22.0,MIA,SG,52.0,2.0,1107.0,11.4,0.569,0.423,0.232,2.2,8.5,5.5,9.7,1.7,1.7,10.5,13.8,1.3,1.2,2.5,0.109,-1.1,0.7,-0.4,0.5,,2015,255.0,22.0,MIA,SG,52.0,2.0,21.3,2.4,5.2,0.452,1.0,2.2,0.461,1.3,3.0,0.446,0.55,0.8,1.2,0.667,0.4,1.7,2.1,1.4,0.7,0.5,0.7,2.1,6.6,,0,0,1
256.0,Bobby Portis,20.0,CHI,PF,62.0,4.0,1102.0,13.8,0.469,0.119,0.151,12.0,20.0,16.1,7.5,1.1,1.5,10.4,20.7,0.3,1.3,1.5,0.066,-1.5,-1.8,-3.3,-0.4,,2015,244.0,20.0,CHI,PF,62.0,4.0,17.8,3.0,7.0,0.427,0.3,0.8,0.308,2.7,6.2,0.443,0.445,0.8,1.1,0.727,2.0,3.5,5.4,0.8,0.4,0.4,0.9,1.6,7.0,,0,0,1
262.0,Nemanja Bjelica,27.0,MIN,PF,60.0,0.0,1075.0,11.2,0.594,0.532,0.234,5.4,17.2,11.4,11.4,1.2,1.6,15.3,12.8,1.4,0.6,1.9,0.087,-0.9,0.2,-0.7,0.3,,2015,318.0,27.0,MIN,PF,60.0,0.0,17.9,1.8,3.9,0.468,0.8,2.1,0.384,1.0,1.8,0.564,0.57,0.7,0.9,0.727,0.8,2.7,3.5,1.4,0.4,0.4,0.8,2.6,5.1,,0,0,1
274.0,Rashad Vaughn,19.0,MIL,SG,70.0,6.0,1001.0,4.2,0.398,0.553,0.056,1.3,8.7,5.0,5.5,1.5,1.4,9.3,13.5,-1.2,0.4,-0.8,-0.036,-4.4,-1.3,-5.7,-0.9,,2015,395.0,19.0,MIL,SG,70.0,6.0,14.3,1.2,3.8,0.305,0.6,2.1,0.293,0.5,1.7,0.319,0.385,0.2,0.2,0.8,0.2,1.1,1.3,0.6,0.4,0.2,0.4,1.0,3.1,,0,0,1
289.0,Marcelo Huertas,32.0,LAL,PG,53.0,0.0,869.0,10.4,0.488,0.265,0.126,2.2,9.2,5.6,33.9,1.5,0.6,24.8,16.3,-0.2,0.1,-0.1,-0.006,-2.7,-2.2,-5.0,-0.7,,2015,338.0,32.0,LAL,PG,53.0,0.0,16.4,1.8,4.3,0.422,0.3,1.2,0.262,1.5,3.2,0.479,0.457,0.5,0.5,0.931,0.3,1.4,1.7,3.4,0.5,0.1,1.5,1.4,4.5,,0,0,1
302.0,Jonathon Simmons,26.0,SAS,SG,55.0,2.0,813.0,11.9,0.586,0.194,0.38,2.3,10.8,6.7,10.4,1.5,0.5,15.8,18.9,0.7,1.3,2.0,0.119,-3.1,0.4,-2.7,-0.2,,2015,282.0,26.0,SAS,SG,55.0,2.0,14.8,2.2,4.4,0.504,0.3,0.9,0.383,1.9,3.5,0.533,0.541,1.3,1.7,0.75,0.3,1.5,1.7,1.1,0.4,0.1,1.0,1.9,6.0,,0,0,1
314.0,Norman Powell,22.0,TOR,SG,49.0,24.0,725.0,13.3,0.541,0.389,0.231,2.6,14.8,8.8,10.4,2.1,1.1,11.3,17.8,0.7,0.9,1.6,0.105,-0.5,0.3,-0.3,0.3,,2015,303.0,22.0,TOR,SG,49.0,24.0,14.8,2.0,4.7,0.424,0.7,1.8,0.404,1.2,2.9,0.436,0.502,0.9,1.1,0.811,0.3,1.9,2.3,1.0,0.6,0.2,0.7,1.2,5.6,,0,0,1
320.0,Richaun Holmes,22.0,PHI,PF,51.0,1.0,702.0,15.9,0.564,0.198,0.333,9.3,11.7,10.5,8.0,1.3,4.3,11.2,17.9,1.0,0.5,1.5,0.103,-1.1,-0.4,-1.5,0.1,,2015,301.0,22.0,PHI,PF,51.0,1.0,13.8,2.2,4.4,0.514,0.2,0.9,0.182,2.1,3.5,0.596,0.532,1.0,1.5,0.689,1.2,1.4,2.6,0.6,0.4,0.8,0.6,1.8,5.6,,0,0,1
322.0,Cameron Payne,21.0,OKC,PG,57.0,1.0,698.0,12.9,0.49,0.399,0.086,1.5,11.2,6.6,22.5,2.6,0.7,13.2,20.3,0.6,0.8,1.4,0.093,-1.3,0.6,-0.7,0.2,,2015,324.0,21.0,OKC,PG,57.0,1.0,12.2,2.0,4.9,0.41,0.6,1.9,0.324,1.4,2.9,0.467,0.475,0.3,0.4,0.792,0.2,1.3,1.5,1.9,0.6,0.1,0.8,1.4,5.0,,0,0,1
324.0,Kelly Oubre Jr.,20.0,WAS,SF,63.0,9.0,671.0,8.2,0.507,0.374,0.232,4.1,18.4,11.1,2.8,1.6,0.8,12.8,17.4,-0.3,0.7,0.4,0.031,-4.6,-0.5,-5.1,-0.5,,2015,374.0,20.0,WAS,SF,63.0,9.0,10.7,1.4,3.3,0.427,0.4,1.3,0.316,1.0,2.1,0.492,0.486,0.5,0.8,0.633,0.4,1.7,2.1,0.2,0.3,0.1,0.5,1.6,3.7,,0,0,1
329.0,Justin Anderson,22.0,DAL,SF,55.0,9.0,647.0,12.3,0.522,0.474,0.314,3.1,19.3,11.2,6.8,1.5,3.2,10.8,15.8,0.3,0.8,1.1,0.083,-1.1,1.4,0.3,0.4,,2015,363.0,22.0,DAL,SF,55.0,9.0,11.8,1.3,3.2,0.406,0.4,1.5,0.265,0.9,1.7,0.533,0.469,0.8,1.0,0.8,0.3,2.1,2.4,0.5,0.3,0.5,0.4,0.8,3.8,,0,0,1
334.0,Rondae Hollis-Jefferson,21.0,BRK,SF,29.0,17.0,615.0,14.2,0.519,0.101,0.377,7.0,21.4,14.1,10.1,3.2,2.1,13.9,13.5,0.5,0.7,1.2,0.094,-1.4,2.2,0.8,0.4,,2015,290.0,21.0,BRK,SF,29.0,17.0,21.2,2.2,4.8,0.457,0.1,0.5,0.286,2.0,4.3,0.476,0.471,1.3,1.8,0.712,1.3,4.0,5.3,1.5,1.3,0.6,0.9,2.1,5.8,,0,0,1
336.0,Anthony Brown,23.0,LAL,SF,29.0,11.0,599.0,4.9,0.427,0.556,0.159,1.6,11.3,6.3,4.8,1.2,0.7,10.0,11.0,-0.4,0.1,-0.3,-0.024,-4.5,-1.0,-5.5,-0.5,,2015,358.0,23.0,LAL,SF,29.0,11.0,20.7,1.3,4.3,0.31,0.7,2.4,0.286,0.7,1.9,0.339,0.389,0.6,0.7,0.85,0.3,2.1,2.4,0.7,0.5,0.2,0.5,1.2,4.0,,0,0,1
341.0,Tyus Jones,19.0,MIN,PG,37.0,0.0,573.0,11.2,0.45,0.34,0.25,1.4,8.0,4.8,27.7,2.7,0.4,16.0,16.1,0.0,0.3,0.3,0.027,-1.9,-0.5,-2.4,-0.1,,2015,350.0,19.0,MIN,PG,37.0,0.0,15.5,1.5,4.2,0.359,0.4,1.4,0.302,1.1,2.8,0.388,0.41,0.8,1.1,0.718,0.2,1.1,1.3,2.9,0.8,0.1,0.9,0.9,4.2,,0,0,1
349.0,Boban Marjanović,27.0,SAS,C,54.0,4.0,508.0,27.7,0.662,0.0,0.655,16.9,26.2,21.7,6.6,1.2,3.5,11.5,22.8,2.3,1.2,3.4,0.325,3.9,0.4,4.3,0.8,,2015,308.0,27.0,SAS,C,54.0,4.0,9.4,1.9,3.2,0.603,0.0,0.0,,1.9,3.2,0.603,0.603,1.6,2.1,0.763,1.4,2.2,3.6,0.4,0.2,0.4,0.5,1.0,5.5,,0,0,1
368.0,Willie Reed,25.0,BRK,C,39.0,2.0,426.0,19.2,0.579,0.0,0.414,12.7,19.6,16.1,3.8,0.7,5.7,9.2,18.1,0.9,0.3,1.2,0.134,0.4,-0.9,-0.5,0.2,,2015,332.0,25.0,BRK,C,39.0,2.0,10.9,1.9,3.4,0.571,0.0,0.0,,1.9,3.4,0.571,0.571,0.8,1.4,0.545,1.3,1.9,3.1,0.3,0.2,0.8,0.4,1.2,4.7,,0,0,1
373.0,Salah Mejri,29.0,DAL,C,34.0,6.0,397.0,16.8,0.636,0.013,0.59,11.4,22.6,17.0,3.9,1.0,7.6,19.0,14.0,0.6,0.7,1.3,0.156,-1.6,1.8,0.2,0.2,,2015,372.0,29.0,DAL,C,34.0,6.0,11.7,1.4,2.3,0.628,0.0,0.0,0.0,1.4,2.3,0.636,0.628,0.8,1.4,0.587,1.2,2.4,3.6,0.3,0.2,1.1,0.7,1.6,3.7,,0,0,1
374.0,Lamar Patterson,24.0,ATL,SG,35.0,0.0,395.0,5.1,0.468,0.613,0.275,1.1,12.4,6.9,13.6,1.1,0.4,20.4,12.8,-0.3,0.5,0.2,0.025,-5.4,0.3,-5.1,-0.3,,2015,428.0,24.0,ATL,SG,35.0,0.0,11.3,0.8,2.3,0.35,0.3,1.4,0.245,0.5,0.9,0.516,0.425,0.5,0.6,0.727,0.1,1.3,1.4,1.1,0.3,0.1,0.7,1.3,2.4,,0,0,1
375.0,Joe Young,23.0,IND,PG,41.0,0.0,384.0,9.9,0.428,0.272,0.148,1.7,12.5,7.1,26.9,1.9,0.0,15.5,24.4,-0.5,0.5,-0.1,-0.009,-3.9,-0.8,-4.7,-0.3,,2015,366.0,23.0,IND,PG,41.0,0.0,9.4,1.5,4.1,0.367,0.2,1.1,0.217,1.3,3.0,0.423,0.396,0.5,0.6,0.8,0.1,1.1,1.2,1.6,0.4,0.0,0.8,0.7,3.8,,0,0,1
376.0,Darrun Hilliard,22.0,DET,SG,38.0,2.0,383.0,10.7,0.511,0.382,0.305,1.4,11.9,6.4,10.9,1.2,0.2,11.3,19.1,0.2,0.3,0.5,0.066,-1.9,-0.5,-2.5,0.0,,2015,360.0,22.0,DET,SG,38.0,2.0,10.1,1.4,3.4,0.397,0.5,1.3,0.38,0.9,2.1,0.407,0.469,0.8,1.1,0.725,0.1,1.1,1.2,0.7,0.2,0.0,0.5,0.7,4.0,,0,0,1
377.0,Jarell Martin,21.0,MEM,PF,27.0,0.0,380.0,14.0,0.534,0.017,0.534,11.2,14.7,12.9,6.4,1.1,1.7,11.7,19.2,0.5,0.2,0.8,0.1,-2.0,-1.8,-3.7,-0.2,,2015,295.0,21.0,MEM,PF,27.0,0.0,14.1,2.0,4.3,0.466,0.0,0.1,0.0,2.0,4.2,0.474,0.466,1.7,2.3,0.726,1.4,1.7,3.2,0.6,0.3,0.3,0.7,2.1,5.7,,0,0,1
378.0,Montrezl Harrell,22.0,HOU,PF,39.0,1.0,379.0,14.6,0.635,0.011,0.511,7.2,11.7,9.5,7.2,1.4,2.4,13.4,14.5,0.7,0.2,0.9,0.118,-0.5,-0.1,-0.6,0.1,,2015,376.0,22.0,HOU,PF,39.0,1.0,9.7,1.5,2.3,0.644,0.0,0.0,0.0,1.5,2.3,0.652,0.644,0.6,1.2,0.522,0.6,1.0,1.7,0.4,0.3,0.3,0.4,1.2,3.6,,0,0,1
382.0,Chris McCullough,20.0,BRK,PF,24.0,4.0,362.0,12.2,0.47,0.312,0.211,7.6,13.6,10.5,3.7,3.9,2.7,11.2,16.5,-0.1,0.4,0.3,0.043,-2.7,0.4,-2.4,0.0,,2015,331.0,20.0,BRK,PF,24.0,4.0,15.1,1.8,4.5,0.404,0.5,1.4,0.382,1.3,3.1,0.413,0.463,0.5,1.0,0.478,1.0,1.8,2.8,0.4,1.2,0.5,0.6,1.6,4.7,,0,0,1
385.0,Cristiano Felício,23.0,CHI,C,31.0,4.0,321.0,17.6,0.601,0.056,0.486,10.0,23.1,16.7,12.1,0.9,3.0,12.9,13.7,0.7,0.4,1.2,0.175,0.1,0.2,0.3,0.2,,2015,386.0,23.0,CHI,C,31.0,4.0,10.4,1.3,2.3,0.556,0.0,0.1,0.0,1.3,2.2,0.588,0.556,0.8,1.1,0.714,1.0,2.3,3.3,0.8,0.2,0.4,0.4,1.0,3.4,,0,0,1
387.0,R.J. Hunter,22.0,BOS,SG,36.0,0.0,315.0,7.7,0.48,0.643,0.071,0.7,12.0,6.2,5.9,2.2,1.0,9.8,15.1,-0.1,0.4,0.3,0.045,-3.1,1.0,-2.1,0.0,,2015,412.0,22.0,BOS,SG,36.0,0.0,8.8,1.0,2.7,0.367,0.5,1.8,0.302,0.5,1.0,0.486,0.464,0.2,0.2,0.857,0.1,1.0,1.0,0.4,0.4,0.1,0.3,0.8,2.7,,0,0,1
388.0,Terry Rozier,21.0,BOS,PG,39.0,0.0,311.0,5.0,0.326,0.255,0.094,8.1,13.5,10.8,16.5,0.9,0.3,14.7,17.7,-0.6,0.3,-0.3,-0.047,-4.7,-1.4,-6.1,-0.3,,2015,448.0,21.0,BOS,PG,39.0,0.0,8.0,0.7,2.7,0.274,0.2,0.7,0.222,0.6,2.0,0.291,0.302,0.2,0.3,0.8,0.6,1.0,1.6,0.9,0.2,0.0,0.5,0.6,1.8,,0,0,1
390.0,Axel Toupane,23.0,DEN,SF,21.0,0.0,305.0,7.1,0.49,0.571,0.243,2.9,8.5,5.6,7.0,1.2,1.6,7.2,12.0,0.2,0.1,0.3,0.049,-3.6,-1.0,-4.7,-0.2,,2015,378.0,23.0,DEN,SF,21.0,0.0,14.5,1.2,3.3,0.357,0.6,1.9,0.325,0.6,1.4,0.4,0.45,0.6,0.8,0.765,0.4,1.1,1.5,0.7,0.3,0.3,0.3,1.9,3.6,,0,0,1
395.0,Bryce Dejean-Jones,23.0,NOP,SG,14.0,11.0,279.0,9.6,0.505,0.464,0.304,3.1,16.5,9.5,7.7,1.8,0.6,12.3,14.1,0.0,0.2,0.2,0.033,-2.5,0.0,-2.5,0.0,,2015,299.0,23.0,NOP,SG,14.0,11.0,19.9,2.0,4.9,0.406,0.9,2.3,0.375,1.1,2.6,0.432,0.493,0.8,1.5,0.524,0.6,2.9,3.4,1.1,0.7,0.1,0.8,1.2,5.6,,0,0,1
402.0,Xavier Munford,23.0,MEM,SG,14.0,0.0,244.0,9.9,0.481,0.299,0.182,1.3,13.7,7.2,14.3,2.7,1.1,15.3,18.0,-0.2,0.2,0.1,0.017,-3.1,0.6,-2.5,0.0,,2015,296.0,23.0,MEM,SG,14.0,0.0,17.4,2.3,5.5,0.416,0.6,1.6,0.391,1.6,3.9,0.426,0.474,0.5,1.0,0.5,0.2,2.0,2.2,1.6,0.9,0.2,1.1,1.8,5.7,,0,0,1
404.0,Delon Wright,23.0,TOR,PG,27.0,1.0,229.0,17.8,0.54,0.163,0.438,4.1,14.3,9.3,22.5,1.8,1.1,14.4,22.1,0.3,0.2,0.6,0.124,1.1,-0.3,0.9,0.2,,2015,365.0,23.0,TOR,PG,27.0,1.0,8.5,1.3,3.0,0.45,0.2,0.5,0.385,1.1,2.5,0.463,0.481,1.0,1.3,0.743,0.3,1.1,1.4,1.1,0.3,0.1,0.6,0.3,3.8,,0,0,1
413.0,Jordan McRae,24.0,2TM,PG,22.0,1.0,195.0,14.2,0.548,0.282,0.359,2.3,9.2,5.7,20.9,0.7,0.4,14.2,23.9,0.2,0.1,0.4,0.087,0.0,-1.9,-1.8,0.0,,2015,334.0,24.0,2TM,PG,22.0,1.0,8.9,1.5,3.5,0.436,0.5,1.0,0.455,1.1,2.5,0.429,0.5,1.0,1.3,0.75,0.2,0.7,0.9,1.1,0.1,0.0,0.7,0.8,4.5,,0,0,1
418.0,Briante Weber,23.0,2TM,PG,7.0,4.0,169.0,8.9,0.38,0.128,0.103,5.2,11.9,8.4,18.6,2.7,1.6,18.1,13.2,-0.2,0.2,0.0,0.004,-4.7,1.0,-3.7,-0.1,,2015,340.0,23.0,2TM,PG,7.0,4.0,24.1,2.0,5.6,0.359,0.0,0.7,0.0,2.0,4.9,0.412,0.359,0.4,0.6,0.75,1.1,2.4,3.6,3.0,1.3,0.4,1.3,1.7,4.4,,0,0,1
422.0,Damien Inglis,20.0,MIL,SF,20.0,1.0,156.0,6.7,0.444,0.351,0.216,1.5,21.1,11.4,9.0,2.0,1.6,21.4,14.9,-0.2,0.2,-0.1,-0.024,-4.9,-0.6,-5.6,-0.1,,2015,445.0,20.0,MIL,SF,20.0,1.0,7.8,0.7,1.9,0.351,0.2,0.7,0.231,0.5,1.2,0.417,0.392,0.4,0.4,0.875,0.1,1.5,1.6,0.5,0.3,0.2,0.6,0.6,1.8,,0,0,1
425.0,Jarell Eddie,24.0,WAS,SF,26.0,0.0,147.0,11.0,0.46,0.723,0.123,1.5,16.3,8.8,5.0,1.7,0.6,1.4,20.7,0.0,0.1,0.1,0.046,-0.3,-1.1,-1.5,0.0,,2015,422.0,24.0,WAS,SF,26.0,0.0,5.7,0.8,2.5,0.308,0.6,1.8,0.319,0.2,0.7,0.278,0.423,0.3,0.3,1.0,0.1,0.8,0.9,0.2,0.2,0.0,0.0,0.2,2.4,,0,0,1
426.0,Christian Wood,20.0,PHI,PF,17.0,0.0,145.0,16.4,0.49,0.208,0.396,9.4,19.4,14.3,3.5,1.7,3.7,3.1,19.4,0.2,0.1,0.3,0.097,0.4,-0.6,-0.2,0.1,,2015,380.0,20.0,PHI,PF,17.0,0.0,8.5,1.3,3.1,0.415,0.2,0.6,0.364,1.1,2.5,0.429,0.453,0.8,1.2,0.619,0.8,1.5,2.2,0.2,0.3,0.4,0.1,0.6,3.6,,0,0,1
428.0,Pat Connaughton,23.0,POR,SG,34.0,0.0,143.0,4.6,0.352,0.429,0.102,8.3,15.9,12.1,9.9,0.7,0.0,16.3,18.7,-0.3,0.1,-0.2,-0.076,-4.8,-3.2,-8.0,-0.2,,2015,463.0,23.0,POR,SG,34.0,0.0,4.2,0.4,1.4,0.265,0.1,0.6,0.238,0.2,0.8,0.286,0.316,0.1,0.1,1.0,0.3,0.6,0.9,0.3,0.1,0.0,0.3,0.2,1.1,,0,0,1
434.0,Sasha Kaun,30.0,CLE,C,25.0,0.0,95.0,12.5,0.527,0.0,0.647,14.4,16.5,15.5,4.5,2.2,4.3,24.3,13.7,0.0,0.2,0.2,0.096,-3.3,0.5,-2.8,0.0,,2015,470.0,30.0,CLE,C,25.0,0.0,3.8,0.4,0.7,0.529,0.0,0.0,,0.4,0.7,0.529,0.529,0.2,0.4,0.455,0.5,0.6,1.0,0.1,0.2,0.2,0.3,0.4,0.9,,0,0,1
435.0,Aaron Harrison,21.0,CHO,SG,21.0,0.0,93.0,4.3,0.371,0.526,0.632,4.7,13.1,8.8,3.0,3.2,0.0,14.1,13.7,-0.2,0.1,0.0,-0.014,-7.2,0.9,-6.3,-0.1,,2015,469.0,21.0,CHO,SG,21.0,0.0,4.4,0.2,0.9,0.263,0.1,0.5,0.3,0.1,0.4,0.222,0.342,0.2,0.6,0.417,0.2,0.5,0.7,0.1,0.3,0.0,0.2,0.5,0.9,,0,0,1
437.0,Tibor Pleiß,26.0,UTA,C,12.0,0.0,82.0,3.5,0.464,0.08,0.08,8.6,12.8,10.7,4.0,0.6,2.1,23.6,19.1,-0.2,0.1,-0.1,-0.041,-10.0,-1.6,-11.6,-0.2,,2015,439.0,26.0,UTA,C,12.0,0.0,6.8,0.9,2.1,0.44,0.0,0.2,0.0,0.9,1.9,0.478,0.44,0.2,0.2,1.0,0.5,0.8,1.3,0.2,0.1,0.2,0.7,1.6,2.0,,0,0,1
438.0,Edy Tavares,23.0,ATL,C,11.0,0.0,73.0,14.4,0.555,0.0,0.421,10.7,20.5,15.7,6.3,0.7,6.5,18.2,16.9,0.0,0.1,0.2,0.106,-2.9,1.1,-1.8,0.0,,2015,431.0,23.0,ATL,C,11.0,0.0,6.6,1.0,1.7,0.579,0.0,0.0,,1.0,1.7,0.579,0.579,0.3,0.7,0.375,0.6,1.3,1.9,0.3,0.1,0.5,0.5,0.7,2.3,,0,0,1
439.0,Alex Stepheson,28.0,2TM,PF,8.0,0.0,73.0,14.8,0.341,0.0,0.444,28.5,14.5,21.8,4.3,0.7,6.0,0.0,19.8,0.0,0.1,0.1,0.068,-0.5,-2.0,-2.4,0.0,,2015,404.0,28.0,2TM,PF,8.0,0.0,9.1,1.1,3.4,0.333,0.0,0.0,,1.1,3.4,0.333,0.333,0.5,1.5,0.333,2.4,1.1,3.5,0.3,0.1,0.6,0.0,1.5,2.8,,0,0,1
441.0,Alan Williams,23.0,PHO,PF,10.0,0.0,68.0,21.1,0.481,0.0,0.583,21.9,39.2,30.3,11.7,2.9,6.0,16.6,22.6,0.1,0.2,0.2,0.146,-2.0,1.8,-0.2,0.0,,2015,403.0,23.0,PHO,PF,10.0,0.0,6.8,1.0,2.4,0.417,0.0,0.0,,1.0,2.4,0.417,0.417,0.9,1.4,0.643,1.4,2.4,3.8,0.5,0.4,0.5,0.6,1.5,2.9,,0,0,1
445.0,Jordan Mickey,21.0,BOS,PF,16.0,0.0,57.0,15.3,0.398,0.0,0.455,11.0,13.3,12.1,2.6,0.0,15.1,3.6,20.5,0.0,0.1,0.1,0.068,-2.6,1.1,-1.5,0.0,,2015,459.0,21.0,BOS,PF,16.0,0.0,3.6,0.5,1.4,0.364,0.0,0.0,,0.5,1.4,0.364,0.364,0.3,0.6,0.5,0.4,0.4,0.8,0.1,0.0,0.7,0.1,0.3,1.3,,0,0,1
446.0,Josh Huestis,24.0,OKC,PF,5.0,0.0,55.0,6.7,0.509,0.5,0.333,4.2,15.0,9.9,0.0,0.9,2.8,17.9,13.0,0.0,0.1,0.0,0.01,-2.2,-0.6,-2.8,0.0,,2015,406.0,24.0,OKC,PF,5.0,0.0,11.0,1.0,2.4,0.417,0.8,1.2,0.667,0.2,1.2,0.167,0.583,0.0,0.8,0.0,0.4,1.6,2.0,0.0,0.2,0.4,0.6,0.6,2.8,,0,0,1
454.0,Luis Montero,22.0,POR,SG,12.0,0.0,42.0,-2.7,0.337,0.474,0.211,0.0,10.3,5.2,3.5,0.0,0.0,16.2,25.7,-0.2,0.0,-0.2,-0.238,-9.8,-5.6,-15.5,-0.1,,2015,462.0,22.0,POR,SG,12.0,0.0,3.5,0.4,1.6,0.263,0.1,0.8,0.111,0.3,0.8,0.4,0.289,0.3,0.3,0.75,0.0,0.3,0.3,0.1,0.0,0.0,0.3,0.1,1.2,,0,0,1
459.0,Cliff Alexander,20.0,POR,PF,8.0,0.0,36.0,11.6,0.5,0.0,0.0,6.0,12.1,9.0,0.0,1.4,4.4,9.1,13.3,0.0,0.0,0.0,0.052,-0.5,0.5,0.0,0.0,,2015,457.0,20.0,POR,PF,8.0,0.0,4.5,0.6,1.3,0.5,0.0,0.0,,0.6,1.3,0.5,0.5,0.0,0.0,,0.3,0.5,0.8,0.0,0.1,0.3,0.1,0.1,1.3,,0,0,1
461.0,Branden Dawson,22.0,LAC,PF,6.0,0.0,29.0,7.1,0.46,0.0,0.2,7.6,7.4,7.5,0.0,0.0,2.7,0.0,8.5,0.0,0.0,0.0,0.069,-3.6,-2.0,-5.7,0.0,,2015,471.0,22.0,LAC,PF,6.0,0.0,4.8,0.3,0.8,0.4,0.0,0.0,,0.3,0.8,0.4,0.4,0.2,0.2,1.0,0.3,0.3,0.7,0.0,0.0,0.2,0.0,0.3,0.8,,0,0,1
462.0,Keith Appling,23.0,ORL,PG,5.0,0.0,27.0,-4.8,0.338,0.375,0.25,0.0,4.2,2.1,5.0,1.9,0.0,25.3,19.5,-0.1,0.0,-0.1,-0.199,-13.2,-2.0,-15.1,-0.1,,2015,461.0,23.0,ORL,PG,5.0,0.0,5.4,0.4,1.6,0.25,0.0,0.6,0.0,0.4,1.0,0.4,0.25,0.4,0.4,1.0,0.0,0.2,0.2,0.2,0.2,0.0,0.6,1.0,1.2,,0,0,1
464.0,Duje Dukan,24.0,SAC,SF,1.0,0.0,24.0,4.2,0.3,0.5,0.0,9.1,9.0,9.0,5.6,2.0,0.0,0.0,17.7,0.0,0.0,0.0,-0.057,-4.3,-2.6,-7.0,0.0,,2015,280.0,24.0,SAC,SF,1.0,0.0,24.0,2.0,10.0,0.2,2.0,5.0,0.4,0.0,5.0,0.0,0.3,0.0,0.0,,2.0,2.0,4.0,1.0,1.0,0.0,0.0,2.0,6.0,,0,0,1
466.0,Kevon Looney,19.0,GSW,PF,5.0,0.0,21.0,18.6,0.643,0.286,0.0,21.8,29.1,25.6,0.0,0.0,0.0,12.5,16.5,0.1,0.0,0.1,0.192,1.6,-4.1,-2.5,0.0,,2015,446.0,19.0,GSW,PF,5.0,0.0,4.2,0.8,1.4,0.571,0.2,0.4,0.5,0.6,1.0,0.6,0.643,0.0,0.0,,0.8,1.2,2.0,0.0,0.0,0.0,0.2,0.4,1.8,,0,0,1
472.0,Coty Clarke,23.0,BOS,SF,3.0,0.0,6.0,23.9,0.75,0.5,0.0,0.0,18.0,8.8,0.0,0.0,0.0,20.0,35.5,0.0,0.0,0.0,0.025,15.5,1.0,16.5,0.0,,2015,437.0,23.0,BOS,SF,3.0,0.0,2.0,0.7,1.3,0.5,0.7,0.7,1.0,0.0,0.7,0.0,0.75,0.0,0.0,,0.0,0.3,0.3,0.0,0.0,0.0,0.3,0.0,2.0,,0,0,1
473.0,Sam Dekker,21.0,HOU,PF,3.0,0.0,6.0,10.8,,,,0.0,18.5,9.2,0.0,8.2,0.0,,0.0,0.0,0.0,0.0,0.116,-2.8,5.1,2.2,0.0,,2015,474.0,21.0,HOU,PF,3.0,0.0,2.0,0.0,0.0,,0.0,0.0,,0.0,0.0,,,0.0,0.0,,0.0,0.3,0.3,0.0,0.3,0.0,0.0,0.0,0.0,,0,0,1
474.0,Thanasis Antetokounmpo,23.0,NYK,SF,2.0,0.0,6.0,32.9,0.75,0.25,0.0,0.0,17.9,9.1,0.0,0.0,0.0,0.0,30.2,0.0,0.0,0.0,0.291,3.7,2.2,5.9,0.0,,2015,397.0,23.0,NYK,SF,2.0,0.0,3.0,1.5,2.0,0.75,0.0,0.5,0.0,1.5,1.5,1.0,0.75,0.0,0.0,,0.0,0.5,0.5,0.0,0.0,0.0,0.0,1.0,3.0,,0,0,1
475.0,J.J. O'Brien,23.0,UTA,SF,2.0,0.0,6.0,1.3,0.0,0.0,0.0,0.0,19.4,9.7,0.0,8.8,0.0,0.0,7.7,0.0,0.0,0.0,-0.028,-11.5,5.3,-6.2,0.0,,2015,475.0,23.0,UTA,SF,2.0,0.0,3.0,0.0,0.5,0.0,0.0,0.0,,0.0,0.5,0.0,0.0,0.0,0.0,,0.0,0.5,0.5,0.0,0.5,0.0,0.0,0.5,0.0,,0,0,1
476.0,Rakeem Christmas,24.0,IND,PF,1.0,0.0,6.0,32.0,1.0,0.0,0.0,18.3,0.0,9.1,0.0,0.0,0.0,0.0,14.7,0.0,0.0,0.0,0.343,5.6,0.9,6.5,0.0,,2015,359.0,24.0,IND,PF,1.0,0.0,6.0,2.0,2.0,1.0,0.0,0.0,,2.0,2.0,1.0,1.0,0.0,0.0,,1.0,0.0,1.0,0.0,0.0,0.0,0.0,1.0,4.0,,0,0,1
65.0,Brandon Ingram,19.0,LAL,SF,79.0,40.0,2279.0,8.5,0.474,0.273,0.312,2.8,12.7,7.6,10.5,1.1,1.3,12.9,16.8,-1.0,0.7,-0.3,-0.007,-3.0,-1.4,-4.4,-1.4,,2016,164.0,19.0,LAL,SF,79.0,40.0,28.8,3.5,8.7,0.402,0.7,2.4,0.294,2.8,6.3,0.443,0.442,1.7,2.7,0.621,0.8,3.2,4.0,2.1,0.6,0.5,1.5,2.0,9.4,,1,2,1
92.0,Dario Šarić,22.0,PHI,PF,81.0,36.0,2129.0,12.8,0.508,0.368,0.237,5.8,20.8,13.3,14.3,1.3,1.1,15.2,24.6,-1.2,2.2,1.0,0.023,-1.3,-0.9,-2.3,-0.2,ROY-2,2016,100.0,22.0,PHI,PF,81.0,36.0,26.3,4.7,11.4,0.411,1.3,4.2,0.311,3.4,7.2,0.469,0.468,2.1,2.7,0.782,1.4,5.0,6.3,2.2,0.7,0.4,2.3,2.0,12.8,ROY-2,1,1,1
115.0,Malcolm Brogdon,24.0,MIL,SG,75.0,28.0,1982.0,14.9,0.555,0.304,0.198,2.8,9.6,6.3,24.3,2.2,0.5,14.1,18.5,2.6,1.5,4.1,0.1,0.0,-0.4,-0.4,0.8,"ROY-1,6MOY-11",2016,142.0,24.0,MIL,SG,75.0,28.0,26.4,3.9,8.5,0.457,1.0,2.6,0.404,2.8,5.9,0.48,0.518,1.5,1.7,0.865,0.6,2.2,2.8,4.2,1.1,0.2,1.5,1.9,10.2,"ROY-1,6MOY-11",1,1,1
117.0,Rodney McGruder,25.0,MIA,SG,78.0,65.0,1966.0,9.1,0.506,0.478,0.154,5.2,9.2,7.2,8.8,1.2,0.7,10.2,12.3,1.2,1.7,2.9,0.072,-1.8,-0.1,-1.9,0.0,ROY-8,2016,263.0,25.0,MIA,SG,78.0,65.0,25.2,2.4,5.9,0.413,0.9,2.8,0.332,1.5,3.1,0.488,0.492,0.6,0.9,0.62,1.2,2.1,3.3,1.6,0.6,0.2,0.7,1.8,6.4,ROY-8,0,0,1
126.0,Buddy Hield,24.0,2TM,SG,82.0,55.0,1888.0,11.8,0.541,0.494,0.099,2.0,13.5,7.8,10.3,1.0,0.4,11.2,21.3,0.0,1.3,1.3,0.032,-0.6,-1.4,-2.0,0.0,ROY-4,2016,132.0,24.0,2TM,SG,82.0,55.0,23.0,4.0,9.4,0.426,1.8,4.6,0.391,2.2,4.7,0.461,0.523,0.8,0.9,0.842,0.4,2.9,3.3,1.5,0.5,0.1,1.2,1.4,10.6,ROY-4,1,1,1
147.0,Jamal Murray,19.0,DEN,SG,82.0,10.0,1764.0,11.9,0.518,0.471,0.164,2.6,10.7,6.7,14.0,1.4,1.1,12.6,21.6,0.6,0.7,1.3,0.037,-0.6,-1.4,-2.0,0.0,ROY-5,2016,154.0,19.0,DEN,SG,82.0,10.0,21.5,3.6,8.9,0.404,1.4,4.2,0.334,2.2,4.7,0.466,0.483,1.3,1.5,0.883,0.5,2.1,2.6,2.1,0.6,0.3,1.4,1.5,9.9,ROY-5,1,2,1
154.0,Marquese Chriss,19.0,PHO,PF,82.0,75.0,1743.0,12.3,0.529,0.354,0.286,5.8,16.1,10.8,5.2,1.8,3.2,13.2,19.7,0.3,1.5,1.8,0.05,-2.2,-0.1,-2.2,-0.1,ROY-7,2016,167.0,19.0,PHO,PF,82.0,75.0,21.3,3.5,7.7,0.449,0.9,2.7,0.321,2.6,5.0,0.52,0.506,1.4,2.2,0.624,1.2,3.1,4.2,0.7,0.8,0.9,1.3,3.2,9.2,ROY-7,1,2,1
166.0,Isaiah Whitehead,21.0,BRK,PG,73.0,26.0,1643.0,7.6,0.487,0.293,0.222,2.1,9.7,5.9,17.7,1.2,1.7,20.3,18.2,-1.7,0.9,-0.8,-0.023,-4.3,-0.8,-5.1,-1.3,,2016,220.0,21.0,BRK,PG,73.0,26.0,22.5,2.8,7.0,0.402,0.6,2.0,0.295,2.2,4.9,0.446,0.445,1.2,1.5,0.805,0.4,2.1,2.5,2.6,0.6,0.5,1.9,2.4,7.4,,0,0,1
167.0,Dorian Finney-Smith,23.0,DAL,PF,81.0,35.0,1642.0,7.7,0.486,0.574,0.183,3.7,12.4,7.9,6.0,1.6,1.4,11.1,11.6,-0.1,1.5,1.4,0.041,-3.3,0.6,-2.6,-0.3,,2016,361.0,23.0,DAL,PF,81.0,35.0,20.3,1.5,4.1,0.372,0.7,2.4,0.293,0.8,1.8,0.479,0.456,0.6,0.8,0.754,0.7,2.1,2.7,0.8,0.6,0.3,0.6,1.5,4.3,,0,0,1
169.0,Domantas Sabonis,20.0,OKC,PF,81.0,66.0,1632.0,6.9,0.469,0.331,0.139,3.1,16.4,9.8,7.2,1.2,1.6,14.0,15.4,-1.0,1.8,0.8,0.022,-4.5,-0.1,-4.5,-1.0,,2016,291.0,20.0,OKC,PF,81.0,66.0,20.1,2.4,5.9,0.399,0.6,2.0,0.321,1.7,4.0,0.438,0.452,0.5,0.8,0.657,0.6,3.0,3.6,1.0,0.5,0.4,1.0,2.5,5.9,,0,0,1
199.0,Andrew Harrison,22.0,MEM,PG,72.0,18.0,1474.0,8.7,0.477,0.433,0.539,1.7,9.0,5.3,20.0,1.9,1.4,16.0,16.4,0.0,1.5,1.6,0.051,-4.0,0.6,-3.4,-0.5,,2016,290.0,22.0,MEM,PG,72.0,18.0,20.5,1.6,5.0,0.325,0.6,2.2,0.276,1.0,2.8,0.363,0.385,2.1,2.7,0.763,0.3,1.6,1.9,2.8,0.7,0.3,1.2,2.7,5.9,,0,0,1
217.0,Jaylen Brown,20.0,BOS,SF,78.0,20.0,1341.0,10.3,0.539,0.319,0.293,3.8,14.4,9.1,7.2,1.3,1.1,12.5,18.1,0.2,1.3,1.5,0.053,-3.0,-0.8,-3.7,-0.6,ROY-8,2016,253.0,20.0,BOS,SF,78.0,20.0,17.2,2.5,5.4,0.454,0.6,1.7,0.341,1.9,3.7,0.507,0.508,1.1,1.6,0.685,0.6,2.2,2.8,0.8,0.4,0.2,0.9,1.8,6.6,ROY-8,1,2,1
219.0,Kris Dunn,22.0,MIN,PG,78.0,7.0,1333.0,8.1,0.432,0.233,0.188,2.1,12.6,7.3,19.4,3.0,2.3,20.8,14.2,-1.2,1.3,0.1,0.004,-4.5,1.8,-2.8,-0.3,,2016,376.0,22.0,MIN,PG,78.0,7.0,17.1,1.5,4.0,0.377,0.3,0.9,0.288,1.2,3.1,0.404,0.411,0.5,0.8,0.61,0.3,1.8,2.1,2.4,1.0,0.5,1.1,2.3,3.8,,0,0,1
222.0,Willy Hernangómez,22.0,NYK,C,72.0,22.0,1324.0,19.0,0.564,0.032,0.269,13.8,27.1,20.4,11.5,1.5,2.2,16.1,20.3,1.8,1.6,3.4,0.123,0.3,-0.5,-0.3,0.6,ROY-5,2016,197.0,22.0,NYK,C,72.0,22.0,18.4,3.4,6.5,0.529,0.1,0.2,0.267,3.4,6.3,0.538,0.533,1.3,1.7,0.728,2.4,4.6,7.0,1.3,0.6,0.5,1.4,2.1,8.2,ROY-5,1,1,1
234.0,Malcolm Delaney,27.0,ATL,PG,73.0,2.0,1248.0,7.5,0.456,0.284,0.24,0.9,9.8,5.4,23.1,1.5,0.1,18.1,18.3,-1.2,1.3,0.1,0.005,-5.3,-0.3,-5.6,-1.1,,2016,310.0,27.0,ATL,PG,73.0,2.0,17.1,2.0,5.3,0.374,0.4,1.5,0.236,1.6,3.8,0.428,0.407,1.0,1.3,0.806,0.1,1.5,1.7,2.6,0.5,0.0,1.3,1.5,5.4,,0,0,1
236.0,Caris LeVert,22.0,BRK,SF,57.0,26.0,1237.0,12.3,0.556,0.484,0.245,2.0,13.9,8.0,13.7,1.9,0.5,12.3,16.6,0.8,1.0,1.8,0.07,-1.3,0.3,-1.1,0.3,,2016,198.0,22.0,BRK,SF,57.0,26.0,21.7,3.0,6.7,0.45,1.0,3.2,0.321,2.0,3.4,0.571,0.528,1.2,1.6,0.72,0.4,2.9,3.3,1.9,0.9,0.1,1.0,1.6,8.2,,0,0,1
244.0,Yogi Ferrell,23.0,2TM,PG,46.0,29.0,1197.0,13.1,0.533,0.447,0.226,1.8,9.2,5.3,23.2,1.8,0.7,13.9,19.6,0.8,1.0,1.8,0.072,-0.9,-0.3,-1.1,0.3,ROY-8,2016,148.0,23.0,2TM,PG,46.0,29.0,26.0,3.5,8.6,0.406,1.5,3.8,0.386,2.0,4.7,0.422,0.492,1.6,1.9,0.831,0.4,2.0,2.4,3.7,0.9,0.2,1.5,2.0,10.0,ROY-8,1,2,1
246.0,Timothé Luwawu-Cabarrot,21.0,PHI,SF,69.0,19.0,1190.0,8.5,0.536,0.446,0.341,2.3,11.5,6.9,9.6,1.3,0.7,15.0,17.8,0.0,0.8,0.8,0.034,-3.9,-0.7,-4.6,-0.8,,2016,262.0,21.0,PHI,SF,69.0,19.0,17.2,2.1,5.2,0.402,0.7,2.3,0.311,1.4,2.9,0.475,0.471,1.5,1.8,0.854,0.4,1.8,2.2,1.1,0.5,0.1,1.1,2.2,6.4,,0,0,1
261.0,Tyler Ulis,21.0,PHO,PG,61.0,15.0,1123.0,13.0,0.474,0.181,0.162,1.9,7.5,4.6,30.5,2.0,0.4,14.1,20.3,0.3,0.4,0.7,0.029,-0.9,-1.4,-2.4,-0.1,,2016,226.0,21.0,PHO,PG,61.0,15.0,18.4,3.0,7.2,0.421,0.3,1.3,0.266,2.7,5.9,0.455,0.445,0.9,1.2,0.775,0.3,1.2,1.6,3.7,0.8,0.1,1.3,1.2,7.3,,0,0,1
267.0,Patrick McCaw,21.0,GSW,SG,71.0,20.0,1074.0,8.6,0.54,0.502,0.151,2.3,7.6,5.1,9.0,1.4,1.1,12.1,11.9,0.5,1.2,1.7,0.077,-2.4,0.1,-2.4,-0.1,,2016,372.0,21.0,GSW,SG,71.0,20.0,15.1,1.5,3.5,0.433,0.6,1.7,0.333,0.9,1.7,0.533,0.516,0.4,0.5,0.784,0.3,1.1,1.4,1.1,0.5,0.2,0.5,0.9,4.0,,0,0,1
271.0,Álex Abrines,23.0,OKC,SG,68.0,6.0,1055.0,10.1,0.56,0.724,0.144,1.9,7.1,4.5,5.5,1.7,0.6,8.3,15.9,1.2,0.9,2.1,0.096,-1.3,-0.4,-1.6,0.1,,2016,284.0,23.0,OKC,SG,68.0,6.0,15.5,2.0,5.0,0.393,1.4,3.6,0.381,0.6,1.4,0.426,0.531,0.6,0.7,0.898,0.3,1.0,1.3,0.6,0.5,0.1,0.5,1.7,6.0,,0,0,1
278.0,Mindaugas Kuzminskas,27.0,NYK,SF,68.0,5.0,1016.0,12.4,0.533,0.455,0.184,5.0,8.4,6.7,10.3,1.4,0.9,11.3,19.2,0.8,0.4,1.2,0.055,-0.6,-1.4,-1.9,0.0,,2016,266.0,27.0,NYK,SF,68.0,5.0,14.9,2.3,5.4,0.428,0.8,2.5,0.321,1.5,3.0,0.517,0.501,0.8,1.0,0.809,0.7,1.2,1.9,1.0,0.4,0.2,0.8,1.2,6.3,,0,0,1
283.0,Taurean Prince,22.0,ATL,SF,59.0,10.0,981.0,9.8,0.513,0.358,0.33,2.8,14.6,8.8,8.4,2.2,2.4,15.7,17.2,-0.4,1.5,1.1,0.054,-3.5,1.7,-1.8,0.0,,2016,296.0,22.0,ATL,SF,59.0,10.0,16.6,1.9,4.8,0.4,0.6,1.7,0.324,1.4,3.1,0.443,0.458,1.3,1.6,0.787,0.4,2.2,2.7,0.9,0.7,0.5,1.0,1.6,5.7,,0,0,1
285.0,Denzel Valentine,23.0,CHI,SG,57.0,0.0,976.0,7.3,0.492,0.722,0.063,1.2,15.6,8.3,9.3,1.5,0.6,14.2,15.4,-0.5,1.1,0.6,0.031,-3.5,0.1,-3.3,-0.3,,2016,326.0,23.0,CHI,SG,57.0,0.0,17.1,1.8,5.1,0.354,1.3,3.6,0.351,0.5,1.4,0.363,0.481,0.2,0.3,0.778,0.2,2.5,2.6,1.1,0.5,0.1,0.9,1.5,5.1,,0,0,1
286.0,Semaj Christon,24.0,OKC,PG,64.0,1.0,973.0,5.7,0.387,0.283,0.139,2.2,7.8,4.9,18.1,1.4,0.6,15.4,12.2,-0.7,0.8,0.1,0.006,-4.8,-0.3,-5.1,-0.8,,2016,406.0,24.0,OKC,PG,64.0,1.0,15.2,1.2,3.5,0.345,0.2,1.0,0.19,1.0,2.5,0.406,0.372,0.3,0.5,0.548,0.3,1.1,1.4,2.0,0.4,0.1,0.7,1.2,2.9,,0,0,1
297.0,Pascal Siakam,22.0,TOR,PF,55.0,38.0,859.0,11.5,0.523,0.034,0.156,8.4,15.9,12.2,2.9,1.5,4.5,13.1,13.1,0.4,1.2,1.6,0.089,-3.0,0.7,-2.4,-0.1,,2016,364.0,22.0,TOR,PF,55.0,38.0,15.6,1.9,3.7,0.502,0.0,0.1,0.143,1.9,3.6,0.515,0.505,0.4,0.6,0.688,1.2,2.2,3.4,0.3,0.5,0.8,0.6,2.0,4.2,,0,0,1
298.0,Ron Baker,23.0,NYK,SG,52.0,13.0,857.0,7.5,0.456,0.396,0.198,1.5,10.8,6.2,17.3,2.0,0.8,19.2,14.8,-0.6,0.5,-0.1,-0.008,-4.5,-0.3,-4.7,-0.6,,2016,365.0,23.0,NYK,SG,52.0,13.0,16.5,1.6,4.2,0.378,0.4,1.7,0.267,1.1,2.5,0.45,0.431,0.5,0.8,0.651,0.2,1.7,1.9,2.1,0.7,0.2,1.1,1.4,4.1,,0,0,1
301.0,Paul Zipser,22.0,CHI,SF,44.0,18.0,843.0,6.9,0.503,0.448,0.181,1.9,14.2,8.0,6.1,0.9,1.5,14.4,14.4,-0.3,0.8,0.5,0.03,-4.2,-0.2,-4.4,-0.5,,2016,308.0,22.0,CHI,SF,44.0,18.0,19.2,2.0,5.0,0.398,0.8,2.3,0.333,1.3,2.8,0.451,0.473,0.7,0.9,0.775,0.3,2.5,2.8,0.8,0.3,0.4,0.9,1.8,5.5,,0,0,1
302.0,Juancho Hernangómez,21.0,DEN,PF,62.0,9.0,842.0,13.4,0.592,0.504,0.339,5.7,18.7,12.3,4.7,1.7,1.1,10.7,14.6,1.2,0.6,1.8,0.104,0.1,-0.2,-0.1,0.4,,2016,334.0,21.0,DEN,PF,62.0,9.0,13.6,1.6,3.6,0.451,0.7,1.8,0.407,0.9,1.8,0.495,0.554,0.9,1.2,0.75,0.7,2.3,3.0,0.5,0.5,0.2,0.5,1.0,4.9,,0,0,1
306.0,Dāvis Bertāns,24.0,SAS,PF,67.0,6.0,808.0,12.9,0.609,0.739,0.145,3.2,10.4,6.9,8.3,1.3,2.8,11.4,15.7,1.1,1.2,2.3,0.135,0.5,0.8,1.3,0.7,,2016,348.0,24.0,SAS,PF,67.0,6.0,12.1,1.5,3.5,0.44,1.0,2.6,0.399,0.5,0.9,0.557,0.588,0.4,0.5,0.824,0.3,1.1,1.5,0.7,0.3,0.4,0.5,1.1,4.5,,0,0,1
311.0,Joel Embiid,22.0,PHI,C,31.0,31.0,786.0,24.1,0.584,0.228,0.569,8.5,25.6,17.0,16.0,1.7,7.7,17.9,36.0,0.5,1.5,1.9,0.117,1.9,2.7,4.5,1.3,ROY-3,2016,32.0,22.0,PHI,C,31.0,31.0,25.4,6.5,13.8,0.466,1.2,3.2,0.367,5.3,10.7,0.495,0.508,6.2,7.9,0.783,2.0,5.9,7.8,2.1,0.9,2.5,3.8,3.6,20.2,ROY-3,1,1,1
318.0,Tomáš Satoranský,25.0,WAS,SG,57.0,3.0,719.0,8.5,0.477,0.252,0.224,3.9,9.1,6.5,16.7,1.8,0.7,19.0,12.1,0.1,0.5,0.6,0.04,-3.1,0.7,-2.4,-0.1,,2016,422.0,25.0,WAS,SG,57.0,3.0,12.6,1.1,2.6,0.415,0.2,0.6,0.243,0.9,1.9,0.473,0.446,0.4,0.6,0.697,0.4,1.0,1.5,1.6,0.5,0.1,0.7,1.1,2.7,,0,0,1
329.0,Jakob Poeltl,21.0,TOR,C,54.0,4.0,626.0,12.2,0.589,0.0,0.496,14.1,15.7,14.9,2.7,1.4,2.8,17.2,12.1,0.9,0.7,1.6,0.125,-3.0,-0.1,-3.1,-0.2,,2016,399.0,21.0,TOR,C,54.0,4.0,11.6,1.2,2.1,0.583,0.0,0.0,,1.2,2.1,0.583,0.583,0.6,1.1,0.544,1.4,1.6,3.1,0.2,0.3,0.4,0.5,2.1,3.1,,0,0,1
331.0,Skal Labissière,20.0,SAC,PF,33.0,12.0,612.0,16.8,0.577,0.037,0.339,9.7,20.7,15.3,7.5,1.3,1.9,12.9,21.3,0.7,0.5,1.3,0.099,-0.9,-1.4,-2.3,0.0,,2016,184.0,20.0,SAC,PF,33.0,12.0,18.5,3.5,6.6,0.537,0.1,0.2,0.375,3.5,6.4,0.543,0.544,1.6,2.2,0.703,1.5,3.4,4.9,0.8,0.5,0.4,1.1,1.9,8.8,,0,0,1
332.0,Ivica Zubac,19.0,LAL,C,38.0,11.0,609.0,17.0,0.547,0.013,0.206,7.1,21.9,14.3,8.1,1.1,4.4,10.4,20.3,0.6,0.5,1.1,0.086,-1.2,-0.6,-1.7,0.0,,2016,218.0,19.0,LAL,C,38.0,11.0,16.0,3.3,6.3,0.529,0.0,0.1,0.0,3.3,6.2,0.536,0.529,0.8,1.3,0.653,1.1,3.1,4.2,0.8,0.4,0.9,0.8,1.7,7.5,,0,0,1
339.0,Dragan Bender,19.0,PHO,PF,43.0,0.0,574.0,5.3,0.44,0.627,0.068,4.2,15.6,9.7,5.5,0.8,3.1,16.2,14.4,-0.7,0.3,-0.3,-0.029,-4.3,-0.7,-5.1,-0.4,,2016,387.0,19.0,PHO,PF,43.0,0.0,13.3,1.3,3.7,0.354,0.7,2.3,0.277,0.7,1.4,0.483,0.441,0.1,0.3,0.364,0.5,1.9,2.4,0.5,0.2,0.5,0.7,1.7,3.4,,0,0,1
340.0,Thon Maker,19.0,MIL,C,57.0,34.0,562.0,14.0,0.558,0.409,0.271,8.4,15.2,11.8,6.2,0.9,4.1,7.7,17.8,0.8,0.5,1.3,0.113,-1.1,-0.9,-2.0,0.0,,2016,371.0,19.0,MIL,C,57.0,34.0,9.9,1.5,3.2,0.459,0.5,1.3,0.378,1.0,1.9,0.514,0.536,0.6,0.9,0.653,0.7,1.3,2.0,0.4,0.2,0.5,0.3,1.5,4.0,,0,0,1
346.0,Troy Williams,22.0,2TM,SF,30.0,16.0,557.0,9.0,0.511,0.371,0.192,3.0,11.2,7.0,7.0,2.5,1.7,15.0,17.1,-0.3,0.7,0.4,0.032,-4.3,0.6,-3.8,-0.3,,2016,269.0,22.0,2TM,SF,30.0,16.0,18.6,2.4,5.6,0.437,0.6,2.1,0.29,1.8,3.5,0.524,0.491,0.7,1.1,0.656,0.5,1.8,2.3,0.8,0.9,0.3,1.1,2.0,6.2,,0,0,1
348.0,Derrick Jones Jr.,19.0,PHO,SF,32.0,8.0,545.0,12.0,0.604,0.091,0.339,7.6,8.2,7.9,3.1,1.2,1.9,8.6,11.7,0.9,0.2,1.1,0.098,-1.6,-0.7,-2.3,0.0,,2016,313.0,19.0,PHO,SF,32.0,8.0,17.0,2.1,3.8,0.562,0.1,0.3,0.273,2.0,3.4,0.591,0.574,0.9,1.3,0.707,1.2,1.3,2.5,0.4,0.4,0.4,0.4,2.0,5.3,,0,0,1
353.0,Nicolás Brussino,23.0,DAL,SG,54.0,2.0,521.0,10.7,0.498,0.674,0.156,5.5,16.2,10.6,13.9,1.7,1.4,14.7,16.0,0.0,0.6,0.6,0.055,-1.7,0.1,-1.6,0.1,,2016,411.0,23.0,DAL,SG,54.0,2.0,9.6,1.0,2.6,0.369,0.5,1.8,0.305,0.4,0.9,0.5,0.472,0.3,0.4,0.773,0.5,1.3,1.8,0.9,0.3,0.1,0.5,0.8,2.8,,0,0,1
359.0,Okaro White,24.0,MIA,PF,35.0,0.0,471.0,7.5,0.507,0.391,0.253,5.8,13.5,9.6,6.0,1.1,1.7,15.7,10.8,0.1,0.5,0.6,0.066,-3.6,0.4,-3.1,-0.1,,2016,417.0,24.0,MIA,PF,35.0,0.0,13.5,0.9,2.5,0.379,0.3,1.0,0.353,0.6,1.5,0.396,0.448,0.6,0.6,0.909,0.7,1.6,2.3,0.6,0.3,0.3,0.5,1.5,2.8,,0,0,1
372.0,Wade Baldwin,20.0,MEM,PG,33.0,1.0,405.0,6.5,0.404,0.191,0.322,3.0,10.2,6.5,22.8,2.3,1.7,22.9,19.1,-0.8,0.5,-0.3,-0.041,-5.8,0.3,-5.5,-0.3,,2016,394.0,20.0,MEM,PG,33.0,1.0,12.3,1.1,3.5,0.313,0.1,0.7,0.136,1.0,2.8,0.355,0.326,0.9,1.1,0.838,0.3,1.1,1.4,1.8,0.5,0.2,1.2,1.2,3.2,,0,0,1
373.0,David Nwaba,24.0,LAL,SG,20.0,2.0,397.0,12.2,0.611,0.062,0.481,4.5,13.1,8.7,5.0,1.6,1.4,10.1,11.8,0.6,0.2,0.8,0.091,-2.1,-0.1,-2.2,0.0,,2016,287.0,24.0,LAL,SG,20.0,2.0,19.9,2.4,4.1,0.58,0.1,0.3,0.2,2.3,3.8,0.605,0.586,1.3,2.0,0.641,0.9,2.3,3.2,0.7,0.7,0.4,0.6,1.8,6.0,,0,0,1
375.0,Kay Felder,21.0,CLE,PG,42.0,0.0,386.0,11.4,0.462,0.139,0.31,0.9,10.5,5.9,22.7,2.3,1.5,14.3,24.2,-0.3,0.4,0.1,0.008,-3.1,0.7,-2.4,0.0,,2016,369.0,21.0,CLE,PG,42.0,0.0,9.2,1.5,3.8,0.392,0.2,0.5,0.318,1.3,3.2,0.404,0.415,0.8,1.2,0.714,0.1,0.9,1.0,1.4,0.4,0.2,0.7,0.9,4.0,,0,0,1
381.0,DeAndre' Bembry,22.0,ATL,SF,38.0,1.0,371.0,8.8,0.481,0.184,0.163,4.2,13.1,8.7,11.5,1.1,1.2,13.2,14.2,-0.1,0.4,0.3,0.038,-3.6,0.1,-3.5,-0.1,,2016,419.0,22.0,ATL,SF,38.0,1.0,9.8,1.2,2.6,0.48,0.0,0.5,0.056,1.2,2.1,0.575,0.485,0.2,0.4,0.375,0.4,1.2,1.6,0.7,0.2,0.1,0.4,0.6,2.7,,0,0,1
383.0,Georgios Papagiannis,19.0,SAC,C,22.0,0.0,355.0,12.7,0.573,0.02,0.137,7.9,20.0,14.0,9.0,0.4,4.4,18.2,16.9,0.1,0.3,0.4,0.057,-3.1,-0.6,-3.8,-0.2,,2016,302.0,19.0,SAC,C,22.0,0.0,16.1,2.5,4.6,0.549,0.0,0.1,0.0,2.5,4.5,0.56,0.549,0.5,0.6,0.857,1.1,2.8,3.9,0.9,0.1,0.8,1.1,2.0,5.6,,0,0,1
386.0,Maurice Ndour,24.0,NYK,PF,32.0,4.0,331.0,11.3,0.503,0.081,0.302,7.1,13.7,10.4,3.5,2.3,2.0,11.0,14.3,0.1,0.3,0.4,0.059,-2.9,0.1,-2.8,-0.1,,2016,398.0,24.0,NYK,PF,32.0,4.0,10.3,1.2,2.7,0.453,0.0,0.2,0.143,1.2,2.5,0.481,0.459,0.6,0.8,0.731,0.7,1.3,2.0,0.3,0.5,0.3,0.4,0.9,3.1,,0,0,1
387.0,Dejounte Murray,20.0,SAS,PG,38.0,8.0,322.0,9.6,0.503,0.198,0.259,2.2,12.4,7.4,22.6,1.3,1.5,22.7,23.5,-0.4,0.5,0.0,0.004,-4.2,-0.5,-4.8,-0.2,,2016,388.0,20.0,SAS,PG,38.0,8.0,8.5,1.3,3.1,0.431,0.2,0.6,0.391,1.1,2.4,0.441,0.47,0.6,0.8,0.7,0.2,0.9,1.1,1.3,0.2,0.2,1.0,0.8,3.4,,0,0,1
391.0,Chasson Randle,23.0,2TM,PG,26.0,0.0,299.0,13.6,0.586,0.48,0.439,2.2,9.4,5.8,16.8,1.5,0.5,14.0,19.7,0.5,0.1,0.7,0.106,-1.1,-0.6,-1.7,0.0,,2016,314.0,23.0,2TM,PG,26.0,0.0,11.5,1.5,3.8,0.408,0.6,1.8,0.34,0.9,2.0,0.471,0.49,1.6,1.7,0.953,0.2,1.0,1.2,1.3,0.3,0.1,0.7,1.5,5.3,,0,0,1
392.0,Fred VanVleet,22.0,TOR,PG,37.0,0.0,294.0,10.5,0.443,0.261,0.198,1.5,14.6,8.1,17.5,2.8,0.9,11.1,20.6,-0.1,0.4,0.2,0.04,-3.6,1.6,-2.1,0.0,,2016,408.0,22.0,TOR,PG,37.0,0.0,7.9,1.1,3.0,0.351,0.3,0.8,0.379,0.8,2.2,0.341,0.401,0.5,0.6,0.818,0.1,1.0,1.1,0.9,0.4,0.1,0.4,1.0,2.9,,0,0,1
394.0,Sheldon Mac,24.0,WAS,SG,30.0,3.0,287.0,10.1,0.518,0.4,0.36,1.6,11.7,6.7,7.0,1.4,0.6,5.4,14.0,0.3,0.2,0.5,0.076,-2.2,-0.1,-2.3,0.0,,2016,401.0,24.0,WAS,SG,30.0,3.0,9.6,1.0,2.5,0.4,0.2,1.0,0.233,0.8,1.5,0.511,0.447,0.8,0.9,0.852,0.1,1.0,1.1,0.5,0.3,0.1,0.2,0.6,3.0,,0,0,1
395.0,Bryn Forbes,23.0,SAS,SG,36.0,0.0,285.0,5.9,0.462,0.535,0.061,0.8,8.2,4.6,11.7,0.2,0.0,9.8,17.9,-0.2,0.2,0.1,0.014,-3.9,-1.5,-5.4,-0.2,,2016,425.0,23.0,SAS,SG,36.0,0.0,7.9,1.0,2.8,0.364,0.5,1.5,0.321,0.5,1.3,0.413,0.449,0.1,0.2,0.833,0.1,0.6,0.6,0.6,0.0,0.0,0.3,0.6,2.6,,0,0,1
398.0,Jake Layman,22.0,POR,SF,35.0,1.0,249.0,4.9,0.404,0.573,0.191,2.7,8.0,5.3,6.2,1.8,1.0,10.2,19.0,-0.4,0.1,-0.3,-0.054,-5.2,-1.2,-6.4,-0.3,,2016,439.0,22.0,POR,SF,35.0,1.0,7.1,0.7,2.5,0.292,0.4,1.5,0.255,0.4,1.1,0.342,0.365,0.4,0.5,0.765,0.2,0.5,0.7,0.3,0.3,0.1,0.3,0.6,2.2,,0,0,1
399.0,Deyonta Davis,20.0,MEM,C,36.0,0.0,238.0,10.6,0.528,0.0,0.383,9.3,19.8,14.4,1.3,0.7,6.8,12.7,12.0,0.1,0.4,0.5,0.097,-5.0,0.4,-4.6,-0.2,,2016,458.0,20.0,MEM,C,36.0,0.0,6.6,0.7,1.3,0.511,0.0,0.0,,0.7,1.3,0.511,0.511,0.3,0.5,0.556,0.6,1.1,1.7,0.1,0.1,0.5,0.2,1.1,1.6,,0,0,1
401.0,Wayne Selden,22.0,2TM,SG,14.0,5.0,236.0,6.9,0.525,0.483,0.379,0.5,7.2,3.8,8.5,1.3,0.4,15.1,15.3,-0.1,0.2,0.1,0.016,-4.6,-1.0,-5.5,-0.2,,2016,321.0,22.0,2TM,SG,14.0,5.0,16.9,1.8,4.1,0.431,0.5,2.0,0.25,1.3,2.1,0.6,0.491,1.0,1.6,0.636,0.1,1.1,1.1,0.9,0.4,0.1,0.9,1.3,5.1,,0,0,1
402.0,Shawn Long,24.0,PHI,C,18.0,0.0,234.0,24.1,0.595,0.174,0.321,19.3,20.8,20.0,10.7,1.9,3.1,9.5,25.4,0.6,0.3,0.9,0.195,2.3,-1.1,1.2,0.2,,2016,199.0,24.0,PHI,C,18.0,0.0,13.0,3.4,6.1,0.56,0.4,1.1,0.368,3.0,5.0,0.6,0.592,1.1,1.9,0.543,2.3,2.4,4.7,0.7,0.5,0.5,0.7,2.7,8.2,,0,0,1
403.0,Jonathan Gibson,29.0,DAL,PG,17.0,0.0,231.0,9.5,0.492,0.474,0.305,0.5,11.1,5.5,18.8,1.8,0.0,16.3,26.3,-0.3,0.2,-0.1,-0.03,-3.1,-0.7,-3.7,-0.1,,2016,273.0,29.0,DAL,PG,17.0,0.0,13.6,2.1,5.6,0.368,0.9,2.6,0.333,1.2,2.9,0.4,0.447,1.2,1.7,0.724,0.1,1.2,1.3,1.5,0.5,0.0,1.2,1.2,6.2,,0,0,1
408.0,Cheick Diallo,20.0,NOP,PF,17.0,0.0,199.0,16.8,0.51,0.0,0.276,12.1,26.7,19.4,3.2,1.0,2.9,7.6,20.5,0.2,0.3,0.5,0.111,-1.8,-1.9,-3.7,-0.1,,2016,323.0,20.0,NOP,PF,17.0,0.0,11.7,2.1,4.5,0.474,0.0,0.0,,2.1,4.5,0.474,0.474,0.9,1.2,0.714,1.4,2.9,4.3,0.2,0.2,0.4,0.4,1.0,5.1,,0,0,1
409.0,Malachi Richardson,21.0,SAC,SG,22.0,0.0,198.0,9.6,0.517,0.412,0.279,1.8,11.5,6.7,8.7,1.3,0.5,9.5,19.3,0.0,0.1,0.1,0.028,-3.4,-1.4,-4.8,-0.1,,2016,378.0,21.0,SAC,SG,22.0,0.0,9.0,1.3,3.1,0.412,0.4,1.3,0.286,0.9,1.8,0.5,0.471,0.7,0.9,0.789,0.1,0.9,1.0,0.5,0.2,0.0,0.4,1.0,3.6,,0,0,1
411.0,Treveon Graham,23.0,CHO,SG,27.0,1.0,189.0,10.6,0.612,0.375,0.375,2.9,10.0,6.4,4.7,1.6,0.5,6.0,11.8,0.3,0.2,0.4,0.108,-1.8,0.8,-1.0,0.1,,2016,440.0,23.0,CHO,SG,27.0,1.0,7.0,0.7,1.5,0.475,0.3,0.6,0.6,0.4,0.9,0.4,0.588,0.4,0.6,0.667,0.2,0.6,0.8,0.2,0.2,0.0,0.1,0.7,2.1,,0,0,1
412.0,Quinn Cook,23.0,2TM,PG,14.0,0.0,188.0,11.8,0.579,0.394,0.076,0.6,3.6,2.0,22.8,1.1,0.0,16.0,19.6,0.1,0.1,0.2,0.047,-1.6,-1.5,-3.1,-0.1,,2016,298.0,23.0,2TM,PG,14.0,0.0,13.4,2.4,4.7,0.5,0.8,1.9,0.423,1.6,2.9,0.55,0.583,0.1,0.4,0.4,0.1,0.4,0.5,1.9,0.3,0.0,0.9,0.9,5.6,,0,0,1
413.0,Nicolás Laprovíttola,27.0,SAS,PG,18.0,3.0,174.0,8.4,0.579,0.574,0.191,0.7,5.7,3.3,23.0,1.2,0.5,27.2,18.2,0.0,0.2,0.2,0.044,-3.2,-0.8,-3.9,-0.1,,2016,392.0,27.0,SAS,PG,18.0,3.0,9.7,1.1,2.6,0.426,0.6,1.5,0.37,0.6,1.1,0.5,0.532,0.5,0.5,1.0,0.1,0.5,0.6,1.6,0.2,0.1,1.1,1.1,3.3,,0,0,1
414.0,Marshall Plumlee,24.0,NYK,C,21.0,1.0,170.0,10.9,0.521,0.0,0.633,14.5,17.8,16.2,8.1,1.2,1.9,23.8,12.8,0.0,0.1,0.2,0.048,-3.6,-1.0,-4.6,-0.1,,2016,448.0,24.0,NYK,C,21.0,1.0,8.1,0.8,1.4,0.533,0.0,0.0,,0.8,1.4,0.533,0.533,0.4,0.9,0.421,1.1,1.3,2.4,0.5,0.2,0.2,0.6,1.1,1.9,,0,0,1
415.0,Malik Beasley,20.0,DEN,SG,22.0,1.0,165.0,13.7,0.536,0.384,0.137,3.4,8.0,5.7,10.2,2.1,0.0,9.4,22.0,0.1,0.1,0.2,0.057,-0.4,-0.2,-0.6,0.1,,2016,375.0,20.0,DEN,SG,22.0,1.0,7.5,1.5,3.3,0.452,0.4,1.3,0.321,1.1,2.0,0.533,0.514,0.4,0.5,0.8,0.2,0.5,0.8,0.5,0.3,0.0,0.4,0.5,3.8,,0,0,1
416.0,A.J. Hammons,24.0,DAL,C,22.0,0.0,163.0,8.4,0.472,0.238,0.476,5.4,21.0,12.8,3.8,0.3,7.2,16.4,17.6,-0.2,0.2,0.0,-0.001,-6.6,0.0,-6.6,-0.2,,2016,438.0,24.0,DAL,C,22.0,0.0,7.4,0.8,1.9,0.405,0.2,0.5,0.5,0.5,1.5,0.375,0.464,0.4,0.9,0.45,0.4,1.3,1.6,0.2,0.0,0.6,0.5,1.0,2.2,,0,0,1
419.0,Alex Poythress,23.0,PHI,PF,6.0,1.0,157.0,13.2,0.548,0.352,0.185,7.7,12.7,10.2,5.1,0.9,1.0,4.9,16.9,0.2,0.1,0.3,0.099,-0.8,-2.1,-2.9,0.0,,2016,131.0,23.0,PHI,PF,6.0,1.0,26.2,4.2,9.0,0.463,1.0,3.2,0.316,3.2,5.8,0.543,0.519,1.3,1.7,0.8,1.8,3.0,4.8,0.8,0.5,0.3,0.5,2.3,10.7,,0,0,1
421.0,Henry Ellenson,20.0,DET,PF,19.0,2.0,146.0,7.5,0.444,0.547,0.125,5.8,25.6,15.3,7.2,0.3,0.6,17.2,24.7,-0.4,0.2,-0.2,-0.071,-4.1,-1.8,-5.9,-0.1,,2016,395.0,20.0,DET,PF,19.0,2.0,7.7,1.2,3.4,0.359,0.5,1.8,0.286,0.7,1.5,0.448,0.438,0.2,0.4,0.5,0.4,1.7,2.2,0.4,0.1,0.1,0.7,0.3,3.2,,0,0,1
432.0,Jarrod Uthoff,23.0,DAL,PF,9.0,0.0,115.0,13.9,0.487,0.237,0.184,7.7,14.9,11.1,12.8,0.9,3.1,6.8,18.1,0.1,0.1,0.2,0.083,-1.6,-0.7,-2.2,0.0,,2016,357.0,23.0,DAL,PF,9.0,0.0,12.8,1.8,4.2,0.421,0.3,1.0,0.333,1.4,3.2,0.448,0.461,0.6,0.8,0.714,0.9,1.6,2.4,1.0,0.2,0.4,0.3,0.9,4.4,,0,0,1
436.0,Stephen Zimmerman,20.0,ORL,C,19.0,0.0,108.0,7.3,0.346,0.0,0.161,10.8,24.9,17.6,5.3,0.9,3.7,8.3,14.8,-0.1,0.1,0.0,-0.005,-6.6,-1.7,-8.3,-0.2,,2016,469.0,20.0,ORL,C,19.0,0.0,5.7,0.5,1.6,0.323,0.0,0.0,,0.5,1.6,0.323,0.323,0.2,0.3,0.6,0.6,1.3,1.8,0.2,0.1,0.3,0.2,0.9,1.2,,0,0,1
438.0,Gary Payton II,24.0,MIL,PG,6.0,0.0,99.0,4.5,0.413,0.409,0.227,0.0,14.0,7.1,18.1,1.5,3.6,29.2,15.8,-0.3,0.1,-0.2,-0.074,-6.3,-0.2,-6.5,-0.1,,2016,393.0,24.0,MIL,PG,6.0,0.0,16.5,1.3,3.7,0.364,0.2,1.5,0.111,1.2,2.2,0.538,0.386,0.5,0.8,0.6,0.0,2.0,2.0,2.2,0.5,0.7,1.7,1.5,3.3,,0,0,1
439.0,Georges Niang,23.0,IND,PF,23.0,0.0,93.0,0.1,0.285,0.333,0.056,2.4,17.9,10.3,7.5,1.6,0.0,11.9,20.2,-0.4,0.1,-0.3,-0.168,-8.8,-3.0,-11.7,-0.2,,2016,473.0,23.0,IND,PF,23.0,0.0,4.0,0.4,1.6,0.25,0.0,0.5,0.083,0.3,1.0,0.333,0.264,0.1,0.1,1.0,0.1,0.7,0.7,0.2,0.1,0.0,0.2,0.3,0.9,,0,0,1
442.0,Damian Jones,21.0,GSW,C,10.0,0.0,85.0,5.3,0.466,0.0,0.625,12.4,17.0,14.8,0.0,0.6,3.7,22.7,13.4,-0.1,0.1,0.0,0.018,-7.7,-1.9,-9.7,-0.2,,2016,447.0,21.0,GSW,C,10.0,0.0,8.5,0.8,1.6,0.5,0.0,0.0,,0.8,1.6,0.5,0.5,0.3,1.0,0.3,0.9,1.4,2.3,0.0,0.1,0.4,0.6,1.5,1.9,,0,0,1
443.0,Pierre Jackson,25.0,DAL,PG,8.0,1.0,84.0,13.0,0.416,0.282,0.179,1.3,11.6,6.2,38.0,1.2,0.0,6.7,25.3,0.0,0.1,0.0,0.021,-2.7,-1.7,-4.4,-0.1,,2016,352.0,25.0,DAL,PG,8.0,1.0,10.5,1.6,4.9,0.333,0.4,1.4,0.273,1.3,3.5,0.357,0.372,0.8,0.9,0.857,0.1,1.0,1.1,2.4,0.3,0.0,0.4,0.6,4.4,,0,0,1
444.0,Tim Quarterman,22.0,POR,SG,16.0,0.0,80.0,10.2,0.511,0.448,0.103,5.5,13.9,9.7,21.1,1.2,3.0,26.6,22.8,-0.1,0.1,-0.1,-0.044,-2.0,-0.9,-2.8,0.0,,2016,449.0,22.0,POR,SG,16.0,0.0,5.0,0.8,1.8,0.448,0.3,0.8,0.385,0.5,1.0,0.5,0.534,0.0,0.2,0.0,0.3,0.6,0.9,0.7,0.1,0.2,0.7,0.4,1.9,,0,0,1
449.0,Daniel Ochefu,23.0,WAS,C,19.0,0.0,75.0,6.6,0.43,0.0,0.074,7.6,25.4,16.5,5.8,1.3,0.0,9.7,18.0,-0.1,0.1,0.0,0.005,-7.0,-1.5,-8.4,-0.1,,2016,467.0,23.0,WAS,C,19.0,0.0,3.9,0.6,1.4,0.444,0.0,0.0,,0.6,1.4,0.444,0.444,0.0,0.1,0.0,0.3,0.9,1.2,0.2,0.1,0.0,0.2,0.9,1.3,,0,0,1
452.0,Joel Bolomboy,23.0,UTA,PF,12.0,0.0,53.0,19.7,0.59,0.25,0.375,9.0,27.6,18.5,6.3,1.0,3.1,9.7,18.2,0.1,0.1,0.2,0.171,2.3,1.1,3.4,0.1,,2016,450.0,23.0,UTA,PF,12.0,0.0,4.4,0.8,1.3,0.563,0.1,0.3,0.25,0.7,1.0,0.667,0.594,0.3,0.5,0.5,0.3,1.1,1.4,0.2,0.1,0.2,0.2,0.1,1.8,,0,0,1
453.0,Chinanu Onuaku,20.0,HOU,C,5.0,1.0,52.0,12.3,0.799,0.0,0.571,4.2,16.8,10.5,7.8,2.8,1.6,31.3,10.4,0.1,0.1,0.1,0.123,-2.8,1.4,-1.5,0.0,,2016,415.0,20.0,HOU,C,5.0,1.0,10.4,1.0,1.4,0.714,0.0,0.0,,1.0,1.4,0.714,0.714,0.8,0.8,1.0,0.4,1.6,2.0,0.6,0.6,0.2,0.8,1.2,2.8,,0,0,1
454.0,Isaiah Taylor,22.0,HOU,PG,4.0,0.0,52.0,0.3,0.19,0.286,0.286,2.1,4.2,3.1,7.1,0.9,1.6,0.0,6.4,-0.1,0.0,0.0,-0.028,-6.9,-0.9,-7.8,-0.1,,2016,477.0,22.0,HOU,PG,4.0,0.0,13.0,0.3,1.8,0.143,0.0,0.5,0.0,0.3,1.3,0.2,0.143,0.3,0.5,0.5,0.3,0.5,0.8,0.8,0.3,0.3,0.0,1.5,0.8,,0,0,1
455.0,Marcus Georges-Hunt,22.0,ORL,SG,5.0,0.0,48.0,10.2,0.614,0.286,1.429,2.2,18.7,10.2,8.3,1.0,0.0,14.9,12.3,0.1,0.0,0.1,0.107,-4.0,-0.5,-4.5,0.0,,2016,412.0,22.0,ORL,SG,5.0,0.0,9.6,0.4,1.4,0.286,0.2,0.4,0.5,0.2,1.0,0.2,0.357,1.8,2.0,0.9,0.2,1.6,1.8,0.6,0.2,0.0,0.4,1.0,2.8,,0,0,1
458.0,Kyle Wiltjer,24.0,HOU,PF,14.0,0.0,44.0,6.7,0.437,0.929,0.143,9.9,14.9,12.4,6.1,3.3,1.8,25.2,19.1,-0.1,0.1,0.0,-0.039,-4.1,-1.3,-5.4,0.0,,2016,474.0,24.0,HOU,PF,14.0,0.0,3.1,0.3,1.0,0.286,0.3,0.9,0.308,0.0,0.1,0.0,0.429,0.1,0.1,0.5,0.3,0.4,0.7,0.1,0.2,0.1,0.4,0.3,0.9,,0,0,1
459.0,Patricio Garino,23.0,ORL,SG,5.0,0.0,43.0,-9.2,0.0,0.714,0.0,2.5,15.6,8.9,0.0,0.0,0.0,30.0,10.2,-0.2,0.0,-0.2,-0.25,-13.3,-4.6,-17.9,-0.2,,2016,484.0,23.0,ORL,SG,5.0,0.0,8.6,0.0,1.4,0.0,0.0,1.0,0.0,0.0,0.4,0.0,0.0,0.0,0.0,,0.2,1.2,1.4,0.0,0.0,0.0,0.6,0.8,0.0,,0,0,1
465.0,Michael Gbinije,24.0,DET,SG,9.0,0.0,32.0,-2.1,0.184,0.4,0.2,6.6,3.5,5.1,7.9,0.0,0.0,0.0,15.0,-0.1,0.0,-0.1,-0.136,-9.2,-2.9,-12.1,-0.1,,2016,480.0,24.0,DET,SG,9.0,0.0,3.6,0.1,1.1,0.1,0.0,0.4,0.0,0.1,0.7,0.167,0.1,0.2,0.2,1.0,0.2,0.1,0.3,0.2,0.0,0.0,0.0,0.2,0.4,,0,0,1
471.0,Mike Tobey,22.0,CHO,C,2.0,0.0,25.0,-0.1,0.25,0.0,0.0,8.7,4.4,6.6,5.4,0.0,0.0,20.0,9.0,0.0,0.0,0.0,-0.07,-6.9,-2.7,-9.5,0.0,,2016,471.0,22.0,CHO,C,2.0,0.0,12.5,0.5,2.0,0.25,0.0,0.0,,0.5,2.0,0.25,0.25,0.0,0.0,,1.0,0.5,1.5,0.5,0.0,0.0,0.5,1.0,1.0,,0,0,1
472.0,Diamond Stone,19.0,LAC,C,7.0,0.0,24.0,-1.2,0.339,0.0,0.308,4.8,22.7,14.0,0.0,0.0,3.4,11.9,31.3,-0.1,0.0,-0.1,-0.211,-14.9,-5.9,-20.8,-0.1,,2016,464.0,19.0,LAC,C,7.0,0.0,3.4,0.4,1.9,0.231,0.0,0.0,,0.4,1.9,0.231,0.231,0.6,0.6,1.0,0.1,0.7,0.9,0.0,0.0,0.1,0.3,0.7,1.4,,0,0,1
477.0,Demetrius Jackson,22.0,BOS,PG,5.0,0.0,17.0,30.8,0.753,0.25,1.5,13.2,13.0,13.1,28.2,0.0,0.0,0.0,17.3,0.1,0.0,0.1,0.386,9.7,0.1,9.8,0.1,,2016,444.0,22.0,BOS,PG,5.0,0.0,3.4,0.6,0.8,0.75,0.2,0.2,1.0,0.4,0.6,0.667,0.875,0.6,1.2,0.5,0.4,0.4,0.8,0.6,0.0,0.0,0.0,0.0,2.0,,0,0,1
482.0,Ben Bentil,21.0,DAL,PF,3.0,0.0,10.0,-17.6,0.0,0.333,0.0,0.0,24.4,11.6,0.0,0.0,0.0,25.0,18.9,-0.1,0.0,-0.1,-0.473,-19.7,-6.2,-25.9,-0.1,,2016,483.0,21.0,DAL,PF,3.0,0.0,3.3,0.0,1.0,0.0,0.0,0.3,0.0,0.0,0.7,0.0,0.0,0.0,0.0,,0.0,0.7,0.7,0.0,0.0,0.0,0.3,0.3,0.0,,0,0,1
484.0,Brice Johnson,22.0,LAC,PF,3.0,0.0,9.0,17.2,0.286,0.0,0.0,12.8,24.2,18.6,18.6,11.1,9.1,12.5,39.8,-0.1,0.0,0.0,-0.165,-6.6,4.5,-2.0,0.0,,2016,466.0,22.0,LAC,PF,3.0,0.0,3.0,0.7,2.3,0.286,0.0,0.0,,0.7,2.3,0.286,0.286,0.0,0.0,,0.3,0.7,1.0,0.3,0.7,0.3,0.3,0.0,1.3,,0,0,1
486.0,Danuel House Jr.,23.0,WAS,SG,1.0,0.0,1.0,12.2,,,,0.0,100.0,56.4,0.0,0.0,0.0,,0.0,0.0,0.0,0.0,0.163,-8.9,9.8,0.9,0.0,,2016,485.0,23.0,WAS,SG,1.0,0.0,1.0,0.0,0.0,,0.0,0.0,,0.0,0.0,,,0.0,0.0,,0.0,1.0,1.0,0.0,0.0,0.0,0.0,0.0,0.0,,0,0,1
12.0,Ben Simmons,21.0,PHI,PG,81.0,81.0,2732.0,20.0,0.557,0.011,0.342,5.9,19.5,13.0,37.4,2.5,2.1,19.5,22.3,4.2,5.0,9.2,0.162,2.0,2.5,4.5,4.5,ROY-1,2017,61.0,21.0,PHI,PG,81.0,81.0,33.7,6.7,12.3,0.545,0.0,0.1,0.0,6.7,12.2,0.551,0.545,2.4,4.2,0.56,1.8,6.3,8.1,8.2,1.7,0.9,3.4,2.6,15.8,ROY-1,1,1,1
20.0,Donovan Mitchell,21.0,UTA,SG,79.0,71.0,2638.0,16.7,0.541,0.404,0.218,2.3,10.4,6.4,19.4,2.2,0.9,12.6,29.1,1.4,3.8,5.2,0.095,0.9,0.3,1.2,2.2,ROY-2,2017,25.0,21.0,UTA,SG,79.0,71.0,33.4,7.5,17.2,0.437,2.4,7.0,0.34,5.2,10.3,0.502,0.506,3.0,3.8,0.805,0.7,3.1,3.7,3.7,1.5,0.3,2.7,2.7,20.5,ROY-2,1,1,1
40.0,Jayson Tatum,19.0,BOS,SF,80.0,80.0,2443.0,15.2,0.586,0.29,0.309,2.3,15.6,9.0,8.3,1.7,2.0,10.7,19.4,3.0,4.0,7.1,0.139,0.0,1.2,1.2,2.0,ROY-3,2017,91.0,19.0,BOS,SF,80.0,80.0,30.5,5.0,10.4,0.475,1.3,3.0,0.434,3.7,7.4,0.492,0.538,2.7,3.2,0.826,0.6,4.4,5.0,1.6,1.0,0.7,1.4,2.1,13.9,ROY-3,1,1,1
45.0,Kyle Kuzma,22.0,LAL,PF,77.0,37.0,2401.0,14.2,0.549,0.418,0.2,3.9,17.4,10.7,9.1,1.0,1.1,11.0,22.5,1.5,2.3,3.8,0.077,0.3,-1.0,-0.7,0.8,"ROY-4,6MOY-9",2017,59.0,22.0,LAL,PF,77.0,37.0,31.2,6.1,13.5,0.45,2.1,5.6,0.366,4.0,7.9,0.511,0.527,1.9,2.7,0.707,1.1,5.1,6.3,1.8,0.6,0.4,1.8,2.1,16.1,"ROY-4,6MOY-9",1,1,1
47.0,Dillon Brooks,22.0,MEM,SF,82.0,74.0,2350.0,9.8,0.531,0.342,0.215,2.4,10.5,6.3,9.3,1.6,0.7,12.8,18.5,0.1,1.1,1.2,0.025,-2.9,-1.1,-4.0,-1.2,,2017,151.0,22.0,MEM,SF,82.0,74.0,28.7,4.1,9.4,0.44,1.1,3.2,0.356,3.0,6.2,0.484,0.501,1.5,2.0,0.747,0.6,2.5,3.1,1.6,0.9,0.2,1.5,2.8,11.0,,0,0,1
69.0,Bogdan Bogdanović,25.0,SAC,SG,78.0,52.0,2175.0,13.5,0.556,0.426,0.154,1.6,10.5,5.8,18.3,1.7,0.7,13.2,19.6,1.8,1.1,2.9,0.064,-0.6,-0.9,-1.5,0.3,,2017,132.0,25.0,SAC,SG,78.0,52.0,27.9,4.4,9.9,0.446,1.7,4.2,0.392,2.8,5.7,0.485,0.529,1.3,1.5,0.84,0.4,2.5,2.9,3.3,0.9,0.2,1.6,2.2,11.8,,1,2,1
90.0,Dennis Smith Jr.,20.0,DAL,PG,69.0,69.0,2049.0,12.8,0.473,0.331,0.188,2.6,11.8,7.0,29.5,1.7,0.8,14.9,28.9,-2.4,1.7,-0.7,-0.017,-1.2,-1.2,-2.4,-0.2,ROY-5,2017,68.0,20.0,DAL,PG,69.0,69.0,29.7,5.9,14.8,0.395,1.5,4.9,0.313,4.3,9.9,0.435,0.446,1.9,2.8,0.694,0.7,3.0,3.8,5.2,1.0,0.3,2.8,2.2,15.2,ROY-5,0,0,1
97.0,De'Aaron Fox,20.0,SAC,PG,73.0,61.0,2026.0,11.2,0.478,0.192,0.245,1.8,10.0,5.7,24.6,1.7,0.9,16.4,23.4,-1.7,1.0,-0.6,-0.014,-2.7,-1.5,-4.2,-1.1,,2017,140.0,20.0,SAC,PG,73.0,61.0,27.8,4.5,10.9,0.412,0.6,2.1,0.307,3.8,8.8,0.436,0.441,1.9,2.7,0.723,0.5,2.3,2.8,4.4,1.0,0.3,2.4,2.2,11.6,,0,0,1
99.0,Lauri Markkanen,20.0,CHI,PF,68.0,68.0,2020.0,15.6,0.552,0.465,0.193,4.0,23.7,13.5,6.4,0.9,1.8,8.2,21.9,1.7,1.6,3.3,0.079,1.0,-1.2,-0.2,0.9,,2017,67.0,20.0,CHI,PF,68.0,68.0,29.7,5.5,12.7,0.434,2.1,5.9,0.362,3.4,6.8,0.497,0.518,2.1,2.4,0.843,1.2,6.3,7.5,1.2,0.6,0.6,1.2,1.5,15.2,,1,1,1
110.0,Josh Jackson,20.0,PHO,SF,77.0,35.0,1959.0,11.8,0.48,0.233,0.299,5.1,14.2,9.6,10.1,2.0,1.4,12.2,26.0,-2.0,1.2,-0.7,-0.018,-2.8,-1.4,-4.2,-1.1,,2017,101.0,20.0,PHO,SF,77.0,35.0,25.4,5.1,12.1,0.417,0.7,2.8,0.263,4.3,9.3,0.464,0.448,2.3,3.6,0.634,1.2,3.3,4.6,1.5,1.0,0.5,1.9,2.8,13.1,,1,2,1
139.0,John Collins,20.0,ATL,PF,74.0,26.0,1785.0,18.3,0.62,0.086,0.341,11.0,22.8,16.9,8.9,1.3,3.8,14.3,17.9,3.4,2.0,5.4,0.145,-0.4,0.2,-0.2,0.8,,2017,160.0,20.0,ATL,PF,74.0,26.0,24.1,4.2,7.4,0.576,0.2,0.6,0.34,4.0,6.7,0.598,0.591,1.8,2.5,0.715,2.4,4.9,7.3,1.3,0.6,1.1,1.4,2.9,10.5,,1,2,1
140.0,Lonzo Ball,20.0,LAL,PG,52.0,50.0,1780.0,12.5,0.444,0.523,0.126,4.2,17.3,10.8,29.2,2.4,2.0,18.6,17.4,-0.5,2.5,2.0,0.053,-0.7,1.6,1.0,1.3,,2017,165.0,20.0,LAL,PG,52.0,50.0,34.2,3.9,10.8,0.36,1.7,5.7,0.305,2.2,5.2,0.42,0.44,0.6,1.4,0.451,1.3,5.6,6.9,7.2,1.7,0.8,2.6,2.3,10.2,,1,2,1
152.0,Frank Ntilikina,19.0,NYK,PG,78.0,9.0,1706.0,7.0,0.437,0.314,0.136,2.4,9.1,5.8,20.0,1.9,0.9,19.8,16.9,-2.0,1.0,-0.9,-0.026,-4.5,-0.5,-5.0,-1.3,,2017,308.0,19.0,NYK,PG,78.0,9.0,21.9,2.3,6.4,0.364,0.6,2.0,0.318,1.7,4.4,0.385,0.414,0.6,0.9,0.721,0.5,1.8,2.3,3.2,0.8,0.2,1.7,2.3,5.9,,0,0,1
195.0,Justin Jackson,22.0,SAC,SF,68.0,41.0,1506.0,9.2,0.521,0.442,0.086,2.0,12.6,7.1,7.2,0.9,0.8,8.4,14.2,0.4,0.5,1.0,0.031,-2.4,-1.1,-3.5,-0.6,,2017,272.0,22.0,SAC,SF,68.0,41.0,22.1,2.7,6.2,0.442,0.8,2.7,0.308,1.9,3.4,0.547,0.51,0.4,0.5,0.722,0.4,2.4,2.8,1.1,0.4,0.2,0.6,1.2,6.7,,0,0,1
201.0,OG Anunoby,20.0,TOR,SF,74.0,62.0,1481.0,10.0,0.587,0.569,0.179,3.4,10.4,7.0,5.0,1.7,0.8,10.8,12.4,1.4,1.6,3.0,0.098,-1.2,0.6,-0.6,0.5,,2017,303.0,20.0,TOR,SF,74.0,62.0,20.0,2.2,4.7,0.471,1.0,2.7,0.371,1.2,2.0,0.604,0.577,0.5,0.8,0.629,0.6,1.9,2.5,0.7,0.7,0.2,0.6,1.8,5.9,,0,0,1
204.0,Luke Kennard,21.0,DET,SG,73.0,9.0,1463.0,12.1,0.56,0.419,0.163,1.6,11.9,6.6,12.7,1.5,0.8,12.2,17.2,1.1,1.4,2.6,0.084,-0.9,0.1,-0.8,0.5,,2017,242.0,21.0,DET,SG,73.0,9.0,20.0,2.8,6.4,0.443,1.1,2.7,0.415,1.7,3.7,0.463,0.53,0.9,1.0,0.855,0.3,2.1,2.4,1.7,0.6,0.2,0.9,1.2,7.6,,0,0,1
205.0,Josh Hart,22.0,LAL,SG,63.0,23.0,1461.0,12.2,0.596,0.525,0.251,3.1,16.0,9.6,7.6,1.5,0.9,10.1,13.5,1.9,1.5,3.4,0.111,-0.6,0.5,-0.1,0.7,,2017,227.0,22.0,LAL,SG,63.0,23.0,23.2,2.8,6.0,0.469,1.2,3.1,0.396,1.6,2.8,0.551,0.573,1.0,1.5,0.702,0.7,3.5,4.2,1.3,0.7,0.3,0.7,1.7,7.9,,0,0,1
208.0,Jarrett Allen,19.0,BRK,C,72.0,31.0,1441.0,17.5,0.636,0.038,0.37,10.5,18.1,14.3,5.4,0.9,4.6,15.1,16.3,2.7,1.5,4.2,0.141,-0.9,0.1,-0.8,0.5,,2017,217.0,19.0,BRK,C,72.0,31.0,20.0,3.3,5.5,0.589,0.1,0.2,0.333,3.2,5.3,0.599,0.596,1.6,2.0,0.776,2.0,3.4,5.4,0.7,0.4,1.2,1.1,2.0,8.2,,0,0,1
223.0,Bam Adebayo,20.0,MIA,C,69.0,19.0,1368.0,15.7,0.57,0.021,0.526,9.7,21.6,15.6,11.0,1.2,2.5,13.6,15.9,2.3,1.9,4.2,0.148,-1.1,0.7,-0.4,0.6,,2017,261.0,20.0,MIA,C,69.0,19.0,19.8,2.5,4.9,0.512,0.0,0.1,0.0,2.5,4.8,0.523,0.512,1.9,2.6,0.721,1.7,3.8,5.5,1.5,0.5,0.6,1.0,2.0,6.9,,0,0,1
243.0,Maxi Kleber,26.0,DAL,PF,72.0,35.0,1206.0,13.4,0.576,0.414,0.191,6.3,15.6,10.8,6.4,1.1,3.5,8.2,13.7,1.6,1.2,2.8,0.113,-1.0,0.5,-0.5,0.5,,2017,331.0,26.0,DAL,PF,72.0,35.0,16.8,2.1,4.3,0.489,0.6,1.8,0.313,1.5,2.5,0.613,0.553,0.6,0.8,0.746,1.0,2.3,3.3,0.7,0.4,0.7,0.4,1.6,5.4,,0,0,1
249.0,Sindarius Thornwell,23.0,LAC,SG,73.0,16.0,1156.0,8.2,0.519,0.262,0.378,3.2,10.0,6.7,7.8,2.0,1.8,16.3,12.1,0.1,0.9,1.0,0.041,-3.4,1.0,-2.4,-0.1,,2017,403.0,23.0,LAC,SG,73.0,16.0,15.8,1.4,3.2,0.429,0.3,0.8,0.377,1.1,2.4,0.448,0.479,0.8,1.2,0.67,0.5,1.5,1.9,0.9,0.7,0.3,0.7,1.7,3.9,,0,0,1
251.0,Semi Ojeleye,23.0,BOS,PF,73.0,0.0,1150.0,4.6,0.473,0.665,0.218,3.6,11.6,7.7,2.4,0.9,0.3,10.8,9.0,-0.2,1.3,1.2,0.048,-4.6,-0.1,-4.7,-0.8,,2017,447.0,23.0,BOS,PF,73.0,0.0,15.8,0.9,2.6,0.346,0.5,1.7,0.32,0.3,0.9,0.397,0.452,0.3,0.6,0.61,0.5,1.7,2.2,0.3,0.3,0.1,0.3,1.2,2.7,,0,0,1
252.0,Royce O'Neale,24.0,UTA,SF,69.0,4.0,1150.0,10.8,0.54,0.415,0.268,2.5,20.6,11.7,12.0,1.6,1.2,14.8,14.6,0.5,1.8,2.4,0.099,-2.0,1.8,-0.2,0.5,,2017,346.0,24.0,UTA,SF,69.0,4.0,16.7,1.7,4.1,0.423,0.6,1.7,0.356,1.1,2.4,0.47,0.496,0.9,1.1,0.803,0.4,3.1,3.4,1.4,0.5,0.2,0.8,1.5,5.0,,0,0,1
257.0,Miloš Teodosić,30.0,LAC,PG,45.0,36.0,1134.0,11.6,0.564,0.644,0.128,1.6,10.5,6.1,26.2,1.0,0.4,20.3,18.2,0.9,0.5,1.4,0.058,-0.3,-1.5,-1.7,0.1,,2017,181.0,30.0,LAC,PG,45.0,36.0,25.2,3.4,8.0,0.419,2.0,5.2,0.379,1.4,2.8,0.492,0.542,0.9,1.0,0.848,0.4,2.4,2.8,4.6,0.5,0.1,2.2,2.3,9.5,,0,0,1
269.0,Zach Collins,20.0,POR,C,66.0,1.0,1045.0,7.5,0.475,0.391,0.145,4.7,18.2,11.5,7.1,0.8,2.4,15.9,15.4,-0.7,1.3,0.6,0.03,-4.5,0.2,-4.3,-0.6,,2017,372.0,20.0,POR,C,66.0,1.0,15.8,1.7,4.4,0.398,0.5,1.7,0.31,1.2,2.7,0.455,0.458,0.4,0.6,0.643,0.7,2.7,3.3,0.8,0.3,0.5,0.9,2.0,4.4,,0,0,1
273.0,Wes Iwundu,23.0,ORL,SF,62.0,12.0,1020.0,7.8,0.48,0.211,0.216,3.9,11.0,7.4,7.8,1.6,0.9,11.2,11.6,0.0,0.7,0.7,0.032,-4.2,-0.1,-4.3,-0.6,,2017,406.0,23.0,ORL,SF,62.0,12.0,16.5,1.5,3.5,0.427,0.1,0.7,0.196,1.4,2.8,0.488,0.447,0.5,0.8,0.723,0.6,1.6,2.2,0.9,0.5,0.2,0.5,1.3,3.7,,0,0,1
277.0,Frank Mason III,23.0,SAC,PG,52.0,2.0,984.0,13.0,0.48,0.226,0.303,3.3,12.1,7.5,22.7,1.7,1.0,13.1,22.6,0.0,0.6,0.5,0.027,-1.3,-1.0,-2.3,-0.1,,2017,229.0,23.0,SAC,PG,52.0,2.0,18.9,2.8,7.3,0.379,0.6,1.7,0.36,2.2,5.7,0.384,0.42,1.8,2.2,0.817,0.6,1.9,2.5,2.8,0.7,0.2,1.3,1.4,7.9,,0,0,1
280.0,Tyler Dorsey,21.0,ATL,SG,56.0,5.0,974.0,10.0,0.494,0.521,0.165,1.9,12.9,7.4,12.5,0.9,0.4,8.3,20.0,0.0,0.4,0.4,0.02,-1.4,-1.5,-2.9,-0.2,,2017,251.0,21.0,ATL,SG,56.0,5.0,17.4,2.6,6.8,0.377,1.3,3.6,0.362,1.3,3.3,0.393,0.471,0.8,1.1,0.714,0.3,2.0,2.3,1.4,0.3,0.1,0.7,1.1,7.2,,0,0,1
284.0,Daniel Theis,25.0,BOS,C,63.0,3.0,936.0,16.1,0.616,0.249,0.348,10.7,21.2,16.0,9.1,1.6,4.3,17.2,15.5,1.6,1.9,3.5,0.178,-2.0,2.3,0.3,0.5,,2017,336.0,25.0,BOS,C,63.0,3.0,14.9,2.0,3.7,0.541,0.3,0.9,0.31,1.7,2.8,0.617,0.579,1.0,1.3,0.753,1.4,2.9,4.3,0.9,0.5,0.8,0.9,2.5,5.3,,0,0,1
295.0,Malik Monk,19.0,CHO,SG,63.0,0.0,854.0,10.2,0.477,0.572,0.089,1.0,7.5,4.2,16.9,1.1,0.9,10.0,24.9,-0.5,0.5,0.0,0.0,-1.3,-2.0,-3.4,-0.3,,2017,275.0,19.0,CHO,SG,63.0,0.0,13.6,2.4,6.7,0.36,1.3,3.9,0.342,1.1,2.9,0.385,0.458,0.5,0.6,0.842,0.1,0.9,1.0,1.4,0.3,0.1,0.8,1.0,6.7,,0,0,1
296.0,Tyrone Wallace,23.0,LAC,PG,30.0,19.0,851.0,10.1,0.517,0.162,0.316,2.7,10.7,6.8,11.8,1.5,1.3,14.1,16.6,0.2,0.5,0.7,0.042,-3.1,-0.4,-3.5,-0.3,,2017,177.0,23.0,LAC,PG,30.0,19.0,28.4,3.7,8.2,0.445,0.3,1.3,0.25,3.3,6.9,0.483,0.466,2.0,2.6,0.782,0.7,2.8,3.5,2.4,0.9,0.4,1.5,2.8,9.7,,0,0,1
302.0,Jordan Bell,23.0,GSW,C,57.0,13.0,809.0,18.0,0.641,0.022,0.238,8.9,19.0,14.3,16.9,2.1,5.5,20.0,13.9,1.6,1.4,2.9,0.174,0.0,2.8,2.8,1.0,,2017,365.0,23.0,GSW,C,57.0,13.0,14.2,2.0,3.2,0.627,0.0,0.1,0.0,2.0,3.2,0.641,0.627,0.5,0.8,0.682,1.1,2.6,3.6,1.8,0.6,1.0,0.9,1.6,4.6,,0,0,1
307.0,Jawun Evans,21.0,LAC,PG,48.0,4.0,778.0,7.2,0.421,0.213,0.194,1.3,10.4,5.9,17.8,2.3,0.6,13.8,17.7,-0.8,0.6,-0.2,-0.011,-5.4,0.4,-5.0,-0.6,,2017,353.0,21.0,LAC,PG,48.0,4.0,16.2,1.9,5.3,0.352,0.3,1.1,0.278,1.5,4.1,0.372,0.381,0.8,1.0,0.776,0.2,1.6,1.8,2.1,0.8,0.1,0.9,2.0,4.8,,0,0,1
308.0,Sterling Brown,22.0,MIL,SG,54.0,4.0,776.0,9.1,0.503,0.444,0.117,4.1,17.5,10.8,4.5,2.0,1.4,10.4,14.0,0.0,0.7,0.7,0.043,-2.8,-0.2,-3.1,-0.2,,2017,393.0,22.0,MIL,SG,54.0,4.0,14.4,1.5,3.8,0.4,0.6,1.7,0.352,0.9,2.1,0.439,0.478,0.4,0.4,0.875,0.5,2.1,2.6,0.5,0.6,0.2,0.5,1.5,4.0,,0,0,1
310.0,Terrance Ferguson,19.0,OKC,SG,61.0,12.0,763.0,7.4,0.545,0.71,0.059,2.7,4.2,3.4,3.4,1.6,1.2,6.0,10.4,0.7,0.5,1.2,0.077,-3.2,-0.1,-3.3,-0.3,,2017,431.0,19.0,OKC,SG,61.0,12.0,12.5,1.1,2.8,0.414,0.7,2.0,0.333,0.5,0.8,0.612,0.533,0.1,0.2,0.9,0.3,0.5,0.8,0.3,0.4,0.2,0.2,1.4,3.1,,0,0,1
319.0,Dwayne Bacon,22.0,CHO,SG,53.0,6.0,713.0,5.8,0.431,0.224,0.13,0.6,18.5,9.4,7.5,1.1,0.2,10.2,13.7,-0.7,0.6,-0.1,-0.007,-4.8,0.1,-4.7,-0.5,,2017,420.0,22.0,CHO,SG,53.0,6.0,13.5,1.4,3.6,0.375,0.2,0.8,0.256,1.2,2.8,0.409,0.404,0.4,0.5,0.8,0.1,2.3,2.3,0.7,0.3,0.0,0.4,0.9,3.3,,0,0,1
321.0,C.J. Williams,27.0,LAC,SG,38.0,18.0,707.0,9.5,0.512,0.396,0.081,1.9,6.7,4.4,8.5,2.1,1.5,8.9,13.7,0.3,0.5,0.7,0.051,-2.8,0.7,-2.1,0.0,,2017,324.0,27.0,LAC,SG,38.0,18.0,18.6,2.3,5.2,0.442,0.6,2.1,0.282,1.7,3.1,0.546,0.497,0.3,0.4,0.813,0.3,1.2,1.5,1.1,0.8,0.3,0.5,1.7,5.5,,0,0,1
325.0,Mike James,27.0,2TM,PG,36.0,10.0,687.0,13.9,0.469,0.305,0.262,2.0,12.2,7.0,29.4,2.0,0.8,12.0,25.1,-0.1,0.3,0.2,0.017,-0.5,-1.0,-1.5,0.1,,2017,183.0,27.0,2TM,PG,36.0,10.0,19.1,3.4,8.9,0.383,0.7,2.7,0.265,2.7,6.2,0.435,0.424,1.8,2.3,0.762,0.4,2.1,2.5,3.5,0.8,0.2,1.4,1.3,9.3,,0,0,1
330.0,Cedi Osman,22.0,CLE,SF,61.0,12.0,672.0,11.0,0.577,0.468,0.247,3.2,16.6,10.0,8.7,1.6,0.4,13.4,15.7,0.5,0.4,0.9,0.064,-2.1,-0.7,-2.9,-0.1,,2017,401.0,22.0,CLE,SF,61.0,12.0,11.0,1.5,3.0,0.484,0.5,1.4,0.368,1.0,1.6,0.586,0.57,0.4,0.8,0.565,0.3,1.7,2.0,0.7,0.4,0.0,0.5,1.3,3.9,,0,0,1
333.0,Kobi Simmons,20.0,MEM,PG,32.0,12.0,643.0,7.7,0.49,0.206,0.132,2.5,6.6,4.5,16.5,1.4,0.7,18.0,17.0,-0.4,0.2,-0.2,-0.013,-4.7,-2.1,-6.9,-0.8,,2017,296.0,20.0,MEM,PG,32.0,12.0,20.1,2.5,5.9,0.423,0.3,1.2,0.282,2.2,4.7,0.46,0.452,0.8,0.8,1.0,0.4,1.1,1.6,2.1,0.6,0.2,1.4,1.9,6.1,,0,0,1
335.0,Torrey Craig,27.0,DEN,SF,39.0,5.0,629.0,9.8,0.535,0.423,0.255,7.2,15.5,11.4,5.4,0.9,2.0,11.6,11.9,0.5,0.4,0.9,0.069,-2.2,-0.7,-2.9,-0.1,,2017,383.0,27.0,DEN,SF,39.0,5.0,16.1,1.6,3.5,0.453,0.4,1.5,0.293,1.2,2.0,0.57,0.515,0.6,0.9,0.629,1.0,2.2,3.3,0.6,0.3,0.4,0.5,1.6,4.2,,0,0,1
342.0,Khem Birch,25.0,ORL,C,42.0,0.0,578.0,16.4,0.582,0.0,0.484,13.2,21.1,17.1,8.5,1.3,2.9,12.1,13.2,1.2,0.6,1.8,0.15,-0.7,-0.2,-0.9,0.2,,2017,382.0,25.0,ORL,C,42.0,0.0,13.8,1.6,3.0,0.54,0.0,0.0,,1.6,3.0,0.54,0.54,1.0,1.5,0.689,1.7,2.6,4.3,0.8,0.4,0.5,0.5,1.3,4.2,,0,0,1
343.0,Brandon Paul,26.0,SAS,SG,64.0,2.0,576.0,7.4,0.504,0.425,0.339,1.1,12.0,6.5,9.0,2.2,1.0,16.6,13.6,-0.3,0.8,0.5,0.045,-5.1,1.6,-3.5,-0.2,,2017,464.0,26.0,SAS,SG,64.0,2.0,9.0,0.9,2.0,0.433,0.2,0.8,0.278,0.6,1.1,0.548,0.492,0.3,0.7,0.512,0.1,1.0,1.1,0.6,0.4,0.1,0.5,0.9,2.3,,0,0,1
344.0,Alex Caruso,23.0,LAL,PG,37.0,7.0,562.0,8.7,0.519,0.371,0.259,2.9,9.4,6.2,17.8,2.0,1.4,24.5,12.9,-0.1,0.6,0.5,0.041,-3.8,0.9,-2.9,-0.1,,2017,411.0,23.0,LAL,PG,37.0,7.0,15.2,1.4,3.1,0.431,0.4,1.2,0.302,1.0,2.0,0.507,0.487,0.6,0.8,0.7,0.4,1.4,1.8,2.0,0.6,0.3,1.1,1.4,3.6,,0,0,1
347.0,Jonathan Isaac,20.0,ORL,PF,27.0,10.0,536.0,9.8,0.465,0.317,0.172,3.3,17.2,10.2,4.8,3.0,4.5,14.8,15.0,-0.6,0.8,0.2,0.021,-3.8,2.4,-1.4,0.1,,2017,329.0,20.0,ORL,PF,27.0,10.0,19.9,2.0,5.4,0.379,0.6,1.7,0.348,1.4,3.7,0.394,0.434,0.7,0.9,0.76,0.6,3.1,3.7,0.7,1.2,1.1,1.0,1.8,5.4,,0,0,1
350.0,Abdel Nader,24.0,BOS,SF,48.0,1.0,522.0,5.1,0.439,0.436,0.262,2.8,12.0,7.4,7.1,1.4,1.6,17.0,17.1,-0.9,0.8,-0.1,-0.014,-5.5,0.2,-5.3,-0.4,,2017,438.0,24.0,BOS,SF,48.0,1.0,10.9,1.0,3.1,0.336,0.5,1.4,0.354,0.6,1.8,0.321,0.413,0.5,0.8,0.59,0.3,1.2,1.5,0.5,0.3,0.2,0.7,0.9,3.0,,0,0,1
352.0,Tyler Cavanaugh,23.0,ATL,PF,39.0,1.0,518.0,13.0,0.567,0.586,0.138,9.7,17.7,13.7,7.8,0.8,0.7,8.0,14.8,0.9,0.3,1.2,0.109,-0.4,-1.5,-1.9,0.0,,2017,360.0,23.0,ATL,PF,39.0,1.0,13.3,1.7,3.9,0.441,0.8,2.3,0.36,0.9,1.6,0.556,0.546,0.4,0.5,0.81,1.2,2.1,3.3,0.7,0.2,0.1,0.4,1.6,4.7,,0,0,1
353.0,Ivan Rabb,20.0,MEM,PF,36.0,5.0,516.0,16.6,0.599,0.0,0.237,11.6,24.1,17.7,10.4,1.2,2.4,17.3,17.7,0.7,0.5,1.2,0.109,-0.9,-1.2,-2.0,0.0,,2017,320.0,20.0,MEM,PF,36.0,5.0,14.3,2.4,4.2,0.566,0.0,0.0,,2.4,4.2,0.566,0.566,0.8,1.0,0.806,1.5,2.9,4.4,0.9,0.3,0.4,1.0,1.5,5.6,,0,0,1
357.0,Kyle Collinsworth,26.0,DAL,SF,32.0,2.0,480.0,10.0,0.433,0.172,0.404,7.2,18.0,12.4,16.4,1.8,1.7,17.1,13.3,-0.1,0.5,0.5,0.045,-3.5,0.9,-2.6,-0.1,,2017,427.0,26.0,DAL,SF,32.0,2.0,15.0,1.2,3.1,0.384,0.1,0.5,0.235,1.1,2.6,0.415,0.404,0.7,1.3,0.525,1.0,2.3,3.3,1.8,0.5,0.3,0.8,1.4,3.2,,0,0,1
358.0,Damyean Dotson,23.0,NYK,SG,44.0,2.0,474.0,11.6,0.532,0.422,0.143,2.1,17.5,9.8,9.5,1.3,0.4,9.0,17.3,0.3,0.3,0.6,0.06,-1.6,-0.6,-2.3,0.0,,2017,387.0,23.0,NYK,SG,44.0,2.0,10.8,1.6,3.7,0.447,0.5,1.5,0.324,1.1,2.1,0.538,0.516,0.4,0.5,0.696,0.2,1.7,1.9,0.7,0.3,0.0,0.4,0.8,4.1,,0,0,1
361.0,T.J. Leaf,20.0,IND,PF,53.0,0.0,459.0,10.7,0.545,0.309,0.118,7.2,13.0,10.1,2.8,0.5,0.8,6.5,14.9,0.5,0.3,0.8,0.082,-1.4,-1.7,-3.1,-0.1,,2017,442.0,20.0,IND,PF,53.0,0.0,8.7,1.2,2.6,0.471,0.3,0.8,0.429,0.9,1.8,0.489,0.537,0.2,0.3,0.625,0.5,1.0,1.5,0.2,0.1,0.1,0.2,0.8,2.9,,0,0,1
371.0,Damion Lee,25.0,ATL,SG,15.0,11.0,404.0,12.0,0.489,0.395,0.191,3.0,16.6,9.8,11.2,2.3,0.2,7.8,19.3,0.0,0.4,0.4,0.046,-2.3,0.4,-1.9,0.0,,2017,159.0,25.0,ATL,SG,15.0,11.0,26.9,4.1,10.1,0.408,1.0,4.0,0.25,3.1,6.1,0.511,0.457,1.5,1.9,0.759,0.7,4.0,4.7,1.9,1.3,0.1,0.9,1.7,10.7,,0,0,1
375.0,Shaquille Harrison,24.0,PHO,PG,23.0,2.0,384.0,15.6,0.54,0.21,0.306,2.5,14.7,8.5,22.2,3.2,1.5,13.5,18.0,0.4,0.4,0.8,0.094,-2.3,1.7,-0.7,0.1,,2017,277.0,24.0,PHO,PG,23.0,2.0,16.7,2.6,5.4,0.476,0.3,1.1,0.231,2.3,4.3,0.541,0.5,1.2,1.7,0.737,0.4,2.3,2.7,2.4,1.1,0.3,1.0,1.8,6.6,,0,0,1
378.0,Myke Henry,25.0,MEM,SF,20.0,0.0,378.0,9.7,0.472,0.532,0.092,3.0,8.8,5.8,8.9,4.1,1.5,14.4,15.7,-0.3,0.4,0.1,0.017,-3.1,1.8,-1.3,0.1,,2017,328.0,25.0,MEM,SF,20.0,0.0,18.9,2.1,5.5,0.376,1.0,2.9,0.328,1.1,2.6,0.431,0.463,0.3,0.5,0.6,0.5,1.4,1.9,1.1,1.6,0.3,1.0,1.4,5.4,,0,0,1
388.0,Luke Kornet,22.0,NYK,C,20.0,1.0,326.0,13.6,0.516,0.632,0.088,3.8,18.0,10.9,11.6,0.9,4.2,8.5,19.0,0.2,0.3,0.5,0.077,0.4,-0.2,0.2,0.2,,2017,273.0,22.0,NYK,C,20.0,1.0,16.3,2.5,6.3,0.392,1.4,4.0,0.354,1.1,2.3,0.457,0.504,0.4,0.6,0.727,0.6,2.7,3.2,1.3,0.3,0.8,0.6,1.4,6.7,,0,0,1
390.0,Antonio Blakeney,21.0,CHI,SG,19.0,0.0,314.0,10.1,0.471,0.364,0.273,1.3,10.3,5.6,10.1,1.1,0.3,6.4,23.7,-0.2,0.1,0.0,-0.006,-2.8,-2.4,-5.2,-0.3,,2017,226.0,21.0,CHI,SG,19.0,0.0,16.5,2.8,7.5,0.371,0.8,2.7,0.288,2.0,4.8,0.418,0.423,1.6,2.1,0.769,0.2,1.5,1.7,1.1,0.4,0.1,0.6,1.0,7.9,,0,0,1
392.0,Ryan Arcidiacono,23.0,CHI,PG,24.0,0.0,304.0,7.3,0.55,0.756,0.146,0.3,8.8,4.4,15.5,2.1,0.0,23.0,8.1,0.1,0.2,0.3,0.04,-4.7,0.6,-4.1,-0.2,,2017,470.0,23.0,CHI,PG,24.0,0.0,12.7,0.7,1.7,0.415,0.4,1.3,0.29,0.3,0.4,0.8,0.524,0.2,0.3,0.833,0.0,1.0,1.0,1.5,0.5,0.0,0.5,0.8,2.0,,0,0,1
394.0,Rodney Purvis,23.0,ORL,SG,16.0,2.0,290.0,4.5,0.423,0.486,0.14,0.4,9.9,5.1,8.5,0.5,0.8,8.1,18.7,-0.4,0.1,-0.3,-0.056,-6.1,-2.1,-8.2,-0.5,,2017,301.0,23.0,ORL,SG,16.0,2.0,18.1,2.2,6.7,0.327,0.8,3.3,0.25,1.4,3.4,0.4,0.388,0.8,0.9,0.867,0.1,1.6,1.7,1.1,0.2,0.2,0.6,1.6,6.0,,0,0,1
397.0,Jamel Artis,25.0,ORL,SG,15.0,1.0,279.0,6.9,0.457,0.367,0.152,1.6,13.5,7.5,9.3,0.4,0.9,8.7,14.5,-0.1,0.1,0.0,-0.006,-3.8,-1.6,-5.4,-0.2,,2017,341.0,25.0,ORL,SG,15.0,1.0,18.6,2.1,5.3,0.392,0.5,1.9,0.276,1.5,3.3,0.46,0.443,0.5,0.8,0.583,0.3,2.3,2.5,1.2,0.1,0.2,0.5,0.7,5.1,,0,0,1
400.0,Jamil Wilson,27.0,LAC,SF,15.0,10.0,274.0,11.4,0.634,0.778,0.049,1.2,11.5,6.4,5.2,0.9,2.4,8.8,14.3,0.4,0.2,0.5,0.096,0.0,0.2,0.2,0.2,,2017,260.0,27.0,LAC,SF,15.0,10.0,18.3,2.5,5.4,0.469,1.8,4.2,0.429,0.7,1.2,0.611,0.636,0.1,0.3,0.5,0.2,1.9,2.1,0.7,0.3,0.5,0.5,2.3,7.0,,0,0,1
403.0,Markelle Fultz,19.0,PHI,SG,14.0,0.0,253.0,12.4,0.416,0.009,0.189,4.9,13.1,9.2,31.3,2.3,1.3,12.4,23.1,-0.2,0.4,0.2,0.043,-3.3,0.7,-2.6,0.0,,2017,254.0,19.0,PHI,SG,14.0,0.0,18.1,3.2,7.9,0.405,0.0,0.1,0.0,3.2,7.9,0.409,0.405,0.7,1.5,0.476,0.8,2.3,3.1,3.8,0.9,0.3,1.2,1.6,7.1,,0,0,1
405.0,Davon Reed,22.0,PHO,SG,21.0,1.0,242.0,4.8,0.388,0.5,0.158,0.9,16.6,8.6,7.6,2.0,0.7,11.0,16.0,-0.5,0.2,-0.3,-0.06,-5.8,-0.6,-6.4,-0.3,,2017,440.0,22.0,PHO,SG,21.0,1.0,11.5,1.0,3.6,0.289,0.5,1.8,0.289,0.5,1.8,0.289,0.362,0.4,0.6,0.667,0.1,1.8,1.9,0.6,0.5,0.1,0.5,0.8,3.0,,0,0,1
406.0,Isaiah Hicks,23.0,NYK,PF,18.0,0.0,240.0,6.8,0.501,0.125,0.25,4.6,14.3,9.5,9.5,0.4,1.4,16.7,17.4,-0.1,0.1,0.0,-0.003,-6.4,-1.2,-7.6,-0.3,,2017,373.0,23.0,NYK,PF,18.0,0.0,13.3,1.8,4.0,0.458,0.1,0.5,0.222,1.7,3.5,0.492,0.472,0.7,1.0,0.667,0.6,1.7,2.3,0.9,0.1,0.2,0.9,2.5,4.4,,0,0,1
408.0,Guerschon Yabusele,22.0,BOS,PF,33.0,4.0,235.0,12.3,0.559,0.607,0.361,8.0,16.1,12.1,10.0,0.9,1.8,14.5,15.7,0.3,0.3,0.6,0.122,-1.4,0.2,-1.2,0.0,,2017,458.0,22.0,BOS,PF,33.0,4.0,7.1,0.8,1.8,0.426,0.4,1.1,0.324,0.4,0.7,0.583,0.525,0.5,0.7,0.682,0.5,1.1,1.6,0.5,0.1,0.2,0.4,0.7,2.4,,0,0,1
412.0,Alec Peters,22.0,PHO,PF,20.0,0.0,225.0,10.7,0.523,0.784,0.135,3.7,14.0,8.8,7.9,0.4,0.7,4.9,15.5,0.2,0.0,0.3,0.055,-0.5,-2.3,-2.8,0.0,,2017,390.0,22.0,PHO,PF,20.0,0.0,11.3,1.4,3.7,0.378,0.9,2.9,0.31,0.5,0.8,0.625,0.5,0.4,0.5,0.8,0.4,1.5,1.9,0.6,0.1,0.1,0.2,0.7,4.1,,0,0,1
416.0,Josh Magette,28.0,ATL,PG,18.0,0.0,216.0,11.9,0.464,0.478,0.174,1.0,8.8,4.9,36.4,1.8,0.4,15.4,11.8,0.3,0.1,0.4,0.092,-2.0,-0.6,-2.6,0.0,,2017,448.0,28.0,ATL,PG,18.0,0.0,12.0,0.8,2.6,0.326,0.4,1.2,0.364,0.4,1.3,0.292,0.413,0.4,0.4,1.0,0.1,0.9,1.1,3.2,0.4,0.1,0.5,0.9,2.6,,0,0,1
417.0,Ante Žižić,21.0,CLE,C,32.0,2.0,214.0,24.2,0.746,0.0,0.433,12.8,18.6,15.7,3.8,0.5,5.2,12.1,18.8,0.9,0.2,1.0,0.231,1.9,-0.9,1.0,0.2,,2017,408.0,21.0,CLE,C,32.0,2.0,6.7,1.5,2.1,0.731,0.0,0.0,,1.5,2.1,0.731,0.731,0.7,0.9,0.724,0.8,1.1,1.9,0.2,0.1,0.4,0.3,0.9,3.7,,0,0,1
420.0,Andrew White,24.0,ATL,SF,15.0,0.0,209.0,5.8,0.461,0.671,0.055,2.1,16.0,9.1,4.3,0.7,0.4,9.7,17.3,-0.2,0.1,-0.1,-0.034,-3.4,-2.1,-5.5,-0.2,,2017,368.0,24.0,ATL,SF,15.0,0.0,13.9,1.7,4.9,0.342,1.2,3.3,0.367,0.5,1.6,0.292,0.466,0.1,0.3,0.25,0.3,2.0,2.3,0.4,0.2,0.1,0.5,0.8,4.6,,0,0,1
425.0,Caleb Swanigan,20.0,POR,PF,27.0,3.0,189.0,7.5,0.449,0.133,0.3,8.7,22.3,15.6,10.8,1.3,1.3,20.9,20.0,-0.3,0.3,0.0,-0.003,-6.6,1.2,-5.5,-0.2,,2017,465.0,20.0,POR,PF,27.0,3.0,7.0,0.9,2.2,0.4,0.0,0.3,0.125,0.9,1.9,0.442,0.408,0.4,0.7,0.667,0.6,1.4,2.0,0.5,0.2,0.1,0.7,1.4,2.3,,0,0,1
428.0,Jalen Jones,24.0,2TM,SF,16.0,0.0,181.0,10.3,0.485,0.382,0.279,7.7,15.7,11.6,3.5,1.4,0.5,8.4,20.9,0.0,0.1,0.1,0.027,-3.4,-2.6,-6.0,-0.2,,2017,363.0,24.0,2TM,SF,16.0,0.0,11.3,1.6,4.3,0.382,0.6,1.6,0.385,1.0,2.6,0.381,0.456,0.8,1.2,0.632,0.8,1.6,2.4,0.3,0.3,0.1,0.4,1.4,4.6,,0,0,1
430.0,Johnathan Motley,22.0,DAL,PF,11.0,4.0,176.0,17.2,0.55,0.08,0.373,8.5,22.9,15.5,7.1,0.9,1.0,9.3,24.9,0.1,0.2,0.3,0.084,-1.3,-2.0,-3.3,-0.1,,2017,199.0,22.0,DAL,PF,11.0,4.0,16.0,3.6,6.8,0.533,0.1,0.5,0.167,3.5,6.3,0.565,0.54,1.4,2.5,0.536,1.3,3.2,4.5,0.6,0.3,0.2,0.8,1.6,8.7,,0,0,1
432.0,John Holland,29.0,CLE,SF,24.0,0.0,174.0,5.9,0.417,0.61,0.22,3.9,11.4,7.7,3.9,2.0,1.0,11.0,18.5,-0.3,0.1,-0.2,-0.05,-3.6,-1.9,-5.5,-0.2,,2017,462.0,29.0,CLE,SF,24.0,0.0,7.3,0.7,2.5,0.288,0.5,1.5,0.306,0.3,1.0,0.261,0.381,0.4,0.5,0.692,0.3,0.8,1.0,0.2,0.3,0.1,0.3,0.4,2.3,,0,0,1
434.0,Dakari Johnson,22.0,OKC,C,31.0,6.0,161.0,16.4,0.575,0.0,0.513,10.7,12.8,11.7,7.2,1.8,4.5,5.9,13.5,0.4,0.2,0.6,0.178,-1.2,0.9,-0.3,0.1,,2017,481.0,22.0,OKC,C,31.0,6.0,5.2,0.7,1.3,0.564,0.0,0.0,,0.7,1.3,0.564,0.564,0.4,0.6,0.55,0.5,0.6,1.1,0.3,0.2,0.3,0.1,0.9,1.8,,0,0,1
438.0,Derrick Walton,22.0,MIA,PG,16.0,0.0,147.0,11.2,0.525,0.68,0.24,1.5,10.7,6.1,14.6,2.4,1.7,6.7,9.1,0.2,0.2,0.4,0.128,-1.1,2.4,1.3,0.1,,2017,483.0,22.0,MIA,PG,16.0,0.0,9.2,0.5,1.6,0.32,0.4,1.1,0.412,0.1,0.5,0.125,0.46,0.4,0.4,1.0,0.1,0.9,1.0,1.0,0.4,0.2,0.1,0.4,1.8,,0,0,1
441.0,Derrick White,23.0,SAS,PG,17.0,0.0,139.0,15.9,0.646,0.394,0.606,4.0,16.9,10.4,9.3,1.5,1.8,12.6,15.4,0.3,0.2,0.5,0.17,0.8,1.5,2.3,0.2,,2017,429.0,23.0,SAS,PG,17.0,0.0,8.2,0.9,1.9,0.485,0.5,0.8,0.615,0.5,1.2,0.4,0.606,0.8,1.2,0.7,0.3,1.2,1.5,0.5,0.2,0.2,0.4,0.5,3.2,,0,0,1
444.0,Malcolm Miller,24.0,TOR,SF,15.0,4.0,126.0,8.9,0.638,0.75,0.143,3.6,9.6,6.7,3.2,0.4,1.3,14.4,12.1,0.1,0.1,0.2,0.087,-0.8,-0.2,-1.0,0.0,,2017,451.0,24.0,TOR,SF,15.0,4.0,8.4,0.9,1.9,0.464,0.5,1.4,0.381,0.3,0.5,0.714,0.607,0.3,0.3,1.0,0.3,0.7,1.0,0.2,0.1,0.1,0.3,0.7,2.5,,0,0,1
445.0,Milton Doyle,24.0,BRK,SG,10.0,0.0,125.0,5.2,0.337,0.489,0.17,2.5,12.9,7.6,11.7,2.3,1.2,3.8,18.2,-0.3,0.1,-0.1,-0.052,-6.6,-0.2,-6.8,-0.1,,2017,416.0,24.0,BRK,SG,10.0,0.0,12.5,1.3,4.7,0.277,0.4,2.3,0.174,0.9,2.4,0.375,0.319,0.4,0.8,0.5,0.3,1.5,1.8,1.0,0.6,0.2,0.2,1.3,3.4,,0,0,1
446.0,Zhou Qi,22.0,HOU,C,18.0,0.0,124.0,1.9,0.295,0.594,0.375,5.5,14.4,10.0,2.1,0.8,9.6,21.2,16.8,-0.5,0.2,-0.3,-0.104,-10.3,0.2,-10.1,-0.3,,2017,505.0,22.0,HOU,C,18.0,0.0,6.9,0.3,1.8,0.188,0.1,1.1,0.105,0.2,0.7,0.308,0.219,0.4,0.7,0.667,0.3,0.9,1.2,0.1,0.1,0.8,0.6,0.8,1.2,,0,0,1
447.0,Antonius Cleveland,23.0,2TM,SG,17.0,0.0,123.0,4.5,0.486,0.19,0.286,2.7,10.2,6.3,2.2,2.8,3.6,22.8,11.1,-0.2,0.2,0.0,-0.006,-7.6,2.4,-5.2,-0.1,,2017,499.0,23.0,2TM,SG,17.0,0.0,7.2,0.5,1.2,0.381,0.2,0.2,0.75,0.3,1.0,0.294,0.452,0.2,0.4,0.667,0.2,0.6,0.8,0.1,0.4,0.3,0.4,1.4,1.4,,0,0,1
449.0,Nigel Hayes,23.0,3TM,SF,9.0,0.0,122.0,6.4,0.393,0.485,0.091,3.6,17.5,10.3,6.7,0.8,2.3,5.5,13.3,-0.2,0.1,-0.1,-0.034,-3.7,-0.1,-3.8,-0.1,,2017,432.0,23.0,3TM,SF,9.0,0.0,13.6,1.2,3.7,0.333,0.4,1.8,0.25,0.8,1.9,0.412,0.394,0.1,0.3,0.333,0.4,2.0,2.4,0.7,0.2,0.3,0.2,0.9,3.0,,0,0,1
450.0,James Webb III,24.0,BRK,SF,10.0,0.0,120.0,2.2,0.333,0.792,0.0,7.0,14.3,10.6,4.5,0.4,0.0,14.3,10.1,-0.1,0.0,-0.1,-0.041,-5.5,-2.8,-8.3,-0.2,,2017,491.0,24.0,BRK,SF,10.0,0.0,12.0,0.6,2.4,0.25,0.4,1.9,0.211,0.2,0.5,0.4,0.333,0.0,0.0,,0.8,1.6,2.4,0.4,0.1,0.0,0.4,1.0,1.6,,0,0,1
451.0,Xavier Rathan-Mayes,23.0,MEM,SG,5.0,0.0,118.0,0.9,0.315,0.333,0.214,0.0,5.0,2.5,23.0,2.6,2.4,19.3,21.7,-0.5,0.1,-0.4,-0.171,-9.9,-1.6,-11.5,-0.3,,2017,312.0,23.0,MEM,SG,5.0,0.0,23.6,2.4,8.4,0.286,0.2,2.8,0.071,2.2,5.6,0.393,0.298,0.8,1.8,0.444,0.0,1.0,1.0,3.6,1.2,0.6,2.2,3.6,5.8,,0,0,1
453.0,Jabari Bird,23.0,BOS,SG,13.0,1.0,115.0,12.1,0.615,0.269,0.5,5.8,12.2,9.0,10.5,1.3,0.7,20.1,15.4,0.1,0.2,0.2,0.098,-2.7,-0.4,-3.1,0.0,,2017,434.0,23.0,BOS,SG,13.0,1.0,8.8,1.2,2.0,0.577,0.2,0.5,0.429,0.9,1.5,0.632,0.635,0.5,1.0,0.462,0.5,1.0,1.5,0.6,0.2,0.1,0.6,0.5,3.0,,0,0,1
454.0,Kadeem Allen,25.0,BOS,PG,18.0,1.0,107.0,2.6,0.366,0.5,0.409,4.1,7.1,5.6,15.2,1.4,1.6,25.7,14.6,-0.2,0.1,-0.1,-0.038,-8.3,0.6,-7.7,-0.2,,2017,507.0,25.0,BOS,PG,18.0,1.0,5.9,0.3,1.2,0.273,0.0,0.6,0.0,0.3,0.6,0.545,0.273,0.4,0.5,0.778,0.2,0.4,0.6,0.7,0.2,0.1,0.5,0.8,1.1,,0,0,1
457.0,Jaylen Morris,22.0,ATL,SG,6.0,0.0,98.0,6.5,0.438,0.313,0.0,2.3,15.9,9.1,10.8,1.0,0.9,15.8,16.9,-0.2,0.1,-0.1,-0.053,-4.4,-1.0,-5.4,-0.1,,2017,361.0,22.0,ATL,SG,6.0,0.0,16.3,2.2,5.3,0.406,0.3,1.7,0.2,1.8,3.7,0.5,0.438,0.0,0.0,,0.3,2.3,2.7,1.2,0.3,0.2,1.0,0.3,4.7,,0,0,1
463.0,Josh Gray,24.0,PHO,PG,5.0,0.0,86.0,7.2,0.349,0.317,0.268,2.4,10.1,6.2,20.8,4.5,1.9,13.2,26.1,-0.3,0.1,-0.2,-0.118,-5.2,1.0,-4.2,0.0,,2017,285.0,24.0,PHO,PG,5.0,0.0,17.2,2.2,8.2,0.268,0.6,2.6,0.231,1.6,5.6,0.286,0.305,1.4,2.2,0.636,0.4,1.6,2.0,2.4,1.6,0.4,1.4,1.6,6.4,,0,0,1
464.0,Furkan Korkmaz,20.0,PHI,SG,14.0,0.0,80.0,3.4,0.386,0.607,0.143,2.8,11.7,7.4,6.7,1.2,1.0,6.3,16.9,-0.1,0.1,0.0,-0.006,-6.6,-1.0,-7.6,-0.1,,2017,490.0,20.0,PHI,SG,14.0,0.0,5.7,0.6,2.0,0.286,0.4,1.2,0.294,0.2,0.8,0.273,0.375,0.1,0.3,0.5,0.1,0.6,0.8,0.3,0.1,0.1,0.1,0.9,1.6,,0,0,1
469.0,Omari Johnson,28.0,MEM,PF,4.0,0.0,75.0,10.5,0.524,0.571,0.0,6.0,11.1,8.5,14.5,1.3,0.0,12.5,14.4,0.1,0.0,0.1,0.053,-1.8,-2.7,-4.5,0.0,,2017,321.0,28.0,MEM,PF,4.0,0.0,18.8,2.3,5.3,0.429,1.0,3.0,0.333,1.3,2.3,0.556,0.524,0.0,0.0,,1.0,1.8,2.8,1.8,0.5,0.0,0.8,1.5,5.5,,0,0,1
471.0,Thomas Bryant,20.0,LAL,C,15.0,0.0,72.0,9.9,0.441,0.476,0.429,4.5,20.5,12.6,11.5,0.7,2.3,7.4,15.9,0.0,0.1,0.1,0.05,-3.1,-0.2,-3.3,0.0,,2017,494.0,20.0,LAL,C,15.0,0.0,4.8,0.5,1.4,0.381,0.1,0.7,0.1,0.5,0.7,0.636,0.405,0.3,0.6,0.556,0.2,0.9,1.1,0.4,0.1,0.1,0.1,0.4,1.5,,0,0,1
473.0,D.J. Wilson,21.0,MIL,PF,22.0,0.0,71.0,10.3,0.622,0.313,0.125,3.3,13.2,8.3,6.1,2.1,1.2,19.2,13.3,0.0,0.1,0.1,0.054,-2.0,0.0,-2.0,0.0,,2017,517.0,21.0,MIL,PF,22.0,0.0,3.2,0.4,0.7,0.563,0.1,0.2,0.4,0.3,0.5,0.636,0.625,0.0,0.1,0.5,0.1,0.4,0.5,0.1,0.1,0.0,0.2,0.3,1.0,,0,0,1
476.0,London Perrantes,23.0,CLE,PG,14.0,0.0,66.0,0.7,0.23,0.231,0.385,1.7,5.0,3.4,9.4,1.5,1.3,6.2,10.9,-0.1,0.0,-0.1,-0.086,-8.3,-0.9,-9.2,-0.1,,2017,528.0,23.0,CLE,PG,14.0,0.0,4.7,0.1,0.9,0.154,0.0,0.2,0.0,0.1,0.7,0.2,0.154,0.2,0.4,0.6,0.1,0.2,0.3,0.4,0.1,0.1,0.1,0.4,0.5,,0,0,1
477.0,Gian Clavell,24.0,DAL,SG,7.0,0.0,64.0,7.4,0.53,0.833,0.111,1.7,10.8,6.1,6.7,1.6,0.0,9.6,14.8,0.0,0.0,0.1,0.042,-2.7,0.5,-2.2,0.0,,2017,441.0,24.0,DAL,SG,7.0,0.0,9.1,0.9,2.6,0.333,0.9,2.1,0.4,0.0,0.4,0.0,0.5,0.3,0.3,1.0,0.1,0.9,1.0,0.4,0.3,0.0,0.3,1.1,2.9,,0,0,1
478.0,Andre Ingram,32.0,LAL,SG,2.0,0.0,64.0,16.3,0.655,0.529,0.176,1.7,8.3,5.0,15.3,2.2,3.8,14.1,14.1,0.1,0.1,0.2,0.157,1.7,2.5,4.3,0.1,,2017,128.0,32.0,LAL,SG,2.0,0.0,32.0,4.0,8.5,0.471,2.5,4.5,0.556,1.5,4.0,0.375,0.618,1.5,1.5,1.0,0.5,2.5,3.0,3.5,1.5,1.5,1.5,1.5,12.0,,0,0,1
481.0,Alfonzo McKinnie,25.0,TOR,SF,14.0,0.0,53.0,10.1,0.643,0.6,0.2,2.2,12.4,7.4,2.7,0.9,1.5,15.5,16.0,0.0,0.1,0.1,0.084,-2.6,-0.4,-3.0,0.0,,2017,497.0,25.0,TOR,SF,14.0,0.0,3.8,0.6,1.1,0.533,0.2,0.6,0.333,0.4,0.4,0.833,0.633,0.1,0.2,0.667,0.1,0.4,0.5,0.1,0.1,0.1,0.2,0.6,1.5,,0,0,1
491.0,Charles Cooke,23.0,NOP,SG,13.0,0.0,38.0,-5.1,0.202,0.571,0.143,0.0,5.5,2.9,3.2,1.3,0.0,6.3,18.1,-0.2,0.0,-0.2,-0.239,-10.4,-4.0,-14.4,-0.1,,2017,526.0,23.0,NOP,SG,13.0,0.0,2.9,0.2,1.1,0.143,0.1,0.6,0.125,0.1,0.5,0.167,0.179,0.1,0.2,0.5,0.0,0.2,0.2,0.1,0.1,0.0,0.1,0.0,0.5,,0,0,1
493.0,Walt Lemon Jr.,25.0,NOP,PG,5.0,0.0,35.0,6.9,0.491,0.063,0.188,0.0,6.0,3.1,21.1,0.0,2.3,18.8,26.4,-0.1,0.0,-0.1,-0.071,-5.3,-2.9,-8.2,-0.1,,2017,417.0,25.0,NOP,PG,5.0,0.0,7.0,1.4,3.2,0.438,0.2,0.2,1.0,1.2,3.0,0.4,0.469,0.4,0.6,0.667,0.0,0.4,0.4,1.0,0.0,0.2,0.8,1.0,3.4,,0,0,1
494.0,Aaron Jackson,31.0,HOU,PG,1.0,0.0,35.0,2.4,0.405,0.444,0.222,6.5,3.2,4.8,4.0,0.0,0.0,9.2,13.7,0.0,0.0,0.0,-0.017,-6.6,-2.3,-8.9,-0.1,,2017,222.0,31.0,HOU,PG,1.0,0.0,35.0,3.0,9.0,0.333,1.0,4.0,0.25,2.0,5.0,0.4,0.389,1.0,2.0,0.5,2.0,1.0,3.0,1.0,0.0,0.0,1.0,4.0,8.0,,0,0,1
495.0,Jacob Wiley,23.0,BRK,PF,5.0,0.0,33.0,8.2,0.41,0.5,0.5,6.4,29.2,17.7,8.0,1.5,0.0,0.0,6.4,0.0,0.0,0.1,0.094,-3.6,1.4,-2.3,0.0,,2017,520.0,23.0,BRK,PF,5.0,0.0,6.6,0.2,0.8,0.25,0.2,0.4,0.5,0.0,0.4,0.0,0.375,0.2,0.4,0.5,0.4,1.8,2.2,0.4,0.2,0.0,0.0,0.8,0.8,,0,0,1
497.0,Matt Costello,24.0,SAS,C,4.0,0.0,32.0,9.7,0.5,0.0,0.0,3.4,27.9,15.6,8.3,3.2,5.2,20.0,7.0,0.0,0.1,0.1,0.127,-6.0,5.3,-0.7,0.0,,2017,509.0,24.0,SAS,C,4.0,0.0,8.0,0.5,1.0,0.5,0.0,0.0,,0.5,1.0,0.5,0.5,0.0,0.0,,0.3,2.0,2.3,0.5,0.5,0.5,0.3,1.8,1.0,,0,0,1
499.0,Ike Anigbogu,19.0,IND,C,11.0,0.0,30.0,21.6,0.558,0.0,0.667,19.0,15.0,16.9,0.0,1.7,8.9,14.7,20.3,0.1,0.0,0.1,0.165,1.8,0.1,1.9,0.0,,2017,504.0,19.0,IND,C,11.0,0.0,2.7,0.4,0.8,0.444,0.0,0.0,,0.4,0.8,0.444,0.444,0.5,0.5,0.833,0.5,0.4,0.8,0.0,0.1,0.3,0.2,0.1,1.2,,0,0,1
500.0,Tony Bradley,20.0,UTA,C,9.0,0.0,29.0,9.5,0.337,0.091,0.182,15.8,27.1,21.5,5.0,0.0,0.0,0.0,18.4,0.0,0.0,0.0,0.033,-3.0,-4.5,-7.5,0.0,,2017,518.0,20.0,UTA,C,9.0,0.0,3.2,0.3,1.2,0.273,0.0,0.1,0.0,0.3,1.1,0.3,0.273,0.2,0.2,1.0,0.4,0.8,1.2,0.1,0.0,0.0,0.0,0.1,0.9,,0,0,1
501.0,Daniel Hamilton,22.0,OKC,SG,6.0,0.0,28.0,18.2,0.545,0.455,0.0,0.0,20.5,9.9,44.2,1.8,0.0,15.4,19.9,0.1,0.0,0.1,0.169,1.0,1.3,2.3,0.0,,2017,473.0,22.0,OKC,SG,6.0,0.0,4.7,0.8,1.8,0.455,0.3,0.8,0.4,0.5,1.0,0.5,0.545,0.0,0.0,,0.0,0.8,0.8,1.3,0.2,0.0,0.3,0.3,2.0,,0,0,1
502.0,Marcus Paige,24.0,CHO,PG,5.0,0.0,28.0,9.1,0.403,0.571,0.143,0.0,15.7,7.7,16.1,0.0,0.0,0.0,23.0,0.0,0.0,0.0,-0.006,-5.6,-3.2,-8.8,0.0,,2017,457.0,24.0,CHO,PG,5.0,0.0,5.6,0.8,2.8,0.286,0.4,1.6,0.25,0.4,1.2,0.333,0.357,0.4,0.4,1.0,0.0,0.8,0.8,0.6,0.0,0.0,0.0,0.0,2.4,,0,0,1
503.0,Jameel Warney,24.0,DAL,PF,3.0,0.0,27.0,22.6,0.599,0.0,0.417,15.9,21.3,18.5,0.0,0.0,0.0,6.6,25.6,0.1,0.0,0.1,0.157,2.5,-2.7,-0.2,0.0,,2017,318.0,24.0,DAL,PF,3.0,0.0,9.0,2.3,4.0,0.583,0.0,0.0,,2.3,4.0,0.583,0.583,1.0,1.7,0.6,1.3,1.7,3.0,0.0,0.0,0.0,0.3,0.7,5.7,,0,0,1
504.0,Monte Morris,22.0,DEN,PG,3.0,0.0,25.0,27.1,0.727,0.167,0.333,0.0,9.0,4.5,41.2,5.9,0.0,12.7,13.7,0.1,0.0,0.2,0.312,4.3,5.0,9.4,0.1,,2017,422.0,22.0,DEN,PG,3.0,0.0,8.3,1.3,2.0,0.667,0.0,0.3,0.0,1.3,1.7,0.8,0.667,0.7,0.7,1.0,0.0,0.7,0.7,2.3,1.0,0.0,0.3,0.3,3.3,,0,0,1
508.0,Mangok Mathiang,25.0,CHO,C,4.0,0.0,20.0,18.0,0.538,0.0,0.143,16.0,38.5,27.1,0.0,2.4,0.0,0.0,16.1,0.0,0.0,0.1,0.183,-3.3,-1.3,-4.6,0.0,,2017,475.0,25.0,CHO,C,4.0,0.0,5.0,1.0,1.8,0.571,0.0,0.0,,1.0,1.8,0.571,0.571,0.0,0.3,0.0,0.8,1.8,2.5,0.0,0.3,0.0,0.0,1.3,2.0,,0,0,1
514.0,Devin Robinson,22.0,WAS,SF,1.0,0.0,13.0,10.5,0.333,0.0,0.0,17.4,26.0,21.7,0.0,3.8,0.0,0.0,10.2,0.0,0.0,0.0,0.098,-4.2,2.1,-2.1,0.0,,2017,478.0,22.0,WAS,SF,1.0,0.0,13.0,1.0,3.0,0.333,0.0,0.0,,1.0,3.0,0.333,0.333,0.0,0.0,,2.0,3.0,5.0,0.0,1.0,0.0,0.0,2.0,2.0,,0,0,1
516.0,Matt Williams,24.0,MIA,SG,3.0,0.0,11.0,-0.7,0.417,0.833,0.0,0.0,10.2,5.1,0.0,0.0,0.0,14.3,28.6,-0.1,0.0,0.0,-0.197,-7.0,-4.2,-11.2,0.0,,2017,489.0,24.0,MIA,SG,3.0,0.0,3.7,0.7,2.0,0.333,0.3,1.7,0.2,0.3,0.3,1.0,0.417,0.0,0.0,,0.0,0.3,0.3,0.0,0.0,0.0,0.3,0.3,1.7,,0,0,1
519.0,Ben Moore,22.0,IND,PF,2.0,0.0,9.0,-2.3,,,,0.0,12.5,6.3,13.1,0.0,0.0,,0.0,0.0,0.0,0.0,0.072,-10.5,1.3,-9.3,0.0,,2017,539.0,22.0,IND,PF,2.0,0.0,4.5,0.0,0.0,,0.0,0.0,,0.0,0.0,,,0.0,0.0,,0.0,0.5,0.5,0.5,0.0,0.0,0.0,2.0,0.0,,0,0,1
522.0,Erik McCree,24.0,UTA,SF,4.0,0.0,8.0,-8.9,0.0,0.5,0.0,0.0,14.0,7.1,0.0,6.3,0.0,33.3,16.9,-0.1,0.0,-0.1,-0.334,-14.7,1.0,-13.7,0.0,,2017,535.0,24.0,UTA,SF,4.0,0.0,2.0,0.0,0.5,0.0,0.0,0.3,0.0,0.0,0.3,0.0,0.0,0.0,0.0,,0.0,0.3,0.3,0.0,0.3,0.0,0.3,0.0,0.0,,0,0,1
525.0,Vince Hunter,23.0,MEM,PF,4.0,0.0,7.0,35.8,0.6,0.0,0.0,32.3,16.9,24.8,0.0,0.0,13.4,16.7,38.5,0.0,0.0,0.0,0.097,10.4,-0.7,9.7,0.0,,2017,495.0,23.0,MEM,PF,4.0,0.0,1.8,0.8,1.3,0.6,0.0,0.0,,0.8,1.3,0.6,0.6,0.0,0.0,,0.5,0.3,0.8,0.0,0.0,0.3,0.3,0.0,1.5,,0,0,1
526.0,Reggie Hearn,26.0,DET,SG,3.0,0.0,7.0,13.1,0.75,1.0,0.0,0.0,0.0,0.0,0.0,0.0,0.0,0.0,12.7,0.0,0.0,0.0,0.132,2.9,-1.4,1.5,0.0,,2017,511.0,26.0,DET,SG,3.0,0.0,2.3,0.3,0.7,0.5,0.3,0.7,0.5,0.0,0.0,,0.75,0.0,0.0,,0.0,0.0,0.0,0.0,0.0,0.0,0.0,0.0,1.0,,0,0,1
528.0,Jacob Pullen,28.0,PHI,PG,3.0,0.0,6.0,-2.3,0.5,0.5,0.0,0.0,0.0,0.0,0.0,0.0,0.0,33.3,21.3,0.0,0.0,0.0,-0.21,-8.3,-4.4,-12.7,0.0,,2017,521.0,28.0,PHI,PG,3.0,0.0,2.0,0.3,0.7,0.5,0.0,0.3,0.0,0.3,0.3,1.0,0.5,0.0,0.0,,0.0,0.0,0.0,0.0,0.0,0.0,0.3,0.0,0.7,,0,0,1
533.0,Justin Patton,20.0,MIN,C,1.0,0.0,4.0,19.8,0.5,0.0,0.0,0.0,0.0,0.0,0.0,12.5,0.0,0.0,22.1,0.0,0.0,0.0,0.151,-2.2,5.4,3.2,0.0,,2017,476.0,20.0,MIN,C,1.0,0.0,4.0,1.0,2.0,0.5,0.0,0.0,,1.0,2.0,0.5,0.5,0.0,0.0,,0.0,0.0,0.0,0.0,1.0,0.0,0.0,1.0,2.0,,0,0,1
534.0,PJ Dozier,21.0,OKC,PG,2.0,0.0,3.0,-5.0,0.5,0.0,0.0,0.0,38.3,18.5,0.0,0.0,0.0,33.3,42.9,0.0,0.0,0.0,-0.404,-17.7,-2.7,-20.4,0.0,,2017,510.0,21.0,OKC,PG,2.0,0.0,1.5,0.5,1.0,0.5,0.0,0.0,,0.5,1.0,0.5,0.5,0.0,0.0,,0.0,0.5,0.5,0.0,0.0,0.0,0.5,0.5,1.0,,0,0,1
536.0,Tyler Lydon,21.0,DEN,PF,1.0,0.0,2.0,0.0,,,,0.0,0.0,0.0,0.0,0.0,0.0,,0.0,0.0,0.0,0.0,-0.014,-3.9,-1.6,-5.4,0.0,,2017,534.0,21.0,DEN,PF,1.0,0.0,2.0,0.0,0.0,,0.0,0.0,,0.0,0.0,,,0.0,0.0,,0.0,0.0,0.0,0.0,0.0,0.0,0.0,0.0,0.0,,0,0,1
537.0,Edmond Sumner,22.0,IND,PG,1.0,0.0,2.0,39.8,1.0,0.0,0.0,0.0,56.1,28.2,0.0,0.0,0.0,0.0,22.3,0.0,0.0,0.0,0.425,-2.4,9.3,6.9,0.0,,2017,479.0,22.0,IND,PG,1.0,0.0,2.0,1.0,1.0,1.0,0.0,0.0,,1.0,1.0,1.0,1.0,0.0,0.0,,0.0,1.0,1.0,0.0,0.0,0.0,0.0,1.0,2.0,,0,0,1
538.0,Chris Boucher,25.0,GSW,PF,1.0,0.0,1.0,-28.5,0.0,1.0,0.0,0.0,100.0,55.9,0.0,0.0,0.0,0.0,43.9,0.0,0.0,0.0,-0.899,-21.7,-11.4,-33.1,0.0,,2017,530.0,25.0,GSW,PF,1.0,0.0,1.0,0.0,1.0,0.0,0.0,1.0,0.0,0.0,0.0,,0.0,0.0,0.0,,0.0,1.0,1.0,0.0,0.0,0.0,0.0,0.0,0.0,,0,0,1
539.0,Trey McKinney-Jones,27.0,IND,SG,1.0,0.0,1.0,0.0,,,,0.0,0.0,0.0,0.0,0.0,0.0,,0.0,0.0,0.0,0.0,-0.001,-6.2,-2.3,-8.5,0.0,,2017,536.0,27.0,IND,SG,1.0,0.0,1.0,0.0,0.0,,0.0,0.0,,0.0,0.0,,,0.0,0.0,,0.0,0.0,0.0,0.0,0.0,0.0,0.0,0.0,0.0,,0,0,1
540.0,Naz Mitrou-Long,24.0,UTA,SG,1.0,0.0,1.0,133.8,1.5,1.0,0.0,0.0,0.0,0.0,0.0,0.0,0.0,0.0,45.0,0.1,0.0,0.1,2.712,199.4,42.7,242.2,0.0,,2017,437.0,24.0,UTA,SG,1.0,0.0,1.0,1.0,1.0,1.0,1.0,1.0,1.0,0.0,0.0,,1.5,0.0,0.0,,0.0,0.0,0.0,0.0,0.0,0.0,0.0,0.0,3.0,,0,0,1
21.0,Collin Sexton,20.0,CLE,PG,82.0,72.0,2605.0,12.0,0.52,0.245,0.211,2.3,8.0,5.0,15.3,0.8,0.2,12.3,25.2,-0.1,-0.5,-0.6,-0.011,-1.4,-3.3,-4.7,-1.8,ROY-5,2018,60.0,20.0,CLE,PG,82.0,72.0,31.8,6.3,14.7,0.43,1.5,3.6,0.402,4.9,11.1,0.44,0.48,2.6,3.1,0.839,0.7,2.2,2.9,3.0,0.5,0.1,2.3,2.3,16.7,ROY-5,1,2,1
35.0,Trae Young,20.0,ATL,PG,81.0,81.0,2503.0,17.0,0.539,0.384,0.33,2.6,10.2,6.3,40.5,1.3,0.5,17.6,28.4,2.5,0.7,3.3,0.062,2.3,-2.8,-0.6,0.9,ROY-2,2018,38.0,20.0,ATL,PG,81.0,81.0,30.9,6.5,15.5,0.418,1.9,6.0,0.324,4.6,9.6,0.477,0.48,4.2,5.1,0.829,0.8,2.9,3.7,8.1,0.9,0.2,3.8,1.7,19.1,ROY-2,1,1,1
42.0,Mikal Bridges,22.0,PHO,SF,82.0,56.0,2417.0,10.8,0.556,0.556,0.21,2.5,9.7,6.0,9.8,2.5,1.3,10.2,12.2,1.7,1.2,2.9,0.058,-2.0,0.4,-1.6,0.3,,2018,217.0,22.0,PHO,SF,82.0,56.0,29.5,3.0,6.9,0.43,1.3,3.8,0.335,1.7,3.0,0.548,0.523,1.2,1.4,0.805,0.7,2.5,3.2,2.1,1.6,0.5,0.9,2.5,8.3,,0,0,1
53.0,Luka Dončić,19.0,DAL,SG,72.0,72.0,2318.0,19.6,0.545,0.433,0.409,4.0,21.9,13.0,31.6,1.6,0.9,15.0,30.5,2.1,2.8,4.9,0.101,3.6,0.3,3.9,3.4,ROY-1,2018,24.0,19.0,DAL,SG,72.0,72.0,32.2,7.0,16.5,0.427,2.3,7.1,0.327,4.7,9.3,0.503,0.497,4.8,6.7,0.713,1.2,6.6,7.8,6.0,1.1,0.3,3.4,1.9,21.2,ROY-1,1,1,1
73.0,Deandre Ayton,20.0,PHO,C,71.0,70.0,2183.0,20.5,0.608,0.005,0.217,11.1,26.1,18.5,9.6,1.3,2.6,11.7,21.2,4.1,1.7,5.8,0.128,1.3,-1.1,0.2,1.2,ROY-3,2018,65.0,20.0,PHO,C,71.0,70.0,30.7,7.2,12.3,0.585,0.0,0.1,0.0,7.2,12.2,0.588,0.585,2.0,2.7,0.746,3.1,7.1,10.3,1.8,0.9,0.9,1.8,2.9,16.3,ROY-3,1,1,1
74.0,Shai Gilgeous-Alexander,20.0,LAC,PG,82.0,73.0,2174.0,13.4,0.554,0.194,0.272,2.9,8.3,5.7,17.8,2.1,1.6,15.0,18.3,1.5,1.9,3.3,0.074,-0.9,0.4,-0.5,0.8,ROY-6,2018,156.0,20.0,LAC,PG,82.0,73.0,26.5,4.2,8.7,0.476,0.6,1.7,0.367,3.5,7.0,0.503,0.512,1.9,2.4,0.8,0.7,2.1,2.8,3.3,1.2,0.5,1.7,2.1,10.8,ROY-6,1,2,1
79.0,Kevin Knox,19.0,NYK,PF,75.0,57.0,2158.0,8.7,0.475,0.398,0.247,2.9,13.6,8.1,6.0,1.0,0.9,10.1,22.3,-2.2,0.9,-1.3,-0.03,-3.4,-2.3,-5.7,-2.0,,2018,114.0,19.0,NYK,PF,75.0,57.0,28.8,4.5,12.2,0.37,1.7,4.9,0.343,2.8,7.3,0.387,0.438,2.2,3.0,0.717,0.8,3.7,4.5,1.1,0.6,0.3,1.5,2.3,12.8,,0,0,1
95.0,Kevin Huerter,20.0,ATL,SG,75.0,59.0,2048.0,10.1,0.533,0.537,0.085,3.0,9.7,6.3,14.5,1.5,1.1,13.8,15.7,0.7,0.7,1.5,0.034,-1.6,-0.8,-2.4,-0.2,,2018,178.0,20.0,ATL,SG,75.0,59.0,27.3,3.7,8.8,0.419,1.8,4.7,0.385,1.9,4.1,0.457,0.522,0.5,0.7,0.732,0.8,2.5,3.3,2.9,0.9,0.3,1.5,2.1,9.7,,1,2,1
138.0,Landry Shamet,21.0,2TM,SG,79.0,27.0,1802.0,11.0,0.604,0.711,0.167,1.3,6.4,3.9,9.0,1.0,0.4,7.0,15.0,2.7,0.9,3.6,0.095,-0.3,-1.3,-1.6,0.2,,2018,197.0,21.0,2TM,SG,79.0,27.0,22.8,3.0,7.1,0.431,2.1,5.0,0.422,0.9,2.0,0.453,0.581,0.9,1.2,0.806,0.3,1.4,1.7,1.5,0.5,0.1,0.6,2.0,9.1,,1,2,1
145.0,Josh Okogie,20.0,MIN,SG,74.0,52.0,1757.0,9.4,0.492,0.423,0.319,2.5,10.9,6.6,6.9,2.4,1.6,9.8,15.4,-0.1,1.4,1.2,0.034,-3.5,0.4,-3.1,-0.5,ROY-8,2018,238.0,20.0,MIN,SG,74.0,52.0,23.7,2.6,6.9,0.386,0.8,2.9,0.279,1.8,4.0,0.464,0.445,1.6,2.2,0.728,0.6,2.4,2.9,1.2,1.2,0.4,0.9,2.2,7.7,ROY-8,0,0,1
155.0,Miles Bridges,20.0,CHO,SF,80.0,25.0,1696.0,13.1,0.548,0.391,0.151,4.2,16.6,10.3,8.1,1.6,2.5,8.4,15.1,1.4,1.5,2.9,0.083,-0.9,0.1,-0.8,0.5,,2018,245.0,20.0,CHO,SF,80.0,25.0,21.2,3.0,6.4,0.464,0.8,2.5,0.325,2.2,3.9,0.553,0.527,0.7,1.0,0.753,0.8,3.2,4.0,1.2,0.7,0.6,0.6,1.4,7.5,,0,0,1
172.0,Jalen Brunson,22.0,DAL,PG,73.0,38.0,1591.0,12.8,0.549,0.32,0.212,1.7,9.6,5.7,22.6,1.1,0.2,12.5,19.1,1.5,1.0,2.6,0.077,-1.2,-0.5,-1.7,0.1,,2018,193.0,22.0,DAL,PG,73.0,38.0,21.8,3.6,7.7,0.467,0.9,2.5,0.348,2.8,5.3,0.523,0.523,1.2,1.6,0.725,0.3,2.0,2.3,3.2,0.5,0.1,1.2,1.7,9.3,,0,0,1
174.0,Marvin Bagley III,19.0,SAC,PF,62.0,4.0,1567.0,18.9,0.562,0.136,0.371,10.4,20.8,15.5,5.9,1.0,3.2,10.7,24.2,2.0,1.6,3.6,0.11,0.5,-1.5,-1.0,0.4,ROY-7,2018,85.0,19.0,SAC,PF,62.0,4.0,25.3,5.7,11.4,0.504,0.5,1.5,0.313,5.3,9.8,0.534,0.525,2.9,4.2,0.691,2.6,5.0,7.6,1.0,0.5,1.0,1.6,1.9,14.9,ROY-7,0,0,1
180.0,Jaren Jackson Jr.,19.0,MEM,PF,58.0,56.0,1515.0,16.4,0.591,0.241,0.334,5.3,15.0,10.1,7.2,1.7,5.1,12.7,22.8,1.2,2.2,3.3,0.105,-1.2,1.0,-0.3,0.7,ROY-4,2018,96.0,19.0,MEM,PF,58.0,56.0,26.1,5.1,10.2,0.506,0.9,2.4,0.359,4.3,7.7,0.553,0.549,2.6,3.4,0.766,1.3,3.4,4.7,1.1,0.9,1.4,1.7,3.8,13.8,ROY-4,0,0,1
190.0,Allonzo Trier,23.0,NYK,SG,64.0,3.0,1459.0,12.2,0.564,0.255,0.431,2.2,12.2,7.1,12.9,0.9,0.8,15.8,21.5,0.4,0.5,0.9,0.03,-1.6,-1.5,-3.1,-0.4,,2018,153.0,23.0,NYK,SG,64.0,3.0,22.8,3.6,8.1,0.448,0.8,2.1,0.394,2.8,6.0,0.466,0.498,2.8,3.5,0.803,0.5,2.6,3.1,1.9,0.4,0.2,1.8,1.8,10.9,,0,0,1
191.0,Bruce Brown,22.0,DET,SG,74.0,56.0,1449.0,6.9,0.469,0.296,0.191,3.5,10.7,7.0,8.8,1.4,2.1,11.9,11.5,-0.1,1.6,1.5,0.048,-4.4,1.0,-3.3,-0.5,,2018,385.0,22.0,DET,SG,74.0,56.0,19.6,1.7,4.2,0.398,0.3,1.3,0.258,1.4,3.0,0.457,0.436,0.6,0.8,0.75,0.6,1.9,2.5,1.2,0.5,0.5,0.6,2.4,4.3,,0,0,1
207.0,Mitchell Robinson,20.0,NYK,C,66.0,19.0,1360.0,22.0,0.692,0.0,0.464,13.3,19.4,16.3,4.2,1.8,10.0,9.1,12.1,4.0,2.2,6.1,0.217,0.1,2.4,2.5,1.6,ROY-8,2018,257.0,20.0,NYK,C,66.0,19.0,20.6,3.1,4.4,0.694,0.0,0.0,,3.1,4.4,0.694,0.694,1.2,2.0,0.6,2.7,3.7,6.4,0.6,0.8,2.4,0.5,3.3,7.3,ROY-8,1,2,1
221.0,Rodions Kurucs,20.0,BRK,SF,63.0,46.0,1294.0,11.0,0.545,0.41,0.205,4.6,15.4,10.0,6.0,1.5,1.5,13.6,18.4,0.1,1.5,1.6,0.059,-2.9,0.3,-2.6,-0.2,,2018,212.0,20.0,BRK,SF,63.0,46.0,20.5,3.2,7.1,0.45,0.9,2.9,0.315,2.3,4.2,0.543,0.514,1.1,1.5,0.783,0.9,3.0,3.9,0.8,0.7,0.4,1.2,2.3,8.5,,0,0,1
248.0,Frank Jackson,20.0,NOP,PG,61.0,16.0,1169.0,9.4,0.517,0.378,0.163,2.2,9.5,5.9,8.0,1.0,0.1,9.1,18.5,0.1,0.4,0.4,0.018,-2.9,-1.7,-4.6,-0.8,,2018,225.0,20.0,NOP,PG,61.0,16.0,19.2,3.2,7.3,0.434,0.9,2.8,0.314,2.3,4.6,0.507,0.493,0.9,1.2,0.74,0.4,1.8,2.2,1.1,0.4,0.0,0.8,1.5,8.1,,0,0,1
259.0,Wendell Carter Jr.,19.0,CHI,C,44.0,44.0,1110.0,15.2,0.541,0.086,0.302,8.4,21.8,15.0,10.7,1.1,4.5,13.4,19.1,0.7,1.2,1.9,0.08,-2.2,0.6,-1.6,0.1,,2018,167.0,19.0,CHI,C,44.0,44.0,25.2,4.1,8.4,0.485,0.1,0.7,0.188,4.0,7.7,0.513,0.493,2.0,2.5,0.795,2.0,5.0,7.0,1.8,0.6,1.3,1.5,3.5,10.3,,0,0,1
264.0,Kenrich Williams,24.0,NOP,SF,46.0,29.0,1079.0,9.7,0.485,0.559,0.068,5.4,15.5,10.5,9.5,1.9,1.4,11.1,12.3,0.3,0.9,1.2,0.053,-2.3,0.4,-1.9,0.0,,2018,310.0,24.0,NOP,SF,46.0,29.0,23.5,2.3,6.1,0.384,1.1,3.4,0.333,1.2,2.7,0.447,0.477,0.3,0.4,0.684,1.2,3.6,4.8,1.8,1.0,0.4,0.8,2.1,6.1,,0,0,1
279.0,De'Anthony Melton,20.0,PHO,PG,50.0,31.0,984.0,9.9,0.466,0.371,0.109,2.8,12.5,7.5,22.3,3.3,1.9,21.8,15.0,-0.8,0.8,0.0,0.002,-3.8,1.1,-2.7,-0.2,,2018,359.0,20.0,PHO,PG,50.0,31.0,19.7,2.0,5.1,0.391,0.6,1.9,0.305,1.4,3.2,0.441,0.447,0.4,0.6,0.75,0.5,2.2,2.7,3.2,1.4,0.5,1.5,2.3,5.0,,0,0,1
285.0,Elie Okobo,21.0,PHO,PG,53.0,16.0,958.0,7.6,0.489,0.455,0.162,1.4,10.1,5.7,18.7,1.6,0.6,18.2,17.0,-0.7,0.2,-0.5,-0.027,-4.2,-1.5,-5.7,-0.9,,2018,333.0,21.0,PHO,PG,53.0,16.0,18.1,2.2,5.5,0.393,0.7,2.5,0.295,1.4,3.0,0.475,0.46,0.7,0.9,0.787,0.2,1.6,1.8,2.4,0.6,0.1,1.3,2.1,5.7,,0,0,1
292.0,Chandler Hutchison,22.0,CHI,SF,44.0,14.0,895.0,8.8,0.507,0.239,0.182,3.7,18.9,11.2,5.3,1.2,0.6,10.0,12.2,0.0,0.6,0.6,0.03,-3.4,-0.5,-3.9,-0.4,,2018,347.0,22.0,CHI,SF,44.0,14.0,20.3,2.2,4.8,0.459,0.3,1.1,0.28,1.9,3.6,0.516,0.493,0.5,0.9,0.605,0.7,3.5,4.2,0.8,0.5,0.1,0.6,1.3,5.2,,0,0,1
303.0,Harry Giles,20.0,SAC,PF,58.0,0.0,820.0,14.4,0.526,0.017,0.261,8.1,20.1,14.0,15.2,1.8,2.3,15.8,23.2,0.0,1.0,1.0,0.056,-3.4,0.4,-3.0,-0.2,,2018,266.0,20.0,SAC,PF,58.0,0.0,14.1,3.0,6.0,0.503,0.0,0.1,0.0,3.0,5.9,0.512,0.503,1.0,1.6,0.637,1.1,2.7,3.8,1.5,0.5,0.4,1.3,2.6,7.0,,0,0,1
306.0,Omari Spellman,21.0,ATL,PF,46.0,11.0,805.0,12.4,0.516,0.525,0.184,9.2,16.3,12.7,8.0,1.5,2.7,10.5,14.9,0.6,0.5,1.2,0.07,-0.5,-0.7,-1.2,0.2,,2018,322.0,21.0,ATL,PF,46.0,11.0,17.5,2.1,5.3,0.402,1.0,2.8,0.344,1.2,2.5,0.466,0.492,0.7,1.0,0.711,1.6,2.7,4.2,1.0,0.6,0.5,0.7,1.5,5.9,,0,0,1
315.0,Mo Bamba,20.0,ORL,C,47.0,1.0,766.0,14.9,0.539,0.288,0.259,8.8,24.0,16.3,7.4,0.8,7.0,13.7,17.8,0.3,1.4,1.7,0.106,-2.8,1.4,-1.4,0.1,,2018,306.0,20.0,ORL,C,47.0,1.0,16.3,2.5,5.2,0.481,0.4,1.5,0.3,2.0,3.7,0.555,0.525,0.8,1.3,0.587,1.4,3.6,5.0,0.8,0.3,1.4,0.9,2.2,6.2,,0,0,1
324.0,Troy Brown Jr.,19.0,WAS,SF,52.0,10.0,730.0,11.1,0.487,0.295,0.201,5.1,16.6,10.8,14.9,1.4,0.6,10.5,16.5,0.2,0.4,0.6,0.039,-1.7,-1.0,-2.7,-0.1,,2018,370.0,19.0,WAS,SF,52.0,10.0,14.0,1.9,4.5,0.415,0.4,1.3,0.319,1.4,3.2,0.455,0.462,0.6,0.9,0.681,0.7,2.1,2.8,1.5,0.4,0.1,0.6,1.1,4.8,,0,0,1
334.0,Devonte' Graham,23.0,CHO,PG,46.0,3.0,676.0,10.3,0.459,0.56,0.213,1.6,8.6,5.0,24.8,1.7,0.3,11.3,17.0,0.2,0.3,0.5,0.035,-2.6,-1.3,-4.0,-0.3,,2018,374.0,23.0,CHO,PG,46.0,3.0,14.7,1.6,4.7,0.343,0.7,2.6,0.281,0.9,2.1,0.421,0.421,0.8,1.0,0.761,0.2,1.2,1.4,2.6,0.5,0.0,0.7,1.0,4.7,,0,0,1
338.0,Aaron Holiday,22.0,IND,PG,50.0,0.0,646.0,11.9,0.518,0.485,0.191,0.9,10.4,5.8,19.3,1.6,1.8,12.3,21.9,0.1,0.8,0.9,0.065,-1.7,0.1,-1.6,0.1,,2018,319.0,22.0,IND,PG,50.0,0.0,12.9,2.1,5.2,0.401,0.9,2.5,0.339,1.2,2.7,0.459,0.483,0.8,1.0,0.82,0.1,1.2,1.3,1.7,0.4,0.3,0.8,1.4,5.9,,0,0,1
340.0,Gary Clark,24.0,HOU,PF,51.0,2.0,641.0,9.2,0.48,0.914,0.046,4.1,16.2,10.0,3.8,1.5,3.5,4.3,10.9,0.3,0.7,1.0,0.071,-1.1,0.4,-0.7,0.2,,2018,454.0,24.0,HOU,PF,51.0,2.0,12.6,1.0,3.0,0.331,0.8,2.7,0.297,0.2,0.3,0.692,0.467,0.1,0.1,1.0,0.5,1.8,2.3,0.4,0.4,0.5,0.1,0.9,2.9,,0,0,1
341.0,Jonah Bolden,23.0,PHI,PF,44.0,10.0,639.0,12.7,0.595,0.593,0.167,8.0,19.0,13.7,8.5,1.3,4.8,17.2,13.8,0.5,0.9,1.4,0.106,-1.8,1.1,-0.7,0.2,,2018,373.0,23.0,PHI,PF,44.0,10.0,14.5,1.8,3.7,0.494,0.8,2.2,0.354,1.0,1.5,0.697,0.599,0.3,0.6,0.481,1.1,2.7,3.8,0.9,0.4,0.9,0.8,2.3,4.7,,0,0,1
350.0,Jevon Carter,23.0,MEM,PG,39.0,3.0,577.0,7.8,0.432,0.551,0.173,2.7,10.3,6.4,17.4,2.2,1.8,14.2,18.0,-0.7,0.7,0.0,-0.003,-4.1,0.1,-4.0,-0.3,,2018,382.0,23.0,MEM,PG,39.0,3.0,14.8,1.4,4.7,0.303,0.9,2.6,0.333,0.6,2.1,0.265,0.395,0.7,0.8,0.813,0.4,1.3,1.7,1.8,0.7,0.3,0.8,1.4,4.4,,0,0,1
351.0,Isaiah Briscoe,22.0,ORL,PG,39.0,0.0,559.0,6.7,0.455,0.246,0.188,0.9,13.4,7.1,21.0,1.0,0.3,17.2,14.1,-0.3,0.5,0.3,0.023,-5.4,0.4,-5.0,-0.4,,2018,429.0,22.0,ORL,PG,39.0,0.0,14.3,1.4,3.5,0.399,0.3,0.9,0.324,1.1,2.7,0.423,0.438,0.4,0.7,0.577,0.1,1.8,1.9,2.2,0.3,0.1,0.8,1.7,3.5,,0,0,1
356.0,Hamidou Diallo,20.0,OKC,SG,51.0,3.0,526.0,10.1,0.497,0.145,0.358,7.2,12.0,9.5,4.4,1.9,1.6,10.7,16.6,0.1,0.7,0.8,0.069,-4.4,0.2,-4.2,-0.3,,2018,418.0,20.0,OKC,SG,51.0,3.0,10.3,1.5,3.2,0.455,0.1,0.5,0.167,1.4,2.8,0.504,0.467,0.7,1.2,0.61,0.7,1.2,1.9,0.3,0.4,0.2,0.5,1.5,3.7,,0,0,1
360.0,Keita Bates-Diop,23.0,MIN,SF,30.0,3.0,503.0,9.6,0.489,0.366,0.197,3.4,14.4,8.8,4.6,1.7,2.4,8.3,14.1,0.0,0.4,0.3,0.032,-2.8,-0.6,-3.4,-0.2,,2018,354.0,23.0,MIN,SF,30.0,3.0,16.8,2.0,4.7,0.423,0.4,1.7,0.25,1.6,3.0,0.522,0.468,0.6,0.9,0.643,0.5,2.2,2.8,0.6,0.6,0.5,0.5,1.0,5.0,,0,0,1
369.0,Ryan Broekhoff,28.0,DAL,SG,42.0,0.0,453.0,10.7,0.621,0.738,0.151,1.9,12.9,7.4,7.2,0.6,0.8,10.6,14.3,0.5,0.3,0.8,0.086,-0.5,-0.5,-1.0,0.1,,2018,396.0,28.0,DAL,SG,42.0,0.0,10.8,1.4,3.0,0.452,0.9,2.2,0.409,0.5,0.8,0.576,0.603,0.4,0.5,0.789,0.2,1.3,1.5,0.5,0.1,0.1,0.4,0.8,4.0,,0,0,1
370.0,Moritz Wagner,21.0,LAL,C,43.0,5.0,446.0,10.1,0.533,0.45,0.31,4.0,15.4,9.8,7.4,1.1,2.4,16.7,21.7,-0.3,0.5,0.2,0.02,-3.9,-0.4,-4.3,-0.3,,2018,371.0,21.0,LAL,C,43.0,5.0,10.4,1.7,4.0,0.415,0.5,1.8,0.286,1.1,2.2,0.521,0.48,1.0,1.2,0.811,0.4,1.6,2.0,0.6,0.3,0.3,0.9,1.3,4.8,,0,0,1
371.0,Svi Mykhailiuk,21.0,2TM,SF,42.0,0.0,440.0,6.0,0.447,0.636,0.143,2.2,6.2,4.2,10.9,1.5,0.2,12.4,16.0,-0.4,0.3,-0.1,-0.012,-3.9,-1.1,-5.0,-0.3,,2018,443.0,21.0,2TM,SF,42.0,0.0,10.5,1.1,3.3,0.329,0.7,2.1,0.326,0.4,1.2,0.333,0.432,0.3,0.5,0.6,0.2,0.6,0.9,0.9,0.3,0.0,0.5,0.6,3.2,,0,0,1
372.0,Jaron Blossomgame,25.0,CLE,SF,27.0,4.0,439.0,10.2,0.51,0.368,0.123,6.3,19.1,12.4,4.2,0.8,1.6,9.0,12.2,0.2,0.1,0.3,0.03,-1.9,-1.8,-3.8,-0.2,,2018,390.0,25.0,CLE,SF,27.0,4.0,16.3,1.7,3.9,0.443,0.4,1.4,0.256,1.4,2.5,0.552,0.491,0.4,0.5,0.769,1.0,2.7,3.6,0.5,0.3,0.3,0.4,0.7,4.2,,0,0,1
374.0,Jaylen Adams,22.0,ATL,PG,34.0,1.0,428.0,7.6,0.474,0.673,0.082,2.6,12.3,7.4,19.8,1.5,1.0,19.7,13.5,-0.1,0.2,0.1,0.011,-3.8,-0.5,-4.3,-0.2,,2018,444.0,22.0,ATL,PG,34.0,1.0,12.6,1.1,3.2,0.345,0.7,2.2,0.338,0.4,1.1,0.361,0.459,0.2,0.3,0.778,0.3,1.4,1.8,1.9,0.4,0.1,0.8,1.3,3.2,,0,0,1
377.0,Grayson Allen,23.0,UTA,SG,38.0,2.0,416.0,7.5,0.516,0.556,0.337,0.8,5.1,3.0,8.9,0.7,1.1,13.9,24.4,-0.4,0.4,0.0,0.002,-4.2,-2.1,-6.3,-0.5,,2018,335.0,23.0,UTA,SG,38.0,2.0,10.9,1.8,4.7,0.376,0.8,2.6,0.323,0.9,2.1,0.443,0.466,1.2,1.6,0.75,0.1,0.5,0.6,0.7,0.2,0.2,0.9,1.2,5.6,,0,0,1
379.0,Donte DiVincenzo,22.0,MIL,SG,27.0,0.0,411.0,9.1,0.507,0.669,0.097,4.2,11.4,8.0,9.7,1.5,1.2,12.8,15.1,0.0,0.6,0.6,0.069,-2.8,0.6,-2.2,0.0,,2018,364.0,22.0,MIL,SG,27.0,0.0,15.2,1.9,4.6,0.403,0.8,3.1,0.265,1.0,1.5,0.683,0.492,0.3,0.4,0.75,0.6,1.8,2.4,1.1,0.5,0.2,0.7,1.4,4.9,,0,0,1
388.0,Johnathan Williams,23.0,LAL,C,24.0,0.0,372.0,15.1,0.599,0.018,0.436,13.6,13.9,13.7,4.9,1.0,1.5,10.9,16.4,0.7,0.3,1.0,0.135,-2.0,-1.1,-3.2,-0.1,,2018,294.0,23.0,LAL,C,24.0,0.0,15.5,2.7,4.6,0.591,0.0,0.1,0.0,2.7,4.5,0.602,0.591,1.1,2.0,0.563,2.0,2.1,4.1,0.5,0.3,0.3,0.7,2.6,6.5,,0,0,1
392.0,Brad Wanamaker,29.0,BOS,PG,36.0,0.0,343.0,14.3,0.597,0.371,0.267,0.9,11.8,6.4,22.5,1.7,0.5,13.9,17.1,0.6,0.4,1.0,0.134,-1.3,0.7,-0.7,0.1,,2018,412.0,29.0,BOS,PG,36.0,0.0,9.5,1.4,2.9,0.476,0.4,1.1,0.41,0.9,1.8,0.515,0.552,0.7,0.8,0.857,0.1,1.1,1.1,1.6,0.3,0.1,0.5,0.9,3.9,,0,0,1
400.0,Jerome Robinson,21.0,LAC,SG,33.0,0.0,320.0,7.2,0.491,0.518,0.082,1.0,12.2,6.8,8.3,1.6,0.7,10.2,16.7,-0.2,0.3,0.1,0.012,-4.2,-0.5,-4.7,-0.2,,2018,434.0,21.0,LAC,SG,33.0,0.0,9.7,1.3,3.3,0.4,0.5,1.7,0.316,0.8,1.6,0.491,0.482,0.2,0.3,0.667,0.1,1.2,1.2,0.6,0.3,0.1,0.4,1.4,3.4,,0,0,1
406.0,Robert Williams,21.0,BOS,C,32.0,2.0,283.0,18.8,0.703,0.0,0.294,10.2,20.4,15.3,3.3,1.5,12.5,14.8,10.3,0.5,0.6,1.2,0.201,-1.7,3.4,1.8,0.3,,2018,469.0,21.0,BOS,C,32.0,2.0,8.8,1.1,1.6,0.706,0.0,0.0,,1.1,1.6,0.706,0.706,0.3,0.5,0.6,0.8,1.7,2.5,0.2,0.3,1.3,0.3,1.1,2.5,,0,0,1
408.0,Shake Milton,22.0,PHI,SG,20.0,0.0,268.0,9.3,0.483,0.506,0.08,3.7,10.0,6.9,9.2,1.4,2.3,6.2,15.0,0.1,0.3,0.3,0.059,-2.6,-0.6,-3.2,-0.1,,2018,383.0,22.0,PHI,SG,20.0,0.0,13.4,1.7,4.4,0.391,0.7,2.2,0.318,1.0,2.2,0.465,0.471,0.3,0.4,0.714,0.5,1.3,1.8,0.9,0.4,0.4,0.3,1.5,4.4,,0,0,1
409.0,Cameron Reynolds,23.0,MIN,SG,19.0,0.0,259.0,10.4,0.58,0.654,0.115,1.6,11.3,6.4,6.8,1.1,0.7,5.7,14.1,0.3,0.1,0.4,0.078,-1.3,-1.2,-2.5,0.0,,2018,360.0,23.0,MIN,SG,19.0,0.0,13.6,1.7,4.1,0.423,1.1,2.7,0.412,0.6,1.4,0.444,0.558,0.4,0.5,0.889,0.2,1.4,1.6,0.7,0.3,0.1,0.3,1.4,5.0,,0,0,1
411.0,Julian Washburn,27.0,MEM,SF,18.0,3.0,254.0,6.5,0.402,0.5,0.083,3.5,14.8,9.1,7.7,2.5,0.7,12.3,10.0,-0.2,0.3,0.1,0.023,-5.1,0.5,-4.6,-0.2,,2018,479.0,27.0,MEM,SF,18.0,3.0,14.1,0.9,2.7,0.333,0.3,1.3,0.208,0.6,1.3,0.458,0.385,0.2,0.2,0.75,0.4,1.8,2.3,0.8,0.7,0.1,0.4,0.9,2.2,,0,0,1
414.0,Deonte Burton,25.0,OKC,SG,32.0,0.0,240.0,7.0,0.47,0.329,0.146,1.7,10.7,6.0,5.0,1.2,2.8,9.3,16.3,-0.2,0.3,0.1,0.027,-4.9,0.6,-4.3,-0.1,,2018,460.0,25.0,OKC,SG,32.0,0.0,7.5,1.0,2.6,0.402,0.3,0.8,0.296,0.8,1.7,0.455,0.451,0.3,0.4,0.667,0.1,0.8,0.9,0.3,0.2,0.3,0.3,1.0,2.6,,0,0,1
417.0,Isaiah Hartenstein,20.0,HOU,PF,28.0,0.0,221.0,10.0,0.562,0.146,0.341,10.3,13.3,11.8,9.4,1.6,4.6,21.6,11.8,0.2,0.3,0.5,0.101,-5.1,1.2,-3.9,-0.1,,2018,489.0,20.0,HOU,PF,28.0,0.0,7.9,0.7,1.5,0.488,0.1,0.2,0.333,0.6,1.3,0.514,0.512,0.4,0.5,0.786,0.8,0.9,1.7,0.5,0.3,0.4,0.5,2.0,1.9,,0,0,1
419.0,Brandon Sampson,21.0,CHI,SG,14.0,2.0,214.0,8.5,0.567,0.483,0.1,1.5,6.7,4.1,6.8,1.8,1.2,16.1,15.2,-0.1,0.1,0.0,0.01,-3.9,-0.9,-4.7,-0.1,,2018,352.0,21.0,CHI,SG,14.0,2.0,15.3,2.0,4.3,0.467,0.8,2.1,0.379,1.2,2.2,0.548,0.558,0.3,0.4,0.667,0.2,0.9,1.1,0.7,0.6,0.2,0.9,1.4,5.1,,0,0,1
421.0,Theo Pinson,23.0,BRK,SG,18.0,0.0,211.0,8.1,0.49,0.63,0.301,2.0,15.9,9.0,14.1,1.4,0.0,17.9,20.0,-0.2,0.2,0.0,0.004,-3.6,0.4,-3.2,-0.1,,2018,379.0,23.0,BRK,SG,18.0,0.0,11.7,1.4,4.1,0.342,0.7,2.6,0.261,0.7,1.5,0.481,0.425,1.1,1.2,0.864,0.2,1.8,2.0,1.2,0.3,0.0,1.0,0.8,4.5,,0,0,1
423.0,Jacob Evans,21.0,GSW,SG,30.0,1.0,204.0,3.5,0.374,0.283,0.019,3.3,9.5,6.5,13.7,1.2,1.2,17.1,13.5,-0.3,0.2,-0.1,-0.03,-6.9,-1.2,-8.2,-0.3,,2018,506.0,21.0,GSW,SG,30.0,1.0,6.8,0.6,1.8,0.34,0.1,0.5,0.267,0.5,1.3,0.368,0.377,0.0,0.0,0.0,0.2,0.6,0.8,0.8,0.2,0.1,0.4,0.9,1.3,,0,0,1
425.0,Khyri Thomas,22.0,DET,SG,26.0,0.0,195.0,6.2,0.413,0.507,0.159,2.2,9.3,5.6,6.0,1.8,2.2,5.1,17.2,-0.2,0.2,0.0,0.005,-4.9,-0.1,-5.0,-0.2,,2018,474.0,22.0,DET,SG,26.0,0.0,7.5,0.8,2.7,0.319,0.4,1.3,0.286,0.5,1.3,0.353,0.391,0.3,0.4,0.636,0.2,0.6,0.8,0.3,0.3,0.2,0.2,0.8,2.3,,0,0,1
426.0,Deng Adel,21.0,CLE,SF,19.0,3.0,194.0,2.7,0.424,0.639,0.111,1.6,9.6,5.4,3.4,0.3,1.8,13.7,9.9,-0.2,0.0,-0.2,-0.054,-5.9,-1.6,-7.5,-0.3,,2018,495.0,21.0,CLE,SF,19.0,3.0,10.2,0.6,1.9,0.306,0.3,1.2,0.261,0.3,0.7,0.385,0.389,0.2,0.2,1.0,0.2,0.8,1.0,0.3,0.1,0.2,0.3,0.7,1.7,,0,0,1
433.0,Yuta Watanabe,24.0,MEM,SF,15.0,0.0,174.0,3.3,0.352,0.314,0.196,2.5,17.7,10.0,6.6,1.1,0.5,9.8,15.8,-0.4,0.2,-0.2,-0.065,-7.0,-2.1,-9.1,-0.3,,2018,462.0,24.0,MEM,SF,15.0,0.0,11.6,1.0,3.4,0.294,0.1,1.1,0.125,0.9,2.3,0.371,0.314,0.5,0.7,0.7,0.3,1.8,2.1,0.5,0.3,0.1,0.4,0.7,2.6,,0,0,1
435.0,Dairis Bertāns,29.0,NOP,SG,12.0,0.0,167.0,2.0,0.362,0.723,0.0,1.3,4.3,2.8,7.2,0.3,0.0,4.1,12.0,-0.2,0.0,-0.2,-0.054,-5.6,-3.2,-8.8,-0.3,,2018,456.0,29.0,NOP,SG,12.0,0.0,13.9,1.0,3.9,0.255,0.8,2.8,0.294,0.2,1.1,0.154,0.362,0.0,0.0,,0.2,0.6,0.8,0.8,0.1,0.0,0.2,0.6,2.8,,0,0,1
438.0,Duncan Robinson,24.0,MIA,SF,15.0,1.0,161.0,7.6,0.514,0.761,0.13,1.3,11.2,6.3,4.4,1.5,0.0,7.6,14.0,0.0,0.2,0.2,0.051,-3.6,0.1,-3.5,-0.1,,2018,441.0,24.0,MIA,SF,15.0,1.0,10.7,1.2,3.1,0.391,0.7,2.3,0.286,0.5,0.7,0.727,0.5,0.3,0.4,0.667,0.1,1.1,1.3,0.3,0.3,0.0,0.3,0.7,3.3,,0,0,1
443.0,Ray Spalding,21.0,2TM,PF,14.0,3.0,148.0,14.6,0.516,0.064,0.255,11.1,25.1,18.0,5.1,2.9,4.5,14.7,17.8,0.0,0.2,0.2,0.051,-4.3,-0.8,-5.1,-0.1,,2018,406.0,21.0,2TM,PF,14.0,3.0,10.6,1.8,3.4,0.532,0.0,0.2,0.0,1.8,3.1,0.568,0.532,0.3,0.9,0.333,1.1,2.4,3.4,0.4,0.6,0.6,0.6,1.6,3.9,,0,0,1
444.0,Chimezie Metu,21.0,SAS,PF,29.0,0.0,145.0,6.4,0.389,0.034,0.293,6.8,20.1,13.5,12.0,2.0,1.2,18.6,24.4,-0.5,0.2,-0.3,-0.099,-7.3,-1.4,-8.7,-0.2,,2018,492.0,21.0,SAS,PF,29.0,0.0,5.0,0.7,2.0,0.328,0.0,0.1,0.0,0.7,1.9,0.339,0.328,0.4,0.6,0.765,0.3,0.9,1.2,0.4,0.2,0.1,0.5,0.5,1.8,,0,0,1
445.0,Jemerrio Jones,23.0,LAL,SF,6.0,2.0,143.0,12.1,0.398,0.303,0.061,11.8,23.4,17.7,11.4,2.3,2.9,12.9,11.3,0.0,0.2,0.2,0.084,-2.2,2.4,0.2,0.1,,2018,378.0,23.0,LAL,SF,6.0,2.0,23.8,2.0,5.5,0.364,0.3,1.7,0.2,1.7,3.8,0.435,0.394,0.2,0.3,0.5,2.7,5.5,8.2,2.2,1.2,0.8,0.8,1.7,4.5,,0,0,1
446.0,Anfernee Simons,19.0,POR,SG,20.0,1.0,141.0,11.1,0.535,0.46,0.254,2.3,7.4,4.9,13.7,0.3,0.0,13.6,24.3,0.0,0.0,0.1,0.02,-1.5,-3.7,-5.3,-0.1,,2018,415.0,19.0,POR,SG,20.0,1.0,7.1,1.4,3.2,0.444,0.5,1.5,0.345,0.9,1.7,0.529,0.524,0.5,0.8,0.563,0.2,0.5,0.7,0.7,0.1,0.0,0.6,0.5,3.8,,0,0,1
451.0,Isaac Bonga,19.0,LAL,PG,22.0,0.0,120.0,6.0,0.24,0.242,0.455,7.9,13.5,10.8,14.9,3.5,2.7,13.2,15.7,-0.3,0.2,-0.1,-0.059,-7.0,2.2,-4.8,-0.1,,2018,515.0,19.0,LAL,PG,22.0,0.0,5.5,0.2,1.5,0.152,0.0,0.4,0.0,0.2,1.1,0.2,0.152,0.4,0.7,0.6,0.4,0.7,1.1,0.7,0.4,0.2,0.3,0.4,0.9,,0,0,1
452.0,Rawle Alkins,21.0,CHI,SG,10.0,1.0,120.0,8.1,0.418,0.308,0.308,9.9,13.7,11.8,15.2,0.4,0.0,15.3,19.0,-0.1,0.0,-0.1,-0.042,-3.8,-3.5,-7.3,-0.2,,2018,416.0,21.0,CHI,SG,10.0,1.0,12.0,1.3,3.9,0.333,0.3,1.2,0.25,1.0,2.7,0.37,0.372,0.8,1.2,0.667,1.1,1.5,2.6,1.3,0.1,0.0,0.8,0.7,3.7,,0,0,1
453.0,Lonnie Walker IV,20.0,SAS,SG,17.0,0.0,118.0,10.8,0.446,0.283,0.217,0.0,15.6,7.9,10.3,2.9,2.2,7.4,20.3,-0.1,0.2,0.0,0.019,-3.4,1.0,-2.4,0.0,,2018,461.0,20.0,SAS,SG,17.0,0.0,6.9,0.9,2.7,0.348,0.3,0.8,0.385,0.6,1.9,0.333,0.402,0.5,0.6,0.8,0.0,1.0,1.0,0.5,0.4,0.2,0.2,0.4,2.6,,0,0,1
455.0,Drew Eubanks,21.0,SAS,PF,23.0,0.0,113.0,15.1,0.646,0.0,0.5,5.8,26.8,16.4,8.3,0.9,3.7,20.1,15.5,0.1,0.2,0.3,0.12,-1.9,0.7,-1.3,0.0,,2018,490.0,21.0,SAS,PF,23.0,0.0,4.9,0.7,1.1,0.577,0.0,0.0,,0.7,1.1,0.577,0.577,0.5,0.6,0.846,0.3,1.2,1.5,0.3,0.1,0.2,0.3,0.5,1.8,,0,0,1
456.0,Gary Trent Jr.,20.0,POR,SG,15.0,1.0,111.0,3.6,0.377,0.42,0.14,1.0,9.4,5.3,6.2,0.4,1.4,7.0,21.7,-0.3,0.1,-0.2,-0.092,-6.6,-4.2,-10.8,-0.2,,2018,458.0,20.0,POR,SG,15.0,1.0,7.4,1.1,3.3,0.32,0.3,1.4,0.238,0.7,1.9,0.379,0.37,0.2,0.5,0.429,0.1,0.7,0.7,0.3,0.1,0.1,0.3,0.3,2.7,,0,0,1
457.0,Jared Terrell,23.0,MIN,SG,14.0,0.0,111.0,0.7,0.372,0.436,0.154,1.0,4.9,2.9,14.4,1.3,1.5,19.4,19.6,-0.4,0.0,-0.3,-0.14,-8.5,-2.3,-10.9,-0.2,,2018,478.0,23.0,MIN,SG,14.0,0.0,7.9,0.9,2.8,0.308,0.3,1.2,0.235,0.6,1.6,0.364,0.359,0.2,0.4,0.5,0.1,0.4,0.4,0.9,0.2,0.1,0.7,1.1,2.2,,0,0,1
458.0,Zhaire Smith,19.0,PHI,SG,6.0,2.0,111.0,9.5,0.533,0.471,0.235,2.9,9.3,6.2,12.3,0.9,1.4,13.8,16.4,0.0,0.1,0.1,0.048,-2.8,-2.2,-5.0,-0.1,,2018,286.0,19.0,PHI,SG,6.0,2.0,18.5,2.3,5.7,0.412,1.0,2.7,0.375,1.3,3.0,0.444,0.5,1.0,1.3,0.75,0.5,1.7,2.2,1.7,0.3,0.3,1.0,1.3,6.7,,0,0,1
462.0,Bonzie Colson,23.0,MIL,SF,8.0,2.0,98.0,12.9,0.454,0.538,0.231,8.8,21.5,15.5,4.0,2.4,0.9,6.5,19.6,0.0,0.2,0.2,0.085,-2.6,-0.8,-3.5,0.0,,2018,363.0,23.0,MIL,SF,8.0,2.0,12.3,1.6,4.9,0.333,0.6,2.6,0.238,1.0,2.3,0.444,0.397,1.0,1.1,0.889,1.0,2.8,3.8,0.4,0.6,0.1,0.4,0.4,4.9,,0,0,1
467.0,Daryl Macon,23.0,DAL,SG,8.0,0.0,90.0,5.5,0.482,0.407,0.259,2.4,11.8,7.1,11.2,0.5,0.0,16.6,17.2,-0.1,0.0,0.0,-0.022,-5.3,-2.6,-7.9,-0.1,,2018,425.0,23.0,DAL,SG,8.0,0.0,11.3,1.3,3.4,0.37,0.6,1.4,0.455,0.6,2.0,0.313,0.463,0.5,0.9,0.571,0.3,1.3,1.5,0.9,0.1,0.0,0.8,1.0,3.6,,0,0,1
470.0,Jarred Vanderbilt,19.0,DEN,PF,17.0,0.0,69.0,12.4,0.513,0.053,0.526,10.9,25.2,18.0,5.9,4.3,1.3,25.5,19.4,-0.1,0.1,0.1,0.037,-5.2,1.0,-4.2,0.0,,2018,505.0,19.0,DEN,PF,17.0,0.0,4.1,0.5,1.1,0.474,0.0,0.1,0.0,0.5,1.1,0.5,0.474,0.4,0.6,0.6,0.4,0.9,1.4,0.2,0.4,0.1,0.5,0.5,1.4,,0,0,1
471.0,Amile Jefferson,25.0,ORL,PF,12.0,0.0,68.0,21.1,0.692,0.0,0.5,9.3,24.0,16.5,6.4,2.2,3.7,4.9,13.1,0.2,0.1,0.4,0.258,0.5,2.0,2.5,0.1,,2018,473.0,25.0,ORL,PF,12.0,0.0,5.7,0.8,1.3,0.625,0.0,0.0,,0.8,1.3,0.625,0.625,0.6,0.7,0.875,0.5,1.3,1.8,0.3,0.3,0.3,0.1,0.7,2.3,,0,0,1
472.0,Marcus Derrickson,22.0,GSW,PF,11.0,0.0,67.0,19.4,0.653,0.606,0.152,13.3,7.6,10.4,2.2,0.0,1.3,7.9,24.4,0.2,0.0,0.2,0.155,2.6,-5.3,-2.7,0.0,,2018,391.0,22.0,GSW,PF,11.0,0.0,6.1,1.5,3.0,0.485,0.9,1.8,0.5,0.5,1.2,0.462,0.636,0.4,0.5,0.8,0.7,0.5,1.2,0.1,0.0,0.1,0.3,0.8,4.2,,0,0,1
476.0,Alize Johnson,22.0,IND,PF,14.0,0.0,64.0,6.3,0.333,0.125,0.5,7.1,25.5,16.5,2.0,0.8,4.2,0.0,13.3,-0.1,0.1,0.0,0.027,-5.7,-2.0,-7.7,-0.1,,2018,517.0,22.0,IND,PF,14.0,0.0,4.6,0.3,1.1,0.25,0.1,0.1,0.5,0.2,1.0,0.214,0.281,0.3,0.6,0.5,0.3,1.1,1.4,0.1,0.1,0.2,0.0,0.5,0.9,,0,0,1
477.0,Billy Garrett,24.0,NYK,SG,4.0,0.0,63.0,9.8,0.452,0.296,0.148,0.0,5.1,2.5,18.0,0.8,1.3,6.5,20.9,0.0,0.0,0.0,-0.019,-3.9,-1.7,-5.5,-0.1,,2018,290.0,24.0,NYK,SG,4.0,0.0,15.8,2.8,6.8,0.407,0.0,2.0,0.0,2.8,4.8,0.579,0.407,1.0,1.0,1.0,0.0,0.8,0.8,1.8,0.3,0.3,0.5,0.8,6.5,,0,0,1
479.0,Brandon Goodwin,23.0,DEN,PG,16.0,0.0,57.0,8.3,0.413,0.261,0.478,1.9,3.8,2.8,32.1,0.0,0.0,9.7,23.1,0.0,0.0,0.0,0.021,-4.7,-4.8,-9.5,-0.1,,2018,503.0,23.0,DEN,PG,16.0,0.0,3.6,0.4,1.4,0.261,0.1,0.4,0.333,0.3,1.1,0.235,0.304,0.6,0.7,0.818,0.1,0.1,0.2,0.9,0.0,0.0,0.2,0.4,1.4,,0,0,1
480.0,Isaac Humphries,21.0,ATL,C,5.0,1.0,56.0,3.4,0.357,0.524,0.0,7.4,13.4,10.3,0.0,0.8,0.0,0.0,15.2,-0.1,0.0,-0.1,-0.047,-6.2,-4.7,-11.0,-0.1,,2018,451.0,21.0,ATL,C,5.0,1.0,11.2,1.2,4.2,0.286,0.6,2.2,0.273,0.6,2.0,0.3,0.357,0.0,0.0,,0.8,1.4,2.2,0.0,0.2,0.0,0.0,1.4,3.0,,0,0,1
481.0,Jordan Loyd,25.0,TOR,PG,12.0,0.0,55.0,16.3,0.635,0.444,0.611,2.0,15.3,8.8,15.1,0.0,0.0,8.1,19.4,0.2,0.0,0.2,0.19,0.0,-0.9,-1.0,0.0,,2018,471.0,25.0,TOR,PG,12.0,0.0,4.6,0.7,1.5,0.444,0.3,0.7,0.5,0.3,0.8,0.4,0.556,0.8,0.9,0.818,0.1,0.7,0.8,0.5,0.0,0.0,0.2,0.4,2.4,,0,0,1
483.0,B.J. Johnson,23.0,2TM,SF,7.0,0.0,49.0,12.8,0.609,0.389,0.111,4.2,13.2,8.6,0.0,1.9,0.0,9.6,17.4,0.0,0.0,0.1,0.066,-2.3,-2.0,-4.3,0.0,,2018,437.0,23.0,2TM,SF,7.0,0.0,7.0,1.3,2.6,0.5,0.4,1.0,0.429,0.9,1.6,0.545,0.583,0.3,0.3,1.0,0.3,0.9,1.1,0.0,0.3,0.0,0.3,0.6,3.3,,0,0,1
484.0,Mitch Creek,26.0,2TM,SF,5.0,0.0,48.0,20.2,0.55,0.125,0.438,13.2,13.1,13.2,18.6,2.0,0.0,5.0,17.6,0.1,0.0,0.2,0.196,2.4,1.1,3.5,0.1,,2018,388.0,26.0,2TM,SF,5.0,0.0,9.6,1.6,3.2,0.5,0.0,0.4,0.0,1.6,2.8,0.571,0.5,1.0,1.4,0.714,1.2,1.2,2.4,1.2,0.4,0.0,0.2,0.6,4.2,,0,0,1
486.0,Melvin Frazier,22.0,ORL,SG,10.0,0.0,44.0,1.2,0.33,0.286,0.19,7.2,4.9,6.1,3.3,1.1,0.0,4.2,23.5,-0.2,0.0,-0.1,-0.133,-11.3,-3.2,-14.5,-0.1,,2018,501.0,22.0,ORL,SG,10.0,0.0,4.4,0.7,2.1,0.333,0.0,0.6,0.0,0.7,1.5,0.467,0.333,0.1,0.4,0.25,0.3,0.2,0.5,0.1,0.1,0.0,0.1,0.6,1.5,,0,0,1
488.0,Haywood Highsmith,22.0,PHI,SF,5.0,0.0,40.0,4.5,0.414,0.5,0.2,0.0,12.9,6.6,6.6,1.2,0.0,8.4,12.4,0.0,0.0,0.0,-0.023,-5.8,-2.4,-8.2,-0.1,,2018,491.0,22.0,PHI,SF,5.0,0.0,8.0,0.8,2.0,0.4,0.2,1.0,0.2,0.6,1.0,0.6,0.45,0.0,0.4,0.0,0.0,1.0,1.0,0.4,0.2,0.0,0.2,0.2,1.8,,0,0,1
490.0,Džanan Musa,19.0,BRK,SG,9.0,0.0,39.0,5.8,0.415,0.455,0.091,2.7,10.7,6.7,8.6,2.4,0.0,14.9,29.0,-0.2,0.0,-0.1,-0.152,-6.3,-0.9,-7.2,-0.1,,2018,481.0,19.0,BRK,SG,9.0,0.0,4.3,1.0,2.4,0.409,0.1,1.1,0.1,0.9,1.3,0.667,0.432,0.0,0.2,0.0,0.1,0.4,0.6,0.2,0.2,0.0,0.4,0.1,2.1,,0,0,1
493.0,Thomas Welsh,22.0,DEN,C,11.0,0.0,36.0,16.1,0.648,0.538,0.154,0.0,12.1,6.0,20.5,0.0,0.0,6.7,17.7,0.1,0.0,0.1,0.162,2.2,-1.1,1.2,0.0,,2018,498.0,22.0,DEN,C,11.0,0.0,3.3,0.6,1.2,0.538,0.3,0.6,0.429,0.4,0.5,0.667,0.654,0.1,0.2,0.5,0.0,0.4,0.4,0.5,0.0,0.0,0.1,0.3,1.6,,0,0,1
495.0,Chris Chiozza,23.0,HOU,PG,7.0,0.0,33.0,7.0,0.375,0.625,0.0,3.3,10.3,6.7,16.1,1.5,2.6,11.1,11.8,0.0,0.0,0.0,0.023,-2.7,1.4,-1.3,0.0,,2018,516.0,23.0,HOU,PG,7.0,0.0,4.7,0.3,1.1,0.25,0.3,0.7,0.4,0.0,0.4,0.0,0.375,0.0,0.0,,0.1,0.4,0.6,0.6,0.1,0.1,0.1,0.3,0.9,,0,0,1
499.0,Dusty Hannahs,25.0,MEM,SG,2.0,0.0,26.0,4.5,0.311,0.417,0.167,0.0,4.4,2.2,28.8,1.9,0.0,7.2,23.9,-0.1,0.0,-0.1,-0.125,-6.5,-3.2,-9.7,-0.1,,2018,399.0,25.0,MEM,SG,2.0,0.0,13.0,1.5,6.0,0.25,0.0,2.5,0.0,1.5,3.5,0.429,0.25,1.0,1.0,1.0,0.0,0.5,0.5,2.5,0.5,0.0,0.5,0.5,4.0,,0,0,1
501.0,Emanuel Terry,22.0,2TM,PF,3.0,0.0,23.0,19.7,0.571,0.0,0.571,14.1,19.6,16.8,12.2,6.2,0.0,18.6,20.1,0.0,0.0,0.1,0.117,-0.2,2.4,2.3,0.0,,2018,435.0,22.0,2TM,PF,3.0,0.0,7.7,1.3,2.3,0.571,0.0,0.0,,1.3,2.3,0.571,0.571,0.7,1.3,0.5,1.0,1.3,2.3,0.7,1.0,0.0,0.7,1.3,3.3,,0,0,1
502.0,DeVaughn Akoon-Purcell,25.0,DEN,SG,7.0,0.0,22.0,8.2,0.322,0.4,0.2,4.9,14.8,9.8,37.1,4.5,0.0,15.5,25.0,-0.1,0.0,0.0,-0.051,-7.9,2.1,-5.8,0.0,,2018,509.0,25.0,DEN,SG,7.0,0.0,3.1,0.4,1.4,0.3,0.0,0.6,0.0,0.4,0.9,0.5,0.3,0.1,0.3,0.5,0.1,0.4,0.6,0.9,0.3,0.0,0.3,0.6,1.0,,0,0,1
505.0,J.P. Macura,23.0,CHO,SG,2.0,0.0,17.0,5.7,0.333,0.444,0.0,0.0,19.4,9.5,18.0,0.0,0.0,0.0,22.8,0.0,0.0,0.0,-0.11,-4.7,-2.9,-7.7,0.0,,2018,452.0,23.0,CHO,SG,2.0,0.0,8.5,1.5,4.5,0.333,0.0,2.0,0.0,1.5,2.5,0.6,0.333,0.0,0.0,,0.0,1.5,1.5,1.0,0.0,0.0,0.0,0.0,3.0,,0,0,1
506.0,Troy Caupain,23.0,ORL,PG,4.0,0.0,16.0,30.7,0.625,0.375,0.0,6.6,13.6,10.0,42.5,3.1,0.0,0.0,21.8,0.1,0.0,0.1,0.347,9.6,3.7,13.3,0.1,,2018,465.0,23.0,ORL,PG,4.0,0.0,4.0,1.0,2.0,0.5,0.5,0.8,0.667,0.5,1.3,0.4,0.625,0.0,0.0,,0.3,0.5,0.8,1.0,0.3,0.0,0.0,0.0,2.5,,0,0,1
508.0,Vince Edwards,22.0,HOU,SF,2.0,0.0,16.0,3.8,0.375,1.0,0.0,6.8,7.1,6.9,0.0,0.0,0.0,0.0,10.9,0.0,0.0,0.0,-0.014,-1.6,-4.8,-6.4,0.0,,2018,500.0,22.0,HOU,SF,2.0,0.0,8.0,0.5,2.0,0.25,0.5,2.0,0.25,0.0,0.0,,0.375,0.0,0.0,,0.5,0.5,1.0,0.0,0.0,0.0,0.0,0.0,1.5,,0,0,1
510.0,Ángel Delgado,24.0,LAC,C,2.0,0.0,15.0,4.3,0.255,0.0,0.4,14.6,13.7,14.1,0.0,3.1,0.0,0.0,16.5,0.0,0.0,0.0,-0.055,-7.0,-5.0,-12.0,0.0,,2018,499.0,24.0,LAC,C,2.0,0.0,7.5,0.5,2.5,0.2,0.0,0.0,,0.5,2.5,0.2,0.2,0.5,1.0,0.5,1.0,1.0,2.0,0.0,0.5,0.0,0.0,1.0,1.5,,0,0,1
512.0,Yante Maten,22.0,MIA,PF,2.0,0.0,13.0,5.7,0.25,0.25,0.0,8.2,16.4,12.3,0.0,3.8,0.0,0.0,13.2,0.0,0.0,0.0,-0.026,-7.5,-1.6,-9.1,0.0,,2018,512.0,22.0,MIA,PF,2.0,0.0,6.5,0.5,2.0,0.25,0.0,0.5,0.0,0.5,1.5,0.333,0.25,0.0,0.0,,0.5,1.0,1.5,0.0,0.5,0.0,0.0,0.0,1.0,,0,0,1
513.0,Kostas Antetokounmpo,21.0,DAL,PF,2.0,0.0,11.0,-0.9,0.21,0.0,1.333,0.0,9.7,4.9,0.0,8.8,0.0,17.4,22.5,-0.1,0.0,-0.1,-0.247,-12.6,-0.1,-12.7,0.0,,2018,510.0,21.0,DAL,PF,2.0,0.0,5.5,0.0,1.5,0.0,0.0,0.0,,0.0,1.5,0.0,0.0,1.0,2.0,0.5,0.0,0.5,0.5,0.0,1.0,0.0,0.5,0.0,1.0,,0,0,1
514.0,Joe Chealey,23.0,CHO,PG,1.0,0.0,8.0,2.0,0.333,0.0,0.0,0.0,0.0,0.0,17.7,0.0,0.0,0.0,16.2,0.0,0.0,0.0,-0.08,-8.5,-6.0,-14.6,0.0,,2018,483.0,23.0,CHO,PG,1.0,0.0,8.0,1.0,3.0,0.333,0.0,0.0,,1.0,3.0,0.333,0.333,0.0,0.0,,0.0,0.0,0.0,1.0,0.0,0.0,0.0,1.0,2.0,,0,0,1
515.0,Tahjere McCall,24.0,BRK,SG,1.0,0.0,8.0,9.6,0.581,0.333,0.333,0.0,13.1,6.6,0.0,0.0,0.0,0.0,18.1,0.0,0.0,0.0,0.055,-6.0,-0.6,-6.6,0.0,,2018,402.0,24.0,BRK,SG,1.0,0.0,8.0,2.0,3.0,0.667,0.0,1.0,0.0,2.0,2.0,1.0,0.667,0.0,1.0,0.0,0.0,1.0,1.0,0.0,0.0,0.0,0.0,2.0,4.0,,0,0,1
518.0,Trevon Duval,20.0,MIL,PG,3.0,0.0,6.0,38.3,0.833,0.333,0.0,0.0,16.0,8.5,59.0,0.0,0.0,0.0,20.9,0.1,0.0,0.1,0.537,19.1,5.3,24.4,0.0,,2018,496.0,20.0,MIL,PG,3.0,0.0,2.0,0.7,1.0,0.667,0.3,0.3,1.0,0.3,0.7,0.5,0.833,0.0,0.0,,0.0,0.3,0.3,0.7,0.0,0.0,0.0,0.0,1.7,,0,0,1
520.0,George King,25.0,PHO,SF,1.0,0.0,6.0,1.9,,,,0.0,18.8,9.2,0.0,0.0,0.0,,0.0,0.0,0.0,0.0,-0.001,-5.8,-2.1,-7.9,0.0,,2018,526.0,25.0,PHO,SF,1.0,0.0,6.0,0.0,0.0,,0.0,0.0,,0.0,0.0,,,0.0,0.0,,0.0,1.0,1.0,0.0,0.0,0.0,0.0,0.0,0.0,,0,0,1
523.0,Zach Lofton,26.0,DET,SG,1.0,0.0,4.0,-10.0,0.0,1.0,0.0,0.0,0.0,0.0,0.0,12.3,0.0,50.0,21.6,-0.1,0.0,0.0,-0.447,-17.4,6.0,-11.5,0.0,,2018,527.0,26.0,DET,SG,1.0,0.0,4.0,0.0,1.0,0.0,0.0,1.0,0.0,0.0,0.0,,0.0,0.0,0.0,,0.0,0.0,0.0,0.0,1.0,0.0,1.0,0.0,0.0,,0,0,1
524.0,Jordan Sibert,26.0,ATL,SG,1.0,0.0,4.0,29.7,1.5,1.0,0.0,0.0,0.0,0.0,0.0,0.0,0.0,0.0,10.2,0.0,0.0,0.0,0.183,13.7,2.2,16.0,0.0,,2018,453.0,26.0,ATL,SG,1.0,0.0,4.0,1.0,1.0,1.0,1.0,1.0,1.0,0.0,0.0,,1.5,0.0,0.0,,0.0,0.0,0.0,0.0,0.0,0.0,0.0,0.0,3.0,,0,0,1
525.0,Donte Grantham,23.0,OKC,SF,3.0,0.0,2.0,-38.1,0.0,1.0,0.0,0.0,0.0,0.0,0.0,0.0,0.0,0.0,40.7,0.0,0.0,0.0,-0.946,-23.6,-14.0,-37.6,0.0,,2018,523.0,23.0,OKC,SF,3.0,0.0,0.7,0.0,0.7,0.0,0.0,0.7,0.0,0.0,0.0,,0.0,0.0,0.0,,0.0,0.0,0.0,0.0,0.0,0.0,0.0,0.0,0.0,,0,0,1
527.0,Tyler Davis,21.0,OKC,C,1.0,0.0,1.0,0.0,0.0,0.0,0.0,100.0,0.0,51.6,0.0,0.0,0.0,0.0,40.7,0.0,0.0,0.0,-0.471,-9.6,-31.1,-40.7,0.0,,2018,522.0,21.0,OKC,C,1.0,0.0,1.0,0.0,1.0,0.0,0.0,0.0,,0.0,1.0,0.0,0.0,0.0,0.0,,1.0,0.0,1.0,0.0,0.0,0.0,0.0,0.0,0.0,,0,0,1
40.0,Ja Morant,20.0,MEM,PG,67.0,67.0,2074.0,17.4,0.556,0.191,0.329,2.6,10.4,6.6,35.2,1.3,0.8,17.0,25.9,2.3,1.5,3.8,0.088,1.4,-1.2,0.3,1.2,ROY-1,2019,60.0,20.0,MEM,PG,67.0,67.0,31.0,6.7,14.0,0.477,0.9,2.7,0.335,5.8,11.3,0.511,0.509,3.6,4.6,0.776,0.8,3.1,3.9,7.3,0.9,0.3,3.3,1.6,17.8,ROY-1,1,1,1
49.0,De'Andre Hunter,22.0,ATL,SF,63.0,62.0,2018.0,8.6,0.521,0.445,0.211,2.3,13.1,7.6,8.0,1.0,0.7,12.1,17.5,-0.4,0.5,0.1,0.002,-2.9,-1.8,-4.7,-1.4,,2019,121.0,22.0,ATL,SF,63.0,62.0,32.0,4.4,10.8,0.41,1.7,4.8,0.355,2.7,6.0,0.454,0.489,1.7,2.3,0.764,0.7,3.8,4.5,1.8,0.7,0.3,1.6,2.9,12.3,,0,0,1
60.0,Kendrick Nunn,24.0,MIA,PG,67.0,67.0,1962.0,12.9,0.534,0.428,0.109,1.2,8.7,5.1,18.5,1.4,0.8,10.6,24.1,0.4,1.6,2.0,0.049,-1.0,-1.3,-2.3,-0.1,ROY-2,2019,82.0,24.0,MIA,PG,67.0,67.0,29.3,6.0,13.6,0.439,2.0,5.8,0.35,3.9,7.8,0.505,0.514,1.3,1.5,0.85,0.3,2.4,2.7,3.3,0.8,0.2,1.7,2.3,15.3,ROY-2,1,1,1
89.0,Darius Garland,20.0,CLE,SG,59.0,59.0,1824.0,8.5,0.498,0.423,0.103,1.6,5.2,3.4,18.5,1.1,0.2,17.1,20.7,-1.3,0.0,-1.3,-0.034,-2.7,-2.8,-5.5,-1.7,,2019,119.0,20.0,CLE,SG,59.0,59.0,30.9,4.7,11.8,0.401,1.8,5.0,0.355,3.0,6.8,0.434,0.476,1.1,1.2,0.875,0.5,1.4,1.9,3.9,0.7,0.1,2.6,1.6,12.3,,0,0,1
101.0,P.J. Washington,21.0,CHO,PF,58.0,57.0,1759.0,12.4,0.547,0.39,0.231,3.5,16.6,9.8,11.3,1.5,2.3,12.5,18.6,0.5,1.5,2.0,0.054,-1.7,0.1,-1.6,0.2,,2019,124.0,21.0,CHO,PF,58.0,57.0,30.3,4.6,10.2,0.455,1.5,4.0,0.374,3.1,6.2,0.507,0.528,1.5,2.3,0.647,1.0,4.4,5.4,2.1,0.9,0.8,1.6,2.7,12.2,,1,2,1
111.0,RJ Barrett,19.0,NYK,SG,56.0,55.0,1704.0,10.7,0.479,0.271,0.349,3.0,14.8,8.7,12.8,1.6,0.9,12.9,24.0,-1.6,1.1,-0.5,-0.015,-2.9,-1.5,-4.3,-1.0,ROY-8,2019,99.0,19.0,NYK,SG,56.0,55.0,30.4,5.2,13.0,0.402,1.1,3.5,0.32,4.1,9.5,0.432,0.445,2.8,4.5,0.614,0.9,4.1,5.0,2.6,1.0,0.3,2.2,2.2,14.3,ROY-8,0,0,1
119.0,Coby White,19.0,CHI,PG,65.0,1.0,1674.0,11.9,0.506,0.475,0.163,1.8,14.0,7.6,16.5,1.4,0.3,11.4,24.4,-0.5,1.4,0.9,0.026,-1.3,-1.6,-2.9,-0.4,ROY-5,2019,109.0,19.0,CHI,PG,65.0,1.0,25.8,4.8,12.2,0.394,2.0,5.8,0.354,2.8,6.4,0.43,0.478,1.6,2.0,0.791,0.4,3.1,3.5,2.7,0.8,0.1,1.7,1.8,13.2,ROY-5,1,2,1
122.0,Eric Paschall,23.0,GSW,PF,60.0,26.0,1654.0,14.5,0.571,0.202,0.331,5.2,13.1,9.0,12.7,0.9,0.7,11.4,21.4,1.6,0.5,2.1,0.062,-0.7,-2.0,-2.7,-0.3,ROY-6,2019,102.0,23.0,GSW,PF,60.0,26.0,27.6,5.3,10.7,0.497,0.6,2.2,0.287,4.7,8.5,0.55,0.526,2.7,3.5,0.774,1.4,3.2,4.6,2.1,0.5,0.2,1.6,2.1,14.0,ROY-6,1,1,1
142.0,Cam Reddish,20.0,ATL,SF,58.0,34.0,1551.0,9.0,0.5,0.451,0.227,2.4,12.7,7.5,8.0,1.9,1.5,13.6,18.9,-1.2,0.8,-0.4,-0.011,-3.3,-1.0,-4.2,-0.9,,2019,165.0,20.0,ATL,SF,58.0,34.0,26.7,3.7,9.6,0.384,1.4,4.3,0.332,2.2,5.2,0.428,0.459,1.7,2.2,0.802,0.6,3.1,3.7,1.5,1.1,0.5,1.7,2.3,10.5,,0,0,1
146.0,Tyler Herro,20.0,MIA,SG,55.0,8.0,1508.0,12.5,0.55,0.472,0.158,1.2,14.9,8.3,12.7,1.1,0.6,11.4,22.3,0.2,1.3,1.6,0.05,-0.4,-1.2,-1.6,0.1,,2019,106.0,20.0,MIA,SG,55.0,8.0,27.4,4.9,11.5,0.428,2.1,5.4,0.389,2.8,6.1,0.462,0.52,1.6,1.8,0.87,0.3,3.8,4.1,2.2,0.6,0.2,1.6,1.4,13.5,,1,2,1
147.0,Jarrett Culver,20.0,MIN,SG,63.0,35.0,1506.0,9.6,0.467,0.388,0.206,4.7,10.3,7.4,10.8,1.8,2.1,11.5,19.2,-1.2,1.1,-0.1,-0.004,-3.3,-0.7,-4.0,-0.8,,2019,196.0,20.0,MIN,SG,63.0,35.0,23.9,3.7,9.0,0.404,1.0,3.5,0.299,2.6,5.5,0.471,0.462,0.9,1.9,0.462,1.1,2.3,3.4,1.7,0.9,0.6,1.3,2.0,9.2,,0,0,1
160.0,Rui Hachimura,21.0,WAS,PF,48.0,48.0,1444.0,13.5,0.535,0.16,0.257,5.7,17.0,11.1,8.8,1.2,0.5,8.0,19.0,1.3,0.5,1.8,0.06,-1.2,-2.0,-3.2,-0.4,,2019,105.0,21.0,WAS,PF,48.0,48.0,30.1,5.3,11.4,0.466,0.5,1.8,0.287,4.8,9.5,0.5,0.489,2.4,2.9,0.829,1.6,4.5,6.1,1.8,0.8,0.2,1.1,2.2,13.5,,1,2,1
184.0,Brandon Clarke,23.0,MEM,PF,58.0,4.0,1300.0,20.9,0.663,0.134,0.234,7.6,20.1,14.0,9.5,1.1,3.2,9.4,18.7,3.4,1.6,5.0,0.183,2.4,0.7,3.1,1.7,ROY-4,2019,125.0,23.0,MEM,PF,58.0,4.0,22.4,5.1,8.3,0.618,0.4,1.1,0.359,4.7,7.2,0.658,0.642,1.5,1.9,0.759,1.6,4.4,5.9,1.4,0.6,0.8,0.9,1.7,12.1,ROY-4,1,1,1
187.0,Matisse Thybulle,22.0,PHI,SG,65.0,14.0,1287.0,10.0,0.539,0.592,0.155,3.8,5.4,4.6,8.0,3.5,3.1,15.3,11.2,0.3,2.0,2.3,0.086,-2.8,3.1,0.3,0.8,,2019,371.0,22.0,PHI,SG,65.0,14.0,19.8,1.7,4.1,0.423,0.9,2.4,0.357,0.9,1.7,0.519,0.528,0.4,0.6,0.61,0.7,1.0,1.6,1.2,1.4,0.7,0.8,2.2,4.7,,0,0,1
189.0,Jordan Poole,20.0,GSW,SG,57.0,14.0,1274.0,7.2,0.454,0.528,0.237,0.7,9.6,5.0,15.8,1.3,0.7,11.8,21.1,-1.6,0.4,-1.2,-0.047,-4.4,-2.2,-6.6,-1.5,,2019,212.0,20.0,GSW,SG,57.0,14.0,22.4,2.9,8.8,0.333,1.3,4.6,0.279,1.6,4.2,0.392,0.406,1.7,2.1,0.798,0.2,1.9,2.1,2.4,0.6,0.2,1.3,1.6,8.8,,0,0,1
197.0,Cameron Johnson,23.0,PHO,PF,57.0,9.0,1255.0,12.9,0.586,0.672,0.141,4.3,12.4,8.3,7.7,1.4,1.4,6.9,15.7,1.7,1.0,2.7,0.102,0.8,-0.4,0.3,0.7,,2019,211.0,23.0,PHO,PF,57.0,9.0,22.0,3.1,7.1,0.435,1.9,4.8,0.39,1.2,2.3,0.526,0.565,0.8,1.0,0.807,0.9,2.4,3.3,1.2,0.6,0.4,0.6,1.5,8.8,,0,0,1
208.0,Terence Davis,22.0,TOR,SG,72.0,4.0,1209.0,13.8,0.588,0.555,0.135,4.5,16.0,10.3,14.2,1.5,1.1,14.1,19.0,1.2,1.9,3.1,0.122,0.1,0.7,0.8,0.8,ROY-6,2019,244.0,22.0,TOR,SG,72.0,4.0,16.8,2.8,6.1,0.456,1.3,3.4,0.388,1.5,2.7,0.541,0.564,0.7,0.8,0.864,0.7,2.6,3.3,1.6,0.5,0.2,1.1,1.7,7.5,ROY-6,1,2,1
221.0,Kevin Porter Jr.,19.0,CLE,SF,50.0,3.0,1162.0,10.8,0.535,0.375,0.24,2.1,13.5,7.7,13.9,1.9,1.0,16.7,20.5,-0.3,0.6,0.3,0.012,-3.2,-0.6,-3.8,-0.5,,2019,179.0,19.0,CLE,SF,50.0,3.0,23.2,3.7,8.4,0.442,1.1,3.2,0.335,2.7,5.3,0.506,0.505,1.5,2.0,0.723,0.4,2.8,3.2,2.2,0.9,0.3,1.9,2.7,10.0,,0,0,1
225.0,Darius Bazley,19.0,OKC,PF,61.0,9.0,1130.0,9.6,0.497,0.445,0.196,3.0,20.5,12.0,5.1,1.0,3.1,11.6,15.1,-0.5,1.5,1.0,0.041,-2.1,0.5,-1.6,0.1,,2019,326.0,19.0,OKC,PF,61.0,9.0,18.5,2.0,5.2,0.394,0.8,2.3,0.348,1.2,2.9,0.432,0.472,0.7,1.0,0.694,0.5,3.5,4.0,0.7,0.4,0.7,0.7,0.9,5.6,,0,0,1
232.0,Jaxson Hayes,19.0,NOP,C,64.0,14.0,1080.0,17.6,0.689,0.015,0.734,9.5,16.0,12.7,7.2,1.1,4.3,13.4,15.0,2.8,1.1,3.9,0.171,-0.9,0.6,-0.3,0.5,,2019,251.0,19.0,NOP,C,64.0,14.0,16.9,2.7,4.0,0.672,0.0,0.1,0.25,2.7,4.0,0.678,0.674,1.9,3.0,0.647,1.5,2.5,4.0,0.9,0.4,0.9,0.8,2.5,7.4,,0,0,1
237.0,Grant Williams,21.0,BOS,PF,69.0,5.0,1043.0,7.9,0.505,0.455,0.256,6.1,12.1,9.1,8.5,1.4,3.2,17.6,11.6,0.1,1.4,1.6,0.071,-4.1,1.4,-2.7,-0.2,,2019,420.0,21.0,BOS,PF,69.0,5.0,15.1,1.3,3.1,0.412,0.3,1.4,0.25,0.9,1.7,0.548,0.469,0.6,0.8,0.722,0.9,1.7,2.6,1.0,0.4,0.5,0.7,2.4,3.4,,0,0,1
238.0,Nicolò Melli,29.0,NOP,C,60.0,8.0,1042.0,11.4,0.556,0.638,0.226,3.9,14.5,9.2,10.5,1.5,1.8,11.5,15.7,0.9,0.9,1.8,0.082,-1.5,0.2,-1.3,0.2,,2019,284.0,29.0,NOP,C,60.0,8.0,17.4,2.3,5.4,0.421,1.2,3.4,0.335,1.1,2.0,0.573,0.528,0.9,1.2,0.74,0.6,2.4,3.0,1.4,0.6,0.4,0.8,2.1,6.6,,0,0,1
245.0,Ky Bowman,22.0,GSW,PG,45.0,12.0,1015.0,9.1,0.494,0.333,0.128,2.5,10.7,6.5,19.4,2.1,0.9,17.1,17.2,-0.6,0.6,-0.1,-0.003,-4.0,-0.3,-4.3,-0.6,,2019,249.0,22.0,GSW,PG,45.0,12.0,22.6,3.0,7.1,0.417,0.7,2.4,0.308,2.2,4.8,0.472,0.469,0.8,0.9,0.829,0.5,2.2,2.7,2.9,1.0,0.2,1.6,2.3,7.4,,0,0,1
269.0,Michael Porter Jr.,21.0,DEN,SF,55.0,8.0,903.0,19.8,0.617,0.384,0.188,8.2,23.9,16.1,7.9,1.5,2.6,10.6,22.3,1.8,1.1,2.9,0.154,2.4,-0.8,1.5,0.8,,2019,194.0,21.0,DEN,SF,55.0,8.0,16.4,3.5,7.0,0.509,1.1,2.7,0.422,2.4,4.3,0.564,0.59,1.1,1.3,0.833,1.2,3.5,4.7,0.8,0.5,0.5,0.9,1.8,9.3,,0,0,1
270.0,Cody Martin,24.0,CHO,SF,48.0,3.0,903.0,10.5,0.505,0.372,0.314,4.4,15.1,9.6,15.7,2.2,0.9,15.7,13.6,0.2,0.8,1.0,0.052,-3.1,1.0,-2.1,0.0,,2019,355.0,24.0,CHO,SF,48.0,3.0,18.8,1.9,4.3,0.43,0.4,1.6,0.234,1.5,2.7,0.546,0.473,0.9,1.4,0.646,0.8,2.5,3.3,2.0,0.8,0.2,0.9,1.6,5.0,,0,0,1
289.0,Luguentz Dort,20.0,OKC,SF,36.0,28.0,820.0,7.6,0.506,0.463,0.243,3.3,7.5,5.5,4.6,1.8,0.4,8.4,14.1,0.1,0.8,0.8,0.049,-4.1,0.4,-3.7,-0.4,,2019,273.0,20.0,OKC,SF,36.0,28.0,22.8,2.4,6.1,0.394,0.8,2.8,0.297,1.6,3.3,0.479,0.463,1.2,1.5,0.792,0.7,1.6,2.3,0.8,0.9,0.1,0.6,2.7,6.8,,0,0,1
300.0,Sekou Doumbouya,19.0,DET,PF,38.0,19.0,754.0,6.2,0.474,0.415,0.195,3.0,14.9,8.9,3.6,1.3,0.9,12.0,16.9,-0.8,0.5,-0.3,-0.02,-5.2,-1.4,-6.7,-0.9,,2019,288.0,19.0,DET,PF,38.0,19.0,19.8,2.4,6.2,0.39,0.7,2.6,0.286,1.7,3.6,0.464,0.449,0.8,1.2,0.674,0.5,2.6,3.1,0.5,0.5,0.2,0.9,2.1,6.4,,0,0,1
306.0,Bruno Fernando,21.0,ATL,C,56.0,13.0,713.0,11.9,0.542,0.186,0.256,10.0,20.0,15.0,9.9,1.2,2.0,15.9,15.3,0.4,0.4,0.8,0.055,-3.2,-0.9,-4.1,-0.4,,2019,391.0,21.0,ATL,C,56.0,13.0,12.7,1.8,3.6,0.518,0.1,0.7,0.135,1.8,2.9,0.605,0.53,0.5,0.9,0.569,1.2,2.3,3.5,0.9,0.3,0.3,0.8,1.9,4.3,,0,0,1
312.0,Zion Williamson,19.0,NOP,PF,24.0,24.0,668.0,24.1,0.616,0.039,0.494,10.1,13.7,11.9,13.3,1.1,1.1,11.9,30.5,1.5,0.4,2.0,0.141,3.5,-1.4,2.1,0.7,ROY-3,2019,21.0,19.0,NOP,PF,24.0,24.0,27.8,8.8,15.0,0.583,0.3,0.6,0.429,8.5,14.4,0.59,0.592,4.8,7.4,0.64,2.7,3.6,6.3,2.1,0.7,0.4,2.5,1.8,22.5,ROY-3,1,1,1
319.0,Daniel Gafford,21.0,CHI,C,43.0,7.0,609.0,16.2,0.686,0.0,0.448,9.0,10.3,9.6,5.2,1.0,8.7,15.3,13.3,1.1,0.8,1.9,0.146,-2.8,1.5,-1.3,0.1,,2019,349.0,21.0,CHI,C,43.0,7.0,14.2,2.2,3.1,0.701,0.0,0.0,,2.2,3.1,0.701,0.701,0.7,1.4,0.533,1.2,1.3,2.5,0.5,0.3,1.3,0.7,2.3,5.1,,0,0,1
322.0,Nickeil Alexander-Walker,21.0,NOP,SG,47.0,1.0,591.0,8.9,0.473,0.5,0.139,1.6,13.5,7.5,21.1,1.3,1.1,16.1,23.3,-0.7,0.4,-0.2,-0.02,-3.2,-1.4,-4.6,-0.4,,2019,322.0,21.0,NOP,SG,47.0,1.0,12.6,2.1,5.7,0.368,1.0,2.8,0.346,1.1,2.8,0.391,0.455,0.5,0.8,0.676,0.2,1.6,1.8,1.9,0.4,0.2,1.1,1.2,5.7,,0,0,1
323.0,Jordan McLaughlin,23.0,MIN,PG,30.0,2.0,590.0,16.3,0.587,0.427,0.219,1.2,7.8,4.4,31.0,2.7,0.6,13.7,15.8,1.1,0.4,1.6,0.13,0.3,0.0,0.3,0.3,,2019,241.0,23.0,MIN,PG,30.0,2.0,19.7,2.9,5.9,0.489,1.0,2.5,0.382,1.9,3.4,0.569,0.57,0.9,1.3,0.667,0.2,1.4,1.6,4.2,1.1,0.1,1.0,1.0,7.6,,0,0,1
324.0,Nassir Little,19.0,POR,PF,48.0,5.0,573.0,9.6,0.505,0.391,0.291,5.7,13.9,9.9,5.0,1.1,2.1,8.1,13.7,0.3,0.3,0.6,0.047,-2.9,-0.6,-3.5,-0.2,,2019,408.0,19.0,POR,PF,48.0,5.0,11.9,1.4,3.1,0.43,0.3,1.2,0.237,1.1,1.9,0.554,0.477,0.6,0.9,0.636,0.6,1.6,2.3,0.5,0.3,0.3,0.3,1.5,3.6,,0,0,1
340.0,Kelan Martin,24.0,MIN,SF,31.0,4.0,495.0,9.2,0.506,0.53,0.171,2.5,18.6,10.2,6.8,0.7,1.5,9.3,17.8,-0.1,0.3,0.2,0.023,-3.3,-1.0,-4.3,-0.3,,2019,292.0,24.0,MIN,SF,31.0,4.0,16.0,2.3,5.8,0.392,0.8,3.1,0.26,1.5,2.7,0.541,0.461,1.0,1.0,0.968,0.4,2.7,3.1,0.7,0.2,0.3,0.6,1.6,6.4,,0,0,1
341.0,Naz Reid,20.0,MIN,C,30.0,11.0,495.0,15.3,0.505,0.399,0.218,7.0,19.9,13.2,11.2,1.8,3.7,7.6,24.0,0.2,0.6,0.8,0.074,-1.6,-0.3,-1.9,0.0,,2019,207.0,20.0,MIN,C,30.0,11.0,16.5,3.3,8.1,0.412,1.1,3.2,0.33,2.3,4.9,0.466,0.477,1.2,1.8,0.698,1.1,3.0,4.1,1.2,0.6,0.7,0.7,2.8,9.0,,0,0,1
345.0,Marko Gudurić,24.0,MEM,SG,44.0,0.0,484.0,8.8,0.514,0.529,0.166,3.1,12.6,7.9,12.3,1.2,1.4,17.6,17.6,-0.3,0.4,0.1,0.014,-2.7,-0.7,-3.4,-0.2,,2019,398.0,24.0,MEM,SG,44.0,0.0,11.0,1.4,3.6,0.395,0.6,1.9,0.301,0.8,1.7,0.5,0.475,0.5,0.6,0.923,0.3,1.3,1.7,1.0,0.3,0.2,0.8,0.8,3.9,,0,0,1
348.0,Goga Bitadze,20.0,IND,C,54.0,2.0,471.0,12.1,0.523,0.28,0.22,5.9,18.7,12.3,6.7,1.0,6.9,14.5,17.9,-0.1,0.8,0.7,0.067,-4.1,1.8,-2.3,0.0,,2019,427.0,20.0,IND,C,54.0,2.0,8.7,1.3,2.8,0.467,0.1,0.8,0.19,1.1,2.0,0.574,0.493,0.4,0.6,0.727,0.5,1.5,2.0,0.4,0.2,0.7,0.5,1.2,3.2,,0,0,1
350.0,Javonte Green,26.0,BOS,SG,48.0,2.0,468.0,13.1,0.564,0.262,0.333,5.6,15.6,10.6,7.7,2.5,1.6,13.7,15.3,0.4,0.8,1.1,0.113,-2.1,1.4,-0.7,0.2,,2019,416.0,26.0,BOS,SG,48.0,2.0,9.8,1.3,2.6,0.5,0.2,0.7,0.273,1.1,1.9,0.581,0.536,0.6,0.9,0.667,0.5,1.4,1.9,0.5,0.5,0.2,0.5,0.9,3.4,,0,0,1
355.0,Matt Thomas,25.0,TOR,SG,41.0,1.0,440.0,13.3,0.65,0.66,0.08,2.2,12.2,7.3,7.5,1.1,0.2,9.3,16.6,0.7,0.6,1.2,0.133,1.0,0.1,1.1,0.3,,2019,363.0,25.0,TOR,SG,41.0,1.0,10.7,1.8,3.7,0.487,1.1,2.4,0.475,0.6,1.2,0.51,0.643,0.2,0.3,0.75,0.2,1.3,1.5,0.5,0.2,0.0,0.4,0.9,4.9,,0,0,1
356.0,Anžejs Pasečņiks,24.0,WAS,C,27.0,0.0,437.0,11.3,0.551,0.026,0.5,10.1,16.9,13.4,5.7,1.0,2.4,14.5,15.8,0.3,0.2,0.5,0.054,-4.1,-1.5,-5.6,-0.4,,2019,321.0,24.0,WAS,C,27.0,0.0,16.2,2.3,4.3,0.526,0.0,0.1,0.0,2.3,4.2,0.54,0.526,1.3,2.1,0.586,1.6,2.4,4.0,0.7,0.3,0.4,0.9,2.8,5.8,,0,0,1
371.0,Romeo Langford,20.0,BOS,SG,32.0,2.0,370.0,5.4,0.434,0.338,0.313,4.4,7.4,5.9,4.5,1.0,2.0,10.8,11.8,-0.2,0.4,0.2,0.025,-4.7,-0.3,-4.9,-0.3,,2019,458.0,20.0,BOS,SG,32.0,2.0,11.6,0.9,2.5,0.35,0.2,0.8,0.185,0.7,1.7,0.434,0.381,0.6,0.8,0.72,0.5,0.8,1.3,0.4,0.3,0.3,0.3,1.0,2.5,,0,0,1
372.0,Admiral Schofield,22.0,WAS,PF,33.0,2.0,368.0,6.1,0.502,0.663,0.163,2.0,12.4,7.0,5.3,1.0,0.9,6.6,11.9,0.1,0.1,0.1,0.017,-4.3,-1.2,-5.5,-0.3,,2019,438.0,22.0,WAS,PF,33.0,2.0,11.2,1.1,2.8,0.38,0.6,1.8,0.311,0.5,0.9,0.516,0.484,0.3,0.5,0.667,0.2,1.2,1.4,0.5,0.2,0.1,0.2,1.5,3.0,,0,0,1
376.0,Terance Mann,23.0,LAC,SF,41.0,6.0,362.0,10.6,0.545,0.253,0.342,2.9,12.6,7.9,19.3,1.4,1.2,16.5,12.6,0.4,0.4,0.8,0.106,-2.7,1.2,-1.5,0.0,,2019,463.0,23.0,LAC,SF,41.0,6.0,8.8,0.9,1.9,0.468,0.2,0.5,0.35,0.7,1.4,0.508,0.513,0.4,0.7,0.667,0.2,1.1,1.3,1.3,0.3,0.1,0.4,1.1,2.4,,0,0,1
380.0,Carsen Edwards,21.0,BOS,SG,37.0,0.0,351.0,6.9,0.444,0.594,0.148,1.9,12.4,7.2,9.3,1.7,1.1,9.9,18.4,-0.3,0.4,0.1,0.014,-4.4,-0.2,-4.6,-0.2,,2019,421.0,21.0,BOS,SG,37.0,0.0,9.5,1.1,3.5,0.328,0.6,2.1,0.316,0.5,1.4,0.346,0.422,0.4,0.5,0.684,0.2,1.1,1.3,0.6,0.3,0.1,0.4,0.9,3.3,,0,0,1
381.0,Chris Silva,23.0,MIA,PF,44.0,0.0,346.0,17.3,0.651,0.038,0.705,20.2,20.6,20.4,9.9,1.3,6.0,23.8,17.1,0.7,0.5,1.3,0.178,-3.1,0.8,-2.3,0.0,,2019,439.0,23.0,MIA,PF,44.0,0.0,7.9,1.1,1.8,0.615,0.0,0.1,0.0,1.1,1.7,0.64,0.615,0.8,1.3,0.673,1.4,1.5,2.9,0.5,0.2,0.5,0.7,1.9,3.0,,0,0,1
385.0,Ty Jerome,22.0,PHO,SG,31.0,0.0,328.0,7.9,0.425,0.442,0.142,2.3,13.4,7.8,18.2,2.2,0.8,13.0,17.9,-0.3,0.3,0.0,-0.003,-3.9,0.1,-3.7,-0.1,,2019,423.0,22.0,PHO,SG,31.0,0.0,10.6,1.2,3.6,0.336,0.5,1.6,0.28,0.8,2.0,0.381,0.398,0.4,0.5,0.75,0.2,1.3,1.5,1.4,0.5,0.1,0.6,0.9,3.3,,0,0,1
386.0,Caleb Martin,24.0,CHO,SF,18.0,1.0,317.0,12.0,0.595,0.44,0.25,3.3,10.0,6.5,11.1,1.9,2.0,13.9,15.0,0.3,0.2,0.5,0.081,-1.6,0.6,-1.0,0.1,,2019,300.0,24.0,CHO,SF,18.0,1.0,17.6,2.1,4.7,0.44,1.1,2.1,0.541,0.9,2.6,0.362,0.56,0.9,1.2,0.81,0.6,1.6,2.1,1.3,0.7,0.4,0.8,1.8,6.2,,0,0,1
389.0,Keldon Johnson,20.0,SAS,SF,17.0,1.0,301.0,19.1,0.711,0.247,0.494,3.6,16.8,10.2,7.2,2.2,0.6,10.7,17.4,0.8,0.2,1.1,0.174,1.5,0.0,1.5,0.3,,2019,200.0,20.0,SAS,SF,17.0,1.0,17.7,3.1,5.2,0.596,0.8,1.3,0.591,2.4,3.9,0.597,0.669,2.1,2.6,0.795,0.6,2.8,3.4,0.9,0.8,0.1,0.8,1.6,9.1,,0,0,1
390.0,Jalen McDaniels,22.0,CHO,SF,16.0,0.0,293.0,10.7,0.574,0.343,0.243,5.4,19.4,12.1,6.8,1.4,0.9,12.4,13.3,0.2,0.2,0.5,0.078,-3.4,0.1,-3.3,-0.1,,2019,328.0,22.0,CHO,SF,16.0,0.0,18.3,2.1,4.4,0.471,0.6,1.5,0.375,1.5,2.9,0.522,0.536,0.9,1.1,0.824,0.9,3.1,4.1,0.8,0.5,0.2,0.7,2.3,5.6,,0,0,1
391.0,Chris Clemons,22.0,HOU,SG,33.0,0.0,291.0,13.1,0.548,0.754,0.077,1.4,9.4,5.4,14.3,1.4,1.8,11.5,23.6,0.1,0.2,0.4,0.058,0.3,-1.3,-1.0,0.1,,2019,358.0,22.0,HOU,SG,33.0,0.0,8.8,1.7,4.3,0.401,1.1,3.2,0.346,0.6,1.1,0.571,0.532,0.3,0.3,0.909,0.1,0.8,0.9,0.8,0.3,0.2,0.6,0.8,4.9,,0,0,1
399.0,Juan Toscano-Anderson,26.0,GSW,SG,13.0,6.0,272.0,9.4,0.529,0.365,0.079,3.5,17.8,10.4,13.8,2.3,1.7,19.7,12.7,-0.1,0.2,0.2,0.03,-4.1,0.5,-3.6,-0.1,,2019,341.0,26.0,GSW,SG,13.0,6.0,20.9,2.2,4.8,0.46,0.6,1.8,0.348,1.6,3.1,0.525,0.524,0.2,0.4,0.6,0.7,3.3,4.0,2.0,1.0,0.4,1.2,2.3,5.3,,0,0,1
409.0,Wenyen Gabriel,22.0,2TM,PF,30.0,1.0,235.0,9.6,0.546,0.417,0.458,9.5,13.9,11.7,4.4,2.2,2.6,21.7,13.4,0.0,0.2,0.2,0.048,-3.7,-0.1,-3.8,-0.1,,2019,470.0,22.0,2TM,PF,30.0,1.0,7.8,0.7,1.6,0.438,0.2,0.7,0.3,0.5,0.9,0.536,0.5,0.5,0.7,0.682,0.7,1.0,1.7,0.3,0.4,0.2,0.5,1.3,2.1,,0,0,1
410.0,Justin James,23.0,SAC,SF,36.0,0.0,232.0,11.0,0.477,0.345,0.25,2.8,12.9,7.8,11.2,1.3,3.7,7.9,18.9,-0.1,0.2,0.1,0.028,-1.4,0.0,-1.4,0.0,,2019,457.0,23.0,SAC,SF,36.0,0.0,6.4,1.0,2.3,0.417,0.3,0.8,0.31,0.7,1.5,0.473,0.47,0.3,0.6,0.476,0.2,0.7,0.9,0.5,0.2,0.3,0.2,0.5,2.5,,0,0,1
411.0,Norvel Pelle,26.0,PHI,C,24.0,0.0,232.0,10.5,0.526,0.021,0.292,9.5,24.8,17.1,4.6,0.6,11.4,24.9,13.4,-0.2,0.5,0.3,0.069,-7.8,2.6,-5.2,-0.2,,2019,464.0,26.0,PHI,C,24.0,0.0,9.7,1.0,2.0,0.521,0.0,0.0,0.0,1.0,2.0,0.532,0.521,0.3,0.6,0.5,0.8,2.2,3.0,0.3,0.1,1.3,0.8,2.3,2.4,,0,0,1
412.0,Garrison Mathews,23.0,WAS,SG,18.0,0.0,227.0,13.1,0.691,0.821,0.607,2.8,9.0,5.8,5.8,1.6,0.4,10.1,14.5,0.6,0.1,0.6,0.131,-0.6,-0.5,-1.1,0.1,,2019,339.0,23.0,WAS,SG,18.0,0.0,12.6,1.3,3.1,0.429,1.1,2.6,0.413,0.3,0.6,0.5,0.598,1.7,1.9,0.912,0.3,1.0,1.3,0.6,0.4,0.1,0.4,1.8,5.4,,0,0,1
417.0,Mychal Mulder,25.0,GSW,SF,7.0,3.0,204.0,7.8,0.533,0.776,0.179,1.5,11.0,6.1,5.8,0.5,0.4,6.5,16.2,0.0,0.0,0.1,0.017,-3.2,-2.9,-6.0,-0.2,,2019,152.0,25.0,GSW,SF,7.0,3.0,29.1,3.7,9.6,0.388,2.3,7.4,0.308,1.4,2.1,0.667,0.507,1.3,1.7,0.75,0.4,2.9,3.3,1.1,0.3,0.1,0.7,2.9,11.0,,0,0,1
418.0,Nic Claxton,20.0,BRK,C,15.0,0.0,187.0,14.8,0.577,0.146,0.438,10.7,13.6,12.2,12.4,0.3,3.6,13.6,14.8,0.3,0.2,0.5,0.121,-0.7,0.1,-0.7,0.1,,2019,385.0,20.0,BRK,C,15.0,0.0,12.5,1.8,3.2,0.563,0.1,0.5,0.143,1.7,2.7,0.634,0.573,0.7,1.4,0.524,1.3,1.7,2.9,1.1,0.1,0.5,0.6,0.9,4.4,,0,0,1
420.0,John Konchar,23.0,MEM,SG,19.0,0.0,181.0,18.0,0.713,0.27,0.054,10.7,16.6,13.7,16.2,1.8,1.5,15.6,10.3,0.5,0.2,0.7,0.182,2.5,2.0,4.5,0.3,,2019,447.0,23.0,MEM,SG,19.0,0.0,9.5,1.3,1.9,0.649,0.3,0.5,0.5,1.0,1.4,0.704,0.716,0.1,0.1,0.5,0.9,1.5,2.5,1.2,0.4,0.2,0.4,0.4,2.8,,0,0,1
424.0,Rayjon Tucker,22.0,UTA,SG,20.0,0.0,161.0,9.7,0.584,0.395,0.535,2.1,11.2,6.8,4.4,0.3,0.5,13.1,16.6,0.1,0.1,0.2,0.063,-3.8,-2.2,-6.1,-0.2,,2019,432.0,22.0,UTA,SG,20.0,0.0,8.1,1.0,2.2,0.465,0.2,0.9,0.176,0.9,1.3,0.654,0.5,1.0,1.2,0.826,0.2,0.9,1.0,0.3,0.1,0.1,0.4,0.5,3.1,,0,0,1
427.0,Amir Coffey,22.0,LAC,SG,18.0,1.0,159.0,8.5,0.493,0.352,0.204,2.7,7.6,5.2,12.3,1.5,1.1,12.0,17.6,0.0,0.2,0.1,0.041,-4.3,0.1,-4.1,-0.1,,2019,428.0,22.0,LAC,SG,18.0,1.0,8.8,1.3,3.0,0.426,0.3,1.1,0.316,0.9,1.9,0.486,0.481,0.3,0.6,0.545,0.2,0.7,0.9,0.8,0.3,0.1,0.4,1.1,3.2,,0,0,1
428.0,Jaylen Nowell,20.0,MIN,SG,15.0,0.0,151.0,10.5,0.471,0.491,0.321,2.0,7.3,4.5,17.8,0.9,0.6,4.7,17.3,0.1,0.0,0.2,0.051,-2.9,-0.8,-3.8,-0.1,,2019,401.0,20.0,MIN,SG,15.0,0.0,10.1,1.3,3.5,0.358,0.2,1.7,0.115,1.1,1.8,0.593,0.387,1.1,1.1,0.941,0.2,0.7,0.9,1.3,0.2,0.1,0.2,0.7,3.8,,0,0,1
430.0,Michael Frazier,25.0,HOU,SG,13.0,0.0,145.0,-0.9,0.384,0.793,0.483,0.7,6.6,3.6,1.7,0.6,0.0,12.5,11.5,-0.2,0.1,-0.2,-0.06,-8.9,-2.1,-11.0,-0.3,,2019,472.0,25.0,HOU,SG,13.0,0.0,11.2,0.5,2.2,0.241,0.3,1.8,0.174,0.2,0.5,0.5,0.31,0.7,1.1,0.643,0.1,0.7,0.8,0.2,0.2,0.0,0.4,1.7,2.1,,0,0,1
431.0,DaQuan Jeffries,22.0,SAC,SG,13.0,0.0,141.0,11.2,0.586,0.45,0.15,2.3,12.3,7.2,7.1,1.4,0.7,4.5,13.7,0.2,0.1,0.3,0.1,-2.8,-1.1,-3.8,-0.1,,2019,400.0,22.0,SAC,SG,13.0,0.0,10.8,1.5,3.1,0.5,0.4,1.4,0.278,1.2,1.7,0.682,0.563,0.4,0.5,0.833,0.2,1.2,1.4,0.5,0.3,0.1,0.2,1.5,3.8,,0,0,1
432.0,Alen Smailagić,19.0,GSW,C,14.0,0.0,139.0,14.5,0.61,0.325,0.475,7.5,13.7,10.5,14.3,1.0,2.6,18.5,18.2,0.2,0.1,0.2,0.081,-1.5,-0.7,-2.2,0.0,,2019,394.0,19.0,GSW,C,14.0,0.0,9.9,1.4,2.9,0.5,0.2,0.9,0.231,1.2,1.9,0.63,0.538,1.1,1.4,0.842,0.7,1.2,1.9,0.9,0.2,0.3,0.8,1.0,4.2,,0,0,1
434.0,Oshae Brissett,21.0,TOR,SF,19.0,0.0,135.0,6.7,0.458,0.417,0.278,7.2,13.0,10.2,7.0,1.4,0.7,14.8,15.0,-0.1,0.2,0.1,0.043,-5.8,0.4,-5.3,-0.1,,2019,484.0,21.0,TOR,SF,19.0,0.0,7.1,0.7,1.9,0.361,0.2,0.8,0.2,0.5,1.1,0.476,0.403,0.4,0.5,0.8,0.5,0.9,1.4,0.4,0.2,0.1,0.4,0.9,1.9,,0,0,1
435.0,Juwan Morgan,22.0,UTA,PF,21.0,0.0,134.0,10.1,0.648,0.308,0.154,8.5,15.1,11.9,6.2,0.4,1.2,17.8,11.0,0.2,0.1,0.3,0.106,-2.9,-0.3,-3.2,0.0,,2019,493.0,22.0,UTA,PF,21.0,0.0,6.4,0.7,1.2,0.577,0.1,0.4,0.375,0.6,0.9,0.667,0.635,0.1,0.2,0.75,0.5,0.9,1.4,0.3,0.0,0.1,0.3,0.9,1.7,,0,0,1
436.0,Donta Hall,22.0,2TM,PF,9.0,0.0,133.0,13.6,0.652,0.0,0.818,11.4,19.2,15.4,4.2,1.1,3.8,14.3,11.1,0.2,0.2,0.4,0.137,-3.5,-0.4,-3.9,-0.1,,2019,388.0,22.0,2TM,PF,9.0,0.0,14.8,1.7,2.4,0.682,0.0,0.0,,1.7,2.4,0.682,0.682,1.0,2.0,0.5,1.6,2.7,4.2,0.4,0.3,0.7,0.6,2.6,4.3,,0,0,1
437.0,Vincent Poirier,26.0,BOS,C,22.0,0.0,130.0,12.7,0.525,0.056,0.194,10.8,24.4,17.7,8.5,0.7,6.4,17.0,15.4,0.1,0.2,0.3,0.113,-4.8,1.0,-3.8,-0.1,,2019,486.0,26.0,BOS,C,22.0,0.0,5.9,0.8,1.6,0.472,0.0,0.1,0.5,0.7,1.5,0.471,0.486,0.3,0.3,0.857,0.6,1.4,2.0,0.4,0.1,0.4,0.4,1.1,1.9,,0,0,1
440.0,Tremont Waters,22.0,BOS,PG,11.0,1.0,119.0,4.3,0.381,0.49,0.163,0.0,10.7,5.4,18.3,4.1,1.6,22.2,24.2,-0.5,0.2,-0.3,-0.103,-8.5,1.0,-7.5,-0.2,,2019,410.0,22.0,BOS,PG,11.0,1.0,10.8,1.3,4.5,0.286,0.4,2.2,0.167,0.9,2.3,0.4,0.327,0.7,0.7,1.0,0.0,1.1,1.1,1.5,0.9,0.2,1.4,1.2,3.6,,0,0,1
444.0,Adam Mokoka,21.0,CHI,SF,11.0,0.0,112.0,8.2,0.538,0.536,0.143,6.6,3.1,4.9,5.0,1.7,0.0,6.3,12.1,0.1,0.1,0.2,0.073,-2.9,-1.2,-4.1,-0.1,,2019,442.0,21.0,CHI,SF,11.0,0.0,10.2,1.1,2.5,0.429,0.5,1.4,0.4,0.5,1.2,0.462,0.536,0.2,0.4,0.5,0.6,0.3,0.9,0.4,0.4,0.0,0.2,1.5,2.9,,0,0,1
445.0,Miye Oni,22.0,UTA,SF,10.0,1.0,109.0,9.7,0.512,0.594,0.156,5.2,11.7,8.6,5.1,1.8,1.5,10.5,15.3,0.0,0.1,0.1,0.063,-3.1,-1.1,-4.3,-0.1,,2019,414.0,22.0,UTA,SF,10.0,1.0,10.9,1.2,3.2,0.375,0.7,1.9,0.368,0.5,1.3,0.385,0.484,0.4,0.5,0.8,0.5,1.2,1.7,0.4,0.4,0.2,0.4,0.9,3.5,,0,0,1
449.0,Jaylen Hoard,20.0,POR,PF,13.0,0.0,103.0,14.9,0.504,0.094,0.406,14.4,18.1,16.2,5.3,2.3,0.0,9.6,17.2,0.1,0.1,0.2,0.093,-0.8,-1.3,-2.1,0.0,,2019,441.0,20.0,POR,PF,13.0,0.0,7.9,1.2,2.5,0.469,0.0,0.2,0.0,1.2,2.2,0.517,0.469,0.6,1.0,0.615,1.1,1.4,2.5,0.3,0.4,0.0,0.3,0.9,2.9,,0,0,1
450.0,Jeremiah Martin,23.0,BRK,PG,9.0,0.0,99.0,21.8,0.541,0.34,0.264,1.1,9.2,5.2,30.8,3.3,1.7,6.3,26.7,0.2,0.1,0.4,0.176,1.5,1.7,3.2,0.1,,2019,262.0,23.0,BRK,PG,9.0,0.0,11.0,2.7,5.9,0.453,0.6,2.0,0.278,2.1,3.9,0.543,0.5,1.2,1.6,0.786,0.1,1.0,1.1,2.0,0.8,0.2,0.4,0.8,7.1,,0,0,1
452.0,Jarrell Brantley,23.0,UTA,PF,9.0,0.0,96.0,8.0,0.416,0.464,0.071,2.4,19.9,11.5,15.8,1.5,4.3,19.5,16.3,-0.2,0.1,0.0,-0.006,-5.3,0.7,-4.6,-0.1,,2019,454.0,23.0,UTA,PF,9.0,0.0,10.7,1.1,3.1,0.357,0.3,1.4,0.231,0.8,1.7,0.467,0.411,0.1,0.2,0.5,0.2,2.0,2.2,1.2,0.3,0.6,0.8,0.8,2.7,,0,0,1
453.0,Bol Bol,20.0,DEN,PF,7.0,0.0,87.0,14.4,0.617,0.321,0.357,6.4,18.0,12.2,9.8,1.1,6.4,23.6,21.2,0.0,0.1,0.1,0.063,-2.3,-0.7,-3.0,0.0,,2019,324.0,20.0,DEN,PF,7.0,0.0,12.4,2.0,4.0,0.5,0.6,1.3,0.444,1.4,2.7,0.526,0.571,1.1,1.4,0.8,0.7,2.0,2.7,0.9,0.3,0.9,1.4,1.6,5.7,,0,0,1
455.0,Paul Watson,25.0,2TM,SF,10.0,0.0,87.0,12.6,0.517,0.462,0.346,2.5,17.9,10.3,12.4,2.2,1.1,9.1,16.1,0.0,0.1,0.2,0.097,-1.1,0.9,-0.2,0.0,,2019,430.0,25.0,2TM,SF,10.0,0.0,8.7,1.0,2.6,0.385,0.4,1.2,0.333,0.6,1.4,0.429,0.462,0.7,0.9,0.778,0.2,1.5,1.7,0.8,0.4,0.1,0.3,0.5,3.1,,0,0,1
457.0,Gabe Vincent,23.0,MIA,PG,9.0,0.0,83.0,1.2,0.297,0.73,0.0,0.0,6.5,3.4,10.1,2.9,0.0,2.6,20.2,-0.3,0.1,-0.2,-0.117,-8.5,-1.9,-10.4,-0.2,,2019,465.0,23.0,MIA,PG,9.0,0.0,9.2,0.9,4.1,0.216,0.7,3.0,0.222,0.2,1.1,0.2,0.297,0.0,0.0,,0.0,0.6,0.6,0.7,0.6,0.0,0.1,0.7,2.4,,0,0,1
458.0,Devon Hall,24.0,OKC,PG,11.0,0.0,81.0,3.1,0.298,0.567,0.267,2.8,6.6,4.8,21.3,2.4,1.1,13.0,20.9,-0.3,0.1,-0.2,-0.116,-6.0,-0.7,-6.7,-0.1,,2019,489.0,24.0,OKC,PG,11.0,0.0,7.4,0.5,2.7,0.2,0.4,1.5,0.235,0.2,1.2,0.154,0.267,0.4,0.7,0.5,0.2,0.5,0.6,1.2,0.4,0.1,0.5,0.5,1.8,,0,0,1
459.0,Talen Horton-Tucker,19.0,LAL,SG,6.0,1.0,81.0,12.3,0.535,0.433,0.133,2.7,6.7,4.7,10.5,4.7,1.1,15.9,19.7,0.0,0.2,0.1,0.07,-4.0,2.0,-2.1,0.0,,2019,325.0,19.0,LAL,SG,6.0,1.0,13.5,2.3,5.0,0.467,0.7,2.2,0.308,1.7,2.8,0.588,0.533,0.3,0.7,0.5,0.3,0.8,1.2,1.0,1.3,0.2,1.0,1.7,5.7,,0,0,1
462.0,Quinndary Weatherspoon,23.0,SAS,SG,11.0,0.0,78.0,3.2,0.336,0.294,0.118,1.4,8.3,4.8,17.5,1.8,1.1,21.9,12.7,-0.2,0.0,-0.1,-0.071,-6.4,-1.0,-7.4,-0.1,,2019,512.0,23.0,SAS,SG,11.0,0.0,7.1,0.5,1.5,0.294,0.1,0.5,0.2,0.4,1.1,0.333,0.324,0.1,0.2,0.5,0.1,0.5,0.6,1.0,0.3,0.1,0.5,0.7,1.1,,0,0,1
464.0,Dean Wade,23.0,CLE,PF,12.0,0.0,71.0,13.9,0.744,0.308,0.077,4.6,25.3,14.9,4.0,1.4,4.8,18.2,9.9,0.1,0.1,0.2,0.105,-1.7,0.5,-1.3,0.0,,2019,495.0,23.0,CLE,PF,12.0,0.0,5.9,0.8,1.1,0.692,0.2,0.3,0.5,0.6,0.8,0.778,0.769,0.0,0.1,0.0,0.3,1.3,1.6,0.2,0.2,0.3,0.3,0.7,1.7,,0,0,1
465.0,Mfiondu Kabengele,22.0,LAC,C,12.0,0.0,64.0,18.2,0.614,0.625,0.156,1.7,15.8,8.9,4.9,1.5,2.8,5.5,23.7,0.1,0.1,0.2,0.173,2.3,-0.1,2.2,0.1,,2019,412.0,22.0,LAC,C,12.0,0.0,5.3,1.2,2.7,0.438,0.8,1.7,0.45,0.4,1.0,0.417,0.578,0.4,0.4,1.0,0.1,0.8,0.9,0.2,0.2,0.2,0.2,0.8,3.5,,0,0,1
466.0,Louis King,20.0,DET,SF,10.0,0.0,62.0,6.2,0.448,0.524,0.143,1.8,16.7,9.2,11.8,1.6,0.0,8.2,17.1,-0.1,0.0,0.0,-0.007,-5.1,-1.1,-6.2,-0.1,,2019,478.0,20.0,DET,SF,10.0,0.0,6.2,0.8,2.1,0.381,0.4,1.1,0.364,0.4,1.0,0.4,0.476,0.0,0.3,0.0,0.1,0.9,1.0,0.5,0.2,0.0,0.2,1.0,2.0,,0,0,1
467.0,Vic Law,24.0,ORL,PF,8.0,0.0,62.0,3.7,0.363,0.389,0.333,3.4,16.2,9.6,6.7,1.6,0.0,8.8,15.8,-0.1,0.1,-0.1,-0.052,-7.0,-2.6,-9.6,-0.1,,2019,485.0,24.0,ORL,PF,8.0,0.0,7.8,0.8,2.3,0.333,0.1,0.9,0.143,0.6,1.4,0.455,0.361,0.3,0.8,0.333,0.3,1.1,1.4,0.4,0.3,0.0,0.3,0.8,1.9,,0,0,1
470.0,Tyler Cook,22.0,2TM,PF,13.0,0.0,54.0,19.4,0.741,0.0,0.667,12.3,16.6,14.4,2.9,2.7,0.0,16.2,14.7,0.2,0.0,0.2,0.182,0.3,-0.5,-0.2,0.0,,2019,487.0,22.0,2TM,PF,13.0,0.0,4.2,0.6,0.9,0.667,0.0,0.0,,0.6,0.9,0.667,0.667,0.5,0.6,0.875,0.5,0.6,1.1,0.1,0.2,0.0,0.2,0.4,1.8,,0,0,1
471.0,Jordan Bone,22.0,DET,PG,10.0,0.0,53.0,0.8,0.3,0.5,0.0,0.0,8.7,4.3,21.0,0.9,0.0,9.1,18.1,-0.1,0.0,-0.1,-0.117,-9.1,-2.8,-11.9,-0.1,,2019,507.0,22.0,DET,PG,10.0,0.0,5.3,0.5,2.0,0.25,0.2,1.0,0.2,0.3,1.0,0.3,0.3,0.0,0.0,,0.0,0.4,0.4,0.8,0.1,0.0,0.2,0.6,1.2,,0,0,1
472.0,Ignas Brazdeikis,21.0,NYK,SF,9.0,0.0,53.0,3.2,0.351,0.409,0.227,3.9,6.2,5.0,10.6,0.0,1.8,7.6,21.0,-0.1,0.0,-0.1,-0.108,-5.1,-3.9,-9.0,-0.1,,2019,483.0,21.0,NYK,SF,9.0,0.0,5.9,0.7,2.4,0.273,0.1,1.0,0.111,0.6,1.4,0.385,0.295,0.4,0.6,0.8,0.2,0.3,0.6,0.4,0.0,0.1,0.2,0.3,1.9,,0,0,1
474.0,Kevin Hervey,23.0,OKC,PF,10.0,0.0,52.0,5.0,0.315,0.741,0.0,2.2,22.7,12.7,13.9,0.9,1.7,0.0,22.8,-0.2,0.1,-0.1,-0.085,-4.0,-1.1,-5.1,0.0,,2019,491.0,23.0,OKC,PF,10.0,0.0,5.2,0.7,2.7,0.259,0.3,2.0,0.15,0.4,0.7,0.571,0.315,0.0,0.0,,0.1,1.1,1.2,0.5,0.1,0.1,0.0,0.4,1.7,,0,0,1
475.0,Zylan Cheatham,24.0,NOP,PF,4.0,0.0,51.0,6.7,0.667,0.111,0.0,6.2,12.5,9.4,7.7,0.9,1.6,30.8,10.4,0.0,0.0,0.0,0.034,-6.6,-0.5,-7.2,-0.1,,2019,434.0,24.0,NOP,PF,4.0,0.0,12.8,1.5,2.3,0.667,0.0,0.3,0.0,1.5,2.0,0.75,0.667,0.0,0.0,,0.8,1.5,2.3,0.8,0.3,0.3,1.0,2.5,3.0,,0,0,1
476.0,Nigel Williams-Goss,25.0,UTA,PG,10.0,0.0,50.0,8.1,0.415,0.438,0.125,4.6,8.5,6.6,16.4,2.9,1.7,15.1,17.4,-0.1,0.1,0.0,0.017,-5.2,1.3,-3.9,0.0,,2019,502.0,25.0,UTA,PG,10.0,0.0,5.0,0.5,1.6,0.313,0.2,0.7,0.286,0.3,0.9,0.333,0.375,0.2,0.2,1.0,0.2,0.4,0.6,0.6,0.3,0.1,0.3,0.6,1.4,,0,0,1
478.0,Justin Robinson,22.0,WAS,PG,9.0,0.0,49.0,8.2,0.542,0.417,0.0,2.1,9.3,5.6,18.8,0.0,1.8,20.0,12.7,0.0,0.0,0.0,0.007,-2.6,-3.1,-5.7,0.0,,2019,501.0,22.0,WAS,PG,9.0,0.0,5.4,0.6,1.3,0.417,0.3,0.6,0.6,0.2,0.8,0.286,0.542,0.0,0.0,,0.1,0.4,0.6,0.8,0.0,0.1,0.3,0.2,1.4,,0,0,1
479.0,Luka Šamanić,20.0,SAS,PF,3.0,1.0,48.0,8.8,0.45,0.5,0.25,2.2,20.2,11.2,16.3,0.0,3.7,10.1,17.8,0.0,0.0,0.0,0.011,-2.4,-1.7,-4.1,0.0,,2019,340.0,20.0,SAS,PF,3.0,1.0,16.0,1.7,5.3,0.313,1.0,2.7,0.375,0.7,2.7,0.25,0.406,1.0,1.3,0.75,0.3,3.0,3.3,2.0,0.0,0.7,0.7,2.0,5.3,,0,0,1
484.0,Vlatko Čančar,22.0,DEN,PF,14.0,0.0,45.0,11.4,0.507,0.4,0.267,12.5,12.4,12.4,9.1,1.1,2.1,15.2,19.1,0.0,0.0,0.1,0.062,-3.6,-1.2,-4.8,0.0,,2019,509.0,22.0,DEN,PF,14.0,0.0,3.2,0.4,1.1,0.4,0.1,0.4,0.167,0.4,0.6,0.556,0.433,0.3,0.3,1.0,0.4,0.4,0.7,0.2,0.1,0.1,0.2,0.5,1.2,,0,0,1
485.0,Justin Wright-Foreman,22.0,UTA,PG,4.0,0.0,45.0,8.8,0.437,0.5,0.2,0.0,11.8,6.1,23.0,2.2,0.0,12.1,24.1,-0.1,0.1,0.0,-0.008,-7.0,-2.0,-9.0,-0.1,,2019,367.0,22.0,UTA,PG,4.0,0.0,11.3,1.8,5.0,0.35,0.5,2.5,0.2,1.3,2.5,0.5,0.4,0.8,1.0,0.75,0.0,1.3,1.3,1.8,0.5,0.0,0.8,1.3,4.8,,0,0,1
489.0,Zach Norvell,22.0,2TM,SG,5.0,0.0,41.0,2.6,0.402,0.667,0.083,0.0,16.3,7.9,10.2,2.3,0.0,19.4,16.1,-0.1,0.0,-0.1,-0.084,-7.1,-1.2,-8.4,-0.1,,2019,474.0,22.0,2TM,SG,5.0,0.0,8.2,0.6,2.4,0.25,0.6,1.6,0.375,0.0,0.8,0.0,0.375,0.2,0.2,1.0,0.0,1.2,1.2,0.6,0.4,0.0,0.6,0.8,2.0,,0,0,1
490.0,Charlie Brown Jr.,22.0,ATL,SG,10.0,0.0,40.0,11.0,0.472,0.474,0.263,5.3,5.5,5.4,7.3,2.3,4.2,12.4,25.1,0.0,0.0,0.0,-0.028,-1.2,-1.4,-2.5,0.0,,2019,476.0,22.0,ATL,SG,10.0,0.0,4.0,0.6,1.9,0.316,0.3,0.9,0.333,0.3,1.0,0.3,0.395,0.5,0.5,1.0,0.2,0.2,0.4,0.2,0.2,0.2,0.3,0.3,2.0,,0,0,1
494.0,Moses Brown,20.0,POR,C,9.0,0.0,33.0,6.7,0.407,0.0,0.8,9.6,34.5,22.2,4.0,1.4,2.6,18.2,21.2,-0.1,0.0,0.0,-0.065,-8.2,-1.8,-10.0,-0.1,,2019,508.0,20.0,POR,C,9.0,0.0,3.7,0.4,1.1,0.4,0.0,0.0,,0.4,1.1,0.4,0.4,0.3,0.9,0.375,0.3,1.2,1.6,0.1,0.1,0.1,0.3,0.8,1.2,,0,0,1
495.0,Tacko Fall,24.0,BOS,C,7.0,0.0,33.0,28.4,0.751,0.0,0.214,3.3,44.9,24.3,5.8,1.5,11.2,16.4,23.7,0.1,0.1,0.2,0.223,0.4,6.0,6.5,0.1,,2019,422.0,24.0,BOS,C,7.0,0.0,4.7,1.6,2.0,0.786,0.0,0.0,,1.6,2.0,0.786,0.786,0.1,0.4,0.333,0.1,2.0,2.1,0.1,0.1,0.6,0.4,1.0,3.3,,0,0,1
499.0,Jalen Lecque,19.0,PHO,SG,5.0,0.0,32.0,2.7,0.46,0.4,0.2,0.0,7.0,3.5,8.6,0.0,0.0,15.5,17.1,0.0,0.0,0.0,-0.065,-6.6,-2.9,-9.5,-0.1,,2019,479.0,19.0,PHO,SG,5.0,0.0,6.4,0.8,2.0,0.4,0.0,0.8,0.0,0.8,1.2,0.667,0.4,0.4,0.4,1.0,0.0,0.4,0.4,0.4,0.0,0.0,0.4,0.6,2.0,,0,0,1
500.0,Brian Bowen,21.0,IND,SF,6.0,1.0,31.0,0.1,0.3,0.2,0.0,3.6,21.0,12.4,0.0,0.0,2.8,9.1,15.6,-0.1,0.0,-0.1,-0.107,-9.1,-1.8,-10.9,-0.1,,2019,514.0,21.0,IND,SF,6.0,1.0,5.2,0.5,1.7,0.3,0.0,0.3,0.0,0.5,1.3,0.375,0.3,0.0,0.0,,0.2,1.0,1.2,0.0,0.0,0.2,0.2,0.5,1.0,,0,0,1
501.0,Dewan Hernandez,23.0,TOR,C,6.0,0.0,28.0,12.9,0.432,0.143,0.357,19.3,33.2,26.4,16.4,1.7,0.0,15.6,29.3,0.0,0.1,0.0,0.043,-6.6,-3.0,-9.6,-0.1,,2019,466.0,23.0,TOR,C,6.0,0.0,4.7,0.8,2.3,0.357,0.2,0.3,0.5,0.7,2.0,0.333,0.393,0.5,0.8,0.6,0.8,1.5,2.3,0.5,0.2,0.0,0.5,1.0,2.3,,0,0,1
502.0,Josh Reaves,22.0,DAL,SF,4.0,0.0,28.0,5.8,0.405,0.222,0.222,3.8,7.4,5.6,14.2,0.0,0.0,0.0,15.1,0.0,0.0,0.0,0.031,-5.3,-4.0,-9.4,-0.1,,2019,481.0,22.0,DAL,SF,4.0,0.0,7.0,0.8,2.3,0.333,0.0,0.5,0.0,0.8,1.8,0.429,0.333,0.5,0.5,1.0,0.3,0.5,0.8,0.8,0.0,0.0,0.0,1.3,2.0,,0,0,1
503.0,Marial Shayok,24.0,PHI,SG,4.0,0.0,28.0,1.4,0.4,0.5,0.333,3.9,23.7,13.8,4.8,0.0,3.0,17.9,25.8,-0.1,0.0,-0.1,-0.13,-9.3,-3.7,-13.0,-0.1,,2019,451.0,24.0,PHI,SG,4.0,0.0,7.0,0.8,3.0,0.25,0.5,1.5,0.333,0.3,1.5,0.167,0.333,0.8,1.0,0.75,0.3,1.5,1.8,0.3,0.0,0.3,0.8,1.0,2.8,,0,0,1
504.0,KZ Okpala,20.0,MIA,PF,5.0,0.0,26.0,13.7,0.595,0.2,0.4,4.5,16.6,10.8,5.5,3.8,3.8,14.5,11.7,0.0,0.0,0.1,0.118,-1.3,3.7,2.4,0.0,,2019,500.0,20.0,MIA,PF,5.0,0.0,5.2,0.6,1.0,0.6,0.0,0.2,0.0,0.6,0.8,0.75,0.6,0.2,0.4,0.5,0.2,0.8,1.0,0.2,0.4,0.2,0.2,0.4,1.4,,0,0,1
509.0,Matt Mooney,23.0,CLE,SG,4.0,0.0,19.0,8.1,0.25,0.5,0.0,0.0,17.7,8.8,6.7,5.1,4.5,0.0,9.0,0.0,0.0,0.0,0.007,-5.3,5.0,-0.4,0.0,,2019,523.0,23.0,CLE,SG,4.0,0.0,4.8,0.3,1.0,0.25,0.0,0.5,0.0,0.3,0.5,0.5,0.25,0.0,0.0,,0.0,0.8,0.8,0.3,0.5,0.3,0.0,0.3,0.5,,0,0,1
510.0,Eric Mika,25.0,SAC,C,1.0,0.0,19.0,13.9,0.773,0.0,0.667,11.6,30.4,20.7,0.0,0.0,0.0,0.0,8.9,0.1,0.0,0.1,0.218,-1.9,-1.5,-3.4,0.0,,2019,309.0,25.0,SAC,C,1.0,0.0,19.0,2.0,3.0,0.667,0.0,0.0,,2.0,3.0,0.667,0.667,2.0,2.0,1.0,2.0,5.0,7.0,0.0,0.0,0.0,0.0,5.0,6.0,,0,0,1
512.0,Stanton Kidd,27.0,UTA,SG,4.0,0.0,15.0,-13.7,0.0,0.333,0.0,0.0,21.3,11.0,8.0,0.0,0.0,40.0,14.6,-0.1,0.0,-0.1,-0.327,-16.2,-1.4,-17.6,-0.1,,2019,527.0,27.0,UTA,SG,4.0,0.0,3.8,0.0,0.8,0.0,0.0,0.3,0.0,0.0,0.5,0.0,0.0,0.0,0.0,,0.0,0.8,0.8,0.3,0.0,0.0,0.5,0.8,0.0,,0,0,1
513.0,Tariq Owens,24.0,PHO,PF,3.0,0.0,15.0,8.4,0.34,0.4,0.4,14.6,7.5,11.1,0.0,3.2,0.0,0.0,16.7,0.0,0.0,0.0,0.021,-3.1,-2.7,-5.8,0.0,,2019,506.0,24.0,PHO,PF,3.0,0.0,5.0,0.3,1.7,0.2,0.0,0.7,0.0,0.3,1.0,0.333,0.2,0.7,0.7,1.0,0.7,0.3,1.0,0.0,0.3,0.0,0.0,0.3,1.3,,0,0,1
516.0,Kyle Alexander,23.0,MIA,C,2.0,0.0,13.0,4.7,0.5,0.0,0.0,17.9,8.3,12.9,0.0,0.0,0.0,33.3,10.2,0.0,0.0,0.0,-0.003,-6.4,-3.7,-10.1,0.0,,2019,513.0,23.0,MIA,C,2.0,0.0,6.5,0.5,1.0,0.5,0.0,0.0,,0.5,1.0,0.5,0.5,0.0,0.0,,1.0,0.5,1.5,0.0,0.0,0.0,0.5,0.5,1.0,,0,0,1
518.0,William Howard,26.0,HOU,PF,2.0,0.0,13.0,-12.7,0.0,1.0,0.0,0.0,16.3,8.1,9.1,0.0,0.0,20.0,15.9,-0.1,0.0,-0.1,-0.357,-14.2,-5.4,-19.6,-0.1,,2019,526.0,26.0,HOU,PF,2.0,0.0,6.5,0.0,2.0,0.0,0.0,2.0,0.0,0.0,0.0,,0.0,0.0,0.0,,0.0,1.0,1.0,0.5,0.0,0.0,0.5,0.5,0.0,,0,0,1
519.0,Shamorie Ponds,21.0,TOR,PG,4.0,0.0,11.0,33.1,0.765,0.4,0.4,0.0,9.4,4.8,32.4,0.0,8.9,0.0,22.8,0.1,0.0,0.1,0.45,8.4,5.3,13.7,0.0,,2019,467.0,21.0,TOR,PG,4.0,0.0,2.8,0.8,1.3,0.6,0.3,0.5,0.5,0.5,0.8,0.667,0.7,0.5,0.5,1.0,0.0,0.3,0.3,0.5,0.0,0.3,0.0,0.5,2.3,,0,0,1
520.0,Isaiah Roby,21.0,OKC,PF,3.0,0.0,11.0,-7.7,0.0,0.0,0.0,0.0,19.5,10.0,0.0,0.0,0.0,50.0,8.0,-0.1,0.0,0.0,-0.188,-12.0,-3.4,-15.4,0.0,,2019,529.0,21.0,OKC,PF,3.0,0.0,3.7,0.0,0.3,0.0,0.0,0.0,,0.0,0.3,0.0,0.0,0.0,0.0,,0.0,0.7,0.7,0.0,0.0,0.0,0.3,0.3,0.0,,0,0,1
521.0,Kyle Guy,22.0,SAC,SG,3.0,0.0,10.0,6.6,0.4,0.6,0.0,0.0,11.5,5.6,15.6,0.0,0.0,0.0,21.7,0.0,0.0,0.0,-0.045,-7.5,-4.8,-12.3,0.0,,2019,504.0,22.0,SAC,SG,3.0,0.0,3.3,0.7,1.7,0.4,0.0,1.0,0.0,0.7,0.7,1.0,0.4,0.0,0.0,,0.0,0.3,0.3,0.3,0.0,0.0,0.0,0.3,1.3,,0,0,1
522.0,Devontae Cacok,23.0,LAL,C,1.0,0.0,9.0,28.6,0.5,0.0,0.0,24.6,36.1,30.4,20.3,0.0,0.0,0.0,28.1,0.0,0.0,0.0,0.226,4.8,-4.6,0.2,0.0,,2019,306.0,23.0,LAL,C,1.0,0.0,9.0,3.0,6.0,0.5,0.0,0.0,,3.0,6.0,0.5,0.5,0.0,0.0,,2.0,3.0,5.0,1.0,0.0,0.0,0.0,0.0,6.0,,0,0,1
523.0,Jared Harper,22.0,PHO,PG,3.0,0.0,8.0,-5.3,0.25,0.5,0.0,0.0,0.0,0.0,0.0,0.0,0.0,0.0,21.3,0.0,0.0,0.0,-0.249,-10.1,-5.6,-15.7,0.0,,2019,521.0,22.0,PHO,PG,3.0,0.0,2.7,0.3,1.3,0.25,0.0,0.7,0.0,0.3,0.7,0.5,0.25,0.0,0.0,,0.0,0.0,0.0,0.0,0.0,0.0,0.0,0.0,0.7,,0,0,1
524.0,Max Strus,23.0,CHI,SF,2.0,0.0,6.0,30.7,0.727,0.333,0.333,17.5,0.0,9.2,0.0,0.0,0.0,0.0,24.4,0.0,0.0,0.0,0.316,5.7,-1.7,3.9,0.0,,2019,459.0,23.0,CHI,SF,2.0,0.0,3.0,1.0,1.5,0.667,0.0,0.5,0.0,1.0,1.0,1.0,0.667,0.5,0.5,1.0,0.5,0.0,0.5,0.0,0.0,0.0,0.0,0.5,2.5,,0,0,1
527.0,Malik Newman,22.0,CLE,SG,1.0,0.0,4.0,-11.4,0.347,0.5,1.0,0.0,0.0,0.0,0.0,0.0,0.0,25.8,41.5,0.0,0.0,0.0,-0.502,-14.5,-11.2,-25.7,0.0,,2019,480.0,22.0,CLE,SG,1.0,0.0,4.0,0.0,2.0,0.0,0.0,1.0,0.0,0.0,1.0,0.0,0.0,2.0,2.0,1.0,0.0,0.0,0.0,0.0,0.0,0.0,1.0,0.0,2.0,,0,0,1
528.0,Marques Bolden,21.0,CLE,C,1.0,0.0,3.0,19.8,,,,0.0,74.7,37.0,0.0,16.2,0.0,,0.0,0.0,0.0,0.0,0.282,-5.8,11.3,5.4,0.0,,2019,525.0,21.0,CLE,C,1.0,0.0,3.0,0.0,0.0,,0.0,0.0,,0.0,0.0,,,0.0,0.0,,0.0,2.0,2.0,0.0,1.0,0.0,0.0,1.0,0.0,,0,0,1
11.0,Anthony Edwards,19.0,MIN,SG,72.0,55.0,2314.0,13.9,0.523,0.429,0.225,2.7,13.5,7.9,14.6,1.7,1.3,10.7,27.0,-0.6,1.4,0.8,0.017,-0.4,-1.7,-2.1,-0.1,ROY-2,2020,49.0,19.0,MIN,SG,72.0,55.0,32.1,7.0,16.8,0.417,2.4,7.2,0.329,4.6,9.6,0.483,0.488,2.9,3.8,0.776,0.8,3.8,4.7,2.9,1.1,0.5,2.2,1.8,19.3,ROY-2,1,1,1
25.0,Isaac Okoro,20.0,CLE,SG,67.0,67.0,2173.0,7.9,0.514,0.383,0.281,3.4,7.3,5.3,8.6,1.4,1.0,12.0,14.3,-0.1,1.0,0.9,0.02,-4.2,-0.9,-5.1,-1.7,,2020,195.0,20.0,CLE,SG,67.0,67.0,32.4,3.5,8.3,0.42,0.9,3.2,0.29,2.6,5.1,0.501,0.476,1.7,2.3,0.726,1.0,2.1,3.1,1.9,0.9,0.4,1.3,2.8,9.6,,1,2,1
41.0,Jae'Sean Tate,25.0,HOU,SF,70.0,58.0,2043.0,13.8,0.576,0.312,0.235,6.6,13.2,9.8,13.2,2.0,1.6,12.4,16.4,2.2,1.6,3.8,0.088,-1.6,0.3,-1.4,0.3,,2020,155.0,25.0,HOU,SF,70.0,58.0,29.2,4.5,8.9,0.506,0.9,2.8,0.308,3.7,6.1,0.595,0.554,1.5,2.1,0.694,1.9,3.5,5.3,2.5,1.2,0.5,1.4,3.2,11.3,,1,1,1
52.0,Patrick Williams,19.0,CHI,PF,71.0,71.0,1983.0,10.5,0.562,0.261,0.237,3.7,14.4,9.1,6.7,1.6,2.0,14.4,14.9,0.3,2.2,2.5,0.06,-2.8,0.4,-2.4,-0.2,,2020,207.0,19.0,CHI,PF,71.0,71.0,27.9,3.6,7.4,0.483,0.8,1.9,0.391,2.8,5.5,0.515,0.534,1.3,1.8,0.728,0.9,3.7,4.6,1.4,0.9,0.6,1.4,1.8,9.2,,1,2,1
64.0,Saddiq Bey,21.0,DET,SF,70.0,53.0,1909.0,12.6,0.567,0.666,0.213,2.5,16.2,9.3,7.6,1.3,0.6,7.4,18.7,1.6,1.7,3.3,0.082,0.3,-0.8,-0.5,0.7,ROY-4,2020,138.0,21.0,DET,SF,70.0,53.0,27.3,4.0,9.9,0.404,2.5,6.6,0.38,1.5,3.3,0.45,0.53,1.8,2.1,0.844,0.6,3.9,4.5,1.4,0.7,0.2,0.9,1.6,12.2,ROY-4,1,1,1
90.0,Théo Maledon,19.0,OKC,PG,65.0,49.0,1778.0,8.2,0.489,0.51,0.22,1.4,11.0,6.2,18.8,1.5,0.5,17.3,19.4,-1.9,1.1,-0.8,-0.021,-4.0,-1.0,-5.0,-1.3,,2020,183.0,19.0,OKC,PG,65.0,49.0,27.4,3.5,9.4,0.368,1.6,4.8,0.335,1.9,4.6,0.402,0.454,1.6,2.1,0.748,0.4,2.9,3.2,3.5,0.9,0.2,2.2,1.9,10.1,,0,0,1
98.0,Tyrese Haliburton,20.0,SAC,PG,58.0,20.0,1746.0,16.2,0.585,0.478,0.09,2.4,8.6,5.5,24.6,2.1,1.4,12.5,18.1,2.8,0.7,3.5,0.096,1.9,-0.5,1.4,1.5,ROY-3,2020,121.0,20.0,SAC,PG,58.0,20.0,30.1,5.0,10.7,0.472,2.1,5.1,0.409,2.9,5.6,0.529,0.569,0.8,1.0,0.857,0.7,2.3,3.0,5.3,1.3,0.5,1.6,1.4,13.0,ROY-3,1,1,1
132.0,Desmond Bane,22.0,MEM,SG,68.0,17.0,1519.0,12.2,0.6,0.543,0.098,2.1,12.6,7.3,10.6,1.3,0.9,10.2,16.1,1.6,1.3,2.9,0.093,-0.6,-0.2,-0.8,0.5,,2020,204.0,22.0,MEM,SG,68.0,17.0,22.3,3.4,7.3,0.469,1.7,4.0,0.432,1.7,3.4,0.513,0.586,0.6,0.7,0.816,0.5,2.6,3.1,1.7,0.6,0.2,0.9,1.8,9.2,,1,2,1
134.0,Jaden McDaniels,20.0,MIN,PF,63.0,27.0,1511.0,8.9,0.552,0.54,0.123,3.6,13.4,8.3,6.4,1.1,3.4,10.8,12.0,0.5,0.9,1.4,0.046,-3.3,-0.2,-3.5,-0.6,,2020,295.0,20.0,MIN,PF,63.0,27.0,24.0,2.6,5.8,0.447,1.1,3.1,0.364,1.5,2.7,0.544,0.545,0.4,0.7,0.6,0.8,2.9,3.7,1.1,0.6,1.0,0.7,2.7,6.8,,0,0,1
143.0,LaMelo Ball,19.0,CHO,PG,51.0,31.0,1469.0,17.5,0.539,0.388,0.246,4.6,17.9,11.1,33.9,2.7,1.2,16.3,26.1,1.0,1.9,2.8,0.093,1.1,0.7,1.8,1.4,ROY-1,2020,78.0,19.0,CHO,PG,51.0,31.0,28.8,5.7,13.2,0.436,1.8,5.1,0.352,3.9,8.1,0.489,0.504,2.5,3.2,0.758,1.2,4.7,5.9,6.1,1.6,0.4,2.8,2.7,15.7,ROY-1,1,1,1
146.0,Isaiah Stewart,19.0,DET,C,68.0,14.0,1455.0,16.4,0.597,0.154,0.225,12.0,22.7,17.3,6.3,1.3,5.2,13.0,15.5,1.9,2.1,4.0,0.132,-1.6,0.5,-1.1,0.3,,2020,247.0,19.0,DET,C,68.0,14.0,21.4,3.3,6.0,0.553,0.3,0.9,0.333,3.0,5.1,0.592,0.578,0.9,1.4,0.696,2.3,4.3,6.7,0.9,0.6,1.3,1.0,2.7,7.9,,1,2,1
154.0,Facundo Campazzo,29.0,DEN,PG,65.0,19.0,1425.0,11.6,0.558,0.686,0.289,1.8,8.9,5.3,20.2,2.7,1.0,17.1,13.1,1.6,1.5,3.1,0.105,-1.7,1.2,-0.6,0.5,6MOY-15,2020,323.0,29.0,DEN,PG,65.0,19.0,21.9,1.8,4.8,0.381,1.2,3.3,0.352,0.7,1.5,0.444,0.502,1.2,1.4,0.879,0.3,1.7,2.1,3.6,1.2,0.2,1.1,2.0,6.1,6MOY-15,0,0,1
188.0,Cole Anthony,20.0,ORL,PG,47.0,34.0,1273.0,12.1,0.496,0.312,0.237,3.0,15.4,9.0,24.2,1.1,1.3,14.8,24.3,-0.9,0.9,0.0,-0.001,-1.9,-1.4,-3.3,-0.4,,2020,123.0,20.0,ORL,PG,47.0,34.0,27.1,4.7,11.7,0.397,1.2,3.7,0.337,3.4,8.1,0.424,0.449,2.3,2.8,0.832,0.8,3.9,4.7,4.1,0.6,0.4,2.3,2.1,12.9,,0,0,1
189.0,Payton Pritchard,23.0,BOS,SG,66.0,4.0,1268.0,12.4,0.582,0.593,0.108,2.9,11.1,6.9,13.3,1.4,0.7,10.8,16.7,1.6,0.9,2.5,0.095,-0.3,-0.4,-0.7,0.4,,2020,256.0,23.0,BOS,SG,66.0,4.0,19.2,2.8,6.3,0.44,1.5,3.8,0.411,1.2,2.6,0.482,0.562,0.6,0.7,0.889,0.5,1.9,2.4,1.8,0.6,0.1,0.8,1.6,7.7,,0,0,1
193.0,Deni Avdija,20.0,WAS,SF,54.0,32.0,1257.0,7.6,0.515,0.538,0.144,1.9,20.2,11.0,6.3,1.2,1.0,9.0,12.0,0.0,1.2,1.2,0.046,-3.6,0.4,-3.1,-0.4,,2020,318.0,20.0,WAS,SF,54.0,32.0,23.3,2.4,5.8,0.417,1.0,3.1,0.315,1.4,2.7,0.535,0.502,0.5,0.8,0.644,0.4,4.4,4.9,1.2,0.6,0.3,0.6,2.6,6.3,,0,0,1
196.0,Immanuel Quickley,21.0,NYK,PG,64.0,3.0,1243.0,15.8,0.557,0.522,0.3,2.2,9.7,6.0,16.2,1.2,0.9,8.1,25.6,1.8,1.4,3.2,0.125,1.4,-0.5,0.9,0.9,,2020,153.0,21.0,NYK,PG,64.0,3.0,19.4,3.6,9.1,0.395,1.8,4.7,0.389,1.7,4.3,0.401,0.497,2.4,2.7,0.891,0.4,1.8,2.1,2.0,0.5,0.2,0.9,1.8,11.4,,1,2,1
221.0,Chuma Okeke,22.0,ORL,PF,45.0,19.0,1133.0,11.8,0.511,0.435,0.123,3.7,13.2,8.3,13.2,2.1,1.8,10.0,14.5,0.3,1.0,1.3,0.056,-1.9,0.5,-1.5,0.1,,2020,249.0,22.0,ORL,PF,45.0,19.0,25.2,3.0,7.2,0.417,1.1,3.1,0.348,1.9,4.1,0.47,0.492,0.7,0.9,0.75,0.9,3.1,4.0,2.2,1.1,0.5,0.8,1.1,7.8,,0,0,1
229.0,Aleksej Pokusevski,19.0,OKC,PF,45.0,28.0,1090.0,6.1,0.43,0.507,0.103,2.8,17.6,10.1,13.1,0.9,3.4,18.8,20.5,-2.9,1.0,-1.9,-0.084,-5.1,-1.0,-6.1,-1.1,,2020,238.0,19.0,OKC,PF,45.0,28.0,24.2,3.1,9.1,0.341,1.3,4.6,0.28,1.8,4.5,0.403,0.412,0.7,0.9,0.738,0.7,4.0,4.7,2.2,0.4,0.9,2.2,1.3,8.2,,0,0,1
231.0,Xavier Tillman Sr.,22.0,MEM,PF,59.0,12.0,1085.0,14.7,0.605,0.217,0.177,7.2,18.0,12.5,9.4,1.9,2.7,12.3,14.3,1.4,1.5,2.9,0.127,-1.3,1.1,-0.2,0.5,,2020,308.0,22.0,MEM,PF,59.0,12.0,18.4,2.8,5.1,0.559,0.4,1.1,0.338,2.5,4.0,0.62,0.595,0.6,0.9,0.642,1.3,3.1,4.3,1.3,0.7,0.6,0.8,2.0,6.6,,0,0,1
237.0,KJ Martin,20.0,HOU,SF,45.0,8.0,1068.0,14.6,0.59,0.302,0.264,7.0,17.6,12.1,6.8,1.3,3.4,9.7,15.6,1.3,0.9,2.2,0.099,-1.4,-0.4,-1.8,0.0,,2020,201.0,20.0,HOU,SF,45.0,8.0,23.7,3.6,7.1,0.509,0.8,2.1,0.365,2.8,4.9,0.572,0.564,1.3,1.9,0.714,1.6,3.8,5.4,1.1,0.7,0.9,0.8,2.0,9.3,,0,0,1
240.0,Devin Vassell,20.0,SAS,SF,62.0,7.0,1056.0,10.6,0.524,0.495,0.168,2.4,15.4,8.8,7.1,2.0,1.4,6.3,14.3,0.4,1.1,1.5,0.069,-2.2,0.7,-1.5,0.1,,2020,345.0,20.0,SAS,SF,62.0,7.0,17.0,2.0,4.9,0.406,0.8,2.4,0.347,1.1,2.5,0.464,0.492,0.7,0.8,0.843,0.4,2.4,2.8,0.9,0.7,0.3,0.4,1.4,5.5,,0,0,1
268.0,Tyrese Maxey,20.0,PHI,SG,61.0,8.0,935.0,14.5,0.531,0.24,0.163,1.3,10.8,6.1,19.9,1.3,1.2,8.2,23.0,0.8,1.1,1.9,0.099,-1.0,-0.5,-1.5,0.1,,2020,243.0,20.0,PHI,SG,61.0,8.0,15.3,3.2,7.0,0.462,0.5,1.7,0.301,2.7,5.3,0.512,0.498,1.0,1.1,0.871,0.2,1.5,1.7,2.0,0.4,0.2,0.7,1.3,8.0,,0,0,1
270.0,Malachi Flynn,22.0,TOR,PG,47.0,14.0,928.0,10.9,0.484,0.494,0.165,1.1,13.0,6.9,21.4,2.0,0.8,10.5,19.0,0.0,0.8,0.8,0.041,-2.5,-0.2,-2.6,-0.1,,2020,264.0,22.0,TOR,PG,47.0,14.0,19.7,2.7,7.2,0.374,1.1,3.6,0.321,1.6,3.7,0.424,0.453,1.0,1.2,0.804,0.2,2.3,2.5,2.9,0.8,0.1,0.9,1.4,7.5,,0,0,1
278.0,Kira Lewis Jr.,19.0,NOP,PG,54.0,0.0,904.0,10.3,0.477,0.356,0.151,1.4,7.1,4.3,18.7,2.0,1.0,8.6,18.3,0.2,0.6,0.9,0.045,-3.2,-0.2,-3.4,-0.3,,2020,316.0,19.0,NOP,PG,54.0,0.0,16.7,2.4,6.2,0.386,0.7,2.2,0.333,1.7,4.0,0.415,0.445,0.8,0.9,0.843,0.2,1.1,1.3,2.3,0.7,0.2,0.6,1.6,6.4,,0,0,1
281.0,R.J. Hampton,19.0,2TM,SG,51.0,1.0,888.0,11.1,0.507,0.278,0.262,3.4,18.4,10.7,15.2,1.2,1.0,13.2,19.6,-0.3,0.7,0.4,0.021,-2.6,-1.2,-3.8,-0.4,,2020,288.0,19.0,2TM,SG,51.0,1.0,17.4,2.7,6.1,0.435,0.5,1.7,0.31,2.1,4.4,0.482,0.478,1.1,1.6,0.671,0.6,2.9,3.5,1.7,0.4,0.2,1.0,1.2,6.9,,0,0,1
294.0,James Wiseman,19.0,GSW,C,39.0,27.0,836.0,13.1,0.552,0.103,0.234,7.1,21.5,14.4,4.9,0.6,3.8,12.9,23.8,-0.4,1.2,0.7,0.042,-4.0,-1.0,-5.0,-0.6,,2020,150.0,19.0,GSW,C,39.0,27.0,21.4,4.9,9.4,0.519,0.3,1.0,0.316,4.6,8.5,0.542,0.535,1.4,2.2,0.628,1.4,4.4,5.8,0.7,0.3,0.9,1.5,3.1,11.5,,0,0,1
304.0,Saben Lee,21.0,DET,PG,48.0,7.0,781.0,13.8,0.536,0.11,0.424,2.8,11.1,6.9,33.2,2.0,1.5,18.1,17.0,0.7,0.8,1.5,0.091,-2.1,0.2,-2.0,0.0,,2020,338.0,21.0,DET,PG,48.0,7.0,16.3,2.1,4.4,0.471,0.2,0.5,0.348,1.9,3.9,0.487,0.49,1.3,1.9,0.685,0.4,1.6,2.0,3.6,0.7,0.3,1.1,1.6,5.6,,0,0,1
313.0,Precious Achiuwa,21.0,MIA,PF,61.0,4.0,737.0,14.2,0.55,0.004,0.482,11.5,20.6,16.1,6.1,1.3,4.0,13.5,19.5,0.3,1.0,1.3,0.085,-3.6,-0.5,-4.1,-0.4,,2020,369.0,21.0,MIA,PF,61.0,4.0,12.1,2.0,3.7,0.544,0.0,0.0,0.0,2.0,3.7,0.546,0.544,0.9,1.8,0.509,1.2,2.2,3.4,0.5,0.3,0.5,0.7,1.5,5.0,,0,0,1
321.0,Naji Marshall,23.0,NOP,SF,32.0,10.0,700.0,11.4,0.508,0.397,0.359,2.3,20.6,11.5,16.5,1.8,1.4,13.6,16.8,0.2,0.7,0.9,0.061,-2.1,0.8,-1.3,0.1,,2020,255.0,23.0,NOP,SF,32.0,10.0,21.9,2.6,6.5,0.392,0.9,2.6,0.349,1.7,3.9,0.421,0.462,1.7,2.3,0.707,0.5,4.2,4.6,2.8,0.8,0.3,1.2,1.8,7.7,,0,0,1
325.0,Obi Toppin,22.0,NYK,PF,62.0,0.0,683.0,12.7,0.574,0.407,0.124,4.2,17.6,11.0,6.4,1.2,2.1,9.4,15.9,0.5,1.0,1.5,0.109,-1.4,0.7,-0.7,0.2,,2020,410.0,22.0,NYK,PF,62.0,0.0,11.0,1.7,3.4,0.498,0.4,1.4,0.306,1.3,2.0,0.629,0.56,0.3,0.4,0.731,0.4,1.8,2.2,0.5,0.3,0.2,0.4,0.9,4.1,,0,0,1
331.0,Killian Hayes,19.0,DET,PG,26.0,18.0,670.0,5.3,0.422,0.358,0.085,1.0,10.6,5.7,29.7,2.0,1.3,28.5,19.0,-1.8,0.6,-1.1,-0.081,-6.3,-0.9,-7.2,-0.9,,2020,293.0,19.0,DET,PG,26.0,18.0,25.8,2.7,7.7,0.353,0.8,2.8,0.278,2.0,5.0,0.395,0.403,0.5,0.7,0.824,0.2,2.4,2.7,5.3,1.0,0.4,3.2,2.2,6.8,,0,0,1
332.0,Aaron Nesmith,21.0,BOS,SF,46.0,1.0,669.0,9.4,0.573,0.607,0.157,4.6,16.6,10.6,4.6,1.1,1.3,10.8,13.7,0.5,0.6,1.1,0.076,-2.8,-0.4,-3.2,-0.2,,2020,385.0,21.0,BOS,SF,46.0,1.0,14.5,1.7,3.9,0.438,0.9,2.3,0.37,0.8,1.5,0.543,0.551,0.5,0.6,0.786,0.6,2.2,2.8,0.5,0.3,0.2,0.5,1.9,4.7,,0,0,1
342.0,Onyeka Okongwu,20.0,ATL,C,50.0,4.0,601.0,16.8,0.655,0.02,0.383,11.5,18.0,14.9,4.4,1.9,4.8,14.3,14.7,1.1,0.8,1.9,0.155,-2.2,0.8,-1.4,0.1,,2020,389.0,20.0,ATL,C,50.0,4.0,12.0,1.9,3.0,0.644,0.0,0.1,0.0,1.9,2.9,0.658,0.644,0.7,1.1,0.632,1.2,2.0,3.3,0.4,0.5,0.7,0.6,2.0,4.6,,0,0,1
357.0,Armoni Brooks,22.0,HOU,SG,20.0,5.0,520.0,10.4,0.565,0.818,0.063,2.0,12.4,7.0,8.7,1.1,0.9,10.0,17.9,0.1,0.2,0.3,0.03,-1.1,-2.1,-3.2,-0.2,,2020,157.0,22.0,HOU,SG,20.0,5.0,26.0,3.9,9.6,0.406,3.0,7.9,0.382,0.9,1.8,0.514,0.563,0.4,0.6,0.583,0.5,2.9,3.4,1.5,0.6,0.3,1.1,1.7,11.2,,0,0,1
360.0,Dylan Windler,24.0,CLE,SF,31.0,0.0,513.0,10.8,0.567,0.592,0.208,4.3,19.5,11.7,9.4,1.8,2.1,18.4,14.8,0.0,0.5,0.5,0.045,-2.0,0.3,-1.7,0.0,,2020,363.0,24.0,CLE,SF,31.0,0.0,16.5,1.8,4.2,0.438,0.8,2.5,0.338,1.0,1.7,0.585,0.538,0.7,0.9,0.778,0.6,2.8,3.5,1.1,0.6,0.4,1.0,1.2,5.2,,0,0,1
363.0,Lamar Stevens,23.0,CLE,PF,40.0,0.0,499.0,10.5,0.521,0.184,0.375,5.3,16.6,10.8,7.4,1.7,2.3,12.7,15.8,0.0,0.5,0.4,0.043,-4.2,0.0,-4.2,-0.3,,2020,409.0,23.0,CLE,PF,40.0,0.0,12.5,1.6,3.4,0.456,0.1,0.6,0.16,1.5,2.8,0.523,0.471,0.9,1.3,0.725,0.6,1.8,2.4,0.6,0.4,0.3,0.6,1.3,4.1,,0,0,1
371.0,Josh Green,20.0,DAL,SG,39.0,5.0,445.0,8.8,0.49,0.269,0.247,7.0,12.3,9.7,8.3,1.8,0.6,14.2,11.9,0.1,0.4,0.5,0.05,-3.7,0.1,-3.6,-0.2,,2020,462.0,20.0,DAL,SG,39.0,5.0,11.4,1.1,2.4,0.452,0.1,0.6,0.16,1.0,1.7,0.559,0.473,0.3,0.6,0.565,0.7,1.3,2.0,0.7,0.4,0.1,0.4,0.9,2.6,,0,0,1
378.0,Anthony Lamb,23.0,HOU,SF,24.0,3.0,415.0,8.7,0.523,0.602,0.178,6.7,11.5,9.0,7.9,0.7,1.1,13.0,15.0,0.1,0.1,0.2,0.023,-3.4,-2.7,-6.1,-0.4,,2020,343.0,23.0,HOU,SF,24.0,3.0,17.3,1.9,4.9,0.39,1.0,3.0,0.324,1.0,2.0,0.489,0.487,0.8,0.9,0.857,1.1,1.8,2.9,1.0,0.3,0.2,0.8,1.4,5.5,,0,0,1
379.0,Brodric Thomas,24.0,2TM,SG,32.0,1.0,399.0,8.0,0.487,0.546,0.426,2.2,12.9,7.4,10.7,1.8,2.2,14.6,16.4,-0.3,0.3,0.1,0.006,-4.7,0.3,-4.4,-0.2,,2020,417.0,24.0,2TM,SG,32.0,1.0,12.5,1.2,3.4,0.361,0.5,1.8,0.271,0.7,1.5,0.469,0.435,1.0,1.4,0.674,0.3,1.4,1.7,0.9,0.5,0.3,0.7,1.3,3.9,,0,0,1
380.0,Zeke Nnaji,20.0,DEN,PF,42.0,1.0,397.0,11.3,0.615,0.567,0.144,4.0,14.5,9.3,3.3,1.0,1.0,6.0,12.9,0.6,0.3,0.9,0.104,-0.6,-1.1,-1.7,0.0,,2020,437.0,20.0,DEN,PF,42.0,1.0,9.5,1.2,2.5,0.481,0.6,1.4,0.407,0.6,1.1,0.578,0.596,0.3,0.4,0.8,0.3,1.2,1.5,0.2,0.2,0.1,0.2,0.7,3.2,,0,0,1
382.0,Freddie Gillespie,23.0,TOR,PF,20.0,2.0,392.0,13.4,0.563,0.0,0.393,11.4,16.0,13.6,3.2,1.6,5.1,10.9,12.2,0.5,0.5,0.9,0.116,-3.1,-0.1,-3.2,-0.1,,2020,336.0,23.0,TOR,PF,20.0,2.0,19.6,2.2,4.2,0.524,0.0,0.0,,2.2,4.2,0.524,0.524,1.2,1.7,0.697,2.1,2.8,4.9,0.5,0.7,1.0,0.6,2.2,5.6,,0,0,1
384.0,Isaiah Joe,21.0,PHI,SG,41.0,1.0,383.0,9.5,0.533,0.797,0.18,1.8,8.5,5.2,7.2,1.5,0.9,7.1,17.4,0.2,0.4,0.6,0.078,-2.0,-1.0,-3.0,-0.1,,2020,428.0,21.0,PHI,SG,41.0,1.0,9.3,1.2,3.2,0.361,1.0,2.6,0.368,0.2,0.7,0.333,0.508,0.4,0.6,0.75,0.1,0.7,0.9,0.5,0.3,0.1,0.3,0.8,3.7,,0,0,1
386.0,Nico Mannion,19.0,GSW,PG,30.0,1.0,364.0,9.3,0.487,0.526,0.246,1.8,11.5,6.7,25.6,2.1,0.2,19.7,18.5,-0.2,0.4,0.2,0.029,-3.4,-0.5,-3.9,-0.2,,2020,407.0,19.0,GSW,PG,30.0,1.0,12.1,1.3,3.8,0.342,0.7,2.0,0.367,0.6,1.8,0.315,0.439,0.8,0.9,0.821,0.2,1.3,1.5,2.3,0.5,0.0,1.0,1.0,4.1,,0,0,1
393.0,Josh Hall,20.0,OKC,SF,21.0,1.0,336.0,1.0,0.363,0.374,0.444,1.8,16.6,9.1,11.6,0.6,0.3,17.4,18.1,-1.1,0.2,-0.9,-0.126,-9.7,-2.2,-11.9,-0.8,,2020,405.0,20.0,OKC,SF,21.0,1.0,16.0,1.4,4.7,0.303,0.2,1.8,0.108,1.2,3.0,0.419,0.323,1.0,2.1,0.5,0.3,2.5,2.8,1.3,0.2,0.0,1.2,1.8,4.1,,0,0,1
394.0,Mason Jones,22.0,2TM,SG,32.0,1.0,334.0,12.1,0.556,0.537,0.52,2.2,16.0,8.8,18.9,1.0,0.3,16.1,23.0,0.0,0.2,0.2,0.028,-1.4,-1.2,-2.7,-0.1,,2020,354.0,22.0,2TM,SG,32.0,1.0,10.4,1.6,3.8,0.423,0.8,2.1,0.364,0.9,1.8,0.491,0.52,1.3,2.0,0.625,0.2,1.5,1.7,1.3,0.2,0.0,0.9,0.8,5.3,,0,0,1
404.0,Trent Forrest,22.0,UTA,PG,30.0,0.0,302.0,11.2,0.554,0.366,0.268,4.0,11.1,7.7,19.9,1.5,1.1,20.9,14.3,0.3,0.4,0.7,0.106,-2.5,1.2,-1.3,0.1,,2020,452.0,22.0,UTA,PG,30.0,0.0,10.1,1.1,2.4,0.451,0.2,0.9,0.192,0.9,1.5,0.6,0.486,0.6,0.6,1.0,0.4,1.1,1.5,1.5,0.3,0.1,0.7,0.7,2.9,,0,0,1
410.0,Nathan Knight,23.0,ATL,PF,33.0,0.0,279.0,13.9,0.499,0.33,0.55,10.8,17.3,14.1,4.0,1.6,3.2,10.8,21.7,0.1,0.3,0.4,0.07,-2.6,-1.0,-3.7,-0.1,,2020,423.0,23.0,ATL,PF,33.0,0.0,8.5,1.1,3.0,0.37,0.2,1.0,0.182,0.9,2.0,0.463,0.4,1.3,1.7,0.8,0.8,1.4,2.2,0.2,0.3,0.3,0.5,0.7,3.8,,0,0,1
412.0,Jordan Nwora,22.0,MIL,SF,30.0,2.0,274.0,16.1,0.586,0.459,0.185,3.6,18.9,11.5,3.6,2.7,2.3,14.1,26.0,0.0,0.4,0.4,0.068,-0.7,-0.4,-1.1,0.1,,2020,333.0,22.0,MIL,SF,30.0,2.0,9.1,2.1,4.5,0.459,0.9,2.1,0.452,1.1,2.4,0.466,0.563,0.6,0.8,0.76,0.3,1.7,2.0,0.2,0.5,0.2,0.8,0.7,5.7,,0,0,1
415.0,Tre Jones,21.0,SAS,PG,37.0,1.0,269.0,12.1,0.544,0.064,0.244,3.1,5.2,4.2,20.0,1.4,0.0,13.1,16.1,0.2,0.1,0.4,0.066,-2.2,-1.3,-3.5,-0.1,,2020,468.0,21.0,SAS,PG,37.0,1.0,7.3,1.0,2.1,0.474,0.1,0.1,0.6,0.9,2.0,0.466,0.494,0.5,0.5,0.895,0.2,0.4,0.6,1.1,0.2,0.0,0.4,0.4,2.5,,0,0,1
416.0,Skylar Mays,23.0,ATL,SG,33.0,0.0,269.0,16.8,0.569,0.408,0.255,4.2,10.0,7.1,16.4,2.6,0.7,7.6,19.1,0.5,0.3,0.8,0.14,1.2,0.7,1.9,0.3,,2020,425.0,23.0,ATL,SG,33.0,0.0,8.2,1.3,3.0,0.449,0.4,1.2,0.35,0.9,1.8,0.517,0.52,0.7,0.8,0.88,0.3,0.8,1.1,0.9,0.4,0.1,0.3,0.5,3.8,,0,0,1
426.0,Sam Merrill,24.0,MIL,SG,30.0,2.0,233.0,11.9,0.603,0.653,0.056,2.8,10.4,6.8,11.4,1.6,0.4,11.9,15.0,0.3,0.2,0.5,0.102,-0.7,-0.3,-1.0,0.1,,2020,449.0,24.0,MIL,SG,30.0,2.0,7.8,1.1,2.4,0.444,0.7,1.6,0.447,0.4,0.8,0.44,0.59,0.1,0.1,1.0,0.2,0.8,1.0,0.7,0.3,0.0,0.3,0.6,3.0,,0,0,1
430.0,Anthony Gill,28.0,WAS,PF,26.0,4.0,218.0,13.7,0.597,0.4,0.267,7.8,17.0,12.4,6.7,2.1,1.5,10.7,14.2,0.3,0.3,0.6,0.123,-1.6,0.3,-1.3,0.0,,2020,443.0,28.0,WAS,PF,26.0,4.0,8.4,1.2,2.3,0.5,0.3,0.9,0.292,0.9,1.4,0.639,0.558,0.5,0.6,0.813,0.6,1.3,2.0,0.4,0.4,0.2,0.3,1.0,3.1,,0,0,1
433.0,Gabriel Deck,25.0,OKC,PF,10.0,0.0,212.0,16.1,0.548,0.224,0.328,7.8,11.9,9.8,17.3,1.8,0.0,7.3,16.6,0.4,0.1,0.5,0.12,0.0,-0.4,-0.4,0.1,,2020,231.0,25.0,OKC,PF,10.0,0.0,21.2,3.2,6.7,0.478,0.2,1.5,0.133,3.0,5.2,0.577,0.493,1.8,2.2,0.818,1.6,2.4,4.0,2.4,0.8,0.0,0.6,0.9,8.4,,0,0,1
434.0,Reggie Perry,20.0,BRK,PF,26.0,0.0,211.0,11.0,0.466,0.269,0.167,14.9,22.9,19.1,9.0,1.4,2.5,15.2,20.4,-0.1,0.2,0.2,0.04,-5.3,-1.4,-6.7,-0.2,,2020,450.0,20.0,BRK,PF,26.0,0.0,8.1,1.2,3.0,0.41,0.2,0.8,0.19,1.1,2.2,0.491,0.436,0.4,0.5,0.769,1.0,1.8,2.8,0.5,0.2,0.2,0.6,1.5,3.0,,0,0,1
436.0,Markus Howard,21.0,DEN,SG,37.0,1.0,205.0,6.4,0.477,0.613,0.085,0.6,11.0,5.8,12.6,1.0,0.5,14.1,27.2,-0.4,0.1,-0.3,-0.068,-5.5,-3.2,-8.7,-0.3,,2020,457.0,21.0,DEN,SG,37.0,1.0,5.5,1.1,2.9,0.377,0.5,1.8,0.277,0.6,1.1,0.537,0.462,0.2,0.2,0.778,0.0,0.5,0.6,0.5,0.1,0.0,0.5,0.6,2.8,,0,0,1
440.0,CJ Elleby,20.0,POR,SF,30.0,0.0,192.0,9.4,0.468,0.515,0.227,6.0,12.0,8.9,7.1,1.5,1.4,6.4,17.4,0.0,0.1,0.1,0.032,-4.0,-0.9,-4.9,-0.1,,2020,477.0,20.0,POR,SF,30.0,0.0,6.4,0.8,2.2,0.379,0.2,1.1,0.206,0.6,1.1,0.563,0.432,0.4,0.5,0.733,0.4,0.7,1.1,0.3,0.2,0.1,0.2,0.9,2.3,,0,0,1
442.0,Killian Tillie,22.0,MEM,C,18.0,1.0,182.0,8.5,0.461,0.579,0.193,3.5,10.6,7.0,5.6,1.3,4.0,3.1,14.8,0.0,0.2,0.2,0.055,-3.4,-0.3,-3.7,-0.1,,2020,438.0,22.0,MEM,C,18.0,1.0,10.1,1.1,3.2,0.333,0.6,1.8,0.303,0.5,1.3,0.375,0.421,0.5,0.6,0.818,0.3,1.0,1.3,0.4,0.3,0.4,0.1,1.1,3.2,,0,0,1
444.0,Paul Reed,21.0,PHI,PF,26.0,0.0,177.0,21.2,0.54,0.077,0.103,19.0,18.9,19.0,11.0,2.7,6.6,12.8,22.7,0.2,0.4,0.6,0.162,-1.8,0.8,-1.0,0.0,,2020,433.0,21.0,PHI,PF,26.0,0.0,6.8,1.6,3.0,0.538,0.0,0.2,0.0,1.6,2.8,0.583,0.538,0.2,0.3,0.5,1.2,1.2,2.3,0.5,0.4,0.5,0.5,1.1,3.4,,0,0,1
445.0,Jalen Harris,22.0,TOR,SG,13.0,2.0,172.0,15.2,0.632,0.5,0.125,1.9,9.9,5.8,16.0,2.3,0.0,15.6,22.6,0.1,0.1,0.3,0.079,0.5,-0.3,0.3,0.1,,2020,269.0,22.0,TOR,SG,13.0,2.0,13.2,2.8,5.5,0.5,1.3,2.8,0.472,1.5,2.8,0.528,0.618,0.5,0.7,0.778,0.2,1.2,1.4,1.3,0.6,0.0,1.1,1.2,7.4,,0,0,1
447.0,Daniel Oturu,21.0,LAC,C,30.0,0.0,161.0,12.5,0.471,0.096,0.231,15.1,18.3,16.8,8.5,1.2,3.9,13.6,18.2,0.0,0.2,0.3,0.081,-4.1,-1.1,-5.2,-0.1,,2020,498.0,21.0,LAC,C,30.0,0.0,5.4,0.7,1.7,0.423,0.0,0.2,0.2,0.7,1.6,0.447,0.433,0.3,0.4,0.75,0.7,0.9,1.6,0.3,0.1,0.2,0.3,0.8,1.8,,0,0,1
449.0,Sean McDermott,24.0,MEM,SF,18.0,0.0,158.0,7.2,0.534,0.667,0.242,4.0,8.8,6.4,3.1,0.6,1.7,9.9,10.8,0.1,0.1,0.2,0.05,-3.1,-1.2,-4.3,-0.1,,2020,481.0,24.0,MEM,SF,18.0,0.0,8.8,0.7,1.8,0.394,0.3,1.2,0.227,0.4,0.6,0.727,0.47,0.4,0.4,1.0,0.3,0.7,1.1,0.2,0.1,0.2,0.2,0.4,2.2,,0,0,1
451.0,Jalen Smith,20.0,PHO,PF,27.0,1.0,156.0,8.4,0.499,0.34,0.14,5.2,21.4,13.4,3.4,0.3,2.9,11.7,17.1,-0.1,0.2,0.1,0.022,-4.8,-1.3,-6.1,-0.2,,2020,493.0,20.0,PHO,PF,27.0,1.0,5.8,0.8,1.9,0.44,0.1,0.6,0.235,0.7,1.2,0.545,0.48,0.2,0.3,0.714,0.3,1.1,1.4,0.1,0.0,0.2,0.3,0.6,2.0,,0,0,1
456.0,Mamadi Diakite,24.0,MIL,PF,14.0,1.0,141.0,12.3,0.477,0.2,0.35,6.2,18.7,12.7,7.0,2.3,3.8,6.1,14.6,0.1,0.2,0.3,0.102,-3.3,0.9,-2.4,0.0,,2020,442.0,24.0,MIL,PF,14.0,1.0,10.1,1.1,2.9,0.4,0.1,0.6,0.125,1.1,2.3,0.469,0.413,0.8,1.0,0.786,0.6,1.9,2.4,0.6,0.5,0.4,0.2,1.1,3.1,,0,0,1
460.0,Deividas Sirvydis,20.0,DET,SG,20.0,0.0,133.0,5.7,0.481,0.7,0.15,0.0,24.5,12.1,5.4,0.7,0.0,10.5,15.7,-0.1,0.1,0.0,-0.01,-4.2,-1.2,-5.4,-0.1,,2020,487.0,20.0,DET,SG,20.0,0.0,6.7,0.7,2.0,0.35,0.5,1.4,0.357,0.2,0.6,0.333,0.475,0.2,0.3,0.5,0.0,1.5,1.5,0.3,0.1,0.0,0.3,0.5,2.1,,0,0,1
462.0,Dakota Mathias,25.0,PHI,SG,8.0,2.0,123.0,9.8,0.474,0.542,0.125,0.9,5.3,3.1,15.1,0.4,2.2,1.9,18.1,0.0,0.1,0.2,0.061,-1.5,-1.0,-2.6,0.0,,2020,327.0,25.0,PHI,SG,8.0,2.0,15.4,2.4,6.0,0.396,1.0,3.3,0.308,1.4,2.8,0.5,0.479,0.3,0.8,0.333,0.1,0.8,0.9,1.6,0.1,0.4,0.1,0.9,6.0,,0,0,1
466.0,Vernon Carey Jr.,19.0,CHO,C,19.0,4.0,115.0,11.7,0.563,0.194,0.306,5.6,20.1,12.7,2.6,0.4,4.3,10.9,17.2,0.0,0.1,0.2,0.066,-4.4,-1.7,-6.1,-0.1,,2020,473.0,19.0,CHO,C,19.0,4.0,6.1,0.9,1.9,0.5,0.1,0.4,0.143,0.9,1.5,0.586,0.514,0.5,0.6,0.818,0.3,1.1,1.4,0.1,0.1,0.3,0.3,0.7,2.4,,0,0,1
468.0,Robert Franks,24.0,ORL,PF,7.0,0.0,101.0,16.5,0.638,0.536,0.464,6.0,8.5,7.2,7.4,1.4,2.7,5.6,15.3,0.3,0.1,0.3,0.158,0.7,-0.8,-0.2,0.0,,2020,324.0,24.0,ORL,PF,7.0,0.0,14.4,1.9,4.0,0.464,0.7,2.1,0.333,1.1,1.9,0.615,0.554,1.7,1.9,0.923,0.9,1.1,2.0,0.7,0.4,0.4,0.3,1.1,6.1,,0,0,1
470.0,Cassius Winston,22.0,WAS,PG,22.0,0.0,98.0,10.8,0.575,0.515,0.182,0.0,9.7,4.9,16.3,0.9,0.9,12.3,17.2,0.1,0.1,0.1,0.066,-2.1,-1.1,-3.2,0.0,,2020,497.0,22.0,WAS,PG,22.0,0.0,4.5,0.6,1.5,0.424,0.4,0.8,0.471,0.3,0.7,0.375,0.545,0.2,0.3,0.833,0.0,0.4,0.4,0.5,0.1,0.0,0.2,0.4,1.9,,0,0,1
472.0,Jahmi'us Ramsey,19.0,SAC,SG,13.0,0.0,94.0,10.5,0.498,0.5,0.132,2.3,9.6,5.9,8.8,2.0,0.9,6.9,19.8,0.0,0.0,0.0,0.012,-3.1,-1.4,-4.5,-0.1,,2020,446.0,19.0,SAC,SG,13.0,0.0,7.2,1.2,2.9,0.395,0.4,1.5,0.263,0.8,1.5,0.526,0.461,0.4,0.4,1.0,0.2,0.6,0.8,0.5,0.3,0.1,0.2,0.6,3.1,,0,0,1
473.0,Cassius Stanley,21.0,IND,SG,24.0,0.0,93.0,5.5,0.383,0.302,0.209,9.4,13.9,11.7,1.4,0.5,1.7,2.1,22.0,-0.2,0.1,-0.1,-0.05,-7.2,-4.0,-11.2,-0.2,,2020,507.0,21.0,IND,SG,24.0,0.0,3.9,0.5,1.8,0.302,0.1,0.5,0.231,0.4,1.3,0.333,0.337,0.3,0.4,0.778,0.3,0.5,0.8,0.0,0.0,0.1,0.0,0.6,1.5,,0,0,1
474.0,Nate Hinton,21.0,DAL,SG,21.0,0.0,93.0,10.4,0.442,0.452,0.238,1.2,9.4,5.3,12.4,3.7,2.0,9.7,24.4,-0.2,0.1,0.0,-0.015,-4.5,1.0,-3.4,0.0,,2020,491.0,21.0,DAL,SG,21.0,0.0,4.4,0.7,2.0,0.357,0.2,0.9,0.211,0.5,1.1,0.478,0.405,0.3,0.5,0.7,0.0,0.4,0.4,0.4,0.3,0.1,0.2,0.4,2.0,,0,0,1
476.0,Karim Mané,20.0,ORL,PG,10.0,0.0,88.0,1.3,0.362,0.154,0.385,1.1,15.9,8.3,6.0,0.0,2.1,16.5,8.9,-0.1,0.0,-0.1,-0.045,-9.1,-0.8,-9.9,-0.2,,2020,518.0,20.0,ORL,PG,10.0,0.0,8.8,0.3,1.3,0.231,0.1,0.2,0.5,0.2,1.1,0.182,0.269,0.4,0.5,0.8,0.1,1.3,1.4,0.4,0.0,0.2,0.3,1.0,1.1,,0,0,1
478.0,Cameron Oliver,24.0,HOU,SF,4.0,0.0,87.0,17.2,0.619,0.394,0.121,5.9,20.5,12.9,9.6,1.1,4.1,7.9,18.5,0.1,0.1,0.2,0.114,-1.0,-1.0,-2.0,0.0,,2020,170.0,24.0,HOU,SF,4.0,0.0,21.8,4.8,8.3,0.576,1.0,3.3,0.308,3.8,5.0,0.75,0.636,0.3,1.0,0.25,1.3,4.0,5.3,1.3,0.5,1.0,0.8,2.8,10.8,,0,0,1
482.0,Jay Scrubb,20.0,LAC,SG,4.0,1.0,84.0,6.3,0.458,0.25,0.139,2.8,15.6,9.4,1.7,2.4,0.0,15.5,23.8,-0.2,0.1,-0.1,-0.072,-8.1,-2.8,-10.9,-0.2,,2020,219.0,20.0,LAC,SG,4.0,1.0,21.0,3.5,9.0,0.389,0.5,2.3,0.222,3.0,6.8,0.444,0.417,1.3,1.3,1.0,0.5,3.0,3.5,0.3,1.0,0.0,1.8,1.3,8.8,,0,0,1
488.0,Keljin Blevins,25.0,POR,SF,17.0,0.0,75.0,-0.9,0.3,0.4,0.0,4.2,10.3,7.1,6.7,1.3,0.0,20.0,14.3,-0.2,0.0,-0.2,-0.137,-8.3,-2.3,-10.7,-0.2,,2020,528.0,25.0,POR,SF,17.0,0.0,4.4,0.3,1.2,0.25,0.1,0.5,0.25,0.2,0.7,0.25,0.3,0.0,0.0,,0.2,0.4,0.6,0.2,0.1,0.0,0.3,0.5,0.7,,0,0,1
490.0,Devin Cannady,24.0,ORL,PG,8.0,0.0,74.0,11.2,0.547,0.571,0.25,0.0,7.3,3.5,2.1,3.3,1.2,6.0,19.3,0.0,0.1,0.1,0.057,-4.0,1.0,-3.1,0.0,,2020,400.0,24.0,ORL,PG,8.0,0.0,9.3,1.4,3.5,0.393,0.8,2.0,0.375,0.6,1.5,0.417,0.5,0.8,0.9,0.857,0.0,0.6,0.6,0.1,0.6,0.1,0.3,1.1,4.3,,0,0,1
491.0,Tyler Bey,22.0,DAL,SF,18.0,0.0,71.0,5.9,0.372,0.182,0.227,12.5,16.9,14.7,5.6,0.0,1.3,11.0,16.9,-0.1,0.0,0.0,-0.033,-5.5,-3.9,-9.5,-0.1,,2020,520.0,22.0,DAL,SF,18.0,0.0,3.9,0.4,1.2,0.318,0.1,0.2,0.25,0.3,1.0,0.333,0.341,0.2,0.3,0.6,0.4,0.6,1.1,0.2,0.0,0.1,0.2,0.3,1.0,,0,0,1
493.0,Elijah Hughes,22.0,UTA,SF,18.0,0.0,64.0,8.4,0.488,0.767,0.133,1.7,12.7,7.5,13.4,0.8,1.3,15.9,25.4,-0.1,0.1,0.0,-0.013,-1.4,-1.3,-2.8,0.0,,2020,500.0,22.0,UTA,SF,18.0,0.0,3.6,0.6,1.7,0.333,0.4,1.3,0.348,0.1,0.4,0.286,0.467,0.2,0.2,0.75,0.1,0.4,0.5,0.3,0.1,0.1,0.3,0.1,1.7,,0,0,1
495.0,Nick Richards,23.0,CHO,PF,18.0,0.0,63.0,5.5,0.542,0.111,1.222,6.8,12.2,9.5,4.2,0.0,0.0,17.8,11.5,0.0,0.0,0.0,0.026,-5.9,-2.1,-8.0,-0.1,,2020,527.0,23.0,CHO,PF,18.0,0.0,3.5,0.2,0.5,0.444,0.0,0.1,0.0,0.2,0.4,0.5,0.444,0.4,0.6,0.636,0.2,0.4,0.6,0.1,0.0,0.0,0.2,0.4,0.8,,0,0,1
499.0,Udoka Azubuike,21.0,UTA,C,15.0,0.0,57.0,10.3,0.597,0.0,1.111,7.8,16.0,12.1,0.0,0.9,5.7,18.3,12.4,0.0,0.1,0.1,0.119,-5.5,1.7,-3.8,0.0,,2020,517.0,21.0,UTA,C,15.0,0.0,3.8,0.3,0.6,0.444,0.0,0.0,,0.3,0.6,0.444,0.444,0.5,0.7,0.8,0.3,0.6,0.9,0.0,0.1,0.3,0.2,0.6,1.1,,0,0,1
502.0,Tyrell Terry,20.0,DAL,PG,11.0,0.0,56.0,6.0,0.318,0.438,0.188,0.0,11.7,5.9,14.0,4.4,0.0,10.4,15.3,-0.1,0.1,-0.1,-0.049,-7.5,2.6,-5.0,0.0,,2020,524.0,20.0,DAL,PG,11.0,0.0,5.1,0.5,1.5,0.313,0.0,0.6,0.0,0.5,0.8,0.556,0.313,0.1,0.3,0.333,0.0,0.5,0.5,0.5,0.5,0.0,0.2,0.2,1.0,,0,0,1
503.0,Didi Louzada,21.0,NOP,SF,3.0,0.0,56.0,-0.9,0.308,0.615,0.0,1.9,3.9,2.9,6.5,1.7,0.0,18.8,12.0,-0.1,0.0,-0.1,-0.099,-7.8,-1.8,-9.6,-0.1,,2020,458.0,21.0,NOP,SF,3.0,0.0,18.7,1.0,4.3,0.231,0.7,2.7,0.25,0.3,1.7,0.2,0.308,0.0,0.0,,0.3,0.7,1.0,1.0,0.7,0.0,1.0,1.7,2.7,,0,0,1
504.0,Jontay Porter,21.0,MEM,PF,11.0,0.0,54.0,9.2,0.64,0.533,0.333,7.8,19.9,13.7,2.5,2.7,1.7,28.9,18.9,-0.1,0.1,0.0,0.019,-6.8,0.3,-6.5,-0.1,,2020,492.0,21.0,MEM,PF,11.0,0.0,4.9,0.7,1.4,0.533,0.3,0.7,0.375,0.5,0.6,0.714,0.633,0.3,0.5,0.6,0.4,0.9,1.3,0.1,0.3,0.1,0.6,1.1,2.0,,0,0,1
505.0,Devon Dotson,21.0,CHI,PG,11.0,0.0,50.0,19.3,0.548,0.333,0.0,4.5,6.6,5.5,21.4,3.9,0.0,0.0,18.2,0.1,0.1,0.2,0.177,-0.1,2.2,2.1,0.1,,2020,486.0,21.0,CHI,PG,11.0,0.0,4.5,1.0,1.9,0.524,0.1,0.6,0.143,0.9,1.3,0.714,0.548,0.0,0.0,,0.2,0.3,0.5,0.6,0.4,0.0,0.0,0.3,2.1,,0,0,1
509.0,Ty-Shon Alexander,22.0,PHO,SG,15.0,0.0,47.0,4.2,0.349,0.75,0.167,4.9,19.0,12.1,15.4,0.0,1.9,18.9,15.0,-0.1,0.0,0.0,-0.048,-4.8,-1.7,-6.5,-0.1,,2020,529.0,22.0,PHO,SG,15.0,0.0,3.1,0.2,0.8,0.25,0.1,0.6,0.222,0.1,0.2,0.333,0.333,0.1,0.1,0.5,0.1,0.5,0.7,0.4,0.0,0.1,0.2,0.1,0.6,,0,0,1
510.0,Robert Woodard II,21.0,SAC,SF,13.0,0.0,45.0,12.5,0.425,0.3,0.4,9.7,30.0,19.7,6.3,0.0,5.6,4.1,23.4,0.0,0.0,0.0,-0.011,-2.7,-2.6,-5.3,0.0,,2020,509.0,21.0,SAC,SF,13.0,0.0,3.5,0.6,1.5,0.4,0.1,0.5,0.167,0.5,1.1,0.5,0.425,0.2,0.6,0.375,0.3,0.9,1.2,0.2,0.0,0.2,0.1,0.3,1.5,,0,0,1
521.0,Elijah Bryant,25.0,MIL,SG,1.0,0.0,32.0,10.6,0.559,0.385,0.231,6.8,12.7,9.9,12.6,0.0,2.8,21.8,24.0,0.0,0.0,0.0,0.008,-3.9,-3.4,-7.3,0.0,,2020,76.0,25.0,MIL,SG,1.0,0.0,32.0,6.0,13.0,0.462,1.0,5.0,0.2,5.0,8.0,0.625,0.5,3.0,3.0,1.0,2.0,4.0,6.0,3.0,0.0,1.0,4.0,4.0,16.0,,0,0,1
523.0,Amida Brimah,26.0,IND,C,5.0,0.0,29.0,16.6,0.697,0.0,0.375,7.5,22.3,15.0,4.8,0.0,14.0,30.0,19.6,0.0,0.1,0.0,0.073,-6.2,1.4,-4.8,0.0,,2020,461.0,26.0,IND,C,5.0,0.0,5.8,1.0,1.6,0.625,0.0,0.0,,1.0,1.6,0.625,0.625,0.6,0.6,1.0,0.4,1.2,1.6,0.2,0.0,1.0,0.8,0.8,2.6,,0,0,1
525.0,Grant Riller,23.0,CHO,PG,7.0,0.0,27.0,23.6,0.75,0.333,0.0,0.0,4.1,2.0,20.9,1.8,0.0,7.7,20.7,0.1,0.0,0.1,0.177,4.6,0.5,5.1,0.0,,2020,463.0,23.0,CHO,PG,7.0,0.0,3.9,1.1,1.7,0.667,0.3,0.6,0.5,0.9,1.1,0.75,0.75,0.0,0.0,,0.0,0.1,0.1,0.4,0.1,0.0,0.1,0.0,2.6,,0,0,1
527.0,Nate Darling,22.0,CHO,SG,7.0,0.0,26.0,8.2,0.541,1.0,0.429,4.1,0.0,2.1,5.1,0.0,3.8,10.7,15.4,0.0,0.0,0.0,0.038,-1.5,-2.5,-4.0,0.0,,2020,510.0,22.0,CHO,SG,7.0,0.0,3.7,0.3,1.0,0.286,0.3,1.0,0.286,0.0,0.0,,0.429,0.4,0.4,1.0,0.1,0.0,0.1,0.1,0.0,0.1,0.1,0.1,1.3,,0,0,1
533.0,Greg Whittington,27.0,DEN,PF,4.0,0.0,12.0,-10.2,0.0,0.667,0.0,0.0,0.0,0.0,0.0,0.0,0.0,0.0,10.9,-0.1,0.0,-0.1,-0.259,-11.4,-5.7,-17.2,0.0,,2020,540.0,27.0,DEN,PF,4.0,0.0,3.0,0.0,0.8,0.0,0.0,0.5,0.0,0.0,0.3,0.0,0.0,0.0,0.0,,0.0,0.0,0.0,0.0,0.0,0.0,0.0,0.0,0.0,,0,0,1
535.0,Malik Fitts,23.0,LAC,PF,3.0,0.0,11.0,2.9,0.5,0.667,0.0,0.0,29.8,15.3,0.0,0.0,0.0,0.0,12.1,0.0,0.0,0.0,0.049,-7.0,-2.1,-9.1,0.0,,2020,521.0,23.0,LAC,PF,3.0,0.0,3.7,0.3,1.0,0.333,0.3,0.7,0.5,0.0,0.3,0.0,0.5,0.0,0.0,,0.0,1.0,1.0,0.0,0.0,0.0,0.0,1.0,1.0,,0,0,1
538.0,Ashton Hagans,21.0,MIN,PG,2.0,0.0,4.0,-12.4,,,,0.0,0.0,0.0,0.0,0.0,0.0,100.0,10.5,0.0,0.0,0.0,-0.353,-13.7,-7.4,-21.1,0.0,,2020,536.0,21.0,MIN,PG,2.0,0.0,2.0,0.0,0.0,,0.0,0.0,,0.0,0.0,,,0.0,0.0,,0.0,0.0,0.0,0.0,0.0,0.0,0.5,0.0,0.0,,0,0,1
540.0,Will Magnay,22.0,NOP,C,1.0,0.0,3.0,-35.1,0.0,1.0,0.0,0.0,0.0,0.0,0.0,0.0,0.0,50.0,28.0,0.0,0.0,0.0,-0.787,-30.7,-8.6,-39.3,0.0,,2020,537.0,22.0,NOP,C,1.0,0.0,3.0,0.0,1.0,0.0,0.0,1.0,0.0,0.0,0.0,,0.0,0.0,0.0,,0.0,0.0,0.0,0.0,0.0,0.0,1.0,1.0,0.0,,0,0,1
11.0,Scottie Barnes,20.0,TOR,PF,74.0,74.0,2617.0,16.3,0.552,0.207,0.231,7.7,15.8,11.5,14.7,1.5,2.1,11.7,19.0,3.7,2.9,6.6,0.122,0.5,0.4,0.9,1.9,ROY-1,2021,86.0,20.0,TOR,PF,74.0,74.0,35.4,6.2,12.6,0.492,0.8,2.6,0.301,5.4,10.0,0.543,0.524,2.1,2.9,0.735,2.6,4.9,7.5,3.5,1.1,0.7,1.8,2.6,15.3,ROY-1,1,1,1
25.0,Franz Wagner,20.0,ORL,SF,79.0,79.0,2429.0,14.7,0.559,0.278,0.225,3.6,11.9,7.7,15.7,1.4,1.3,10.0,21.2,2.1,1.9,4.0,0.079,-0.4,-0.3,-0.7,0.8,ROY-5,2021,87.0,20.0,ORL,SF,79.0,79.0,30.7,5.8,12.3,0.468,1.2,3.4,0.354,4.6,8.9,0.511,0.517,2.4,2.8,0.863,1.1,3.4,4.5,2.9,0.9,0.4,1.5,2.1,15.2,ROY-5,1,1,1
38.0,Herbert Jones,23.0,NOP,PF,78.0,69.0,2335.0,12.3,0.573,0.293,0.283,4.5,9.6,7.0,10.0,2.7,2.5,13.4,13.7,2.1,2.5,4.6,0.096,-2.0,1.5,-0.5,0.9,ROY-6,2021,196.0,23.0,NOP,PF,78.0,69.0,29.9,3.5,7.4,0.476,0.7,2.2,0.337,2.8,5.2,0.533,0.525,1.8,2.1,0.84,1.3,2.5,3.8,2.1,1.7,0.8,1.3,3.1,9.5,ROY-6,1,2,1
39.0,Evan Mobley,20.0,CLE,PF,69.0,69.0,2331.0,16.1,0.549,0.111,0.304,6.9,19.8,13.5,11.6,1.2,4.4,12.4,20.4,1.5,3.7,5.2,0.107,-0.9,1.5,0.6,1.5,ROY-2,2021,92.0,20.0,CLE,PF,69.0,69.0,33.8,6.1,12.0,0.508,0.3,1.3,0.25,5.8,10.7,0.541,0.522,2.4,3.7,0.663,2.1,6.2,8.3,2.5,0.8,1.7,1.9,2.1,15.0,ROY-2,1,1,1
68.0,Jalen Green,19.0,HOU,SG,67.0,67.0,2138.0,12.5,0.547,0.48,0.247,1.7,10.0,5.8,13.1,1.0,0.8,11.3,23.7,0.5,0.2,0.7,0.015,-0.5,-2.4,-2.9,-0.5,ROY-4,2021,60.0,19.0,HOU,SG,67.0,67.0,31.9,6.1,14.2,0.426,2.3,6.8,0.343,3.7,7.4,0.502,0.508,2.8,3.5,0.797,0.5,2.9,3.4,2.6,0.7,0.3,2.0,1.5,17.3,ROY-4,1,1,1
75.0,Ayo Dosunmu,22.0,CHI,SG,77.0,40.0,2110.0,11.2,0.596,0.348,0.146,1.4,9.9,5.7,16.5,1.4,1.2,15.9,14.1,1.7,1.3,3.0,0.069,-1.9,-0.1,-2.0,0.0,,2021,222.0,22.0,CHI,SG,77.0,40.0,27.4,3.6,6.9,0.52,0.9,2.4,0.376,2.7,4.5,0.596,0.585,0.7,1.0,0.679,0.4,2.4,2.8,3.3,0.8,0.4,1.4,2.4,8.8,,1,2,1
77.0,Cade Cunningham,20.0,DET,SG,64.0,64.0,2088.0,13.1,0.504,0.352,0.163,2.9,16.2,9.2,29.1,1.8,1.9,17.5,27.5,-2.4,1.9,-0.5,-0.011,-1.1,-0.5,-1.6,0.2,ROY-3,2021,59.0,20.0,DET,SG,64.0,64.0,32.6,6.7,16.1,0.416,1.8,5.7,0.314,4.9,10.4,0.472,0.471,2.2,2.6,0.845,0.9,4.6,5.5,5.6,1.2,0.7,3.7,3.1,17.4,ROY-3,1,1,1
81.0,Davion Mitchell,23.0,SAC,PG,75.0,19.0,2076.0,10.8,0.489,0.38,0.101,1.7,7.0,4.4,22.5,1.3,1.0,11.5,20.6,-0.5,0.6,0.1,0.003,-2.1,-1.7,-3.8,-0.9,,2021,142.0,23.0,SAC,PG,75.0,19.0,27.7,4.7,11.2,0.418,1.3,4.3,0.316,3.3,7.0,0.48,0.477,0.7,1.1,0.659,0.4,1.8,2.2,4.2,0.7,0.3,1.5,1.9,11.5,,0,0,1
128.0,Corey Kispert,22.0,WAS,SF,77.0,36.0,1801.0,10.9,0.586,0.623,0.121,3.3,9.4,6.4,6.7,1.0,1.0,8.5,14.6,1.6,0.7,2.3,0.061,-0.8,-1.5,-2.3,-0.1,,2021,247.0,22.0,WAS,SF,77.0,36.0,23.4,3.0,6.7,0.455,1.5,4.2,0.35,1.6,2.5,0.629,0.564,0.7,0.8,0.871,0.7,2.0,2.7,1.1,0.5,0.3,0.6,1.2,8.2,,0,0,1
145.0,Josh Giddey,19.0,OKC,SF,54.0,54.0,1700.0,13.3,0.478,0.318,0.118,5.8,19.8,12.7,32.3,1.5,1.1,19.5,22.2,-1.3,1.7,0.4,0.01,-1.2,0.3,-0.9,0.5,,2021,125.0,19.0,OKC,SF,54.0,54.0,31.5,5.2,12.4,0.419,1.0,3.9,0.263,4.2,8.5,0.492,0.461,1.0,1.5,0.709,1.8,6.0,7.8,6.4,0.9,0.4,3.2,1.6,12.5,,1,2,1
173.0,Chris Duarte,24.0,IND,SG,55.0,39.0,1541.0,12.3,0.537,0.411,0.18,2.9,13.6,8.2,10.9,1.8,0.6,11.8,21.1,0.2,0.7,0.9,0.029,-1.2,-1.1,-2.3,-0.1,,2021,117.0,24.0,IND,SG,55.0,39.0,28.0,4.9,11.3,0.432,1.7,4.6,0.369,3.2,6.7,0.475,0.507,1.6,2.0,0.804,0.7,3.4,4.1,2.1,1.0,0.2,1.6,1.7,13.1,,1,2,1
178.0,Alperen Şengün,19.0,HOU,C,72.0,13.0,1489.0,16.0,0.552,0.223,0.442,10.1,18.9,14.5,19.1,1.9,4.1,18.8,22.0,0.8,1.3,2.1,0.068,-1.6,0.6,-1.0,0.4,,2021,194.0,19.0,HOU,C,72.0,13.0,20.7,3.5,7.3,0.474,0.4,1.6,0.248,3.1,5.7,0.539,0.502,2.3,3.2,0.711,1.9,3.5,5.5,2.6,0.8,0.9,2.0,3.0,9.6,,0,0,1
194.0,Austin Reaves,23.0,LAL,SG,61.0,19.0,1418.0,11.5,0.6,0.525,0.371,3.4,11.2,7.3,10.3,1.0,1.3,9.8,12.4,2.1,0.8,2.9,0.097,-1.3,-0.6,-1.9,0.0,,2021,288.0,23.0,LAL,SG,61.0,19.0,23.2,2.4,5.2,0.459,0.9,2.7,0.317,1.5,2.5,0.616,0.542,1.6,1.9,0.839,0.7,2.4,3.2,1.8,0.5,0.3,0.7,1.4,7.3,,0,0,1
203.0,Tre Mann,20.0,OKC,PG,60.0,26.0,1367.0,10.2,0.501,0.463,0.139,1.9,11.2,6.4,10.7,1.7,0.8,10.2,22.0,-1.0,1.0,0.1,0.002,-3.3,-1.1,-4.4,-0.8,,2021,173.0,20.0,OKC,PG,60.0,26.0,22.8,3.9,9.8,0.393,1.6,4.5,0.36,2.2,5.3,0.421,0.476,1.1,1.4,0.793,0.4,2.4,2.9,1.5,0.8,0.2,1.2,1.7,10.4,,0,0,1
206.0,Ziaire Williams,20.0,MEM,SF,62.0,31.0,1346.0,9.7,0.559,0.571,0.13,2.0,8.2,5.0,6.3,1.2,0.8,8.4,14.9,1.1,1.1,2.2,0.08,-2.4,-0.6,-3.0,-0.3,,2021,254.0,20.0,MEM,SF,62.0,31.0,21.7,3.1,6.8,0.45,1.2,3.9,0.314,1.9,2.9,0.632,0.54,0.7,0.9,0.782,0.4,1.7,2.1,1.0,0.6,0.2,0.7,1.8,8.1,,0,0,1
207.0,Josh Christopher,20.0,HOU,SG,74.0,2.0,1334.0,12.2,0.534,0.378,0.226,4.3,11.1,7.7,17.3,2.3,0.9,17.2,21.1,-0.4,0.7,0.3,0.01,-2.2,-1.3,-3.5,-0.5,,2021,260.0,20.0,HOU,SG,74.0,2.0,18.0,3.0,6.8,0.448,0.8,2.6,0.296,2.3,4.2,0.54,0.504,1.1,1.5,0.735,0.7,1.8,2.5,2.0,0.9,0.2,1.5,1.3,7.9,,0,0,1
209.0,Bones Hyland,21.0,DEN,SG,69.0,4.0,1310.0,14.4,0.558,0.627,0.219,1.2,14.4,8.0,21.2,1.5,1.4,12.1,23.8,1.1,1.3,2.4,0.088,0.3,-0.7,-0.4,0.5,,2021,182.0,21.0,DEN,SG,69.0,4.0,19.0,3.3,8.3,0.403,1.9,5.2,0.366,1.4,3.1,0.465,0.518,1.6,1.8,0.856,0.2,2.5,2.7,2.8,0.6,0.3,1.2,2.2,10.1,,1,2,1
210.0,Jalen Suggs,20.0,ORL,PG,48.0,45.0,1307.0,8.6,0.455,0.358,0.297,2.1,11.7,6.9,24.9,2.2,1.3,18.7,25.3,-3.0,1.3,-1.6,-0.06,-5.3,-0.2,-5.6,-1.2,,2021,137.0,20.0,ORL,PG,48.0,45.0,27.2,4.1,11.4,0.361,0.9,4.1,0.214,3.3,7.3,0.443,0.4,2.6,3.4,0.773,0.5,3.0,3.6,4.4,1.2,0.4,3.0,3.0,11.8,,0,0,1
230.0,Aaron Wiggins,23.0,OKC,SG,50.0,35.0,1209.0,10.3,0.556,0.409,0.252,4.3,11.0,7.6,8.5,1.2,0.8,12.6,15.3,0.5,0.8,1.2,0.048,-3.4,-0.9,-4.3,-0.7,,2021,245.0,23.0,OKC,SG,50.0,35.0,24.2,3.1,6.7,0.463,0.8,2.8,0.304,2.3,4.0,0.573,0.525,1.2,1.7,0.729,1.0,2.5,3.6,1.4,0.6,0.2,1.1,1.9,8.3,,0,0,1
233.0,Jonathan Kuminga,19.0,GSW,SF,70.0,12.0,1185.0,15.2,0.6,0.324,0.413,5.1,16.1,10.8,8.4,1.3,1.8,12.0,22.7,1.3,1.8,3.0,0.123,-1.3,-0.2,-1.5,0.1,,2021,201.0,19.0,GSW,SF,70.0,12.0,16.9,3.4,6.6,0.513,0.7,2.1,0.336,2.7,4.4,0.598,0.567,1.9,2.7,0.684,0.8,2.6,3.3,0.9,0.4,0.3,1.1,2.1,9.3,,0,0,1
238.0,Cam Thomas,20.0,BRK,SG,67.0,2.0,1176.0,11.7,0.519,0.346,0.209,1.5,13.1,7.5,9.7,1.4,0.6,9.1,22.1,0.0,0.8,0.8,0.033,-2.0,-1.4,-3.4,-0.4,,2021,235.0,20.0,BRK,SG,67.0,2.0,17.6,3.3,7.5,0.433,0.7,2.6,0.27,2.6,4.9,0.52,0.48,1.3,1.6,0.829,0.2,2.2,2.4,1.2,0.5,0.1,0.8,1.0,8.5,,0,0,1
253.0,Jeremiah Robinson-Earl,21.0,OKC,C,49.0,36.0,1087.0,11.7,0.526,0.509,0.167,7.0,19.1,13.0,6.7,1.3,1.3,10.1,15.4,0.4,1.0,1.5,0.066,-1.9,-0.4,-2.2,-0.1,,2021,277.0,21.0,OKC,C,49.0,36.0,22.2,2.7,6.6,0.414,1.2,3.4,0.352,1.6,3.2,0.478,0.503,0.8,1.1,0.741,1.5,4.1,5.6,1.0,0.6,0.3,0.8,1.5,7.5,,0,0,1
276.0,Kessler Edwards,21.0,BRK,SF,48.0,23.0,987.0,8.3,0.516,0.509,0.071,5.0,13.8,9.5,4.1,1.4,2.2,13.2,13.8,-0.2,0.9,0.6,0.031,-3.1,-0.8,-3.8,-0.5,,2021,346.0,21.0,BRK,SF,48.0,23.0,20.6,2.3,5.6,0.412,1.0,2.8,0.353,1.3,2.7,0.473,0.502,0.3,0.4,0.842,0.9,2.7,3.6,0.6,0.6,0.5,0.9,1.8,5.9,,0,0,1
283.0,Duane Washington Jr.,21.0,IND,PG,48.0,7.0,968.0,10.2,0.521,0.504,0.143,0.5,9.3,4.8,13.0,1.3,0.3,11.2,22.6,-0.2,0.2,0.0,-0.002,-1.9,-2.8,-4.7,-0.7,,2021,192.0,21.0,IND,PG,48.0,7.0,20.2,3.6,8.9,0.405,1.7,4.5,0.377,1.9,4.4,0.434,0.5,1.0,1.3,0.754,0.1,1.6,1.7,1.8,0.5,0.1,1.2,1.4,9.9,,0,0,1
284.0,Joshua Primo,19.0,SAS,SF,50.0,16.0,965.0,7.1,0.487,0.507,0.219,3.5,8.9,6.1,10.6,1.0,2.0,16.1,15.4,-0.6,0.6,0.0,0.001,-3.8,-1.1,-5.0,-0.7,,2021,355.0,19.0,SAS,SF,50.0,16.0,19.3,2.0,5.4,0.374,0.8,2.7,0.307,1.2,2.7,0.444,0.452,0.9,1.2,0.746,0.6,1.6,2.3,1.6,0.4,0.5,1.1,1.6,5.8,,0,0,1
305.0,Trendon Watford,21.0,POR,SF,48.0,10.0,869.0,15.8,0.59,0.142,0.352,7.0,18.6,12.6,14.6,1.4,3.2,12.5,17.6,1.4,0.5,1.9,0.104,-1.4,-0.4,-1.7,0.1,,2021,273.0,21.0,POR,SF,48.0,10.0,18.1,3.0,5.6,0.532,0.2,0.8,0.237,2.8,4.8,0.581,0.549,1.5,2.0,0.755,1.2,3.0,4.1,1.7,0.5,0.6,0.9,2.4,7.6,,0,0,1
306.0,Trey Murphy III,21.0,NOP,SF,62.0,1.0,864.0,12.5,0.558,0.671,0.184,5.9,13.1,9.4,6.2,1.3,0.8,5.1,15.7,1.3,0.6,1.9,0.104,0.2,-1.4,-1.2,0.2,,2021,372.0,21.0,NOP,SF,62.0,1.0,13.9,1.8,4.5,0.394,1.1,3.0,0.382,0.6,1.5,0.418,0.522,0.7,0.8,0.882,0.8,1.6,2.4,0.6,0.4,0.1,0.3,1.0,5.4,,0,0,1
311.0,Jose Alvarado,23.0,NOP,PG,54.0,1.0,834.0,16.4,0.52,0.374,0.18,3.2,10.2,6.6,26.9,4.2,0.8,11.2,18.4,1.0,1.1,2.1,0.121,-0.5,2.4,1.9,0.8,,2021,336.0,23.0,NOP,PG,54.0,1.0,15.4,2.4,5.4,0.446,0.6,2.0,0.291,1.8,3.4,0.538,0.5,0.7,1.0,0.679,0.5,1.4,1.9,2.8,1.3,0.1,0.7,1.4,6.1,,0,0,1
319.0,Quentin Grimes,21.0,NYK,SG,46.0,6.0,786.0,10.7,0.565,0.804,0.081,3.2,9.8,6.4,8.5,2.0,1.4,10.3,15.1,0.6,0.9,1.4,0.087,-1.2,0.9,-0.3,0.3,,2021,340.0,21.0,NYK,SG,46.0,6.0,17.1,2.1,5.1,0.404,1.6,4.1,0.381,0.5,1.0,0.5,0.557,0.3,0.4,0.684,0.5,1.5,2.0,1.0,0.7,0.2,0.6,1.6,6.0,,0,0,1
324.0,Brandon Boston Jr.,20.0,LAC,SG,51.0,0.0,760.0,11.2,0.481,0.342,0.222,2.4,12.7,7.7,10.1,1.7,1.5,8.0,22.4,-0.5,0.9,0.4,0.026,-3.0,-0.4,-3.3,-0.3,,2021,307.0,20.0,LAC,SG,51.0,0.0,14.9,2.5,6.4,0.385,0.7,2.2,0.306,1.8,4.2,0.425,0.437,1.2,1.4,0.819,0.3,1.8,2.2,1.0,0.5,0.3,0.6,0.8,6.7,,0,0,1
332.0,Terry Taylor,22.0,IND,PF,33.0,7.0,714.0,19.0,0.656,0.173,0.232,14.6,12.2,13.4,8.6,1.0,1.0,8.7,15.9,2.2,0.2,2.4,0.16,2.1,-2.8,-0.6,0.2,,2021,195.0,22.0,IND,PF,33.0,7.0,21.6,4.1,6.7,0.614,0.4,1.2,0.316,3.7,5.5,0.676,0.641,1.1,1.5,0.706,2.9,2.3,5.2,1.2,0.4,0.2,0.7,1.8,9.6,,0,0,1
334.0,Omer Yurtseven,23.0,MIA,C,56.0,12.0,706.0,17.4,0.546,0.045,0.247,13.9,33.0,23.6,11.0,1.2,3.0,13.0,19.9,0.8,1.4,2.1,0.145,-1.4,0.4,-1.0,0.2,,2021,377.0,23.0,MIA,C,56.0,12.0,12.6,2.3,4.4,0.526,0.0,0.2,0.091,2.3,4.2,0.547,0.528,0.7,1.1,0.623,1.5,3.7,5.3,0.9,0.3,0.4,0.7,1.5,5.3,,0,0,1
337.0,Keon Johnson,19.0,2TM,SG,37.0,12.0,697.0,8.7,0.453,0.368,0.188,3.7,9.1,6.3,16.3,2.0,1.7,13.5,21.2,-0.8,0.4,-0.5,-0.031,-4.0,-2.0,-5.9,-0.7,,2021,289.0,19.0,2TM,SG,37.0,12.0,18.8,2.6,7.4,0.353,0.9,2.7,0.34,1.7,4.6,0.36,0.415,1.1,1.4,0.804,0.6,1.5,2.2,2.1,0.8,0.3,1.2,1.9,7.2,,0,0,1
339.0,Dalano Banton,22.0,TOR,PG,64.0,1.0,696.0,10.0,0.463,0.252,0.218,5.6,14.1,9.7,19.8,2.0,1.4,19.3,16.9,-0.4,0.8,0.4,0.03,-3.5,0.4,-3.1,-0.2,,2021,471.0,22.0,TOR,PG,64.0,1.0,10.9,1.3,3.2,0.411,0.2,0.8,0.255,1.1,2.4,0.464,0.443,0.4,0.7,0.591,0.6,1.3,1.9,1.5,0.4,0.2,0.8,1.1,3.2,,0,0,1
340.0,Vit Krejci,21.0,OKC,SG,30.0,8.0,690.0,8.5,0.529,0.587,0.132,2.6,12.6,7.5,11.9,1.3,1.1,14.1,12.9,0.1,0.5,0.6,0.042,-4.3,-1.0,-5.3,-0.6,,2021,332.0,21.0,OKC,SG,30.0,8.0,23.0,2.3,5.6,0.407,1.1,3.3,0.327,1.2,2.3,0.522,0.503,0.6,0.7,0.864,0.6,2.8,3.4,1.9,0.6,0.3,1.0,2.2,6.2,,0,0,1
346.0,Greg Brown III,20.0,POR,SF,48.0,6.0,640.0,11.0,0.515,0.321,0.342,6.3,17.3,11.6,8.1,2.0,3.7,14.1,17.2,-0.1,0.5,0.4,0.029,-4.0,-0.7,-4.7,-0.4,,2021,393.0,20.0,POR,SF,48.0,6.0,13.3,1.7,4.0,0.426,0.4,1.3,0.311,1.3,2.7,0.481,0.476,0.9,1.4,0.677,0.8,2.0,2.8,0.7,0.5,0.5,0.8,1.9,4.7,,0,0,1
347.0,Brandon Williams,22.0,POR,PG,24.0,16.0,640.0,11.0,0.476,0.376,0.344,3.1,9.8,6.4,23.1,1.8,1.5,15.2,25.9,-0.7,0.2,-0.5,-0.037,-2.6,-3.1,-5.7,-0.6,,2021,122.0,22.0,POR,PG,24.0,16.0,26.7,4.4,11.8,0.372,1.3,4.4,0.292,3.1,7.3,0.42,0.427,2.8,4.0,0.701,0.8,2.3,3.1,3.9,1.0,0.4,2.4,2.2,12.9,,0,0,1
356.0,Moses Moody,19.0,GSW,SG,52.0,11.0,607.0,10.5,0.573,0.601,0.197,3.2,11.0,7.2,5.3,0.6,1.6,6.1,15.2,0.6,0.7,1.3,0.101,-1.4,-1.1,-2.5,-0.1,,2021,405.0,19.0,GSW,SG,52.0,11.0,11.7,1.5,3.5,0.437,0.8,2.1,0.364,0.8,1.4,0.548,0.546,0.5,0.7,0.778,0.3,1.2,1.5,0.4,0.1,0.2,0.3,0.8,4.4,,0,0,1
360.0,Jock Landale,26.0,SAS,C,54.0,1.0,589.0,16.0,0.597,0.436,0.201,11.1,13.5,12.3,10.6,0.8,2.0,12.3,18.1,1.0,0.4,1.5,0.121,0.7,-1.1,-0.4,0.2,,2021,386.0,26.0,SAS,C,54.0,1.0,10.9,1.9,3.8,0.495,0.5,1.6,0.326,1.3,2.1,0.626,0.566,0.6,0.8,0.829,1.2,1.4,2.6,0.8,0.2,0.3,0.6,1.0,4.9,,0,0,1
362.0,Keifer Sykes,28.0,IND,PG,32.0,11.0,566.0,5.9,0.456,0.474,0.089,1.5,7.4,4.4,14.9,1.0,0.6,14.3,17.4,-0.5,0.1,-0.5,-0.04,-4.4,-2.4,-6.9,-0.7,,2021,366.0,28.0,IND,PG,32.0,11.0,17.7,2.2,5.9,0.363,0.8,2.8,0.3,1.3,3.1,0.42,0.434,0.5,0.5,0.882,0.3,1.2,1.4,1.9,0.4,0.1,1.0,1.6,5.6,,0,0,1
364.0,Jericho Sims,23.0,NYK,PF,41.0,5.0,555.0,11.6,0.674,0.0,0.537,11.6,21.3,16.4,5.3,1.0,3.9,23.1,6.9,0.7,0.8,1.5,0.128,-2.8,1.1,-1.7,0.0,,2021,518.0,23.0,NYK,PF,41.0,5.0,13.5,1.0,1.3,0.722,0.0,0.0,,1.0,1.3,0.722,0.722,0.3,0.7,0.414,1.5,2.6,4.1,0.5,0.3,0.5,0.5,1.6,2.2,,0,0,1
368.0,Isaiah Jackson,20.0,IND,C,36.0,15.0,541.0,20.5,0.607,0.078,0.427,12.2,18.7,15.4,2.9,2.3,8.4,14.0,22.5,0.7,0.7,1.4,0.126,-1.6,0.0,-1.6,0.0,,2021,241.0,20.0,IND,C,36.0,15.0,15.0,3.2,5.7,0.563,0.1,0.4,0.313,3.1,5.3,0.584,0.575,1.7,2.4,0.682,1.7,2.5,4.1,0.3,0.7,1.4,1.1,2.6,8.3,,0,0,1
379.0,Lindy Waters III,24.0,OKC,SG,25.0,1.0,465.0,13.0,0.562,0.834,0.029,1.3,15.0,8.1,8.1,2.0,1.6,5.8,17.5,0.3,0.5,0.8,0.081,-0.8,-0.8,-1.6,0.1,,2021,258.0,24.0,OKC,SG,25.0,1.0,18.6,2.8,7.0,0.406,2.1,5.8,0.363,0.7,1.2,0.621,0.557,0.2,0.2,0.8,0.2,2.7,2.9,1.0,0.8,0.3,0.4,1.2,8.0,,0,0,1
393.0,Olivier Sarr,22.0,OKC,C,22.0,2.0,421.0,14.0,0.672,0.287,0.287,8.2,14.6,11.4,6.9,0.7,3.3,16.2,13.9,0.7,0.3,1.0,0.117,-2.7,-1.3,-4.0,-0.2,,2021,301.0,22.0,OKC,C,22.0,2.0,19.1,2.6,4.6,0.574,0.6,1.3,0.448,2.0,3.3,0.625,0.639,1.1,1.3,0.828,1.5,2.7,4.2,0.9,0.3,0.7,1.0,2.4,7.0,,0,0,1
395.0,Sandro Mamukelashvili,22.0,MIL,PF,41.0,3.0,407.0,14.7,0.618,0.452,0.191,9.3,12.0,10.7,7.4,1.1,2.1,10.7,14.6,0.8,0.3,1.1,0.135,0.6,-1.0,-0.3,0.2,,2021,440.0,22.0,MIL,PF,41.0,3.0,9.9,1.4,2.8,0.496,0.5,1.3,0.423,0.9,1.5,0.556,0.591,0.4,0.5,0.818,0.9,1.1,2.0,0.5,0.2,0.2,0.4,0.7,3.8,,0,0,1
397.0,Day'Ron Sharpe,20.0,BRK,PF,32.0,8.0,391.0,20.7,0.593,0.047,0.275,23.2,21.4,22.3,6.7,1.2,3.4,15.2,21.7,0.8,0.5,1.2,0.152,-0.3,-2.5,-2.8,-0.1,,2021,335.0,20.0,BRK,PF,32.0,8.0,12.2,2.7,4.7,0.577,0.1,0.2,0.286,2.6,4.4,0.592,0.584,0.8,1.3,0.585,2.5,2.5,5.0,0.5,0.3,0.5,0.9,1.9,6.2,,0,0,1
398.0,Luka Garza,23.0,DET,C,32.0,5.0,389.0,15.6,0.535,0.333,0.415,15.3,12.3,13.9,8.3,1.1,1.4,9.4,21.1,0.5,0.2,0.8,0.093,-0.5,-2.0,-2.5,-0.1,,2021,352.0,23.0,DET,C,32.0,5.0,12.2,2.1,4.6,0.449,0.5,1.5,0.327,1.6,3.1,0.51,0.503,1.2,1.9,0.623,1.8,1.3,3.1,0.6,0.3,0.2,0.6,1.7,5.8,,0,0,1
399.0,Isaiah Livers,23.0,DET,SF,19.0,5.0,383.0,11.1,0.629,0.711,0.156,4.0,12.5,8.0,8.0,1.7,1.6,13.5,12.4,0.4,0.3,0.7,0.085,-1.3,-0.2,-1.5,0.0,,2021,321.0,23.0,DET,SF,19.0,5.0,20.2,2.2,4.7,0.456,1.4,3.4,0.422,0.7,1.4,0.538,0.606,0.6,0.7,0.857,0.8,2.2,3.0,1.1,0.7,0.4,0.8,1.9,6.4,,0,0,1
402.0,Miles McBride,21.0,NYK,PG,40.0,2.0,372.0,6.1,0.393,0.63,0.111,1.1,11.2,6.1,15.9,1.9,0.3,4.2,13.9,-0.1,0.4,0.2,0.032,-5.5,1.0,-4.5,-0.2,,2021,517.0,21.0,NYK,PG,40.0,2.0,9.3,0.8,2.7,0.296,0.4,1.7,0.25,0.4,1.0,0.375,0.375,0.2,0.3,0.667,0.1,1.0,1.1,1.0,0.4,0.0,0.1,1.1,2.2,,0,0,1
406.0,Jared Butler,21.0,UTA,SG,42.0,1.0,360.0,12.1,0.509,0.583,0.106,1.6,11.8,6.8,26.0,2.3,2.0,17.3,23.1,0.0,0.5,0.4,0.057,-2.3,0.7,-1.6,0.0,,2021,439.0,21.0,UTA,SG,42.0,1.0,8.6,1.5,3.6,0.404,0.7,2.1,0.318,0.8,1.5,0.524,0.497,0.3,0.4,0.688,0.1,1.0,1.1,1.5,0.4,0.2,0.8,1.1,3.8,,0,0,1
407.0,Santi Aldama,21.0,MEM,PF,32.0,0.0,360.0,10.2,0.452,0.364,0.242,9.4,16.1,12.6,7.7,0.8,2.5,9.9,18.4,-0.1,0.4,0.3,0.044,-4.2,-1.5,-5.7,-0.3,,2021,423.0,21.0,MEM,PF,32.0,0.0,11.3,1.7,4.1,0.402,0.2,1.5,0.125,1.5,2.6,0.56,0.424,0.6,1.0,0.625,1.0,1.7,2.7,0.7,0.2,0.3,0.5,1.1,4.1,,0,0,1
409.0,Ish Wainright,27.0,PHO,PF,45.0,0.0,359.0,9.4,0.494,0.567,0.115,8.3,7.9,8.1,5.3,2.7,1.5,10.6,14.7,0.0,0.6,0.6,0.079,-3.0,1.0,-2.0,0.0,,2021,512.0,27.0,PHO,PF,45.0,0.0,8.0,0.9,2.3,0.394,0.4,1.3,0.322,0.5,1.0,0.489,0.486,0.2,0.3,0.583,0.6,0.6,1.2,0.3,0.4,0.1,0.3,1.1,2.4,,0,0,1
416.0,David Duke Jr.,22.0,BRK,PG,22.0,7.0,341.0,10.0,0.444,0.343,0.194,9.8,11.5,10.7,6.6,2.0,1.8,7.1,15.9,0.0,0.3,0.3,0.048,-3.0,-0.9,-3.9,-0.2,,2021,394.0,22.0,BRK,PG,22.0,7.0,15.5,1.8,4.9,0.361,0.4,1.7,0.243,1.4,3.2,0.423,0.403,0.8,1.0,0.81,1.4,1.7,3.0,0.8,0.6,0.3,0.4,1.6,4.7,,0,0,1
424.0,James Bouknight,21.0,CHO,SG,31.0,0.0,304.0,10.1,0.459,0.348,0.22,7.6,10.6,9.1,11.9,1.1,0.3,8.8,23.7,-0.1,0.1,0.0,0.001,-3.4,-3.7,-7.1,-0.4,,2021,396.0,21.0,CHO,SG,31.0,0.0,9.8,1.6,4.5,0.348,0.5,1.6,0.347,1.0,3.0,0.348,0.408,0.9,1.0,0.871,0.7,1.0,1.7,0.8,0.2,0.0,0.5,0.9,4.6,,0,0,1
429.0,Justin Champagnie,20.0,TOR,SF,36.0,0.0,281.0,13.6,0.571,0.418,0.134,13.5,14.3,13.9,5.4,1.4,1.4,10.1,12.0,0.5,0.3,0.8,0.138,-1.3,-0.7,-2.0,0.0,,2021,514.0,20.0,TOR,SF,36.0,0.0,7.8,0.9,1.9,0.463,0.3,0.8,0.357,0.6,1.1,0.538,0.537,0.3,0.3,1.0,1.0,1.0,2.0,0.3,0.2,0.1,0.2,0.9,2.3,,0,0,1
432.0,JT Thor,19.0,CHO,PF,33.0,0.0,262.0,9.7,0.525,0.491,0.364,4.4,13.1,8.7,9.2,1.5,4.0,13.6,12.0,0.1,0.2,0.3,0.058,-3.1,0.1,-3.0,-0.1,,2021,534.0,19.0,CHO,PF,33.0,0.0,7.9,0.7,1.7,0.436,0.2,0.8,0.259,0.5,0.8,0.607,0.5,0.4,0.6,0.6,0.3,1.0,1.3,0.6,0.2,0.3,0.3,0.8,2.0,,0,0,1
433.0,Daishen Nix,19.0,HOU,SG,24.0,0.0,261.0,8.1,0.48,0.388,0.448,2.9,11.0,6.9,21.5,2.7,0.0,24.5,17.3,-0.3,0.1,-0.2,-0.033,-5.4,-1.0,-6.4,-0.3,,2021,472.0,19.0,HOU,SG,24.0,0.0,10.9,1.1,2.8,0.403,0.3,1.1,0.269,0.8,1.7,0.488,0.455,0.7,1.3,0.533,0.3,1.1,1.4,1.7,0.6,0.0,1.1,0.9,3.2,,0,0,1
435.0,Leandro Bolmaro,21.0,MIN,SF,35.0,2.0,241.0,5.4,0.419,0.333,0.241,6.9,12.3,9.6,11.0,1.2,0.0,17.9,12.6,-0.1,0.2,0.0,0.004,-5.1,-0.7,-5.8,-0.2,,2021,549.0,21.0,MIN,SF,35.0,2.0,6.9,0.5,1.5,0.315,0.1,0.5,0.278,0.3,1.0,0.333,0.361,0.3,0.4,0.846,0.5,0.8,1.2,0.6,0.2,0.0,0.4,0.7,1.4,,0,0,1
437.0,Usman Garuba,19.0,HOU,PF,24.0,2.0,239.0,12.9,0.51,0.455,0.159,9.6,28.7,19.1,9.6,2.0,4.1,11.3,9.4,0.2,0.3,0.5,0.105,-1.8,0.9,-0.9,0.1,,2021,528.0,19.0,HOU,PF,24.0,2.0,10.0,0.8,1.8,0.432,0.2,0.8,0.25,0.6,1.0,0.583,0.489,0.2,0.3,0.714,0.9,2.6,3.5,0.7,0.4,0.5,0.3,1.2,2.0,,0,0,1
443.0,Georgios Kalaitzakis,23.0,2TM,SF,13.0,4.0,214.0,8.6,0.536,0.388,0.448,3.0,7.3,5.1,8.8,2.5,0.9,20.0,20.2,-0.3,0.2,-0.1,-0.024,-5.1,-1.9,-7.0,-0.3,,2021,310.0,23.0,2TM,SF,13.0,4.0,16.5,2.4,5.2,0.463,0.8,2.0,0.385,1.6,3.2,0.512,0.537,1.1,2.3,0.467,0.5,1.2,1.6,0.9,0.8,0.2,1.5,1.5,6.6,,0,0,1
444.0,Malcolm Hill,26.0,2TM,SG,19.0,0.0,212.0,12.7,0.619,0.692,0.269,5.8,12.6,9.2,5.0,1.6,1.2,4.9,12.7,0.4,0.2,0.6,0.126,-1.1,-0.5,-1.6,0.0,,2021,438.0,26.0,2TM,SG,19.0,0.0,11.2,1.3,2.7,0.462,0.7,1.9,0.361,0.6,0.8,0.688,0.587,0.6,0.7,0.786,0.6,1.3,1.8,0.4,0.4,0.2,0.2,1.3,3.8,,0,0,1
447.0,Joe Wieskamp,22.0,SAS,SG,29.0,0.0,205.0,7.1,0.494,0.768,0.232,2.0,5.2,3.6,5.5,0.9,1.2,3.1,13.1,0.1,0.1,0.1,0.035,-2.9,-1.1,-3.9,-0.1,,2021,522.0,22.0,SAS,SG,29.0,0.0,7.1,0.7,1.9,0.357,0.5,1.5,0.326,0.2,0.4,0.462,0.482,0.2,0.4,0.538,0.1,0.3,0.5,0.3,0.1,0.1,0.1,0.5,2.1,,0,0,1
450.0,Javonte Smart,22.0,2TM,PG,17.0,1.0,200.0,5.1,0.407,0.45,0.1,2.7,10.0,6.5,10.4,1.5,1.5,14.9,15.9,-0.3,0.2,-0.2,-0.038,-5.9,-0.8,-6.6,-0.2,,2021,480.0,22.0,2TM,PG,17.0,1.0,11.8,1.1,3.5,0.317,0.5,1.6,0.296,0.6,1.9,0.333,0.383,0.3,0.4,0.833,0.3,1.1,1.4,0.9,0.4,0.2,0.6,0.7,3.0,,0,0,1
451.0,Lindell Wigginton,23.0,MIL,PG,19.0,0.0,199.0,10.2,0.524,0.426,0.574,1.6,11.5,6.7,15.7,1.2,0.5,13.6,19.0,0.0,0.1,0.2,0.044,-3.2,-1.9,-5.0,-0.2,,2021,420.0,23.0,MIL,PG,19.0,0.0,10.5,1.4,3.2,0.426,0.5,1.4,0.346,0.9,1.8,0.486,0.5,1.0,1.8,0.543,0.2,1.2,1.3,1.2,0.3,0.1,0.6,0.9,4.2,,0,0,1
452.0,Braxton Key,24.0,2TM,SF,11.0,0.0,197.0,13.7,0.508,0.292,0.181,6.8,21.4,13.7,8.9,2.5,5.0,12.4,19.4,-0.1,0.3,0.2,0.052,-3.8,0.6,-3.3,-0.1,,2021,290.0,24.0,2TM,SF,11.0,0.0,17.9,3.0,6.5,0.458,0.5,1.9,0.286,2.5,4.6,0.529,0.5,0.6,1.2,0.538,1.2,3.4,4.5,1.0,0.9,1.0,1.0,2.4,7.2,,0,0,1
463.0,Jamorko Pickett,24.0,DET,PF,13.0,0.0,176.0,7.6,0.491,0.78,0.04,3.5,16.8,9.8,5.8,0.0,3.6,8.9,13.6,0.0,0.1,0.1,0.015,-2.8,-2.1,-5.0,-0.1,,2021,443.0,24.0,DET,PF,13.0,0.0,13.5,1.4,3.8,0.36,1.0,3.0,0.333,0.4,0.8,0.455,0.49,0.1,0.2,0.5,0.5,2.0,2.5,0.5,0.0,0.5,0.4,0.9,3.8,,0,0,1
464.0,Zavier Simpson,24.0,OKC,PG,4.0,4.0,174.0,7.7,0.406,0.154,0.096,1.2,11.4,6.2,25.2,1.4,2.1,15.6,15.9,-0.2,0.1,-0.1,-0.018,-6.0,-1.9,-7.9,-0.3,,2021,155.0,24.0,OKC,PG,4.0,4.0,43.5,4.8,13.0,0.365,0.3,2.0,0.125,4.5,11.0,0.409,0.375,1.3,1.3,1.0,0.5,4.8,5.3,7.5,1.3,1.0,2.5,3.8,11.0,,0,0,1
466.0,Hassani Gravett,25.0,ORL,PG,8.0,3.0,171.0,10.1,0.629,0.684,0.105,0.6,12.4,6.5,17.0,1.4,0.5,18.5,12.3,0.1,0.1,0.3,0.071,-2.4,0.2,-2.3,0.0,,2021,325.0,25.0,ORL,PG,8.0,3.0,21.4,2.3,4.8,0.474,1.4,3.3,0.423,0.9,1.5,0.583,0.618,0.4,0.5,0.75,0.1,2.5,2.6,2.5,0.6,0.1,1.1,1.6,6.3,,0,0,1
467.0,Charles Bassey,21.0,PHI,C,23.0,0.0,168.0,21.5,0.66,0.085,0.255,14.9,26.1,20.6,6.5,1.5,9.1,13.3,16.1,0.4,0.3,0.8,0.22,-0.4,2.1,1.7,0.2,,2021,482.0,21.0,PHI,C,23.0,0.0,7.3,1.3,2.0,0.638,0.0,0.2,0.0,1.3,1.9,0.698,0.638,0.4,0.5,0.75,1.0,1.7,2.7,0.3,0.2,0.7,0.3,1.4,3.0,,0,0,1
469.0,Kevin Pangos,29.0,CLE,PG,24.0,3.0,166.0,6.5,0.408,0.565,0.087,1.4,5.9,3.7,24.6,0.9,0.0,12.8,14.6,-0.1,0.1,0.1,0.016,-4.7,-1.4,-6.1,-0.2,,2021,544.0,29.0,CLE,PG,24.0,3.0,6.9,0.6,1.9,0.326,0.3,1.1,0.231,0.4,0.8,0.45,0.391,0.1,0.2,0.75,0.1,0.4,0.5,1.3,0.1,0.0,0.3,0.5,1.6,,0,0,1
471.0,Sam Hauser,24.0,BOS,SF,26.0,0.0,158.0,14.8,0.65,0.88,0.0,3.5,16.0,9.9,9.1,0.3,1.2,3.8,14.5,0.4,0.2,0.6,0.171,2.7,-0.3,2.3,0.2,,2021,506.0,24.0,BOS,SF,26.0,0.0,6.1,0.9,1.9,0.46,0.7,1.7,0.432,0.2,0.2,0.667,0.65,0.0,0.0,,0.2,0.9,1.1,0.4,0.0,0.1,0.1,0.3,2.5,,0,0,1
479.0,Xavier Moon,27.0,LAC,SG,10.0,0.0,137.0,16.2,0.545,0.275,0.098,1.6,9.0,5.4,27.0,2.5,1.9,10.1,19.0,0.2,0.2,0.3,0.121,-1.1,1.0,-0.1,0.1,,2021,353.0,27.0,LAC,SG,10.0,0.0,13.7,2.5,5.1,0.49,0.5,1.4,0.357,2.0,3.7,0.541,0.539,0.3,0.5,0.6,0.2,1.2,1.4,2.4,0.7,0.3,0.6,0.9,5.8,,0,0,1
483.0,Marcus Garrett,23.0,MIA,SG,12.0,0.0,128.0,4.7,0.28,0.19,0.238,8.1,12.2,10.2,7.0,2.0,2.5,7.9,8.8,-0.1,0.2,0.1,0.032,-6.4,1.0,-5.4,-0.1,,2021,556.0,23.0,MIA,SG,12.0,0.0,10.7,0.4,1.8,0.238,0.1,0.3,0.25,0.3,1.4,0.235,0.262,0.2,0.4,0.4,0.8,1.2,1.9,0.6,0.4,0.3,0.2,1.3,1.1,,0,0,1
486.0,Jalen Johnson,20.0,ATL,PF,22.0,0.0,120.0,11.3,0.59,0.317,0.171,1.8,21.8,11.9,3.7,1.2,1.5,17.0,19.3,-0.1,0.1,0.0,0.013,-3.9,-1.1,-4.9,-0.1,,2021,509.0,20.0,ATL,PF,22.0,0.0,5.5,1.0,1.9,0.537,0.1,0.6,0.231,0.9,1.3,0.679,0.573,0.2,0.3,0.714,0.1,1.1,1.2,0.1,0.1,0.1,0.4,0.4,2.4,,0,0,1
487.0,Neemias Queta,22.0,SAC,C,15.0,0.0,120.0,12.7,0.495,0.0,0.447,12.6,15.6,14.1,7.2,0.4,5.8,11.7,18.4,0.0,0.1,0.1,0.051,-4.1,-1.0,-5.1,-0.1,,2021,486.0,22.0,SAC,C,15.0,0.0,8.0,1.1,2.5,0.447,0.0,0.0,,1.1,2.5,0.447,0.447,0.7,1.1,0.647,0.9,1.1,2.1,0.4,0.1,0.5,0.4,1.2,3.0,,0,0,1
492.0,Jeff Dowtin,24.0,3TM,PG,9.0,0.0,108.0,6.8,0.353,0.346,0.077,7.9,9.8,8.9,12.7,2.2,0.9,15.7,12.8,-0.1,0.1,0.0,-0.01,-5.7,0.1,-5.6,-0.1,,2021,520.0,24.0,3TM,PG,9.0,0.0,12.0,0.9,2.9,0.308,0.1,1.0,0.111,0.8,1.9,0.412,0.327,0.2,0.2,1.0,0.9,1.1,2.0,1.1,0.6,0.1,0.6,0.6,2.1,,0,0,1
495.0,Chaundee Brown Jr.,23.0,2TM,SG,5.0,2.0,104.0,6.4,0.447,0.563,0.188,1.1,15.7,8.4,5.1,0.9,0.0,2.8,14.9,0.0,0.0,0.0,0.002,-4.3,-2.4,-6.6,-0.1,,2021,328.0,23.0,2TM,SG,5.0,2.0,20.8,2.0,6.4,0.313,1.2,3.6,0.333,0.8,2.8,0.286,0.406,1.0,1.2,0.833,0.2,3.0,3.2,0.8,0.4,0.0,0.2,1.4,6.2,,0,0,1
506.0,Isaiah Todd,20.0,WAS,PF,12.0,0.0,74.0,4.7,0.349,0.615,0.231,4.6,13.3,9.0,7.3,2.7,2.3,12.3,19.6,-0.2,0.1,-0.2,-0.104,-5.7,-1.2,-6.9,-0.1,,2021,542.0,20.0,WAS,PF,12.0,0.0,6.2,0.6,2.2,0.269,0.3,1.3,0.25,0.3,0.8,0.3,0.346,0.2,0.5,0.333,0.3,0.8,1.0,0.3,0.3,0.2,0.3,0.3,1.7,,0,0,1
507.0,Trevelin Queen,24.0,HOU,SG,10.0,0.0,74.0,18.2,0.619,0.727,0.121,10.3,13.4,11.9,8.8,3.2,1.2,16.8,23.9,0.1,0.1,0.1,0.08,2.7,-0.8,1.9,0.1,,2021,415.0,24.0,HOU,SG,10.0,0.0,7.4,1.5,3.3,0.455,0.9,2.4,0.375,0.6,0.9,0.667,0.591,0.4,0.4,1.0,0.7,0.9,1.6,0.4,0.5,0.1,0.7,0.6,4.3,,0,0,1
508.0,Aleem Ford,24.0,ORL,SF,5.0,0.0,74.0,0.5,0.35,0.75,0.0,2.8,18.6,10.7,3.8,0.7,0.0,16.7,14.0,-0.2,0.1,-0.2,-0.103,-9.1,-2.2,-11.4,-0.2,,2021,495.0,24.0,ORL,SF,5.0,0.0,14.8,1.2,4.0,0.3,0.4,3.0,0.133,0.8,1.0,0.8,0.35,0.0,0.0,,0.4,2.6,3.0,0.4,0.2,0.0,0.8,1.4,2.8,,0,0,1
510.0,Yves Pons,22.0,MEM,SF,12.0,0.0,71.0,5.9,0.385,0.563,0.125,7.2,10.6,8.8,1.7,0.7,5.0,5.6,10.3,0.0,0.1,0.0,0.03,-4.9,-1.7,-6.6,-0.1,,2021,558.0,22.0,MEM,SF,12.0,0.0,5.9,0.4,1.3,0.313,0.3,0.8,0.333,0.2,0.6,0.286,0.406,0.0,0.2,0.0,0.4,0.6,1.0,0.1,0.1,0.3,0.1,0.5,1.1,,0,0,1
515.0,Kai Jones,21.0,CHO,C,21.0,0.0,63.0,9.2,0.628,0.143,0.571,5.0,13.7,9.2,8.6,0.8,3.0,25.5,15.9,0.0,0.0,0.0,0.009,-5.2,-1.4,-6.6,-0.1,,2021,560.0,21.0,CHO,C,21.0,0.0,3.0,0.4,0.7,0.643,0.0,0.1,0.5,0.4,0.6,0.667,0.679,0.1,0.4,0.375,0.1,0.4,0.5,0.2,0.0,0.1,0.3,0.4,1.0,,0,0,1
516.0,RJ Nembhard Jr.,22.0,CLE,SG,14.0,0.0,63.0,8.0,0.38,0.111,0.222,5.4,6.9,6.1,26.1,0.8,0.0,13.2,16.0,0.0,0.0,0.0,0.01,-4.4,-1.5,-6.0,-0.1,,2021,557.0,22.0,CLE,SG,14.0,0.0,4.5,0.4,1.3,0.333,0.0,0.1,0.0,0.4,1.1,0.375,0.333,0.2,0.3,0.75,0.2,0.3,0.5,0.9,0.1,0.0,0.2,0.1,1.1,,0,0,1
524.0,Myles Powell,24.0,PHI,PG,11.0,0.0,52.0,0.2,0.364,0.353,0.118,2.2,10.6,6.4,8.0,1.0,0.0,14.4,18.0,-0.2,0.0,-0.1,-0.109,-10.5,-2.2,-12.7,-0.1,,2021,553.0,24.0,PHI,PG,11.0,0.0,4.7,0.5,1.5,0.294,0.1,0.5,0.167,0.4,1.0,0.364,0.324,0.2,0.2,1.0,0.1,0.5,0.5,0.3,0.1,0.0,0.3,0.7,1.2,,0,0,1
527.0,Cameron McGriff,24.0,POR,SF,3.0,0.0,46.0,12.5,0.47,0.429,0.143,13.8,22.3,17.9,9.4,0.0,2.1,0.0,14.0,0.1,0.0,0.1,0.097,-1.0,-3.0,-4.0,0.0,,2021,395.0,24.0,POR,SF,3.0,0.0,15.3,1.7,4.7,0.357,0.7,2.0,0.333,1.0,2.7,0.375,0.429,0.7,0.7,1.0,2.0,3.0,5.0,1.0,0.0,0.3,0.0,2.3,4.7,,0,0,1
529.0,Gabriel Lundberg,27.0,PHO,SG,4.0,0.0,44.0,7.7,0.342,0.421,0.0,5.0,11.9,8.5,31.5,3.3,0.0,13.6,21.5,-0.1,0.1,0.0,-0.005,-5.3,0.5,-4.8,0.0,,2021,469.0,27.0,PHO,SG,4.0,0.0,11.0,1.3,4.8,0.263,0.8,2.0,0.375,0.5,2.8,0.182,0.342,0.0,0.0,,0.5,1.3,1.8,2.8,0.8,0.0,0.8,1.8,3.3,,0,0,1
534.0,Sharife Cooper,20.0,ATL,PG,13.0,0.0,39.0,-5.4,0.25,0.429,0.0,0.0,14.0,7.0,16.3,0.0,0.0,26.3,21.3,-0.2,0.0,-0.2,-0.297,-11.3,-5.0,-16.3,-0.1,,2021,576.0,20.0,ATL,PG,13.0,0.0,3.0,0.2,1.1,0.214,0.1,0.5,0.167,0.2,0.6,0.25,0.25,0.0,0.0,,0.0,0.4,0.4,0.4,0.0,0.0,0.4,0.1,0.5,,0,0,1
536.0,Xavier Sneed,24.0,2TM,SF,9.0,0.0,39.0,0.4,0.25,0.8,0.0,5.5,10.9,8.3,3.3,0.0,0.0,0.0,11.0,-0.1,0.0,0.0,-0.056,-6.9,-3.7,-10.6,-0.1,,2021,573.0,24.0,2TM,SF,9.0,0.0,4.3,0.2,1.1,0.2,0.1,0.9,0.125,0.1,0.2,0.5,0.25,0.0,0.0,,0.2,0.4,0.7,0.1,0.0,0.0,0.0,0.2,0.6,,0,0,1
538.0,Petr Cornelie,26.0,DEN,PF,13.0,0.0,38.0,9.6,0.418,0.533,0.267,21.3,19.9,20.6,10.8,1.3,2.4,19.3,24.0,-0.1,0.0,0.0,-0.015,-6.1,-2.7,-8.8,-0.1,,2021,554.0,26.0,DEN,PF,13.0,0.0,2.9,0.4,1.2,0.333,0.1,0.6,0.125,0.3,0.5,0.571,0.367,0.2,0.3,0.75,0.5,0.5,1.1,0.2,0.1,0.1,0.3,0.5,1.1,,0,0,1
541.0,Marko Simonovic,22.0,CHI,C,9.0,0.0,35.0,10.2,0.428,0.333,0.733,16.2,16.0,16.1,0.0,1.4,2.5,9.2,27.5,0.0,0.0,0.0,-0.011,-6.1,-5.0,-11.1,-0.1,,2021,536.0,22.0,CHI,C,9.0,0.0,3.9,0.4,1.7,0.267,0.1,0.6,0.2,0.3,1.1,0.3,0.3,0.9,1.2,0.727,0.6,0.6,1.1,0.0,0.1,0.1,0.2,0.7,1.9,,0,0,1
543.0,Micah Potter,23.0,DET,C,3.0,0.0,31.0,13.6,0.505,0.182,0.182,13.3,18.4,15.7,0.0,1.6,2.9,7.8,17.8,0.0,0.0,0.0,0.073,-4.0,-3.0,-7.1,0.0,,2021,433.0,23.0,DET,C,3.0,0.0,10.3,1.7,3.7,0.455,0.0,0.7,0.0,1.7,3.0,0.556,0.455,0.7,0.7,1.0,1.3,1.7,3.0,0.0,0.3,0.3,0.3,1.3,4.0,,0,0,1
545.0,Jordan Schakel,23.0,WAS,SG,4.0,0.0,30.0,-1.2,0.21,0.545,0.182,7.5,21.8,14.8,0.0,1.6,0.0,7.8,19.1,-0.2,0.0,-0.1,-0.204,-8.6,-4.3,-13.0,-0.1,,2021,552.0,23.0,WAS,SG,4.0,0.0,7.5,0.3,2.8,0.091,0.3,1.5,0.167,0.0,1.3,0.0,0.136,0.5,0.5,1.0,0.5,1.5,2.0,0.0,0.3,0.0,0.3,0.0,1.3,,0,0,1
548.0,Mac McClung,23.0,2TM,PG,2.0,0.0,25.0,5.2,0.621,0.5,0.167,0.0,12.9,6.5,5.2,1.9,3.6,31.8,16.3,0.0,0.0,0.0,-0.043,-8.4,-1.2,-9.6,0.0,,2021,429.0,23.0,2TM,PG,2.0,0.0,12.5,1.5,3.0,0.5,0.5,1.5,0.333,1.0,1.5,0.667,0.583,0.5,0.5,1.0,0.0,1.5,1.5,0.5,0.5,0.5,1.5,2.5,4.0,,0,0,1
550.0,Carlik Jones,24.0,2TM,PG,5.0,0.0,23.0,-1.8,0.202,0.111,0.222,4.8,9.7,7.3,26.7,2.2,0.0,23.3,25.1,-0.2,0.0,-0.1,-0.285,-11.3,-4.2,-15.5,-0.1,,2021,567.0,24.0,2TM,PG,5.0,0.0,4.6,0.2,1.8,0.111,0.0,0.2,0.0,0.2,1.6,0.125,0.111,0.4,0.4,1.0,0.2,0.4,0.6,1.0,0.2,0.0,0.6,0.0,0.8,,0,0,1
553.0,Gabe York,28.0,IND,SG,2.0,0.0,21.0,12.7,0.435,0.857,0.714,0.0,10.8,5.3,25.1,4.7,4.1,9.8,20.8,0.0,0.0,0.0,0.059,-3.7,2.2,-1.5,0.0,,2021,435.0,28.0,IND,SG,2.0,0.0,10.5,1.0,3.5,0.286,0.5,3.0,0.167,0.5,0.5,1.0,0.357,1.5,2.5,0.6,0.0,1.0,1.0,2.0,1.0,0.5,0.5,2.0,4.0,,0,0,1
554.0,Joel Ayayi,21.0,WAS,SG,7.0,0.0,20.0,3.4,0.167,0.167,0.0,5.6,10.9,8.3,25.4,0.0,0.0,0.0,13.3,0.0,0.0,0.0,-0.098,-4.3,-1.7,-6.0,0.0,,2021,578.0,21.0,WAS,SG,7.0,0.0,2.9,0.1,0.9,0.167,0.0,0.1,0.0,0.1,0.7,0.2,0.167,0.0,0.0,,0.1,0.3,0.4,0.6,0.0,0.0,0.0,0.0,0.3,,0,0,1
555.0,Jay Huff,23.0,LAL,C,4.0,0.0,20.0,0.6,0.0,0.667,0.0,5.4,16.1,10.8,5.9,2.4,4.5,25.0,8.6,-0.1,0.0,0.0,-0.117,-8.3,0.9,-7.4,0.0,,2021,591.0,23.0,LAL,C,4.0,0.0,5.0,0.0,0.8,0.0,0.0,0.5,0.0,0.0,0.3,0.0,0.0,0.0,0.0,,0.3,0.8,1.0,0.3,0.3,0.3,0.3,0.3,0.0,,0,0,1
556.0,McKinley Wright IV,23.0,MIN,PG,5.0,0.0,19.0,9.5,0.833,0.667,0.0,0.0,0.0,0.0,20.9,0.0,0.0,25.0,8.8,0.0,0.0,0.0,0.092,-1.4,-2.8,-4.2,0.0,,2021,565.0,23.0,MIN,PG,5.0,0.0,3.8,0.4,0.6,0.667,0.2,0.4,0.5,0.2,0.2,1.0,0.833,0.0,0.0,,0.0,0.0,0.0,0.6,0.0,0.0,0.2,0.2,1.0,,0,0,1
560.0,Craig Sword,28.0,WAS,SG,3.0,0.0,19.0,14.2,0.75,0.25,0.0,0.0,0.0,0.0,7.7,10.4,0.0,20.0,11.7,0.0,0.0,0.1,0.158,-8.6,10.0,1.4,0.0,,2021,533.0,28.0,WAS,SG,3.0,0.0,6.3,1.0,1.3,0.75,0.0,0.3,0.0,1.0,1.0,1.0,0.75,0.0,0.0,,0.0,0.0,0.0,0.3,1.3,0.0,0.3,2.3,2.0,,0,0,1
561.0,Eugene Omoruyi,24.0,DAL,SF,4.0,0.0,18.0,17.0,0.518,0.4,0.8,12.3,30.9,21.6,15.8,0.0,0.0,0.0,16.9,0.1,0.0,0.1,0.201,3.3,0.7,4.0,0.0,,2021,538.0,24.0,DAL,SF,4.0,0.0,4.5,0.5,1.3,0.4,0.3,0.5,0.5,0.3,0.8,0.333,0.5,0.5,1.0,0.5,0.5,1.3,1.8,0.5,0.0,0.0,0.0,0.5,1.8,,0,0,1
564.0,Aaron Henry,22.0,PHI,SF,6.0,0.0,17.0,-7.4,0.2,0.2,0.0,0.0,6.5,3.3,0.0,0.0,10.6,28.6,18.5,-0.1,0.0,-0.1,-0.306,-14.0,-2.4,-16.5,-0.1,,2021,579.0,22.0,PHI,SF,6.0,0.0,2.8,0.2,0.8,0.2,0.0,0.2,0.0,0.2,0.7,0.25,0.2,0.0,0.0,,0.0,0.2,0.2,0.0,0.0,0.3,0.3,0.3,0.3,,0,0,1
565.0,Trayvon Palmer,27.0,DET,SG,1.0,0.0,17.0,-5.7,0.0,0.0,0.0,0.0,13.4,6.4,0.0,0.0,0.0,50.0,5.0,-0.1,0.0,0.0,-0.133,-13.1,-1.8,-15.0,-0.1,,2021,602.0,27.0,DET,SG,1.0,0.0,17.0,0.0,1.0,0.0,0.0,0.0,,0.0,1.0,0.0,0.0,0.0,0.0,,0.0,2.0,2.0,0.0,0.0,0.0,1.0,2.0,0.0,,0,0,1
570.0,Moses Wright,23.0,2TM,PF,4.0,0.0,14.0,18.3,0.47,0.25,0.75,7.9,15.9,11.9,16.8,0.0,6.5,0.0,17.1,0.0,0.0,0.1,0.18,1.1,0.4,1.4,0.0,,2021,550.0,23.0,2TM,PF,4.0,0.0,3.5,0.3,1.0,0.25,0.0,0.3,0.0,0.3,0.8,0.333,0.25,0.8,0.8,1.0,0.3,0.5,0.8,0.5,0.0,0.3,0.0,0.0,1.3,,0,0,1
571.0,Cat Barber,27.0,ATL,PG,3.0,0.0,13.0,-11.2,0.0,0.0,1.0,8.5,16.7,12.6,26.7,0.0,0.0,14.8,22.7,-0.1,0.0,-0.1,-0.45,-15.8,-7.6,-23.5,-0.1,,2021,582.0,27.0,ATL,PG,3.0,0.0,4.3,0.0,1.3,0.0,0.0,0.0,,0.0,1.3,0.0,0.0,0.0,1.3,0.0,0.3,0.7,1.0,1.0,0.0,0.0,0.3,0.3,0.0,,0,0,1
572.0,Jarron Cumberland,24.0,POR,SG,3.0,0.0,12.0,8.4,0.5,0.5,0.0,8.8,19.0,13.7,11.6,0.0,0.0,0.0,7.2,0.0,0.0,0.0,0.079,-4.4,-2.2,-6.6,0.0,,2021,569.0,24.0,POR,SG,3.0,0.0,4.0,0.3,0.7,0.5,0.0,0.3,0.0,0.3,0.3,1.0,0.5,0.0,0.0,,0.3,0.7,1.0,0.3,0.0,0.0,0.0,0.7,0.7,,0,0,1
573.0,JaQuori McLaughlin,24.0,DAL,PG,4.0,0.0,11.0,-2.9,0.0,0.5,0.0,0.0,0.0,0.0,22.3,0.0,0.0,0.0,8.2,0.0,0.0,0.0,-0.101,-9.4,-4.2,-13.6,0.0,,2021,597.0,24.0,DAL,PG,4.0,0.0,2.8,0.0,0.5,0.0,0.0,0.3,0.0,0.0,0.3,0.0,0.0,0.0,0.0,,0.0,0.0,0.0,0.5,0.0,0.0,0.0,0.3,0.0,,0,0,1
574.0,Rob Edwards,25.0,OKC,SG,2.0,0.0,11.0,-0.8,0.375,1.0,0.0,0.0,28.5,14.0,0.0,0.0,0.0,20.0,19.6,-0.1,0.0,0.0,-0.181,-8.3,-2.9,-11.2,0.0,,2021,545.0,25.0,OKC,SG,2.0,0.0,5.5,0.5,2.0,0.25,0.5,2.0,0.25,0.0,0.0,,0.375,0.0,0.0,,0.0,1.5,1.5,0.0,0.0,0.0,0.5,0.0,1.5,,0,0,1
576.0,Tre Scott,25.0,CLE,SF,2.0,0.0,11.0,20.4,0.5,0.167,0.0,10.3,9.8,10.1,0.0,4.5,8.1,0.0,24.1,0.0,0.0,0.0,0.138,-4.8,1.8,-3.0,0.0,,2021,489.0,25.0,CLE,SF,2.0,0.0,5.5,1.5,3.0,0.5,0.0,0.5,0.0,1.5,2.5,0.6,0.5,0.0,0.0,,0.5,0.5,1.0,0.0,0.5,0.5,0.0,1.0,3.0,,0,0,1
577.0,Shaq Buchanan,25.0,MEM,SG,2.0,0.0,10.0,0.6,0.25,0.5,0.0,10.2,10.7,10.5,24.9,4.8,0.0,33.3,24.6,-0.1,0.0,0.0,-0.23,-11.0,0.3,-10.7,0.0,,2021,559.0,25.0,MEM,SG,2.0,0.0,5.0,0.5,2.0,0.25,0.0,1.0,0.0,0.5,1.0,0.5,0.25,0.0,0.0,,0.5,0.5,1.0,1.0,0.5,0.0,1.0,0.5,1.0,,0,0,1
579.0,Jon Teske,24.0,MEM,C,3.0,0.0,8.0,1.5,0.0,0.0,2.0,0.0,26.8,13.1,13.8,6.0,0.0,0.0,9.6,0.0,0.0,0.0,-0.08,-8.5,3.7,-4.8,0.0,,2021,604.0,24.0,MEM,C,3.0,0.0,2.7,0.0,0.3,0.0,0.0,0.0,,0.0,0.3,0.0,0.0,0.0,0.7,0.0,0.0,0.7,0.7,0.3,0.3,0.0,0.0,0.3,0.0,,0,0,1
580.0,Feron Hunt,22.0,NYK,SF,2.0,0.0,8.0,-3.0,0.0,0.0,0.0,13.2,0.0,6.7,16.0,6.3,0.0,33.3,16.4,-0.1,0.0,0.0,-0.234,-12.3,1.0,-11.3,0.0,,2021,592.0,22.0,NYK,SF,2.0,0.0,4.0,0.0,1.0,0.0,0.0,0.0,,0.0,1.0,0.0,0.0,0.0,0.0,,0.5,0.0,0.5,0.5,0.5,0.0,0.5,0.5,0.0,,0,0,1
582.0,M.J. Walker,23.0,PHO,SG,2.0,0.0,8.0,-3.3,0.0,0.5,0.0,0.0,13.1,6.7,13.8,12.0,0.0,0.0,21.5,-0.1,0.0,0.0,-0.276,-15.8,6.2,-9.6,0.0,,2021,605.0,23.0,PHO,SG,2.0,0.0,4.0,0.0,2.0,0.0,0.0,1.0,0.0,0.0,1.0,0.0,0.0,0.0,0.0,,0.0,0.5,0.5,0.5,1.0,0.0,0.0,0.5,0.0,,0,0,1
584.0,Paris Bass,26.0,PHO,SF,2.0,0.0,7.0,13.9,0.436,0.333,0.333,31.5,29.9,30.6,0.0,6.9,0.0,22.5,54.6,0.0,0.0,0.0,-0.17,-11.2,-1.2,-12.4,0.0,,2021,481.0,26.0,PHO,SF,2.0,0.0,3.5,1.0,3.0,0.333,0.0,1.0,0.0,1.0,2.0,0.5,0.333,1.0,1.0,1.0,1.0,1.0,2.0,0.0,0.5,0.0,1.0,1.0,3.0,,0,0,1
585.0,Scottie Lewis,21.0,CHO,SG,2.0,0.0,7.0,14.6,0.568,,,0.0,0.0,0.0,16.2,6.9,0.0,0.0,5.3,0.0,0.0,0.0,0.164,0.0,5.9,6.0,0.0,,2021,577.0,21.0,CHO,SG,2.0,0.0,3.5,0.0,0.0,,0.0,0.0,,0.0,0.0,,,0.5,1.0,0.5,0.0,0.0,0.0,0.5,0.5,0.0,0.0,0.0,0.5,,0,0,1
586.0,Jaysean Paige,27.0,DET,PG,1.0,0.0,7.0,-22.2,0.0,0.667,0.0,0.0,16.3,7.7,18.1,0.0,0.0,25.0,24.5,-0.1,0.0,-0.1,-0.574,-25.0,-6.5,-31.5,0.0,,2021,601.0,27.0,DET,PG,1.0,0.0,7.0,0.0,3.0,0.0,0.0,2.0,0.0,0.0,1.0,0.0,0.0,0.0,0.0,,0.0,1.0,1.0,1.0,0.0,0.0,1.0,2.0,0.0,,0,0,1
587.0,Jordan Goodwin,23.0,WAS,SG,2.0,0.0,6.0,-20.4,0.0,0.333,0.0,0.0,18.2,9.2,0.0,0.0,0.0,0.0,22.2,-0.1,0.0,-0.1,-0.533,-24.7,-9.4,-34.1,0.0,,2021,588.0,23.0,WAS,SG,2.0,0.0,3.0,0.0,1.5,0.0,0.0,0.5,0.0,0.0,1.0,0.0,0.0,0.0,0.0,,0.0,0.5,0.5,0.0,0.0,0.0,0.0,0.5,0.0,,0,0,1
588.0,Jaden Springer,19.0,PHI,SG,2.0,0.0,6.0,26.4,1.0,0.0,0.0,18.9,18.3,18.6,0.0,0.0,30.0,50.0,15.0,0.0,0.0,0.0,0.138,8.3,8.7,17.1,0.0,,2021,563.0,19.0,PHI,SG,2.0,0.0,3.0,0.5,0.5,1.0,0.0,0.0,,0.5,0.5,1.0,1.0,0.0,0.0,,0.5,0.5,1.0,0.0,0.0,1.0,0.5,0.0,1.0,,0,0,1
589.0,Arnoldas Kulboka,24.0,CHO,SF,2.0,0.0,5.0,-10.7,0.0,1.0,0.0,0.0,0.0,0.0,0.0,0.0,0.0,0.0,8.5,0.0,0.0,0.0,-0.217,-14.7,-7.1,-21.8,0.0,,2021,595.0,24.0,CHO,SF,2.0,0.0,2.5,0.0,0.5,0.0,0.0,0.5,0.0,0.0,0.0,,0.0,0.0,0.0,,0.0,0.0,0.0,0.0,0.0,0.0,0.0,0.5,0.0,,0,0,1
591.0,Matt Ryan,24.0,BOS,SF,1.0,0.0,5.0,3.5,0.3,1.0,0.0,0.0,0.0,0.0,0.0,9.9,0.0,0.0,44.0,0.0,0.0,0.0,-0.25,-9.9,-3.8,-13.7,0.0,,2021,488.0,24.0,BOS,SF,1.0,0.0,5.0,1.0,5.0,0.2,1.0,5.0,0.2,0.0,0.0,,0.3,0.0,0.0,,0.0,0.0,0.0,0.0,1.0,0.0,0.0,0.0,3.0,,0,0,1
593.0,Javin DeLaurier,23.0,MIL,C,1.0,0.0,3.0,15.6,,,,0.0,34.6,17.7,0.0,16.0,0.0,,0.0,0.0,0.0,0.0,0.26,-4.8,11.8,7.0,0.0,,2021,586.0,23.0,MIL,C,1.0,0.0,3.0,0.0,0.0,,0.0,0.0,,0.0,0.0,,,0.0,0.0,,0.0,1.0,1.0,0.0,1.0,0.0,0.0,1.0,0.0,,0,0,1
594.0,Jaime Echenique,24.0,WAS,C,1.0,0.0,3.0,0.0,,,,0.0,0.0,0.0,0.0,0.0,0.0,,0.0,0.0,0.0,0.0,-0.012,-5.5,-3.0,-8.5,0.0,,2021,587.0,24.0,WAS,C,1.0,0.0,3.0,0.0,0.0,,0.0,0.0,,0.0,0.0,,,0.0,0.0,,0.0,0.0,0.0,0.0,0.0,0.0,0.0,0.0,0.0,,0,0,1
596.0,David Johnson,20.0,TOR,SG,2.0,0.0,2.0,-20.0,0.0,1.0,0.0,0.0,0.0,0.0,0.0,0.0,0.0,0.0,21.4,0.0,0.0,0.0,-0.495,-19.0,-8.7,-27.7,0.0,,2021,594.0,20.0,TOR,SG,2.0,0.0,1.0,0.0,0.5,0.0,0.0,0.5,0.0,0.0,0.0,,0.0,0.0,0.0,,0.0,0.0,0.0,0.0,0.0,0.0,0.0,0.0,0.0,,0,0,1
598.0,Tyler Hall,24.0,NYK,SG,1.0,0.0,2.0,0.0,,,,0.0,0.0,0.0,0.0,0.0,0.0,,0.0,0.0,0.0,0.0,0.007,-8.1,-0.5,-8.5,0.0,,2021,589.0,24.0,NYK,SG,1.0,0.0,2.0,0.0,0.0,,0.0,0.0,,0.0,0.0,,,0.0,0.0,,0.0,0.0,0.0,0.0,0.0,0.0,0.0,0.0,0.0,,0,0,1
602.0,Ahmad Caver,25.0,IND,SG,1.0,0.0,1.0,76.2,1.0,0.0,0.0,0.0,0.0,0.0,0.0,0.0,0.0,0.0,42.8,0.0,0.0,0.0,1.204,31.0,5.9,36.9,0.0,,2021,525.0,25.0,IND,SG,1.0,0.0,1.0,1.0,1.0,1.0,0.0,0.0,,1.0,1.0,1.0,1.0,0.0,0.0,,0.0,0.0,0.0,0.0,0.0,0.0,0.0,0.0,2.0,,0,0,1
604.0,DeJon Jarreau,24.0,IND,SG,1.0,0.0,1.0,0.0,,,,0.0,0.0,0.0,0.0,0.0,0.0,,0.0,0.0,0.0,0.0,-0.022,-6.5,-1.5,-8.0,0.0,,2021,593.0,24.0,IND,SG,1.0,0.0,1.0,0.0,0.0,,0.0,0.0,,0.0,0.0,,,0.0,0.0,,0.0,0.0,0.0,0.0,0.0,0.0,0.0,0.0,0.0,,0,0,1
605.0,Ade Murkey,24.0,SAC,SG,1.0,0.0,1.0,0.0,,,,0.0,0.0,0.0,0.0,0.0,0.0,,0.0,0.0,0.0,0.0,-0.017,-7.4,-2.3,-9.7,0.0,,2021,600.0,24.0,SAC,SG,1.0,0.0,1.0,0.0,0.0,,0.0,0.0,,0.0,0.0,,,0.0,0.0,,0.0,0.0,0.0,0.0,0.0,0.0,0.0,0.0,0.0,,0,0,1
25.0,Jabari Smith Jr.,19.0,HOU,PF,79.0,79.0,2451.0,11.2,0.514,0.438,0.231,5.4,20.3,12.7,5.9,0.9,3.0,9.6,18.4,0.5,1.4,1.9,0.037,-2.3,-1.3,-3.7,-1.1,,2022,124.0,19.0,HOU,PF,79.0,79.0,31.0,4.6,11.3,0.408,1.5,4.9,0.307,3.1,6.3,0.487,0.475,2.1,2.6,0.786,1.5,5.7,7.2,1.3,0.5,0.9,1.3,2.9,12.8,,0,0,1
31.0,Paolo Banchero,20.0,ORL,PF,72.0,72.0,2430.0,14.9,0.529,0.254,0.476,3.9,19.3,11.6,17.2,1.2,1.5,12.8,27.5,-0.3,2.6,2.4,0.047,-0.7,-0.7,-1.5,0.3,ROY-1,2022,56.0,20.0,ORL,PF,72.0,72.0,33.8,6.7,15.6,0.427,1.2,4.0,0.298,5.5,11.6,0.471,0.465,5.5,7.4,0.738,1.2,5.7,6.9,3.7,0.8,0.5,2.8,2.2,20.0,ROY-1,1,1,1
38.0,Keegan Murray,22.0,SAC,SF,80.0,78.0,2382.0,12.3,0.597,0.641,0.104,4.3,13.4,8.9,5.5,1.2,1.5,6.8,15.8,2.6,1.7,4.3,0.087,0.4,-1.0,-0.6,0.8,ROY-5,2022,134.0,22.0,SAC,SF,80.0,78.0,29.8,4.4,9.8,0.453,2.6,6.3,0.411,1.9,3.5,0.527,0.584,0.8,1.0,0.765,1.1,3.5,4.6,1.2,0.8,0.5,0.8,2.0,12.2,ROY-5,1,1,1
50.0,Jaden Ivey,20.0,DET,SG,74.0,73.0,2304.0,12.1,0.528,0.356,0.362,3.4,10.7,6.9,26.2,1.3,0.7,17.2,25.4,-0.9,0.8,0.0,-0.001,-1.4,-1.9,-3.3,-0.7,ROY-6,2022,83.0,20.0,DET,SG,74.0,73.0,31.1,5.5,13.3,0.416,1.6,4.7,0.343,3.9,8.6,0.457,0.477,3.6,4.8,0.747,1.0,2.9,3.9,5.2,0.8,0.2,3.2,3.3,16.3,ROY-6,1,2,1
57.0,Jalen Williams,21.0,OKC,SG,75.0,62.0,2276.0,15.6,0.601,0.258,0.241,3.9,12.2,7.9,15.4,2.1,1.4,12.3,18.4,3.0,2.6,5.6,0.119,-0.4,0.7,0.3,1.3,ROY-2,2022,109.0,21.0,OKC,SG,75.0,62.0,30.3,5.5,10.6,0.521,1.0,2.7,0.356,4.5,7.9,0.579,0.567,2.1,2.5,0.812,1.1,3.4,4.5,3.3,1.4,0.5,1.6,2.5,14.1,ROY-2,1,1,1
66.0,Bennedict Mathurin,20.0,IND,SG,78.0,17.0,2222.0,13.1,0.566,0.326,0.477,4.4,11.5,7.9,7.6,1.0,0.5,11.7,24.6,1.0,0.8,1.8,0.038,-1.2,-2.5,-3.7,-1.0,"ROY-4,6MOY-8",2022,79.0,20.0,IND,SG,78.0,17.0,28.5,5.3,12.2,0.434,1.3,4.0,0.323,4.0,8.2,0.488,0.487,4.8,5.8,0.828,1.1,3.0,4.1,1.5,0.6,0.2,1.9,2.1,16.7,"ROY-4,6MOY-8",1,1,1
94.0,Andrew Nembhard,23.0,IND,SG,75.0,63.0,2073.0,10.0,0.528,0.408,0.096,1.9,8.8,5.3,22.4,1.6,0.5,15.8,16.1,0.4,0.8,1.2,0.029,-2.4,-0.8,-3.2,-0.6,,2022,193.0,23.0,IND,SG,75.0,63.0,27.6,3.8,8.6,0.441,1.2,3.5,0.35,2.6,5.1,0.504,0.512,0.7,0.8,0.79,0.5,2.2,2.7,4.5,0.9,0.2,1.7,2.4,9.5,,0,0,1
148.0,Shaedon Sharpe,19.0,POR,SG,80.0,15.0,1779.0,11.5,0.568,0.437,0.162,4.0,11.3,7.6,7.9,1.0,1.2,10.7,19.0,0.6,0.6,1.2,0.032,-1.3,-2.0,-3.3,-0.6,,2022,181.0,19.0,POR,SG,80.0,15.0,22.2,3.8,8.1,0.472,1.3,3.5,0.36,2.6,4.6,0.559,0.551,0.9,1.3,0.714,0.8,2.2,3.0,1.2,0.5,0.3,1.0,1.7,9.9,,0,0,1
150.0,Tari Eason,21.0,HOU,PF,82.0,5.0,1767.0,15.2,0.525,0.261,0.22,12.0,18.9,15.4,7.4,2.6,2.6,12.2,19.3,0.9,1.7,2.6,0.07,-1.3,-0.4,-1.7,0.1,,2022,202.0,21.0,HOU,PF,82.0,5.0,21.5,3.6,8.0,0.448,0.7,2.1,0.343,2.9,6.0,0.486,0.493,1.3,1.8,0.752,2.4,3.7,6.0,1.1,1.2,0.6,1.2,2.3,9.3,,1,2,1
160.0,Walker Kessler,21.0,UTA,C,74.0,40.0,1703.0,21.5,0.702,0.007,0.384,14.9,24.4,19.7,5.7,0.7,8.6,10.7,13.3,4.6,2.5,7.1,0.2,1.4,1.5,2.9,2.1,ROY-3,2022,206.0,21.0,UTA,C,74.0,40.0,23.0,4.0,5.6,0.72,0.0,0.0,0.333,4.0,5.6,0.723,0.721,1.1,2.1,0.516,3.1,5.3,8.4,0.9,0.4,2.3,0.8,2.3,9.2,ROY-3,1,1,1
166.0,Jalen Duren,19.0,DET,C,67.0,31.0,1670.0,17.3,0.655,0.005,0.394,14.7,25.1,19.7,6.8,1.3,3.1,16.5,14.3,2.9,1.6,4.5,0.129,-0.4,-0.4,-0.8,0.5,,2022,208.0,19.0,DET,C,67.0,31.0,24.9,3.9,5.9,0.648,0.0,0.0,0.0,3.9,5.9,0.652,0.648,1.4,2.3,0.611,3.4,5.5,8.9,1.1,0.7,0.9,1.4,2.7,9.1,,1,2,1
178.0,Malaki Branham,19.0,SAS,SG,66.0,32.0,1550.0,9.5,0.524,0.417,0.115,1.9,11.2,6.4,11.4,1.0,0.4,10.6,19.1,-0.4,0.2,-0.1,-0.004,-3.0,-2.1,-5.2,-1.3,,2022,170.0,19.0,SAS,SG,66.0,32.0,23.5,4.1,9.3,0.44,1.2,3.9,0.302,2.9,5.4,0.539,0.503,0.9,1.1,0.829,0.4,2.3,2.7,1.9,0.5,0.1,1.2,1.7,10.2,,0,0,1
194.0,Jeremy Sochan,19.0,SAS,PF,56.0,53.0,1458.0,11.4,0.509,0.243,0.21,6.9,15.6,11.0,13.6,1.4,1.3,13.9,19.8,-0.5,0.7,0.2,0.005,-2.8,-1.2,-4.0,-0.7,,2022,154.0,19.0,SAS,PF,56.0,53.0,26.0,4.5,9.9,0.453,0.6,2.4,0.246,3.9,7.5,0.519,0.483,1.4,2.1,0.698,1.7,3.6,5.3,2.5,0.8,0.4,1.7,2.5,11.0,,1,2,1
200.0,AJ Griffin,19.0,ATL,SF,72.0,12.0,1401.0,12.6,0.577,0.486,0.088,2.9,9.2,6.0,7.0,1.4,0.7,7.1,17.9,1.3,0.9,2.2,0.075,-0.3,-0.5,-0.8,0.4,,2022,217.0,19.0,ATL,SF,72.0,12.0,19.5,3.4,7.4,0.465,1.4,3.6,0.39,2.0,3.8,0.536,0.56,0.6,0.7,0.894,0.5,1.6,2.1,1.0,0.6,0.2,0.6,1.2,8.9,,0,0,1
218.0,David Roddy,21.0,MEM,PF,70.0,4.0,1258.0,8.8,0.519,0.505,0.155,4.2,12.0,8.1,6.1,1.1,1.4,11.3,16.7,-0.3,1.4,1.1,0.043,-3.2,-0.7,-3.9,-0.6,,2022,293.0,21.0,MEM,PF,70.0,4.0,18.0,2.6,6.0,0.429,0.9,3.0,0.307,1.6,3.0,0.553,0.506,0.6,0.9,0.631,0.7,2.0,2.8,0.8,0.4,0.3,0.8,1.5,6.7,,0,0,1
228.0,Ochai Agbaji,22.0,UTA,SG,59.0,22.0,1209.0,9.5,0.561,0.591,0.179,3.9,6.9,5.4,7.5,0.6,1.0,9.0,15.8,0.9,0.4,1.3,0.053,-1.7,-1.4,-3.0,-0.3,,2022,246.0,22.0,UTA,SG,59.0,22.0,20.5,2.8,6.5,0.427,1.4,3.9,0.355,1.4,2.7,0.532,0.532,0.9,1.2,0.812,0.7,1.3,2.1,1.1,0.3,0.3,0.7,1.7,7.9,,0,0,1
240.0,Christian Braun,21.0,DEN,SG,76.0,6.0,1181.0,10.3,0.568,0.332,0.221,4.8,12.6,8.8,6.4,1.7,1.3,9.9,13.0,0.7,1.2,1.9,0.079,-2.5,0.1,-2.4,-0.1,,2022,377.0,21.0,DEN,SG,76.0,6.0,15.5,1.9,3.8,0.495,0.4,1.3,0.354,1.4,2.5,0.565,0.554,0.5,0.8,0.625,0.6,1.8,2.4,0.8,0.5,0.2,0.5,1.3,4.7,,0,0,1
261.0,Dyson Daniels,19.0,NOP,PG,59.0,11.0,1042.0,8.8,0.503,0.413,0.192,3.9,16.5,10.2,16.4,2.0,1.0,20.2,11.6,-0.1,1.4,1.3,0.061,-3.4,1.6,-1.8,0.0,,2022,421.0,19.0,NOP,PG,59.0,11.0,17.7,1.5,3.5,0.418,0.5,1.5,0.314,1.0,2.1,0.492,0.483,0.4,0.7,0.65,0.6,2.6,3.2,2.3,0.7,0.2,1.0,1.7,3.8,,0,0,1
284.0,Jaylin Williams,20.0,OKC,C,49.0,36.0,914.0,11.2,0.559,0.483,0.231,5.1,23.6,14.1,10.7,1.5,1.2,12.6,13.5,0.7,1.2,1.9,0.099,-2.3,0.6,-1.7,0.1,,2022,326.0,20.0,OKC,C,49.0,36.0,18.7,2.1,4.8,0.436,0.9,2.3,0.407,1.1,2.5,0.463,0.534,0.8,1.1,0.704,0.9,4.0,4.9,1.6,0.6,0.2,0.8,2.3,5.9,,0,0,1
299.0,Mark Williams,21.0,CHO,C,43.0,17.0,828.0,19.8,0.659,0.0,0.386,11.7,27.7,19.6,3.3,1.6,4.7,12.0,17.0,1.5,1.3,2.8,0.163,-0.5,0.6,0.1,0.4,,2022,216.0,21.0,CHO,C,43.0,17.0,19.3,3.7,5.8,0.637,0.0,0.0,,3.7,5.8,0.637,0.637,1.6,2.3,0.691,2.2,4.9,7.1,0.4,0.7,1.0,0.9,2.2,9.0,,0,0,1
307.0,Caleb Houstan,20.0,ORL,SF,51.0,4.0,812.0,6.2,0.508,0.747,0.099,4.7,9.1,6.9,4.9,0.7,0.8,8.7,11.0,0.1,0.5,0.7,0.039,-3.1,-0.9,-4.0,-0.4,,2022,423.0,20.0,ORL,SF,51.0,4.0,15.9,1.3,3.6,0.363,0.9,2.7,0.338,0.4,0.9,0.435,0.489,0.3,0.4,0.833,0.7,1.3,1.9,0.6,0.2,0.1,0.4,1.2,3.8,,0,0,1
312.0,Christian Koloko,22.0,TOR,C,58.0,19.0,802.0,11.4,0.517,0.08,0.393,11.1,13.3,12.1,5.0,1.3,6.9,10.2,10.4,0.7,1.0,1.7,0.104,-4.3,0.8,-3.5,-0.3,,2022,452.0,22.0,TOR,C,58.0,19.0,13.8,1.2,2.6,0.48,0.0,0.2,0.083,1.2,2.4,0.514,0.483,0.6,1.0,0.627,1.4,1.5,2.9,0.5,0.4,1.0,0.3,2.2,3.1,,0,0,1
316.0,Bryce McGowens,20.0,CHO,SG,46.0,7.0,787.0,7.2,0.519,0.396,0.396,2.7,10.1,6.3,9.1,0.9,0.7,15.3,15.0,-0.4,0.4,0.1,0.005,-4.6,-1.4,-6.0,-0.8,,2022,347.0,20.0,CHO,SG,46.0,7.0,17.1,1.7,4.4,0.396,0.6,1.7,0.325,1.2,2.7,0.443,0.46,1.3,1.7,0.75,0.4,1.6,2.0,1.2,0.3,0.1,0.9,1.0,5.3,,0,0,1
321.0,Simone Fontecchio,27.0,UTA,SF,52.0,6.0,766.0,8.0,0.495,0.612,0.141,4.4,7.7,6.1,7.5,0.9,0.9,10.5,20.2,-0.4,0.3,-0.1,-0.004,-3.0,-2.1,-5.2,-0.6,,2022,311.0,27.0,UTA,SF,52.0,6.0,14.7,2.2,6.0,0.369,1.2,3.7,0.33,1.0,2.3,0.43,0.47,0.7,0.8,0.795,0.6,1.1,1.7,0.8,0.3,0.2,0.8,1.2,6.3,,0,0,1
328.0,Jaden Hardy,20.0,DAL,SG,48.0,5.0,708.0,14.6,0.571,0.468,0.237,1.8,13.0,7.3,14.9,1.2,0.9,11.1,26.4,0.2,0.5,0.7,0.048,-0.4,-1.9,-2.3,0.0,,2022,218.0,20.0,DAL,SG,48.0,5.0,14.8,3.0,6.9,0.438,1.3,3.3,0.404,1.7,3.7,0.469,0.533,1.4,1.6,0.823,0.2,1.6,1.9,1.4,0.4,0.1,1.0,1.3,8.8,,0,0,1
330.0,MarJon Beauchamp,22.0,MIL,SF,52.0,11.0,701.0,8.2,0.513,0.584,0.152,5.9,11.0,8.5,6.7,1.4,0.8,14.8,18.3,-0.4,0.8,0.4,0.027,-4.1,-0.6,-4.8,-0.5,,2022,356.0,22.0,MIL,SF,52.0,11.0,13.5,1.8,4.7,0.395,0.9,2.7,0.331,0.9,1.9,0.485,0.492,0.5,0.7,0.73,0.7,1.5,2.2,0.7,0.4,0.1,0.9,1.4,5.1,,0,0,1
341.0,Blake Wesley,19.0,SAS,SG,37.0,1.0,669.0,3.5,0.393,0.242,0.205,1.9,11.7,6.6,18.6,1.8,0.6,21.7,18.5,-1.9,0.3,-1.6,-0.114,-7.9,-1.8,-9.6,-1.3,,2022,368.0,19.0,SAS,SG,37.0,1.0,18.1,1.9,5.8,0.321,0.5,1.4,0.385,1.3,4.4,0.301,0.367,0.7,1.2,0.591,0.3,1.9,2.2,2.6,0.7,0.1,1.8,1.8,5.0,,0,0,1
347.0,Jabari Walker,20.0,POR,SF,56.0,0.0,619.0,9.6,0.496,0.283,0.227,8.8,15.5,12.2,7.8,0.8,1.9,11.8,17.3,-0.1,0.3,0.2,0.015,-3.9,-2.1,-6.1,-0.6,,2022,418.0,20.0,POR,SF,56.0,0.0,11.1,1.5,3.5,0.419,0.3,1.0,0.286,1.2,2.5,0.472,0.46,0.6,0.8,0.756,0.9,1.5,2.3,0.6,0.2,0.2,0.5,1.2,3.9,,0,0,1
354.0,Ousmane Dieng,19.0,OKC,PF,39.0,1.0,569.0,9.3,0.505,0.541,0.127,3.5,16.5,9.9,10.7,1.2,1.1,12.0,15.9,-0.1,0.6,0.4,0.038,-3.1,-0.5,-3.6,-0.2,,2022,369.0,19.0,OKC,PF,39.0,1.0,14.6,1.9,4.6,0.42,0.7,2.5,0.265,1.3,2.1,0.602,0.492,0.4,0.6,0.652,0.5,2.2,2.7,1.2,0.4,0.2,0.7,1.1,4.9,,0,0,1
365.0,Max Christie,19.0,LAL,SG,41.0,3.0,512.0,7.4,0.566,0.585,0.151,1.5,13.8,7.8,5.1,0.8,1.2,10.3,10.4,0.1,0.5,0.6,0.058,-3.2,0.0,-3.1,-0.1,,2022,449.0,19.0,LAL,SG,41.0,3.0,12.5,1.1,2.6,0.415,0.6,1.5,0.419,0.4,1.1,0.409,0.538,0.3,0.4,0.875,0.2,1.7,1.8,0.5,0.2,0.2,0.3,0.8,3.1,,0,0,1
377.0,Kevon Harris,25.0,ORL,SG,34.0,0.0,457.0,9.2,0.564,0.402,0.383,6.9,10.4,8.7,4.7,1.8,1.1,14.4,13.7,0.2,0.4,0.6,0.065,-3.5,-0.1,-3.6,-0.2,,2022,407.0,25.0,ORL,SG,34.0,0.0,13.4,1.4,3.1,0.439,0.5,1.3,0.372,0.9,1.9,0.484,0.514,0.9,1.2,0.756,0.8,1.2,2.1,0.5,0.5,0.1,0.6,1.6,4.1,,0,0,1
380.0,TyTy Washington Jr.,21.0,HOU,PG,31.0,2.0,433.0,7.5,0.432,0.5,0.113,0.5,11.0,5.7,15.3,1.7,0.5,7.7,17.4,-0.3,0.1,-0.1,-0.016,-5.0,-1.3,-6.3,-0.5,,2022,382.0,21.0,HOU,PG,31.0,2.0,14.0,1.9,5.2,0.363,0.6,2.6,0.238,1.3,2.6,0.488,0.422,0.3,0.6,0.556,0.1,1.4,1.5,1.5,0.5,0.1,0.5,0.9,4.7,,0,0,1
382.0,Orlando Robinson,22.0,MIA,C,31.0,1.0,425.0,13.4,0.565,0.067,0.348,12.8,22.3,17.4,8.4,1.4,2.9,13.5,12.4,0.5,0.6,1.1,0.129,-2.7,0.7,-2.1,0.0,,2022,431.0,22.0,MIA,C,31.0,1.0,13.7,1.5,2.9,0.528,0.0,0.2,0.0,1.5,2.7,0.566,0.528,0.7,1.0,0.71,1.5,2.5,4.1,0.8,0.4,0.4,0.5,1.7,3.7,,0,0,1
383.0,Johnny Davis,20.0,WAS,SG,28.0,5.0,423.0,7.2,0.446,0.409,0.158,2.7,13.9,8.5,9.2,1.2,1.6,8.5,20.5,-0.6,0.3,-0.3,-0.033,-5.8,-1.7,-7.4,-0.6,,2022,328.0,20.0,WAS,SG,28.0,5.0,15.1,2.4,6.1,0.386,0.6,2.5,0.243,1.8,3.6,0.485,0.436,0.5,1.0,0.519,0.4,2.0,2.3,1.0,0.4,0.3,0.6,1.7,5.8,,0,0,1
385.0,Jake LaRavia,21.0,MEM,PF,35.0,0.0,414.0,6.7,0.531,0.747,0.095,4.9,11.3,8.1,6.2,1.4,0.9,15.4,11.7,0.0,0.5,0.5,0.054,-3.9,0.4,-3.5,-0.2,,2022,459.0,21.0,MEM,PF,35.0,0.0,11.8,1.1,2.7,0.389,0.7,2.0,0.338,0.4,0.7,0.542,0.516,0.2,0.3,0.778,0.5,1.3,1.8,0.6,0.3,0.1,0.5,1.4,3.0,,0,0,1
386.0,Dominick Barlow,19.0,SAS,PF,28.0,0.0,408.0,12.4,0.567,0.047,0.291,11.9,15.6,13.7,7.6,1.2,3.8,13.4,11.3,0.5,0.2,0.7,0.082,-3.7,-0.9,-4.6,-0.3,,2022,414.0,19.0,SAS,PF,28.0,0.0,14.6,1.6,3.1,0.535,0.0,0.1,0.0,1.6,2.9,0.561,0.535,0.6,0.9,0.72,1.6,2.0,3.6,0.9,0.4,0.7,0.5,2.0,3.9,,0,0,1
400.0,A.J. Green,23.0,MIL,SG,35.0,1.0,345.0,11.5,0.607,0.84,0.032,1.9,11.3,6.8,8.7,0.8,0.0,6.6,16.6,0.5,0.3,0.8,0.111,-0.3,-0.6,-0.9,0.1,,2022,391.0,23.0,MIL,SG,35.0,1.0,9.9,1.5,3.6,0.424,1.3,3.0,0.419,0.3,0.6,0.45,0.6,0.1,0.1,1.0,0.2,1.1,1.3,0.6,0.2,0.0,0.3,0.9,4.4,,0,0,1
406.0,Julian Champagnie,21.0,2TM,SF,17.0,3.0,320.0,13.4,0.6,0.631,0.131,3.3,17.7,10.2,4.5,0.9,1.3,7.4,19.2,0.3,0.1,0.4,0.061,-0.6,-2.7,-3.3,-0.1,,2022,187.0,21.0,2TM,SF,17.0,3.0,18.8,3.5,7.6,0.454,1.9,4.8,0.402,1.5,2.8,0.542,0.581,0.8,1.0,0.824,0.6,2.9,3.5,0.6,0.4,0.3,0.6,1.5,9.7,,0,0,1
411.0,Kennedy Chandler,20.0,MEM,PG,36.0,0.0,281.0,10.6,0.44,0.181,0.157,3.4,10.9,7.2,26.4,2.0,1.6,16.9,15.8,-0.1,0.4,0.3,0.044,-3.3,0.6,-2.7,0.0,,2022,485.0,20.0,MEM,PG,36.0,0.0,7.8,1.0,2.3,0.422,0.1,0.4,0.133,0.9,1.9,0.485,0.434,0.2,0.4,0.462,0.3,0.8,1.1,1.6,0.3,0.1,0.5,0.4,2.2,,0,0,1
420.0,Jamal Cain,23.0,MIA,PF,18.0,0.0,240.0,16.5,0.647,0.303,0.333,7.1,18.7,12.7,7.6,2.3,0.4,7.3,15.1,0.5,0.3,0.8,0.169,-0.5,1.3,0.8,0.2,,2022,346.0,23.0,MIA,PF,18.0,0.0,13.3,2.1,3.7,0.561,0.4,1.1,0.35,1.7,2.6,0.652,0.614,0.9,1.2,0.773,0.8,2.1,2.9,0.7,0.6,0.1,0.3,1.2,5.4,,0,0,1
423.0,Johnny Juzang,21.0,UTA,SG,18.0,0.0,232.0,6.5,0.411,0.606,0.038,3.8,14.3,9.1,4.7,0.8,1.1,2.8,19.6,-0.3,0.1,-0.2,-0.032,-4.3,-2.2,-6.5,-0.3,,2022,373.0,21.0,UTA,SG,18.0,0.0,12.9,1.9,5.8,0.337,0.8,3.5,0.238,1.1,2.3,0.488,0.409,0.1,0.2,0.5,0.4,1.7,2.2,0.4,0.2,0.2,0.2,0.7,4.8,,0,0,1
425.0,Patrick Baldwin Jr.,20.0,GSW,SF,31.0,0.0,226.0,11.3,0.546,0.771,0.055,0.5,18.6,9.7,6.9,1.3,1.6,9.0,22.8,-0.1,0.3,0.1,0.029,-0.7,-1.4,-2.1,0.0,,2022,413.0,20.0,GSW,SF,31.0,0.0,7.3,1.4,3.5,0.394,1.0,2.7,0.381,0.4,0.8,0.44,0.541,0.1,0.2,0.667,0.0,1.3,1.3,0.4,0.2,0.1,0.4,0.5,3.9,,0,0,1
426.0,John Butler,20.0,POR,C,19.0,1.0,221.0,5.7,0.411,0.66,0.075,1.5,7.3,4.4,6.5,1.5,3.6,1.8,11.0,-0.1,0.1,0.0,0.001,-5.4,-0.8,-6.2,-0.2,,2022,477.0,20.0,POR,C,19.0,1.0,11.6,0.9,2.8,0.321,0.4,1.8,0.229,0.5,0.9,0.5,0.396,0.2,0.2,0.75,0.2,0.7,0.9,0.6,0.4,0.5,0.1,1.2,2.4,,0,0,1
428.0,Dalen Terry,20.0,CHI,SG,38.0,0.0,214.0,14.1,0.523,0.375,0.292,6.5,13.0,9.8,14.1,2.5,2.3,9.0,18.4,0.1,0.3,0.5,0.105,-1.7,1.7,0.0,0.1,,2022,487.0,20.0,CHI,SG,38.0,0.0,5.6,0.8,1.9,0.444,0.2,0.7,0.259,0.7,1.2,0.556,0.493,0.4,0.6,0.667,0.3,0.7,1.0,0.6,0.3,0.1,0.2,0.6,2.2,,0,0,1
431.0,Nikola Jović,19.0,MIA,PF,15.0,8.0,204.0,10.6,0.53,0.507,0.275,5.0,13.1,8.9,7.3,1.7,1.0,11.4,19.0,0.0,0.2,0.2,0.053,-3.4,0.0,-3.4,-0.1,,2022,344.0,19.0,MIA,PF,15.0,8.0,13.6,1.9,4.6,0.406,0.5,2.3,0.229,1.3,2.3,0.588,0.464,1.2,1.3,0.947,0.6,1.5,2.1,0.7,0.5,0.1,0.7,1.3,5.5,,0,0,1
432.0,Jared Rhoden,23.0,DET,SG,14.0,0.0,198.0,6.5,0.482,0.455,0.136,6.0,15.0,10.4,2.8,1.0,0.4,6.0,10.7,0.0,0.1,0.1,0.027,-5.0,-1.1,-6.1,-0.2,,2022,448.0,23.0,DET,SG,14.0,0.0,14.1,1.2,3.1,0.386,0.4,1.4,0.25,0.9,1.7,0.5,0.443,0.4,0.4,1.0,0.8,1.9,2.6,0.3,0.3,0.1,0.2,1.6,3.2,,0,0,1
433.0,Moussa Diabaté,21.0,LAC,C,22.0,1.0,195.0,14.2,0.546,0.043,0.34,18.0,10.8,14.4,2.8,1.8,3.6,14.3,14.1,0.2,0.2,0.4,0.105,-1.9,-0.8,-2.8,0.0,,2022,470.0,21.0,LAC,C,22.0,1.0,8.9,1.1,2.1,0.511,0.0,0.1,0.5,1.0,2.0,0.511,0.521,0.5,0.7,0.625,1.4,0.9,2.3,0.2,0.3,0.4,0.4,0.7,2.7,,0,0,1
436.0,Peyton Watson,20.0,DEN,SG,23.0,2.0,186.0,12.8,0.553,0.237,0.339,5.1,17.4,11.4,7.9,0.5,5.2,10.6,17.7,0.1,0.2,0.3,0.073,-2.7,-0.1,-2.8,0.0,,2022,447.0,20.0,DEN,SG,23.0,2.0,8.1,1.3,2.6,0.492,0.3,0.6,0.429,1.0,2.0,0.511,0.542,0.5,0.9,0.55,0.3,1.3,1.6,0.5,0.1,0.5,0.3,0.6,3.3,,0,0,1
438.0,Kenneth Lofton Jr.,20.0,MEM,PF,24.0,1.0,176.0,20.2,0.572,0.183,0.29,11.5,19.2,15.4,18.1,1.3,1.0,10.3,27.6,0.3,0.2,0.5,0.145,0.7,-1.1,-0.4,0.1,,2022,365.0,20.0,MEM,PF,24.0,1.0,7.3,2.0,3.9,0.527,0.3,0.7,0.353,1.8,3.2,0.566,0.559,0.7,1.1,0.593,0.8,1.3,2.1,0.8,0.2,0.1,0.5,1.2,5.0,,0,0,1
449.0,Dru Smith,25.0,2TM,SG,15.0,1.0,158.0,11.4,0.475,0.422,0.067,1.4,15.9,8.7,19.3,3.1,2.5,6.1,13.8,0.1,0.3,0.3,0.099,-3.8,2.9,-0.9,0.0,,2022,463.0,25.0,2TM,SG,15.0,1.0,10.5,1.2,3.0,0.4,0.3,1.3,0.263,0.9,1.7,0.5,0.456,0.2,0.2,1.0,0.1,1.5,1.6,1.5,0.7,0.3,0.2,1.5,2.9,,0,0,1
450.0,Wendell Moore Jr.,21.0,MIN,SG,29.0,2.0,153.0,9.3,0.465,0.395,0.116,3.0,10.0,6.6,15.3,2.5,2.8,15.0,14.9,-0.1,0.2,0.1,0.028,-3.8,1.3,-2.4,0.0,,2022,514.0,21.0,MIN,SG,29.0,2.0,5.3,0.6,1.5,0.419,0.1,0.6,0.118,0.6,0.9,0.615,0.442,0.1,0.2,0.8,0.1,0.5,0.6,0.6,0.3,0.2,0.3,0.4,1.4,,0,0,1
455.0,Quenton Jackson,24.0,WAS,PG,9.0,0.0,135.0,12.2,0.542,0.286,0.524,1.7,4.8,3.3,15.1,1.4,0.6,7.2,17.9,0.1,0.1,0.2,0.078,-3.7,-1.5,-5.1,-0.1,,2022,315.0,24.0,WAS,PG,9.0,0.0,15.0,2.1,4.7,0.452,0.1,1.3,0.083,2.0,3.3,0.6,0.464,1.9,2.4,0.773,0.2,0.7,0.9,1.7,0.4,0.1,0.4,1.1,6.2,,0,0,1
457.0,Jeenathan Williams,23.0,POR,SG,5.0,4.0,127.0,15.5,0.657,0.205,0.077,9.0,4.6,6.8,12.1,1.2,1.4,9.0,15.2,0.3,0.0,0.3,0.12,-1.0,-2.1,-3.0,0.0,,2022,162.0,23.0,POR,SG,5.0,4.0,25.4,4.8,7.8,0.615,0.6,1.6,0.375,4.2,6.2,0.677,0.654,0.4,0.6,0.667,2.0,1.0,3.0,2.0,0.6,0.4,0.8,2.6,10.6,,0,0,1
458.0,Xavier Cooks,27.0,WAS,PF,10.0,1.0,126.0,14.3,0.586,0.036,0.357,14.7,18.7,16.8,6.4,2.3,2.7,19.8,13.9,0.1,0.2,0.2,0.094,-3.2,-0.4,-3.6,-0.1,,2022,420.0,27.0,WAS,PF,10.0,1.0,12.6,1.7,2.8,0.607,0.0,0.1,0.0,1.7,2.7,0.63,0.607,0.4,1.0,0.4,1.6,2.2,3.8,0.6,0.6,0.4,0.8,1.3,3.8,,0,0,1
459.0,Jason Preston,23.0,LAC,PG,14.0,0.0,124.0,10.3,0.489,0.439,0.049,1.8,17.9,9.9,30.9,0.8,0.0,19.3,18.3,0.0,0.1,0.1,0.021,-2.1,-0.5,-2.6,0.0,,2022,467.0,23.0,LAC,PG,14.0,0.0,8.9,1.3,2.9,0.439,0.4,1.3,0.278,0.9,1.6,0.565,0.5,0.0,0.1,0.0,0.1,1.4,1.6,1.9,0.1,0.0,0.7,0.5,2.9,,0,0,1
466.0,A.J. Lawson,22.0,2TM,SG,15.0,0.0,108.0,13.9,0.589,0.568,0.182,6.4,16.3,11.3,3.0,0.9,0.0,5.9,21.1,0.1,0.1,0.1,0.063,-1.5,-2.9,-4.4,-0.1,,2022,427.0,22.0,2TM,SG,15.0,0.0,7.2,1.5,2.9,0.5,0.7,1.7,0.4,0.8,1.3,0.632,0.614,0.1,0.5,0.25,0.4,1.0,1.4,0.1,0.1,0.0,0.2,0.7,3.7,,0,0,1
468.0,Vince Williams Jr.,22.0,MEM,SG,15.0,1.0,105.0,3.9,0.367,0.7,0.05,4.0,11.1,7.6,4.8,2.7,1.7,10.9,18.1,-0.3,0.2,-0.1,-0.049,-8.3,-0.2,-8.5,-0.2,,2022,495.0,22.0,MEM,SG,15.0,1.0,7.0,0.8,2.7,0.3,0.3,1.9,0.143,0.5,0.8,0.667,0.35,0.1,0.1,1.0,0.3,0.7,1.0,0.3,0.4,0.1,0.3,0.8,2.0,,0,0,1
469.0,Josh Minott,20.0,MIN,SF,15.0,0.0,96.0,17.9,0.582,0.167,0.222,5.9,22.9,14.6,7.5,2.0,5.4,7.1,18.9,0.1,0.2,0.3,0.146,-1.9,0.4,-1.6,0.0,,2022,453.0,20.0,MIN,SF,15.0,0.0,6.4,1.2,2.4,0.5,0.1,0.4,0.333,1.1,2.0,0.533,0.528,0.5,0.5,1.0,0.3,1.3,1.7,0.3,0.3,0.4,0.2,0.7,3.1,,0,0,1
473.0,Buddy Boeheim,23.0,DET,SF,10.0,0.0,90.0,0.5,0.287,0.926,0.074,2.4,5.1,3.7,5.8,1.1,0.0,0.0,13.2,-0.2,0.0,-0.2,-0.091,-7.5,-2.0,-9.5,-0.2,,2022,503.0,23.0,DET,SF,10.0,0.0,9.0,0.5,2.7,0.185,0.4,2.5,0.16,0.1,0.2,0.5,0.259,0.2,0.2,1.0,0.2,0.4,0.6,0.4,0.2,0.0,0.0,0.6,1.6,,0,0,1
475.0,Justin Minaya,23.0,POR,SF,4.0,0.0,89.0,4.0,0.363,0.522,0.043,3.8,15.6,9.7,5.9,1.1,5.0,14.6,13.4,-0.2,0.1,-0.1,-0.067,-7.2,-1.9,-9.0,-0.2,,2022,399.0,23.0,POR,SF,4.0,0.0,22.3,1.8,5.8,0.304,0.8,3.0,0.25,1.0,2.8,0.364,0.37,0.0,0.3,0.0,0.8,3.0,3.8,1.0,0.5,1.3,1.0,2.3,4.3,,0,0,1
477.0,Isaiah Mobley,23.0,CLE,PF,12.0,0.0,84.0,14.1,0.521,0.286,0.143,5.6,22.4,14.0,5.0,2.4,3.3,3.3,16.4,0.1,0.2,0.2,0.135,-2.5,1.1,-1.4,0.0,,2022,472.0,23.0,CLE,PF,12.0,0.0,7.0,1.0,2.3,0.429,0.3,0.7,0.375,0.8,1.7,0.45,0.482,0.3,0.3,1.0,0.3,1.3,1.7,0.3,0.3,0.3,0.1,0.7,2.6,,0,0,1
478.0,Jordan Hall,21.0,SAS,SF,9.0,0.0,83.0,5.5,0.438,0.536,0.321,3.8,12.3,7.9,17.0,0.6,0.0,18.0,19.4,-0.1,0.0,-0.1,-0.077,-4.7,-2.9,-7.6,-0.1,,2022,450.0,21.0,SAS,SF,9.0,0.0,9.2,1.0,3.1,0.321,0.3,1.7,0.2,0.7,1.4,0.462,0.375,0.8,1.0,0.778,0.3,1.0,1.3,1.2,0.1,0.0,0.8,0.7,3.1,,0,0,1
482.0,Keon Ellis,23.0,SAC,SG,16.0,0.0,71.0,14.0,0.629,0.75,0.438,6.5,6.4,6.4,10.5,3.4,1.2,5.0,12.1,0.2,0.1,0.2,0.162,-0.1,1.4,1.3,0.1,,2022,508.0,23.0,SAC,SG,16.0,0.0,4.4,0.4,1.0,0.438,0.4,0.8,0.5,0.1,0.3,0.25,0.625,0.3,0.4,0.571,0.3,0.3,0.5,0.4,0.3,0.1,0.1,0.6,1.5,,0,0,1
484.0,Jamaree Bouyea,23.0,2TM,PG,5.0,0.0,71.0,6.5,0.504,0.429,0.143,1.6,8.4,4.9,7.8,2.8,2.9,21.2,11.8,-0.1,0.1,0.0,0.013,-5.8,1.6,-4.2,0.0,,2022,454.0,23.0,2TM,PG,5.0,0.0,14.2,1.2,2.8,0.429,0.4,1.2,0.333,0.8,1.6,0.5,0.5,0.2,0.4,0.5,0.2,1.0,1.2,0.8,0.8,0.4,0.8,1.2,3.0,,0,0,1
487.0,Jack White,25.0,DEN,SF,17.0,0.0,66.0,12.6,0.517,0.474,0.158,10.7,18.6,14.8,7.7,2.2,2.7,9.0,14.7,0.1,0.1,0.1,0.108,-2.6,0.7,-1.9,0.0,,2022,522.0,25.0,DEN,SF,17.0,0.0,3.9,0.5,1.1,0.421,0.2,0.5,0.333,0.3,0.6,0.5,0.5,0.1,0.2,0.667,0.4,0.6,1.0,0.2,0.2,0.1,0.1,0.5,1.2,,0,0,1
488.0,Tyrese Martin,23.0,ATL,SG,16.0,0.0,66.0,7.7,0.44,0.304,0.087,8.2,11.7,10.0,3.9,0.7,0.0,7.7,16.5,0.0,0.0,0.0,-0.01,-4.2,-3.1,-7.4,-0.1,,2022,518.0,23.0,ATL,SG,16.0,0.0,4.1,0.6,1.4,0.391,0.1,0.4,0.143,0.5,1.0,0.5,0.413,0.1,0.1,1.0,0.3,0.4,0.8,0.1,0.1,0.0,0.1,0.1,1.3,,0,0,1
489.0,JD Davison,20.0,BOS,SG,12.0,0.0,66.0,10.1,0.478,0.368,0.105,3.4,11.4,7.4,22.4,1.5,2.6,16.8,15.8,0.0,0.1,0.1,0.059,-4.5,0.4,-4.2,0.0,,2022,505.0,20.0,BOS,SG,12.0,0.0,5.5,0.7,1.6,0.421,0.2,0.6,0.286,0.5,1.0,0.5,0.474,0.1,0.2,0.5,0.2,0.6,0.8,0.9,0.2,0.2,0.3,0.4,1.6,,0,0,1
490.0,Ryan Rollins,20.0,GSW,PG,12.0,0.0,62.0,-1.4,0.508,0.45,0.3,5.4,15.7,10.6,12.4,0.8,1.4,41.4,26.1,-0.3,0.1,-0.3,-0.218,-11.3,-3.7,-15.0,-0.2,,2022,496.0,20.0,GSW,PG,12.0,0.0,5.2,0.6,1.7,0.35,0.3,0.8,0.333,0.3,0.9,0.364,0.425,0.5,0.5,1.0,0.3,0.8,1.0,0.5,0.1,0.1,1.3,0.8,1.9,,0,0,1
499.0,Ron Harper Jr.,22.0,TOR,PF,9.0,0.0,48.0,15.7,0.608,0.563,0.063,6.6,10.2,8.3,11.9,0.0,2.0,0.0,14.6,0.1,0.0,0.2,0.158,2.4,-1.2,1.2,0.0,,2022,486.0,22.0,TOR,PF,9.0,0.0,5.3,0.9,1.8,0.5,0.3,1.0,0.333,0.6,0.8,0.714,0.594,0.1,0.1,1.0,0.3,0.4,0.8,0.4,0.0,0.1,0.0,0.3,2.2,,0,0,1
502.0,Cole Swider,23.0,LAL,SF,7.0,0.0,41.0,7.4,0.5,0.889,0.0,2.7,15.2,9.1,12.0,0.0,0.0,0.0,9.3,0.0,0.0,0.1,0.08,-2.9,-0.5,-3.4,0.0,,2022,520.0,23.0,LAL,SF,7.0,0.0,5.9,0.4,1.3,0.333,0.4,1.1,0.375,0.0,0.1,0.0,0.5,0.0,0.0,,0.1,0.9,1.0,0.6,0.0,0.0,0.0,0.4,1.3,,0,0,1
504.0,Jacob Gilyard,24.0,MEM,PG,1.0,0.0,41.0,7.3,0.5,1.0,0.0,0.0,10.3,5.2,19.4,3.5,0.0,40.0,5.1,0.0,0.1,0.1,0.079,-7.8,1.7,-6.1,0.0,,2022,458.0,24.0,MEM,PG,1.0,0.0,41.0,1.0,3.0,0.333,1.0,3.0,0.333,0.0,0.0,,0.5,0.0,0.0,,0.0,4.0,4.0,7.0,3.0,0.0,2.0,3.0,3.0,,0,0,1
505.0,Kendall Brown,19.0,IND,SG,6.0,0.0,40.0,9.1,0.571,0.143,0.286,5.6,11.1,8.3,9.7,4.7,0.0,20.2,10.4,0.0,0.1,0.1,0.071,-7.0,4.0,-2.9,0.0,,2022,506.0,19.0,IND,SG,6.0,0.0,6.7,0.7,1.2,0.571,0.0,0.2,0.0,0.7,1.0,0.667,0.571,0.2,0.3,0.5,0.3,0.7,1.0,0.5,0.7,0.0,0.3,1.5,1.5,,0,0,1
508.0,RaiQuan Gray,23.0,BRK,PF,1.0,0.0,35.0,15.5,0.621,0.417,0.167,9.9,18.8,14.4,29.0,0.0,2.4,23.7,21.4,0.0,0.0,0.1,0.106,-0.6,-1.4,-2.0,0.0,,2022,85.0,23.0,BRK,PF,1.0,0.0,35.0,6.0,12.0,0.5,2.0,5.0,0.4,4.0,7.0,0.571,0.583,2.0,2.0,1.0,3.0,6.0,9.0,7.0,0.0,1.0,4.0,5.0,16.0,,0,0,1
511.0,Scotty Pippen Jr.,22.0,LAL,PG,6.0,0.0,32.0,9.6,0.439,0.25,0.75,6.9,6.5,6.7,8.2,3.0,2.6,11.1,23.7,-0.1,0.0,0.0,-0.017,-5.1,-0.8,-5.9,0.0,,2022,482.0,22.0,LAL,PG,6.0,0.0,5.3,0.7,2.0,0.333,0.2,0.5,0.333,0.5,1.5,0.333,0.375,0.8,1.5,0.556,0.3,0.3,0.7,0.3,0.3,0.2,0.3,0.5,2.3,,0,0,1
517.0,Trevor Hudgins,23.0,HOU,PG,5.0,0.0,28.0,4.2,0.436,0.889,0.333,0.0,0.0,0.0,13.9,0.0,0.0,8.8,16.8,0.0,0.0,0.0,-0.035,-3.8,-4.7,-8.4,0.0,,2022,498.0,23.0,HOU,PG,5.0,0.0,5.6,0.4,1.8,0.222,0.4,1.6,0.25,0.0,0.2,0.0,0.333,0.6,0.6,1.0,0.0,0.0,0.0,0.6,0.0,0.0,0.2,0.2,1.8,,0,0,1
519.0,Darius Days,23.0,HOU,SF,4.0,0.0,25.0,18.3,0.582,0.833,0.167,4.3,22.2,13.2,6.2,0.0,3.9,0.0,21.4,0.1,0.0,0.1,0.156,4.7,-1.2,3.5,0.0,,2022,422.0,23.0,HOU,SF,4.0,0.0,6.3,1.3,3.0,0.417,0.8,2.5,0.3,0.5,0.5,1.0,0.542,0.5,0.5,1.0,0.3,1.3,1.5,0.3,0.0,0.3,0.0,0.5,3.8,,0,0,1
521.0,Chance Comanche,26.0,POR,C,1.0,0.0,21.0,12.2,0.518,0.0,0.8,10.9,5.5,8.2,0.0,0.0,4.2,0.0,14.0,0.0,0.0,0.0,0.043,-2.6,-4.9,-7.5,0.0,,2022,270.0,26.0,POR,C,1.0,0.0,21.0,3.0,5.0,0.6,0.0,0.0,,3.0,5.0,0.6,0.6,1.0,4.0,0.25,2.0,1.0,3.0,0.0,0.0,1.0,0.0,0.0,7.0,,0,0,1
524.0,Lester Quiñones,22.0,GSW,SG,4.0,0.0,18.0,8.6,0.654,0.8,1.2,6.2,12.0,9.2,14.2,2.6,0.0,39.6,29.4,-0.1,0.0,0.0,-0.103,-6.4,-3.7,-10.2,0.0,,2022,475.0,22.0,GSW,SG,4.0,0.0,4.5,0.5,1.3,0.4,0.5,1.0,0.5,0.0,0.3,0.0,0.6,1.0,1.5,0.667,0.3,0.5,0.8,0.5,0.3,0.0,1.3,0.0,2.5,,0,0,1
525.0,Dereon Seabron,22.0,NOP,SG,5.0,0.0,12.0,4.6,0.4,0.0,0.0,9.5,0.0,4.7,0.0,0.0,0.0,0.0,17.9,0.0,0.0,0.0,-0.034,-6.6,-4.7,-11.3,0.0,,2022,531.0,22.0,NOP,SG,5.0,0.0,2.4,0.4,1.0,0.4,0.0,0.0,,0.4,1.0,0.4,0.4,0.0,0.0,,0.2,0.0,0.2,0.0,0.0,0.0,0.0,0.2,0.8,,0,0,1
530.0,Trevor Keels,19.0,NYK,SG,3.0,0.0,8.0,3.7,0.375,1.0,0.0,0.0,27.6,13.7,0.0,0.0,0.0,0.0,21.4,0.0,0.0,0.0,-0.062,-7.4,-5.6,-13.0,0.0,,2022,525.0,19.0,NYK,SG,3.0,0.0,2.7,0.3,1.3,0.25,0.3,1.3,0.25,0.0,0.0,,0.375,0.0,0.0,,0.0,0.7,0.7,0.0,0.0,0.0,0.0,0.0,1.0,,0,0,1
531.0,Chima Moneke,27.0,SAC,SF,2.0,0.0,8.0,-3.5,0.347,0.0,1.0,28.8,0.0,14.3,16.1,0.0,0.0,41.0,26.2,0.0,0.0,0.0,-0.288,-12.7,-8.0,-20.7,0.0,,2022,526.0,27.0,SAC,SF,2.0,0.0,4.0,0.5,1.0,0.5,0.0,0.0,,0.5,1.0,0.5,0.5,0.0,1.0,0.0,1.0,0.0,1.0,0.5,0.0,0.0,1.0,1.0,1.0,,0,0,1
535.0,Alondes Williams,23.0,BRK,SG,1.0,0.0,5.0,-20.9,,,,0.0,22.0,11.2,0.0,0.0,0.0,100.0,17.7,-0.1,0.0,-0.1,-0.517,-21.3,-5.2,-26.5,0.0,,2022,539.0,23.0,BRK,SG,1.0,0.0,5.0,0.0,0.0,,0.0,0.0,,0.0,0.0,,,0.0,0.0,,0.0,1.0,1.0,0.0,0.0,0.0,2.0,1.0,0.0,,0,0,1
536.0,Donovan Williams,21.0,ATL,SG,2.0,0.0,4.0,14.5,0.4,0.4,0.0,0.0,55.4,27.4,0.0,0.0,0.0,0.0,52.5,0.0,0.0,0.0,-0.225,-9.1,-6.1,-15.2,0.0,,2022,494.0,21.0,ATL,SG,2.0,0.0,2.0,1.0,2.5,0.4,0.0,1.0,0.0,1.0,1.5,0.667,0.4,0.0,0.0,,0.0,1.0,1.0,0.0,0.0,0.0,0.0,0.0,2.0,,0,0,1
538.0,Stanley Umude,23.0,DET,SG,1.0,0.0,2.0,65.6,0.532,1.0,2.0,0.0,0.0,0.0,0.0,24.2,44.1,0.0,40.0,0.0,0.0,0.0,0.626,15.9,32.7,48.6,0.0,,2022,493.0,23.0,DET,SG,1.0,0.0,2.0,0.0,1.0,0.0,0.0,1.0,0.0,0.0,0.0,,0.0,2.0,2.0,1.0,0.0,0.0,0.0,0.0,1.0,1.0,0.0,0.0,2.0,,0,0,1
539.0,Michael Foster Jr.,20.0,PHI,PF,1.0,0.0,1.0,0.0,,,,0.0,0.0,0.0,0.0,0.0,0.0,,0.0,0.0,0.0,0.0,0.01,-7.2,-1.9,-9.2,0.0,,2022,537.0,20.0,PHI,PF,1.0,0.0,1.0,0.0,0.0,,0.0,0.0,,0.0,0.0,,,0.0,0.0,,0.0,0.0,0.0,0.0,0.0,0.0,0.0,0.0,0.0,,0,0,1
40.0,Chet Holmgren,21.0,OKC,C,82.0,82.0,2413.0,20.4,0.632,0.366,0.289,6.2,23.1,15.0,11.6,1.1,7.3,10.9,21.6,4.6,4.4,8.9,0.178,1.8,1.5,3.4,3.3,ROY-2,2023,80.0,21.0,OKC,C,82.0,82.0,29.4,6.2,11.6,0.53,1.6,4.3,0.37,4.6,7.4,0.623,0.598,2.7,3.4,0.793,1.6,6.3,7.9,2.4,0.6,2.3,1.6,2.4,16.5,ROY-2,1,1,1
44.0,Brandon Miller,21.0,CHO,SF,74.0,68.0,2383.0,13.0,0.552,0.455,0.16,2.7,12.4,7.4,11.6,1.4,1.6,10.2,23.9,-0.3,1.0,0.8,0.015,-0.9,-1.6,-2.6,-0.3,ROY-3,2023,70.0,21.0,CHO,SF,74.0,68.0,32.2,6.4,14.6,0.44,2.5,6.7,0.373,3.9,8.0,0.495,0.524,1.9,2.3,0.827,0.8,3.4,4.3,2.4,0.9,0.6,1.8,2.5,17.3,ROY-3,1,1,1
80.0,Jaime Jaquez Jr.,22.0,MIA,SF,75.0,20.0,2113.0,12.9,0.574,0.29,0.251,4.4,11.0,7.6,13.9,1.8,0.9,12.4,18.7,1.4,2.7,4.0,0.092,-2.2,0.3,-1.9,0.1,"ROY-4,6MOY-9",2023,141.0,22.0,MIA,SF,75.0,20.0,28.2,4.5,9.3,0.489,0.9,2.7,0.322,3.7,6.6,0.558,0.536,1.9,2.3,0.811,1.1,2.7,3.8,2.6,1.0,0.3,1.5,2.2,11.9,"ROY-4,6MOY-9",0,0,1
82.0,Victor Wembanyama,20.0,SAS,C,71.0,71.0,2106.0,23.1,0.565,0.332,0.309,8.2,30.7,19.4,21.5,2.0,10.0,16.2,32.2,-0.7,4.4,3.7,0.085,1.9,3.3,5.2,3.8,"ROY-1,DPOY-2,DEF1",2023,39.0,20.0,SAS,C,71.0,71.0,29.7,7.8,16.7,0.465,1.8,5.5,0.325,6.0,11.2,0.534,0.519,4.1,5.2,0.796,2.3,8.4,10.6,3.9,1.2,3.6,3.7,2.2,21.4,"ROY-1,DPOY-2,DEF1",1,1,1
102.0,Keyonte George,20.0,UTA,PG,75.0,44.0,2023.0,10.4,0.533,0.54,0.274,0.8,10.6,5.7,23.1,0.9,0.3,17.1,22.8,-0.4,0.1,-0.3,-0.008,-1.5,-2.9,-4.4,-1.2,,2023,122.0,20.0,UTA,PG,75.0,44.0,27.0,4.3,10.9,0.391,2.0,5.9,0.334,2.3,5.0,0.459,0.482,2.5,3.0,0.848,0.2,2.6,2.8,4.4,0.5,0.1,2.5,1.2,13.0,,1,2,1
109.0,Brandin Podziemski,20.0,GSW,SG,74.0,28.0,1968.0,13.0,0.54,0.392,0.132,6.6,16.7,11.7,18.1,1.5,0.6,12.2,15.4,2.1,2.0,4.1,0.1,-0.5,0.4,-0.1,0.9,ROY-5,2023,201.0,20.0,GSW,SG,74.0,28.0,26.6,3.7,8.1,0.454,1.2,3.2,0.385,2.4,4.9,0.499,0.529,0.7,1.1,0.633,1.6,4.2,5.8,3.7,0.8,0.2,1.2,1.6,9.2,ROY-5,1,1,1
148.0,Scoot Henderson,19.0,POR,PG,62.0,32.0,1765.0,9.5,0.489,0.336,0.256,3.2,9.5,6.2,29.9,1.3,0.7,19.3,26.5,-2.5,0.9,-1.7,-0.045,-3.5,-2.3,-5.8,-1.7,,2023,107.0,19.0,POR,PG,62.0,32.0,28.5,5.0,12.9,0.385,1.4,4.3,0.325,3.5,8.5,0.416,0.44,2.7,3.3,0.819,0.9,2.3,3.1,5.4,0.8,0.2,3.4,3.1,14.0,,0,0,1
154.0,Toumani Camara,23.0,POR,PF,70.0,49.0,1739.0,10.6,0.547,0.393,0.226,8.4,14.0,11.0,7.2,1.9,1.7,14.9,13.8,0.6,1.4,2.0,0.055,-3.1,0.0,-3.1,-0.5,,2023,239.0,23.0,POR,PF,70.0,49.0,24.8,2.8,6.3,0.45,0.8,2.5,0.337,2.0,3.8,0.523,0.516,1.1,1.4,0.758,2.0,2.9,4.9,1.2,0.9,0.5,1.2,2.5,7.5,,0,0,1
156.0,Bilal Coulibaly,19.0,WAS,SF,63.0,15.0,1715.0,8.9,0.543,0.428,0.303,3.4,12.8,8.0,8.2,1.6,2.3,15.1,14.2,-0.5,0.9,0.4,0.013,-3.6,-0.5,-4.2,-0.9,,2023,216.0,19.0,WAS,SF,63.0,15.0,27.2,3.0,6.9,0.435,1.0,2.9,0.346,2.0,3.9,0.502,0.509,1.5,2.1,0.702,0.9,3.2,4.1,1.7,0.9,0.8,1.4,2.2,8.4,,0,0,1
160.0,Cason Wallace,20.0,OKC,SG,82.0,13.0,1692.0,12.0,0.612,0.529,0.084,3.6,8.6,6.2,8.9,2.2,2.0,8.9,12.9,1.9,2.1,4.0,0.115,-0.9,1.0,0.1,0.9,,2023,272.0,20.0,OKC,SG,82.0,13.0,20.6,2.6,5.4,0.491,1.2,2.9,0.419,1.5,2.5,0.572,0.602,0.4,0.5,0.784,0.6,1.6,2.3,1.5,0.9,0.5,0.5,1.6,6.8,,1,2,1
176.0,Ausar Thompson,21.0,DET,SF,63.0,38.0,1583.0,12.8,0.522,0.235,0.248,8.9,19.6,14.2,10.8,2.1,3.2,13.6,16.6,0.1,1.7,1.8,0.053,-2.8,0.6,-2.2,-0.1,,2023,209.0,21.0,DET,SF,63.0,38.0,25.1,3.7,7.6,0.483,0.3,1.8,0.186,3.3,5.8,0.575,0.505,1.1,1.9,0.597,2.0,4.3,6.4,1.9,1.1,0.9,1.3,2.8,8.8,,0,0,1
203.0,Amen Thompson,21.0,HOU,SF,62.0,23.0,1388.0,18.2,0.576,0.13,0.348,11.3,20.4,15.8,17.0,2.7,2.5,14.9,18.5,1.9,2.4,4.3,0.149,-0.1,1.9,1.8,1.3,,2023,193.0,21.0,HOU,SF,62.0,23.0,22.4,3.9,7.2,0.536,0.1,0.9,0.138,3.7,6.3,0.595,0.545,1.7,2.5,0.684,2.4,4.2,6.6,2.6,1.3,0.6,1.5,2.3,9.5,,1,2,1
207.0,Marcus Sasser,23.0,DET,PG,71.0,11.0,1351.0,11.8,0.542,0.469,0.129,0.9,9.6,5.2,25.4,1.6,0.8,14.3,19.9,0.3,0.6,0.9,0.033,-1.5,-1.1,-2.6,-0.2,,2023,219.0,23.0,DET,PG,71.0,11.0,19.0,3.1,7.2,0.428,1.3,3.4,0.375,1.8,3.8,0.474,0.516,0.8,0.9,0.879,0.2,1.6,1.8,3.3,0.6,0.2,1.3,1.5,8.3,,0,0,1
208.0,Kris Murray,23.0,POR,SF,62.0,29.0,1348.0,9.0,0.481,0.5,0.153,6.7,12.3,9.3,8.4,1.9,1.4,12.3,14.1,-0.4,1.0,0.7,0.024,-3.5,-0.2,-3.6,-0.6,,2023,298.0,23.0,POR,SF,62.0,29.0,21.7,2.3,5.9,0.396,0.8,3.0,0.268,1.5,3.0,0.525,0.463,0.6,0.9,0.661,1.4,2.2,3.6,1.3,0.9,0.3,0.9,1.5,6.1,,0,0,1
215.0,Dereck Lively II,19.0,DAL,C,55.0,42.0,1294.0,18.1,0.728,0.007,0.274,11.4,20.4,16.0,6.4,1.3,5.2,13.1,12.6,3.1,1.8,4.9,0.183,-0.3,0.8,0.5,0.8,ROY-6,2023,206.0,19.0,DAL,C,55.0,42.0,23.5,4.0,5.4,0.747,0.0,0.0,0.0,4.0,5.3,0.752,0.747,0.7,1.5,0.506,2.5,4.4,6.9,1.1,0.7,1.4,0.9,2.6,8.8,ROY-6,0,0,1
219.0,Gradey Dick,20.0,TOR,SG,60.0,17.0,1268.0,8.9,0.546,0.542,0.115,2.3,9.3,5.7,7.4,1.3,0.1,9.7,17.4,-0.1,0.4,0.3,0.01,-3.2,-2.2,-5.4,-1.1,,2023,213.0,20.0,TOR,SG,60.0,17.0,21.1,3.2,7.4,0.425,1.5,4.0,0.365,1.7,3.4,0.495,0.524,0.7,0.9,0.863,0.5,1.8,2.2,1.1,0.6,0.0,0.8,1.5,8.5,,0,0,1
223.0,GG Jackson II,19.0,MEM,PF,48.0,18.0,1233.0,13.7,0.554,0.508,0.272,4.5,13.2,8.7,8.0,1.1,1.8,9.3,24.2,0.2,1.1,1.2,0.048,-0.2,-1.8,-2.0,0.0,,2023,101.0,19.0,MEM,PF,48.0,18.0,25.7,5.0,11.7,0.428,2.1,6.0,0.357,2.9,5.8,0.502,0.519,2.4,3.2,0.752,1.1,3.0,4.1,1.2,0.6,0.5,1.4,1.3,14.6,,0,0,1
226.0,Duop Reath,27.0,POR,C,68.0,20.0,1214.0,15.1,0.571,0.491,0.186,8.1,15.4,11.5,8.9,1.3,2.8,8.8,20.7,1.4,1.0,2.4,0.095,-0.2,-0.7,-0.9,0.3,,2023,202.0,27.0,POR,C,68.0,20.0,17.9,3.4,7.3,0.461,1.3,3.6,0.359,2.1,3.7,0.559,0.549,1.0,1.4,0.742,1.4,2.3,3.7,1.0,0.5,0.6,0.8,2.4,9.1,,0,0,1
230.0,Vasilije Micić,30.0,2TM,PG,60.0,21.0,1176.0,10.7,0.524,0.416,0.203,1.3,7.1,4.2,31.1,1.3,0.6,19.7,18.8,-0.1,0.4,0.4,0.015,-2.5,-2.2,-4.6,-0.8,,2023,255.0,30.0,2TM,PG,60.0,21.0,19.6,2.7,6.2,0.43,0.7,2.6,0.279,1.9,3.6,0.537,0.488,1.0,1.3,0.813,0.2,1.2,1.5,4.4,0.5,0.1,1.7,1.1,7.0,,0,0,1
235.0,Anthony Black,20.0,ORL,PG,69.0,33.0,1164.0,8.4,0.56,0.381,0.324,3.3,10.8,7.0,10.6,1.5,1.7,16.6,12.7,0.1,1.5,1.6,0.067,-3.8,0.8,-3.0,-0.3,,2023,358.0,20.0,ORL,PG,69.0,33.0,16.9,1.7,3.6,0.466,0.5,1.4,0.394,1.1,2.2,0.51,0.54,0.7,1.2,0.613,0.5,1.5,2.0,1.3,0.5,0.3,0.8,1.6,4.6,,0,0,1
236.0,Jordan Hawkins,21.0,NOP,SG,67.0,10.0,1160.0,10.2,0.533,0.654,0.175,2.8,11.3,7.1,8.2,0.8,0.6,7.5,19.9,0.3,1.0,1.3,0.053,-1.3,-1.7,-3.1,-0.3,,2023,234.0,21.0,NOP,SG,67.0,10.0,17.3,2.6,6.8,0.382,1.6,4.4,0.366,1.0,2.4,0.411,0.501,1.0,1.2,0.838,0.4,1.8,2.2,1.0,0.3,0.1,0.6,1.1,7.8,,0,0,1
240.0,Trayce Jackson-Davis,23.0,GSW,PF,68.0,16.0,1130.0,21.6,0.692,0.003,0.398,13.1,19.4,16.3,10.4,1.2,6.1,11.2,16.4,3.2,1.6,4.8,0.205,1.5,1.2,2.8,1.4,,2023,230.0,23.0,GSW,PF,68.0,16.0,16.6,3.4,4.9,0.702,0.0,0.0,0.0,3.4,4.9,0.704,0.702,1.1,1.9,0.561,2.0,3.0,5.0,1.2,0.4,1.1,0.7,1.6,7.9,,0,0,1
286.0,Cam Whitmore,19.0,HOU,SF,47.0,2.0,880.0,16.6,0.561,0.471,0.24,5.3,16.7,11.0,6.0,1.7,1.8,8.2,27.1,0.4,1.1,1.5,0.082,1.0,-0.9,0.1,0.5,,2023,132.0,19.0,HOU,SF,47.0,2.0,18.7,4.5,9.9,0.454,1.7,4.7,0.359,2.8,5.3,0.538,0.539,1.6,2.4,0.679,0.9,2.9,3.8,0.7,0.6,0.4,1.0,1.4,12.3,,0,0,1
296.0,Taylor Hendricks,20.0,UTA,PF,40.0,23.0,856.0,11.8,0.578,0.583,0.121,6.0,17.7,11.9,5.0,1.6,3.1,9.7,13.7,0.7,0.6,1.2,0.07,-1.3,-0.4,-1.6,0.1,,2023,245.0,20.0,UTA,PF,40.0,23.0,21.4,2.7,6.0,0.45,1.3,3.5,0.379,1.4,2.5,0.55,0.56,0.6,0.7,0.793,1.2,3.5,4.6,0.8,0.7,0.8,0.7,1.9,7.3,,0,0,1
301.0,Ben Sheppard,22.0,IND,SG,57.0,1.0,814.0,8.1,0.524,0.681,0.114,2.1,10.3,6.2,7.5,1.9,0.2,5.9,13.2,0.3,0.4,0.8,0.046,-3.3,-0.1,-3.4,-0.3,,2023,377.0,22.0,IND,SG,57.0,1.0,14.3,1.6,4.0,0.393,0.9,2.7,0.314,0.7,1.3,0.562,0.5,0.4,0.5,0.885,0.3,1.3,1.6,0.9,0.6,0.0,0.3,1.5,4.4,,0,0,1
313.0,Nick Smith Jr.,19.0,CHO,SG,51.0,0.0,729.0,8.1,0.511,0.505,0.052,2.7,8.6,5.5,12.0,0.7,0.9,11.7,20.3,-0.6,0.1,-0.5,-0.036,-3.1,-2.8,-5.9,-0.7,,2023,303.0,19.0,CHO,SG,51.0,0.0,14.3,2.2,5.7,0.391,1.2,2.9,0.432,1.0,2.8,0.35,0.5,0.3,0.3,0.867,0.4,1.1,1.4,1.2,0.2,0.1,0.8,1.1,5.9,,0,0,1
326.0,Jalen Wilson,23.0,BRK,PF,43.0,3.0,664.0,10.8,0.537,0.413,0.257,7.5,14.2,10.8,9.3,0.8,0.5,8.7,14.3,0.6,0.4,1.1,0.077,-1.8,-1.1,-2.9,-0.2,,2023,349.0,23.0,BRK,PF,43.0,3.0,15.4,1.8,4.2,0.425,0.6,1.7,0.324,1.2,2.4,0.495,0.492,0.9,1.1,0.826,1.1,2.0,3.0,1.0,0.3,0.1,0.4,1.1,5.0,,0,0,1
327.0,Craig Porter Jr.,23.0,CLE,PG,51.0,6.0,649.0,15.4,0.564,0.149,0.246,3.7,15.1,9.4,26.5,1.6,2.1,15.1,20.2,0.6,0.9,1.5,0.108,-0.6,1.1,0.5,0.4,,2023,312.0,23.0,CLE,PG,51.0,6.0,12.7,2.3,4.5,0.509,0.2,0.7,0.353,2.0,3.8,0.536,0.535,0.8,1.1,0.732,0.4,1.7,2.1,2.3,0.4,0.3,0.9,0.8,5.6,,0,0,1
328.0,Rayan Rupert,19.0,POR,SG,39.0,12.0,633.0,5.8,0.451,0.484,0.155,4.0,12.8,8.1,13.5,0.9,0.4,15.3,13.6,-0.4,0.3,-0.1,-0.009,-5.6,-1.2,-6.7,-0.8,,2023,404.0,19.0,POR,SG,39.0,12.0,16.2,1.4,4.1,0.335,0.7,2.0,0.359,0.7,2.1,0.313,0.422,0.5,0.6,0.76,0.6,1.7,2.4,1.6,0.3,0.1,0.8,1.4,4.0,,0,0,1
339.0,Brice Sensabaugh,20.0,UTA,SF,32.0,11.0,584.0,8.6,0.511,0.528,0.188,3.0,16.1,9.6,13.0,1.1,0.9,16.6,20.3,-0.5,0.2,-0.3,-0.024,-3.3,-2.1,-5.5,-0.5,,2023,241.0,20.0,UTA,SF,32.0,11.0,18.3,2.7,6.8,0.39,1.1,3.6,0.296,1.6,3.2,0.495,0.468,1.2,1.3,0.902,0.5,2.7,3.2,1.7,0.4,0.2,1.5,1.3,7.5,,0,0,1
344.0,Trey Jemison,24.0,2TM,C,25.0,14.0,573.0,11.8,0.582,0.0,0.184,11.7,13.9,12.8,7.1,1.0,4.6,18.8,13.5,0.3,0.6,0.9,0.073,-4.7,-0.4,-5.1,-0.5,,2023,267.0,24.0,2TM,C,25.0,14.0,22.9,3.0,5.4,0.551,0.0,0.0,,3.0,5.4,0.551,0.551,0.8,1.0,0.84,2.6,2.8,5.4,1.1,0.5,1.1,1.4,2.8,6.8,,0,0,1
345.0,Andre Jackson Jr.,22.0,MIL,SG,57.0,8.0,572.0,8.5,0.596,0.46,0.11,8.4,13.1,10.8,10.8,1.3,0.9,21.1,10.0,0.5,0.5,1.0,0.081,-3.6,0.0,-3.6,-0.2,,2023,492.0,22.0,MIL,SG,57.0,8.0,10.0,0.9,1.8,0.5,0.3,0.8,0.37,0.6,0.9,0.611,0.585,0.1,0.2,0.727,0.8,1.2,2.0,0.9,0.3,0.1,0.5,1.6,2.2,,0,0,1
351.0,Julian Strawther,21.0,DEN,SF,50.0,0.0,545.0,8.2,0.482,0.622,0.14,1.0,11.1,6.2,11.3,1.5,1.1,8.9,20.7,-0.4,0.6,0.2,0.015,-4.6,-1.4,-6.0,-0.6,,2023,366.0,21.0,DEN,SF,50.0,0.0,10.9,1.6,4.4,0.369,0.8,2.8,0.297,0.8,1.7,0.488,0.462,0.4,0.6,0.71,0.1,1.1,1.2,0.9,0.3,0.1,0.5,1.1,4.5,,0,0,1
357.0,Sasha Vezenkov,28.0,SAC,PF,42.0,0.0,511.0,13.3,0.569,0.628,0.079,6.4,14.8,10.5,5.1,1.9,1.3,5.7,17.5,0.5,0.5,1.0,0.098,-0.2,-0.7,-0.9,0.1,,2023,325.0,28.0,SAC,PF,42.0,0.0,12.2,2.0,4.5,0.44,1.1,2.9,0.375,0.9,1.7,0.549,0.558,0.3,0.4,0.8,0.7,1.6,2.3,0.5,0.5,0.2,0.3,1.0,5.4,,0,0,1
385.0,Javon Freeman-Liberty,24.0,TOR,PG,22.0,6.0,403.0,10.7,0.547,0.339,0.29,4.3,15.1,9.6,13.4,1.2,0.9,15.2,17.5,0.1,0.2,0.2,0.029,-3.1,-2.0,-5.2,-0.3,,2023,258.0,24.0,TOR,PG,22.0,6.0,18.3,2.5,5.6,0.444,0.5,1.9,0.238,2.0,3.7,0.549,0.484,1.5,1.6,0.917,0.7,2.5,3.2,1.8,0.5,0.2,1.1,1.3,7.0,,0,0,1
388.0,Kobe Brown,24.0,LAC,PF,44.0,0.0,394.0,7.6,0.49,0.533,0.022,5.9,11.6,8.9,8.1,1.5,1.4,9.0,11.1,0.1,0.3,0.5,0.055,-4.0,0.2,-3.8,-0.2,,2023,497.0,24.0,LAC,PF,44.0,0.0,9.0,0.8,2.0,0.411,0.3,1.1,0.292,0.5,1.0,0.548,0.489,0.0,0.0,0.5,0.5,1.0,1.4,0.6,0.3,0.1,0.2,1.1,2.0,,0,0,1
394.0,Noah Clowney,19.0,BRK,PF,23.0,4.0,370.0,14.2,0.626,0.355,0.323,7.5,16.7,12.0,6.9,1.1,3.9,12.4,14.2,0.5,0.4,0.9,0.111,-0.8,0.1,-0.7,0.1,,2023,305.0,19.0,BRK,PF,23.0,4.0,16.1,2.2,4.0,0.538,0.5,1.4,0.364,1.7,2.6,0.633,0.602,0.9,1.3,0.7,1.1,2.4,3.5,0.8,0.3,0.7,0.7,1.1,5.8,,0,0,1
395.0,Tosan Evbuomwan,22.0,2TM,SF,17.0,8.0,367.0,9.9,0.616,0.451,0.352,5.3,13.0,9.1,5.9,0.8,1.2,9.9,10.6,0.4,0.2,0.5,0.071,-2.4,-0.7,-3.0,-0.1,,2023,301.0,22.0,2TM,SF,17.0,8.0,21.6,2.1,4.2,0.507,0.7,1.9,0.375,1.4,2.3,0.615,0.592,1.0,1.5,0.68,1.1,2.5,3.5,0.9,0.4,0.3,0.5,1.4,5.9,,0,0,1
400.0,Jarace Walker,20.0,IND,PF,33.0,0.0,340.0,11.8,0.527,0.5,0.082,4.0,17.0,10.5,13.9,2.1,2.6,13.0,16.1,0.1,0.3,0.4,0.058,-0.5,0.7,0.2,0.2,,2023,421.0,20.0,IND,PF,33.0,0.0,10.3,1.4,3.3,0.409,0.7,1.7,0.4,0.7,1.7,0.418,0.509,0.2,0.3,0.889,0.4,1.5,1.9,1.2,0.5,0.3,0.5,0.9,3.6,,0,0,1
402.0,Olivier-Maxence Prosper,21.0,DAL,PF,40.0,1.0,336.0,11.6,0.496,0.433,0.394,8.2,17.5,12.8,8.4,1.0,1.0,6.2,16.6,0.2,0.3,0.5,0.076,-1.7,-1.3,-2.9,-0.1,,2023,455.0,21.0,DAL,PF,40.0,1.0,8.4,1.0,2.6,0.385,0.3,1.1,0.289,0.7,1.5,0.458,0.447,0.7,1.0,0.683,0.6,1.4,2.0,0.6,0.2,0.1,0.2,0.5,3.0,,0,0,1
405.0,Julian Phillips,20.0,CHI,SF,40.0,0.0,323.0,7.0,0.521,0.494,0.247,4.1,8.5,6.2,5.3,1.1,2.2,10.5,13.0,0.0,0.2,0.2,0.031,-4.7,-0.6,-5.3,-0.3,,2023,493.0,20.0,CHI,SF,40.0,0.0,8.1,0.8,1.9,0.416,0.3,1.0,0.316,0.5,1.0,0.513,0.494,0.3,0.5,0.684,0.3,0.6,0.9,0.3,0.2,0.2,0.3,1.0,2.2,,0,0,1
411.0,Nathan Mensah,25.0,CHO,C,25.0,0.0,307.0,5.0,0.496,0.0,0.429,10.3,13.6,11.9,3.7,1.0,4.3,29.6,6.8,0.0,0.2,0.1,0.023,-8.7,-0.1,-8.8,-0.5,,2023,534.0,25.0,CHO,C,25.0,0.0,12.3,0.5,1.1,0.429,0.0,0.0,,0.5,1.1,0.429,0.429,0.4,0.5,0.75,1.2,1.4,2.6,0.4,0.2,0.6,0.6,2.6,1.3,,0,0,1
416.0,Ricky Council IV,22.0,PHI,SG,32.0,0.0,289.0,18.6,0.604,0.286,0.634,5.3,12.4,8.8,8.2,1.4,0.3,3.4,22.1,0.8,0.3,1.0,0.173,2.1,-0.8,1.3,0.2,,2023,319.0,22.0,PHI,SG,32.0,0.0,9.0,1.7,3.5,0.482,0.4,1.0,0.375,1.3,2.5,0.525,0.536,1.7,2.2,0.746,0.4,1.0,1.4,0.5,0.3,0.0,0.2,0.5,5.4,,0,0,1
418.0,Leaky Black,24.0,CHO,SF,26.0,3.0,284.0,11.5,0.589,0.385,0.288,3.5,15.9,9.5,11.4,1.4,3.6,9.3,10.1,0.3,0.2,0.5,0.084,-2.6,0.3,-2.4,0.0,,2023,463.0,24.0,CHO,SF,26.0,3.0,10.9,1.0,2.0,0.481,0.3,0.8,0.45,0.6,1.2,0.5,0.567,0.4,0.6,0.667,0.3,1.5,1.8,0.9,0.3,0.4,0.2,0.7,2.7,,0,0,1
422.0,Onuralp Bitim,24.0,CHI,SG,23.0,1.0,268.0,5.0,0.464,0.524,0.06,2.5,11.1,6.7,6.5,0.6,0.8,10.4,15.8,-0.3,0.1,-0.1,-0.027,-5.4,-2.0,-7.4,-0.4,,2023,424.0,24.0,CHI,SG,23.0,1.0,11.7,1.4,3.7,0.381,0.5,1.9,0.273,0.9,1.7,0.5,0.452,0.2,0.2,0.8,0.3,1.1,1.4,0.6,0.1,0.1,0.4,1.0,3.5,,0,0,1
428.0,Ibou Badji,21.0,POR,C,22.0,1.0,226.0,8.1,0.623,0.0,0.545,9.4,16.3,12.6,7.7,0.7,8.0,35.5,8.0,0.0,0.2,0.2,0.046,-7.7,1.9,-5.8,-0.2,,2023,522.0,21.0,POR,C,22.0,1.0,10.3,0.6,1.0,0.636,0.0,0.0,,0.6,1.0,0.636,0.636,0.3,0.5,0.5,0.9,1.4,2.3,0.6,0.1,0.9,0.7,2.1,1.5,,0,0,1
429.0,Collin Gillespie,24.0,DEN,PG,24.0,0.0,225.0,11.0,0.586,0.551,0.174,0.5,9.6,5.2,15.5,2.9,0.0,15.9,17.1,0.1,0.3,0.4,0.076,-3.7,0.9,-2.7,0.0,,2023,419.0,24.0,DEN,PG,24.0,0.0,9.4,1.3,2.9,0.464,0.6,1.6,0.395,0.7,1.3,0.548,0.572,0.3,0.5,0.667,0.0,0.8,0.9,1.1,0.5,0.0,0.6,1.0,3.6,,0,0,1
438.0,Kobe Bufkin,20.0,ATL,SG,17.0,0.0,196.0,9.1,0.424,0.435,0.087,3.2,15.6,9.2,19.3,1.7,2.3,9.5,22.4,-0.3,0.1,-0.1,-0.031,-4.3,-0.2,-4.5,-0.1,,2023,353.0,20.0,ATL,SG,17.0,0.0,11.5,2.0,5.4,0.37,0.5,2.4,0.225,1.5,3.1,0.481,0.418,0.2,0.5,0.5,0.4,1.6,1.9,1.6,0.4,0.3,0.6,1.2,4.8,,0,0,1
439.0,Colby Jones,21.0,SAC,SG,30.0,0.0,192.0,8.9,0.422,0.31,0.155,9.7,13.7,11.7,13.9,1.8,2.4,11.6,19.1,-0.2,0.2,0.0,0.007,-5.4,0.4,-5.0,-0.1,,2023,495.0,21.0,SAC,SG,30.0,0.0,6.4,0.9,2.4,0.394,0.1,0.7,0.091,0.9,1.6,0.531,0.408,0.2,0.4,0.545,0.6,0.8,1.3,0.7,0.2,0.2,0.3,1.0,2.1,,0,0,1
440.0,Gui Santos,21.0,GSW,PF,23.0,0.0,192.0,15.6,0.656,0.491,0.309,9.7,17.7,13.8,9.6,1.0,0.9,10.1,15.2,0.5,0.2,0.7,0.169,0.0,-0.5,-0.5,0.1,,2023,420.0,21.0,GSW,PF,23.0,0.0,8.3,1.2,2.4,0.509,0.4,1.2,0.37,0.8,1.2,0.643,0.6,0.7,0.7,0.941,0.7,1.4,2.1,0.6,0.2,0.1,0.3,1.0,3.6,,0,0,1
450.0,Tristan Vukcevic,20.0,WAS,C,10.0,4.0,153.0,13.9,0.554,0.537,0.328,4.1,21.5,12.6,12.1,1.5,3.7,11.5,23.9,0.0,0.1,0.1,0.045,-3.5,-0.1,-3.6,-0.1,,2023,215.0,20.0,WAS,C,10.0,4.0,15.3,2.9,6.7,0.433,1.0,3.6,0.278,1.9,3.1,0.613,0.507,1.7,2.2,0.773,0.6,3.0,3.6,1.3,0.5,0.7,1.0,2.8,8.5,,0,0,1
453.0,Jules Bernard,24.0,WAS,SG,19.0,0.0,149.0,12.7,0.544,0.453,0.141,7.0,11.8,9.3,15.4,0.9,0.5,10.5,21.5,0.0,0.0,0.1,0.026,-0.6,-2.5,-3.0,0.0,,2023,407.0,24.0,WAS,SG,19.0,0.0,7.8,1.5,3.4,0.453,0.6,1.5,0.379,0.9,1.8,0.514,0.539,0.3,0.5,0.556,0.5,0.8,1.4,0.8,0.2,0.1,0.4,0.7,3.9,,0,0,1
455.0,Sidy Cissoko,19.0,SAS,SF,12.0,0.0,141.0,12.0,0.568,0.364,0.455,6.1,10.8,8.4,9.4,2.4,1.8,7.0,12.7,0.2,0.1,0.3,0.11,-4.0,1.4,-2.7,0.0,,2023,410.0,19.0,SAS,SF,12.0,0.0,11.8,1.3,2.8,0.485,0.1,1.0,0.083,1.3,1.8,0.714,0.5,1.0,1.3,0.8,0.7,1.2,1.8,0.8,0.6,0.3,0.3,1.5,3.8,,0,0,1
457.0,Emoni Bates,20.0,CLE,SF,15.0,0.0,133.0,2.6,0.404,0.673,0.082,0.9,10.9,5.9,10.0,0.4,1.4,13.6,19.5,-0.4,0.1,-0.3,-0.092,-6.2,-3.0,-9.2,-0.2,,2023,462.0,20.0,CLE,SF,15.0,0.0,8.9,1.0,3.3,0.306,0.7,2.2,0.303,0.3,1.1,0.313,0.408,0.1,0.3,0.25,0.1,0.9,0.9,0.7,0.1,0.1,0.5,0.3,2.7,,0,0,1
461.0,Timmy Allen,24.0,MEM,SF,5.0,0.0,125.0,0.8,0.272,0.304,0.087,3.4,11.8,7.4,5.4,1.6,0.0,7.7,8.9,-0.2,0.1,-0.1,-0.041,-10.3,-0.7,-11.1,-0.3,,2023,466.0,24.0,MEM,SF,5.0,0.0,25.0,1.2,4.6,0.261,0.0,1.4,0.0,1.2,3.2,0.375,0.261,0.2,0.4,0.5,0.8,2.6,3.4,1.0,0.8,0.0,0.4,3.6,2.6,,0,0,1
462.0,Jalen Pickett,24.0,DEN,SG,27.0,0.0,122.0,9.7,0.571,0.714,0.114,0.9,11.5,6.4,21.7,1.6,0.0,19.7,16.4,0.0,0.1,0.2,0.065,-2.7,-0.5,-3.3,0.0,,2023,521.0,24.0,DEN,SG,27.0,0.0,4.5,0.6,1.3,0.429,0.3,0.9,0.36,0.2,0.4,0.6,0.557,0.1,0.1,0.75,0.0,0.5,0.5,0.8,0.1,0.0,0.3,0.5,1.6,,0,0,1
464.0,Mãozinha Pereira,23.0,MEM,SF,7.0,1.0,122.0,15.7,0.609,0.371,0.286,9.5,24.3,16.6,2.5,2.4,3.1,11.3,15.6,0.1,0.2,0.3,0.123,-1.2,0.7,-0.5,0.0,,2023,263.0,23.0,MEM,SF,7.0,1.0,17.4,2.6,5.0,0.514,0.7,1.9,0.385,1.9,3.1,0.591,0.586,1.0,1.4,0.7,1.6,3.7,5.3,0.3,0.9,0.6,0.7,1.4,6.9,,0,0,1
467.0,Mouhamadou Gueye,25.0,TOR,PF,11.0,0.0,120.0,4.6,0.31,0.079,0.237,10.8,10.3,10.5,5.3,1.2,13.2,22.2,19.2,-0.5,0.2,-0.4,-0.147,-11.0,-0.9,-11.9,-0.3,,2023,477.0,25.0,TOR,PF,11.0,0.0,10.9,1.0,3.5,0.289,0.0,0.3,0.0,1.0,3.2,0.314,0.289,0.4,0.8,0.444,1.1,1.0,2.1,0.5,0.3,1.6,1.1,1.4,2.4,,0,0,1
472.0,Matthew Hurt,23.0,MEM,PF,8.0,0.0,113.0,8.4,0.453,0.588,0.088,8.4,7.1,7.7,5.1,1.3,2.5,5.4,14.2,0.0,0.1,0.1,0.031,-3.0,-0.7,-3.7,-0.1,,2023,401.0,23.0,MEM,PF,8.0,0.0,14.1,1.5,4.3,0.353,0.6,2.5,0.25,0.9,1.8,0.5,0.426,0.4,0.4,1.0,1.1,0.9,2.0,0.5,0.4,0.4,0.3,1.0,4.0,,0,0,1
473.0,Jalen Hood-Schifino,20.0,LAL,SG,21.0,0.0,109.0,-1.5,0.316,0.333,0.444,2.1,10.7,6.6,9.1,1.3,1.6,14.3,24.9,-0.6,0.1,-0.5,-0.222,-12.4,-3.7,-16.1,-0.4,,2023,516.0,20.0,LAL,SG,21.0,0.0,5.2,0.5,2.1,0.222,0.1,0.7,0.133,0.4,1.4,0.267,0.244,0.6,1.0,0.6,0.1,0.5,0.6,0.4,0.1,0.1,0.4,0.6,1.6,,0,0,1
475.0,Malik Williams,25.0,TOR,C,7.0,2.0,107.0,4.9,0.272,0.147,0.059,15.1,24.1,19.5,2.4,1.4,3.3,7.9,15.1,-0.3,0.1,-0.2,-0.069,-7.8,-3.7,-11.5,-0.3,,2023,465.0,25.0,TOR,C,7.0,2.0,15.3,1.3,4.9,0.265,0.1,0.7,0.2,1.1,4.1,0.276,0.279,0.0,0.3,0.0,2.1,3.3,5.4,0.3,0.4,0.6,0.4,2.1,2.7,,0,0,1
477.0,Maxwell Lewis,21.0,LAL,SF,34.0,0.0,103.0,-3.9,0.246,0.429,0.143,2.3,2.1,2.2,6.8,0.9,0.8,30.9,13.6,-0.5,0.0,-0.4,-0.195,-10.3,-3.2,-13.5,-0.3,,2023,562.0,21.0,LAL,SF,34.0,0.0,3.0,0.1,0.6,0.19,0.0,0.3,0.111,0.1,0.4,0.25,0.214,0.1,0.1,0.667,0.1,0.1,0.1,0.2,0.1,0.0,0.3,0.1,0.3,,0,0,1
482.0,Chris Livingston,20.0,MIL,SF,21.0,0.0,90.0,6.9,0.547,0.227,0.182,3.7,21.5,12.8,7.2,1.1,0.0,17.4,13.8,0.0,0.1,0.1,0.027,-7.0,-1.0,-8.0,-0.1,,2023,539.0,20.0,MIL,SF,21.0,0.0,4.3,0.5,1.0,0.5,0.0,0.2,0.2,0.5,0.8,0.588,0.523,0.1,0.2,0.75,0.1,0.9,1.0,0.2,0.1,0.0,0.2,0.7,1.2,,0,0,1
485.0,Terquavion Smith,21.0,PHI,PG,16.0,0.0,84.0,14.8,0.539,0.761,0.109,0.0,5.4,2.6,22.1,4.7,0.0,12.7,28.4,0.0,0.1,0.1,0.05,0.3,0.5,0.8,0.1,,2023,438.0,21.0,PHI,PG,16.0,0.0,5.3,1.1,2.9,0.391,0.8,2.2,0.371,0.3,0.7,0.455,0.533,0.2,0.3,0.6,0.0,0.3,0.3,0.8,0.5,0.0,0.4,0.5,3.3,,0,0,1
487.0,Jordan Walsh,19.0,BOS,SF,9.0,1.0,83.0,8.4,0.472,0.6,0.133,6.8,18.7,13.0,7.2,3.0,1.1,15.9,9.9,0.0,0.2,0.2,0.089,-5.6,1.8,-3.8,0.0,,2023,515.0,19.0,BOS,SF,9.0,1.0,9.2,0.7,1.7,0.4,0.2,1.0,0.222,0.4,0.7,0.667,0.467,0.1,0.2,0.5,0.6,1.7,2.2,0.6,0.6,0.1,0.3,1.2,1.7,,0,0,1
495.0,Mouhamed Gueye,21.0,ATL,PF,6.0,0.0,73.0,15.0,0.468,0.391,0.261,14.4,18.6,16.4,7.0,3.3,4.9,3.8,15.2,0.1,0.1,0.2,0.127,-2.1,0.6,-1.5,0.0,,2023,399.0,21.0,ATL,PF,6.0,0.0,12.2,1.3,3.8,0.348,0.5,1.5,0.333,0.8,2.3,0.357,0.413,0.8,1.0,0.833,1.7,2.0,3.7,0.7,0.8,0.7,0.2,2.2,4.0,,0,0,1
499.0,Jett Howard,20.0,ORL,SF,18.0,0.0,67.0,8.6,0.457,0.833,0.133,1.7,10.6,6.1,13.0,1.5,2.8,8.6,22.7,-0.1,0.1,0.0,0.005,-1.4,-0.3,-1.8,0.0,,2023,517.0,20.0,ORL,SF,18.0,0.0,3.7,0.6,1.7,0.333,0.4,1.4,0.28,0.2,0.3,0.6,0.45,0.1,0.2,0.5,0.1,0.3,0.4,0.3,0.1,0.1,0.2,0.2,1.6,,0,0,1
501.0,Keyontae Johnson,23.0,OKC,SF,9.0,0.0,66.0,1.6,0.344,0.188,0.0,7.0,9.8,8.4,7.2,0.7,0.0,20.0,13.1,-0.1,0.1,-0.1,-0.068,-7.5,-2.2,-9.8,-0.1,,2023,538.0,23.0,OKC,SF,9.0,0.0,7.3,0.6,1.8,0.313,0.1,0.3,0.333,0.4,1.4,0.308,0.344,0.0,0.0,,0.4,0.7,1.1,0.4,0.1,0.0,0.4,0.6,1.2,,0,0,1
502.0,Adama Sanogo,21.0,CHI,PF,9.0,0.0,66.0,21.9,0.558,0.0,0.444,31.6,29.4,30.5,0.0,0.8,0.0,13.4,24.8,0.1,0.1,0.2,0.133,-0.4,-6.3,-6.7,-0.1,,2023,405.0,21.0,CHI,PF,9.0,0.0,7.3,1.6,3.0,0.519,0.0,0.0,,1.6,3.0,0.519,0.519,0.9,1.3,0.667,2.1,1.9,4.0,0.0,0.1,0.0,0.6,0.6,4.0,,0,0,1
504.0,Amari Bailey,19.0,CHO,PG,10.0,0.0,65.0,9.7,0.425,0.333,0.292,10.1,5.3,7.8,15.2,2.3,0.0,12.9,21.1,-0.1,0.0,-0.1,-0.044,-5.2,-3.1,-8.3,-0.1,,2023,482.0,19.0,CHO,PG,10.0,0.0,6.5,0.8,2.4,0.333,0.1,0.8,0.125,0.7,1.6,0.438,0.354,0.6,0.7,0.857,0.6,0.3,0.9,0.7,0.3,0.0,0.4,0.2,2.3,,0,0,1
511.0,Jermaine Samuels,25.0,HOU,SF,14.0,0.0,60.0,15.1,0.672,0.143,0.143,5.3,18.1,11.6,7.0,0.8,3.1,0.0,10.5,0.1,0.1,0.2,0.178,-0.3,1.1,0.8,0.0,,2023,531.0,25.0,HOU,SF,14.0,0.0,4.3,0.6,1.0,0.643,0.0,0.1,0.0,0.6,0.9,0.75,0.643,0.1,0.1,1.0,0.2,0.7,0.9,0.2,0.1,0.1,0.0,0.4,1.4,,0,0,1
512.0,Colin Castleton,23.0,LAL,C,16.0,0.0,59.0,13.0,0.644,0.0,0.375,11.9,10.8,11.3,6.8,1.6,0.0,13.9,15.8,0.1,0.0,0.2,0.128,-3.9,-1.4,-5.2,0.0,,2023,523.0,23.0,LAL,C,16.0,0.0,3.7,0.6,1.0,0.563,0.0,0.0,,0.6,1.0,0.563,0.563,0.4,0.4,1.0,0.4,0.4,0.8,0.2,0.1,0.0,0.2,0.7,1.5,,0,0,1
516.0,Leonard Miller,20.0,MIN,SF,17.0,0.0,52.0,27.0,0.694,0.25,0.1,11.5,31.3,21.8,25.5,1.9,1.7,4.6,18.6,0.2,0.1,0.3,0.323,5.9,3.7,9.6,0.2,,2023,513.0,20.0,MIN,SF,17.0,0.0,3.1,0.8,1.2,0.65,0.1,0.3,0.4,0.6,0.9,0.733,0.7,0.1,0.1,0.5,0.3,0.9,1.2,0.5,0.1,0.1,0.1,0.3,1.7,,0,0,1
517.0,Seth Lundy,23.0,ATL,SF,9.0,0.0,52.0,0.0,0.373,0.765,0.235,2.0,13.1,7.3,0.0,0.0,0.0,5.1,15.8,-0.1,0.0,-0.1,-0.092,-7.7,-5.0,-12.7,-0.1,,2023,518.0,23.0,ATL,SF,9.0,0.0,5.8,0.4,1.9,0.235,0.3,1.4,0.231,0.1,0.4,0.25,0.324,0.3,0.4,0.75,0.1,0.7,0.8,0.0,0.0,0.0,0.1,0.7,1.6,,0,0,1
521.0,Hunter Tyson,23.0,DEN,PF,18.0,0.0,48.0,6.0,0.5,0.7,0.0,2.4,18.0,10.4,5.6,1.0,0.0,9.1,20.0,0.0,0.1,0.0,0.007,-6.8,-2.1,-8.9,-0.1,,2023,543.0,23.0,DEN,PF,18.0,0.0,2.7,0.4,1.1,0.4,0.2,0.8,0.286,0.2,0.3,0.667,0.5,0.0,0.0,,0.1,0.4,0.5,0.1,0.1,0.0,0.1,0.6,1.1,,0,0,1
526.0,Oscar Tshiebwe,24.0,IND,PF,8.0,0.0,42.0,24.8,0.553,0.0,0.4,21.6,21.6,21.6,6.4,2.2,1.9,0.0,23.5,0.1,0.0,0.2,0.221,4.5,-2.3,2.2,0.0,,2023,441.0,24.0,IND,PF,8.0,0.0,5.3,1.3,2.5,0.5,0.0,0.0,,1.3,2.5,0.5,0.5,0.8,1.0,0.75,1.0,1.0,2.0,0.3,0.3,0.1,0.0,0.4,3.3,,0,0,1
527.0,D'Moi Hodge,25.0,LAL,SG,7.0,0.0,41.0,6.1,0.441,0.8,0.133,0.0,0.0,0.0,15.6,1.2,2.1,5.9,17.8,0.0,0.0,0.0,-0.019,-3.7,-2.6,-6.3,0.0,,2023,501.0,25.0,LAL,SG,7.0,0.0,5.9,0.7,2.1,0.333,0.4,1.7,0.25,0.3,0.4,0.667,0.433,0.1,0.3,0.5,0.0,0.0,0.0,0.7,0.1,0.1,0.1,0.6,2.0,,0,0,1
529.0,Taze Moore,25.0,POR,SG,4.0,0.0,40.0,11.8,0.453,0.368,0.105,10.6,11.9,11.2,20.4,2.5,0.0,13.1,24.3,0.0,0.0,0.0,-0.017,-2.5,-0.6,-3.1,0.0,,2023,365.0,25.0,POR,SG,4.0,0.0,10.0,2.0,4.8,0.421,0.3,1.8,0.143,1.8,3.0,0.583,0.447,0.3,0.5,0.5,1.0,1.0,2.0,1.3,0.5,0.0,0.8,1.0,4.5,,0,0,1
530.0,Alex Fudge,20.0,2TM,SF,6.0,0.0,40.0,9.8,0.472,0.333,0.133,11.3,2.7,6.9,0.0,3.6,0.0,11.2,19.2,0.0,0.0,0.0,-0.007,-3.7,-1.5,-5.2,0.0,,2023,469.0,20.0,2TM,SF,6.0,0.0,6.7,1.0,2.5,0.4,0.2,0.8,0.2,0.8,1.7,0.5,0.433,0.3,0.3,1.0,0.7,0.2,0.8,0.0,0.5,0.0,0.3,0.3,2.5,,0,0,1
533.0,Jacob Toppin,23.0,NYK,SF,9.0,0.0,38.0,14.3,0.658,0.444,0.222,8.8,11.9,10.3,10.9,0.0,2.5,9.2,12.4,0.1,0.0,0.1,0.161,0.6,-1.3,-0.7,0.0,,2023,532.0,23.0,NYK,SF,9.0,0.0,4.2,0.6,1.0,0.556,0.1,0.4,0.25,0.4,0.6,0.8,0.611,0.2,0.2,1.0,0.3,0.4,0.8,0.3,0.0,0.1,0.1,0.3,1.4,,0,0,1
534.0,Jalen Slawson,24.0,SAC,SF,12.0,0.0,37.0,6.6,0.667,0.333,0.0,3.0,18.6,10.6,6.9,1.3,2.5,25.0,9.2,0.0,0.0,0.0,0.058,-7.5,1.1,-6.4,0.0,,2023,555.0,24.0,SAC,SF,12.0,0.0,3.1,0.3,0.5,0.667,0.0,0.2,0.0,0.3,0.3,1.0,0.667,0.0,0.0,,0.1,0.5,0.6,0.2,0.1,0.1,0.2,0.7,0.7,,0,0,1
536.0,D.J. Carton,23.0,TOR,SG,4.0,0.0,36.0,9.6,0.539,0.5,0.625,6.0,6.2,6.1,10.5,1.3,0.0,8.9,13.3,0.0,0.0,0.0,0.062,-4.2,-1.1,-5.3,0.0,,2023,459.0,23.0,TOR,SG,4.0,0.0,9.0,0.8,2.0,0.375,0.3,1.0,0.25,0.5,1.0,0.5,0.438,1.0,1.3,0.8,0.5,0.5,1.0,0.8,0.3,0.0,0.3,0.8,2.8,,0,0,1
537.0,Dexter Dennis,24.0,DAL,SG,4.0,0.0,30.0,18.3,0.541,0.421,0.158,3.7,29.0,16.4,23.7,0.0,2.9,12.9,33.3,0.0,0.0,0.0,0.004,1.7,-0.1,1.7,0.0,,2023,316.0,24.0,DAL,SG,4.0,0.0,7.5,2.5,4.8,0.526,0.3,2.0,0.125,2.3,2.8,0.818,0.553,0.3,0.8,0.333,0.3,2.0,2.3,1.0,0.0,0.3,0.8,0.3,5.5,,0,0,1
538.0,Henri Drell,23.0,CHI,SF,4.0,0.0,30.0,10.7,0.506,0.6,0.2,3.7,11.4,7.5,18.3,3.3,3.4,15.5,18.8,0.0,0.0,0.0,0.047,-5.1,0.2,-4.9,0.0,,2023,460.0,23.0,CHI,SF,4.0,0.0,7.5,1.0,2.5,0.4,0.5,1.5,0.333,0.5,1.0,0.5,0.5,0.3,0.5,0.5,0.3,0.8,1.0,1.0,0.5,0.3,0.5,1.5,2.8,,0,0,1
539.0,Jordan Miller,24.0,LAC,SF,8.0,0.0,28.0,14.1,0.658,0.222,0.222,12.5,7.8,10.1,0.0,0.0,0.0,9.2,17.0,0.1,0.0,0.1,0.116,0.4,-4.2,-3.8,0.0,,2023,519.0,24.0,LAC,SF,8.0,0.0,3.5,0.6,1.1,0.556,0.1,0.3,0.5,0.5,0.9,0.571,0.611,0.3,0.3,1.0,0.4,0.3,0.6,0.0,0.0,0.0,0.1,0.3,1.6,,0,0,1
541.0,Pete Nance,23.0,CLE,PF,8.0,0.0,27.0,-3.9,0.218,0.167,0.333,0.0,12.3,6.2,0.0,1.8,0.0,12.7,12.9,-0.1,0.0,-0.1,-0.154,-11.9,-3.2,-15.2,-0.1,,2023,561.0,23.0,CLE,PF,8.0,0.0,3.4,0.1,0.8,0.167,0.1,0.1,1.0,0.0,0.6,0.0,0.25,0.0,0.3,0.0,0.0,0.4,0.4,0.0,0.1,0.0,0.1,0.3,0.4,,0,0,1
542.0,Pat Spencer,27.0,GSW,PG,6.0,0.0,26.0,9.4,0.5,0.5,0.0,8.4,8.2,8.3,23.3,0.0,0.0,20.0,8.1,0.0,0.0,0.0,0.084,-3.4,-3.1,-6.4,0.0,,2023,556.0,27.0,GSW,PG,6.0,0.0,4.3,0.3,0.7,0.5,0.0,0.3,0.0,0.3,0.3,1.0,0.5,0.0,0.0,,0.3,0.3,0.7,0.8,0.0,0.0,0.2,0.2,0.7,,0,0,1
543.0,Dariq Whitehead,19.0,BRK,SF,2.0,0.0,24.0,4.9,0.255,0.6,0.4,0.0,18.8,9.1,15.6,0.0,3.8,0.0,10.6,0.0,0.0,0.0,-0.03,-5.5,-2.4,-7.9,0.0,,2023,525.0,19.0,BRK,SF,2.0,0.0,12.0,0.5,2.5,0.2,0.0,1.5,0.0,0.5,1.0,0.5,0.2,0.5,1.0,0.5,0.0,2.0,2.0,1.5,0.0,0.5,0.0,0.0,1.5,,0,0,1
545.0,E.J. Liddell,23.0,NOP,PF,8.0,0.0,23.0,4.3,0.291,0.833,0.333,0.0,23.9,12.1,5.2,4.3,8.6,22.5,16.8,-0.1,0.1,0.0,-0.091,-8.7,4.0,-4.7,0.0,,2023,560.0,23.0,NOP,PF,8.0,0.0,2.9,0.1,0.8,0.167,0.0,0.6,0.0,0.1,0.1,1.0,0.167,0.3,0.3,1.0,0.0,0.6,0.6,0.1,0.3,0.3,0.3,0.3,0.5,,0,0,1
546.0,Drew Peterson,24.0,BOS,PF,3.0,0.0,23.0,18.5,0.917,0.833,0.0,0.0,4.5,2.3,5.9,4.3,0.0,14.3,13.3,0.1,0.0,0.1,0.194,3.8,1.6,5.3,0.0,,2023,416.0,24.0,BOS,PF,3.0,0.0,7.7,1.3,2.0,0.667,1.0,1.7,0.6,0.3,0.3,1.0,0.917,0.0,0.0,,0.0,0.3,0.3,0.3,0.7,0.0,0.3,0.3,3.7,,0,0,1
547.0,Jordan Ford,25.0,SAC,PG,6.0,0.0,22.0,16.8,0.761,0.429,0.286,0.0,10.4,5.1,12.8,0.0,0.0,11.3,17.3,0.1,0.0,0.1,0.157,3.3,-1.1,2.2,0.0,,2023,499.0,25.0,SAC,PG,6.0,0.0,3.7,0.7,1.2,0.571,0.3,0.5,0.667,0.3,0.7,0.5,0.714,0.3,0.3,1.0,0.0,0.3,0.3,0.3,0.0,0.0,0.2,0.0,2.0,,0,0,1
554.0,Adam Flagler,24.0,OKC,SG,2.0,0.0,14.0,0.6,0.214,0.857,0.0,0.0,0.0,0.0,33.6,0.0,0.0,0.0,21.7,0.0,0.0,0.0,-0.159,-6.7,-3.9,-10.6,0.0,,2023,524.0,24.0,OKC,SG,2.0,0.0,7.0,0.5,3.5,0.143,0.5,3.0,0.167,0.0,0.5,0.0,0.214,0.0,0.0,,0.0,0.0,0.0,2.0,0.0,0.0,0.0,0.0,1.5,,0,0,1
555.0,Andrew Funk,24.0,CHI,SG,5.0,0.0,13.0,-5.0,0.0,0.75,0.0,0.0,0.0,0.0,0.0,3.8,7.9,0.0,13.5,-0.1,0.0,-0.1,-0.252,-12.4,-2.0,-14.4,0.0,,2023,566.0,24.0,CHI,SG,5.0,0.0,2.6,0.0,0.8,0.0,0.0,0.6,0.0,0.0,0.2,0.0,0.0,0.0,0.0,,0.0,0.0,0.0,0.0,0.2,0.2,0.0,0.0,0.0,,0,0,1
558.0,Filip Petrušev,23.0,2TM,C,3.0,0.0,10.0,5.1,0.521,0.0,1.0,0.0,11.2,5.5,0.0,0.0,0.0,0.0,12.3,0.0,0.0,0.0,0.029,-4.7,-3.3,-8.0,0.0,,2023,544.0,23.0,2TM,C,3.0,0.0,3.3,0.3,0.7,0.5,0.0,0.0,,0.3,0.7,0.5,0.5,0.3,0.7,0.5,0.0,0.3,0.3,0.0,0.0,0.0,0.0,0.3,1.0,,0,0,1
560.0,Kaiser Gates,27.0,NOP,SF,1.0,0.0,7.0,-19.9,0.0,0.5,0.0,0.0,15.7,8.0,0.0,0.0,0.0,0.0,24.9,-0.1,0.0,-0.1,-0.558,-18.6,-10.1,-28.8,-0.1,,2023,567.0,27.0,NOP,SF,1.0,0.0,7.0,0.0,4.0,0.0,0.0,2.0,0.0,0.0,2.0,0.0,0.0,0.0,0.0,,0.0,1.0,1.0,0.0,0.0,0.0,0.0,0.0,0.0,,0,0,1
565.0,Markquis Nowell,24.0,TOR,SG,1.0,0.0,4.0,55.5,0.532,0.0,2.0,53.9,0.0,27.5,57.1,12.1,0.0,0.0,20.1,0.0,0.0,0.1,0.665,29.1,14.2,43.3,0.0,,2023,503.0,24.0,TOR,SG,1.0,0.0,4.0,0.0,1.0,0.0,0.0,0.0,,0.0,1.0,0.0,0.0,2.0,2.0,1.0,2.0,0.0,2.0,2.0,1.0,0.0,0.0,0.0,2.0,,0,0,1
566.0,Isaiah Wong,23.0,IND,SG,1.0,0.0,4.0,-1.1,0.333,0.333,0.0,0.0,0.0,0.0,0.0,0.0,0.0,0.0,31.4,0.0,0.0,0.0,-0.277,-11.3,-7.7,-19.0,0.0,,2023,506.0,23.0,IND,SG,1.0,0.0,4.0,1.0,3.0,0.333,0.0,1.0,0.0,1.0,2.0,0.5,0.333,0.0,0.0,,0.0,0.0,0.0,0.0,0.0,0.0,0.0,0.0,2.0,,0,0,1
567.0,Izaiah Brockington,24.0,NOP,PG,1.0,0.0,3.0,26.6,0.4,0.2,0.0,37.6,36.7,37.1,0.0,0.0,0.0,0.0,72.5,0.0,0.0,0.0,-0.177,-9.2,-8.5,-17.8,0.0,,2023,396.0,24.0,NOP,PG,1.0,0.0,3.0,2.0,5.0,0.4,0.0,1.0,0.0,2.0,4.0,0.5,0.4,0.0,0.0,,1.0,1.0,2.0,0.0,0.0,0.0,0.0,0.0,4.0,,0,0,1
568.0,Malcolm Cazalon,22.0,DET,SG,1.0,0.0,3.0,0.0,,,,0.0,0.0,0.0,0.0,0.0,0.0,,0.0,0.0,0.0,0.0,-0.012,-6.0,-3.2,-9.1,0.0,,2023,564.0,22.0,DET,SG,1.0,0.0,3.0,0.0,0.0,,0.0,0.0,,0.0,0.0,,,0.0,0.0,,0.0,0.0,0.0,0.0,0.0,0.0,0.0,0.0,0.0,,0,0,1
569.0,Jalen Crutcher,24.0,NOP,PG,1.0,0.0,3.0,-12.6,0.0,0.0,0.0,0.0,0.0,0.0,0.0,0.0,0.0,0.0,14.5,0.0,0.0,0.0,-0.334,-18.5,-7.8,-26.2,0.0,,2023,565.0,24.0,NOP,PG,1.0,0.0,3.0,0.0,1.0,0.0,0.0,0.0,,0.0,1.0,0.0,0.0,0.0,0.0,,0.0,0.0,0.0,0.0,0.0,0.0,0.0,0.0,0.0,,0,0,1
570.0,Dmytro Skapintsev,25.0,NYK,C,2.0,0.0,2.0,-19.3,0.0,0.0,0.0,0.0,0.0,0.0,0.0,0.0,0.0,0.0,21.6,0.0,0.0,0.0,-0.483,-16.0,-9.8,-25.9,0.0,,2023,571.0,25.0,NYK,C,2.0,0.0,1.0,0.0,0.5,0.0,0.0,0.0,,0.0,0.5,0.0,0.0,0.0,0.0,,0.0,0.0,0.0,0.0,0.0,0.0,0.0,0.0,0.0,,0,0,1
